ARM GAS  /tmp/ccPDpVkS.s 			page 1


   1              		.cpu cortex-m7
   2              		.eabi_attribute 28, 1
   3              		.eabi_attribute 20, 1
   4              		.eabi_attribute 21, 1
   5              		.eabi_attribute 23, 3
   6              		.eabi_attribute 24, 1
   7              		.eabi_attribute 25, 1
   8              		.eabi_attribute 26, 1
   9              		.eabi_attribute 30, 1
  10              		.eabi_attribute 34, 1
  11              		.eabi_attribute 18, 4
  12              		.file	"api_lib.c"
  13              		.text
  14              	.Ltext0:
  15              		.cfi_sections	.debug_frame
  16              		.section	.text.netconn_apimsg,"ax",%progbits
  17              		.align	1
  18              		.arch armv7e-m
  19              		.syntax unified
  20              		.thumb
  21              		.thumb_func
  22              		.fpu fpv5-d16
  24              	netconn_apimsg:
  25              	.LVL0:
  26              	.LFB173:
  27              		.file 1 "Middlewares/Third_Party/LwIP/src/api/api_lib.c"
   1:Middlewares/Third_Party/LwIP/src/api/api_lib.c **** /**
   2:Middlewares/Third_Party/LwIP/src/api/api_lib.c ****  * @file
   3:Middlewares/Third_Party/LwIP/src/api/api_lib.c ****  * Sequential API External module
   4:Middlewares/Third_Party/LwIP/src/api/api_lib.c ****  *
   5:Middlewares/Third_Party/LwIP/src/api/api_lib.c ****  * @defgroup netconn Netconn API
   6:Middlewares/Third_Party/LwIP/src/api/api_lib.c ****  * @ingroup sequential_api
   7:Middlewares/Third_Party/LwIP/src/api/api_lib.c ****  * Thread-safe, to be called from non-TCPIP threads only.
   8:Middlewares/Third_Party/LwIP/src/api/api_lib.c ****  * TX/RX handling based on @ref netbuf (containing @ref pbuf)
   9:Middlewares/Third_Party/LwIP/src/api/api_lib.c ****  * to avoid copying data around.
  10:Middlewares/Third_Party/LwIP/src/api/api_lib.c ****  *
  11:Middlewares/Third_Party/LwIP/src/api/api_lib.c ****  * @defgroup netconn_common Common functions
  12:Middlewares/Third_Party/LwIP/src/api/api_lib.c ****  * @ingroup netconn
  13:Middlewares/Third_Party/LwIP/src/api/api_lib.c ****  * For use with TCP and UDP
  14:Middlewares/Third_Party/LwIP/src/api/api_lib.c ****  *
  15:Middlewares/Third_Party/LwIP/src/api/api_lib.c ****  * @defgroup netconn_tcp TCP only
  16:Middlewares/Third_Party/LwIP/src/api/api_lib.c ****  * @ingroup netconn
  17:Middlewares/Third_Party/LwIP/src/api/api_lib.c ****  * TCP only functions
  18:Middlewares/Third_Party/LwIP/src/api/api_lib.c ****  *
  19:Middlewares/Third_Party/LwIP/src/api/api_lib.c ****  * @defgroup netconn_udp UDP only
  20:Middlewares/Third_Party/LwIP/src/api/api_lib.c ****  * @ingroup netconn
  21:Middlewares/Third_Party/LwIP/src/api/api_lib.c ****  * UDP only functions
  22:Middlewares/Third_Party/LwIP/src/api/api_lib.c ****  */
  23:Middlewares/Third_Party/LwIP/src/api/api_lib.c **** 
  24:Middlewares/Third_Party/LwIP/src/api/api_lib.c **** /*
  25:Middlewares/Third_Party/LwIP/src/api/api_lib.c ****  * Copyright (c) 2001-2004 Swedish Institute of Computer Science.
  26:Middlewares/Third_Party/LwIP/src/api/api_lib.c ****  * All rights reserved.
  27:Middlewares/Third_Party/LwIP/src/api/api_lib.c ****  *
  28:Middlewares/Third_Party/LwIP/src/api/api_lib.c ****  * Redistribution and use in source and binary forms, with or without modification,
  29:Middlewares/Third_Party/LwIP/src/api/api_lib.c ****  * are permitted provided that the following conditions are met:
  30:Middlewares/Third_Party/LwIP/src/api/api_lib.c ****  *
  31:Middlewares/Third_Party/LwIP/src/api/api_lib.c ****  * 1. Redistributions of source code must retain the above copyright notice,
ARM GAS  /tmp/ccPDpVkS.s 			page 2


  32:Middlewares/Third_Party/LwIP/src/api/api_lib.c ****  *    this list of conditions and the following disclaimer.
  33:Middlewares/Third_Party/LwIP/src/api/api_lib.c ****  * 2. Redistributions in binary form must reproduce the above copyright notice,
  34:Middlewares/Third_Party/LwIP/src/api/api_lib.c ****  *    this list of conditions and the following disclaimer in the documentation
  35:Middlewares/Third_Party/LwIP/src/api/api_lib.c ****  *    and/or other materials provided with the distribution.
  36:Middlewares/Third_Party/LwIP/src/api/api_lib.c ****  * 3. The name of the author may not be used to endorse or promote products
  37:Middlewares/Third_Party/LwIP/src/api/api_lib.c ****  *    derived from this software without specific prior written permission.
  38:Middlewares/Third_Party/LwIP/src/api/api_lib.c ****  *
  39:Middlewares/Third_Party/LwIP/src/api/api_lib.c ****  * THIS SOFTWARE IS PROVIDED BY THE AUTHOR ``AS IS'' AND ANY EXPRESS OR IMPLIED
  40:Middlewares/Third_Party/LwIP/src/api/api_lib.c ****  * WARRANTIES, INCLUDING, BUT NOT LIMITED TO, THE IMPLIED WARRANTIES OF
  41:Middlewares/Third_Party/LwIP/src/api/api_lib.c ****  * MERCHANTABILITY AND FITNESS FOR A PARTICULAR PURPOSE ARE DISCLAIMED. IN NO EVENT
  42:Middlewares/Third_Party/LwIP/src/api/api_lib.c ****  * SHALL THE AUTHOR BE LIABLE FOR ANY DIRECT, INDIRECT, INCIDENTAL, SPECIAL,
  43:Middlewares/Third_Party/LwIP/src/api/api_lib.c ****  * EXEMPLARY, OR CONSEQUENTIAL DAMAGES (INCLUDING, BUT NOT LIMITED TO, PROCUREMENT
  44:Middlewares/Third_Party/LwIP/src/api/api_lib.c ****  * OF SUBSTITUTE GOODS OR SERVICES; LOSS OF USE, DATA, OR PROFITS; OR BUSINESS
  45:Middlewares/Third_Party/LwIP/src/api/api_lib.c ****  * INTERRUPTION) HOWEVER CAUSED AND ON ANY THEORY OF LIABILITY, WHETHER IN
  46:Middlewares/Third_Party/LwIP/src/api/api_lib.c ****  * CONTRACT, STRICT LIABILITY, OR TORT (INCLUDING NEGLIGENCE OR OTHERWISE) ARISING
  47:Middlewares/Third_Party/LwIP/src/api/api_lib.c ****  * IN ANY WAY OUT OF THE USE OF THIS SOFTWARE, EVEN IF ADVISED OF THE POSSIBILITY
  48:Middlewares/Third_Party/LwIP/src/api/api_lib.c ****  * OF SUCH DAMAGE.
  49:Middlewares/Third_Party/LwIP/src/api/api_lib.c ****  *
  50:Middlewares/Third_Party/LwIP/src/api/api_lib.c ****  * This file is part of the lwIP TCP/IP stack.
  51:Middlewares/Third_Party/LwIP/src/api/api_lib.c ****  *
  52:Middlewares/Third_Party/LwIP/src/api/api_lib.c ****  * Author: Adam Dunkels <adam@sics.se>
  53:Middlewares/Third_Party/LwIP/src/api/api_lib.c ****  */
  54:Middlewares/Third_Party/LwIP/src/api/api_lib.c **** 
  55:Middlewares/Third_Party/LwIP/src/api/api_lib.c **** /* This is the part of the API that is linked with
  56:Middlewares/Third_Party/LwIP/src/api/api_lib.c ****    the application */
  57:Middlewares/Third_Party/LwIP/src/api/api_lib.c **** 
  58:Middlewares/Third_Party/LwIP/src/api/api_lib.c **** #include "lwip/opt.h"
  59:Middlewares/Third_Party/LwIP/src/api/api_lib.c **** 
  60:Middlewares/Third_Party/LwIP/src/api/api_lib.c **** #if LWIP_NETCONN /* don't build if not configured for use in lwipopts.h */
  61:Middlewares/Third_Party/LwIP/src/api/api_lib.c **** 
  62:Middlewares/Third_Party/LwIP/src/api/api_lib.c **** #include "lwip/api.h"
  63:Middlewares/Third_Party/LwIP/src/api/api_lib.c **** #include "lwip/memp.h"
  64:Middlewares/Third_Party/LwIP/src/api/api_lib.c **** 
  65:Middlewares/Third_Party/LwIP/src/api/api_lib.c **** #include "lwip/ip.h"
  66:Middlewares/Third_Party/LwIP/src/api/api_lib.c **** #include "lwip/raw.h"
  67:Middlewares/Third_Party/LwIP/src/api/api_lib.c **** #include "lwip/udp.h"
  68:Middlewares/Third_Party/LwIP/src/api/api_lib.c **** #include "lwip/priv/api_msg.h"
  69:Middlewares/Third_Party/LwIP/src/api/api_lib.c **** #include "lwip/priv/tcp_priv.h"
  70:Middlewares/Third_Party/LwIP/src/api/api_lib.c **** #include "lwip/priv/tcpip_priv.h"
  71:Middlewares/Third_Party/LwIP/src/api/api_lib.c **** 
  72:Middlewares/Third_Party/LwIP/src/api/api_lib.c **** #ifdef LWIP_HOOK_FILENAME
  73:Middlewares/Third_Party/LwIP/src/api/api_lib.c **** #include LWIP_HOOK_FILENAME
  74:Middlewares/Third_Party/LwIP/src/api/api_lib.c **** #endif
  75:Middlewares/Third_Party/LwIP/src/api/api_lib.c **** 
  76:Middlewares/Third_Party/LwIP/src/api/api_lib.c **** #include <string.h>
  77:Middlewares/Third_Party/LwIP/src/api/api_lib.c **** 
  78:Middlewares/Third_Party/LwIP/src/api/api_lib.c **** #define API_MSG_VAR_REF(name)               API_VAR_REF(name)
  79:Middlewares/Third_Party/LwIP/src/api/api_lib.c **** #define API_MSG_VAR_DECLARE(name)           API_VAR_DECLARE(struct api_msg, name)
  80:Middlewares/Third_Party/LwIP/src/api/api_lib.c **** #define API_MSG_VAR_ALLOC(name)             API_VAR_ALLOC(struct api_msg, MEMP_API_MSG, name, ERR_M
  81:Middlewares/Third_Party/LwIP/src/api/api_lib.c **** #define API_MSG_VAR_ALLOC_RETURN_NULL(name) API_VAR_ALLOC(struct api_msg, MEMP_API_MSG, name, NULL)
  82:Middlewares/Third_Party/LwIP/src/api/api_lib.c **** #define API_MSG_VAR_FREE(name)              API_VAR_FREE(MEMP_API_MSG, name)
  83:Middlewares/Third_Party/LwIP/src/api/api_lib.c **** 
  84:Middlewares/Third_Party/LwIP/src/api/api_lib.c **** #if TCP_LISTEN_BACKLOG
  85:Middlewares/Third_Party/LwIP/src/api/api_lib.c **** /* need to allocate API message for accept so empty message pool does not result in event loss
  86:Middlewares/Third_Party/LwIP/src/api/api_lib.c ****  * see bug #47512: MPU_COMPATIBLE may fail on empty pool */
  87:Middlewares/Third_Party/LwIP/src/api/api_lib.c **** #define API_MSG_VAR_ALLOC_ACCEPT(msg) API_MSG_VAR_ALLOC(msg)
  88:Middlewares/Third_Party/LwIP/src/api/api_lib.c **** #define API_MSG_VAR_FREE_ACCEPT(msg) API_MSG_VAR_FREE(msg)
ARM GAS  /tmp/ccPDpVkS.s 			page 3


  89:Middlewares/Third_Party/LwIP/src/api/api_lib.c **** #else /* TCP_LISTEN_BACKLOG */
  90:Middlewares/Third_Party/LwIP/src/api/api_lib.c **** #define API_MSG_VAR_ALLOC_ACCEPT(msg)
  91:Middlewares/Third_Party/LwIP/src/api/api_lib.c **** #define API_MSG_VAR_FREE_ACCEPT(msg)
  92:Middlewares/Third_Party/LwIP/src/api/api_lib.c **** #endif /* TCP_LISTEN_BACKLOG */
  93:Middlewares/Third_Party/LwIP/src/api/api_lib.c **** 
  94:Middlewares/Third_Party/LwIP/src/api/api_lib.c **** #if LWIP_NETCONN_FULLDUPLEX
  95:Middlewares/Third_Party/LwIP/src/api/api_lib.c **** #define NETCONN_RECVMBOX_WAITABLE(conn) (sys_mbox_valid(&(conn)->recvmbox) && (((conn)->flags & NET
  96:Middlewares/Third_Party/LwIP/src/api/api_lib.c **** #define NETCONN_ACCEPTMBOX_WAITABLE(conn) (sys_mbox_valid(&(conn)->acceptmbox) && (((conn)->flags &
  97:Middlewares/Third_Party/LwIP/src/api/api_lib.c **** #define NETCONN_MBOX_WAITING_INC(conn) SYS_ARCH_INC(conn->mbox_threads_waiting, 1)
  98:Middlewares/Third_Party/LwIP/src/api/api_lib.c **** #define NETCONN_MBOX_WAITING_DEC(conn) SYS_ARCH_DEC(conn->mbox_threads_waiting, 1)
  99:Middlewares/Third_Party/LwIP/src/api/api_lib.c **** #else /* LWIP_NETCONN_FULLDUPLEX */
 100:Middlewares/Third_Party/LwIP/src/api/api_lib.c **** #define NETCONN_RECVMBOX_WAITABLE(conn)   sys_mbox_valid(&(conn)->recvmbox)
 101:Middlewares/Third_Party/LwIP/src/api/api_lib.c **** #define NETCONN_ACCEPTMBOX_WAITABLE(conn) (sys_mbox_valid(&(conn)->acceptmbox) && (((conn)->flags &
 102:Middlewares/Third_Party/LwIP/src/api/api_lib.c **** #define NETCONN_MBOX_WAITING_INC(conn)
 103:Middlewares/Third_Party/LwIP/src/api/api_lib.c **** #define NETCONN_MBOX_WAITING_DEC(conn)
 104:Middlewares/Third_Party/LwIP/src/api/api_lib.c **** #endif /* LWIP_NETCONN_FULLDUPLEX */
 105:Middlewares/Third_Party/LwIP/src/api/api_lib.c **** 
 106:Middlewares/Third_Party/LwIP/src/api/api_lib.c **** static err_t netconn_close_shutdown(struct netconn *conn, u8_t how);
 107:Middlewares/Third_Party/LwIP/src/api/api_lib.c **** 
 108:Middlewares/Third_Party/LwIP/src/api/api_lib.c **** /**
 109:Middlewares/Third_Party/LwIP/src/api/api_lib.c ****  * Call the lower part of a netconn_* function
 110:Middlewares/Third_Party/LwIP/src/api/api_lib.c ****  * This function is then running in the thread context
 111:Middlewares/Third_Party/LwIP/src/api/api_lib.c ****  * of tcpip_thread and has exclusive access to lwIP core code.
 112:Middlewares/Third_Party/LwIP/src/api/api_lib.c ****  *
 113:Middlewares/Third_Party/LwIP/src/api/api_lib.c ****  * @param fn function to call
 114:Middlewares/Third_Party/LwIP/src/api/api_lib.c ****  * @param apimsg a struct containing the function to call and its parameters
 115:Middlewares/Third_Party/LwIP/src/api/api_lib.c ****  * @return ERR_OK if the function was called, another err_t if not
 116:Middlewares/Third_Party/LwIP/src/api/api_lib.c ****  */
 117:Middlewares/Third_Party/LwIP/src/api/api_lib.c **** static err_t
 118:Middlewares/Third_Party/LwIP/src/api/api_lib.c **** netconn_apimsg(tcpip_callback_fn fn, struct api_msg *apimsg)
 119:Middlewares/Third_Party/LwIP/src/api/api_lib.c **** {
  28              		.loc 1 119 1 view -0
  29              		.cfi_startproc
  30              		@ args = 0, pretend = 0, frame = 0
  31              		@ frame_needed = 0, uses_anonymous_args = 0
  32              		.loc 1 119 1 is_stmt 0 view .LVU1
  33 0000 10B5     		push	{r4, lr}
  34              	.LCFI0:
  35              		.cfi_def_cfa_offset 8
  36              		.cfi_offset 4, -8
  37              		.cfi_offset 14, -4
  38 0002 0C46     		mov	r4, r1
 120:Middlewares/Third_Party/LwIP/src/api/api_lib.c ****   err_t err;
  39              		.loc 1 120 3 is_stmt 1 view .LVU2
 121:Middlewares/Third_Party/LwIP/src/api/api_lib.c **** 
 122:Middlewares/Third_Party/LwIP/src/api/api_lib.c **** #ifdef LWIP_DEBUG
 123:Middlewares/Third_Party/LwIP/src/api/api_lib.c ****   /* catch functions that don't set err */
 124:Middlewares/Third_Party/LwIP/src/api/api_lib.c ****   apimsg->err = ERR_VAL;
 125:Middlewares/Third_Party/LwIP/src/api/api_lib.c **** #endif /* LWIP_DEBUG */
 126:Middlewares/Third_Party/LwIP/src/api/api_lib.c **** 
 127:Middlewares/Third_Party/LwIP/src/api/api_lib.c **** #if LWIP_NETCONN_SEM_PER_THREAD
 128:Middlewares/Third_Party/LwIP/src/api/api_lib.c ****   apimsg->op_completed_sem = LWIP_NETCONN_THREAD_SEM_GET();
 129:Middlewares/Third_Party/LwIP/src/api/api_lib.c **** #endif /* LWIP_NETCONN_SEM_PER_THREAD */
 130:Middlewares/Third_Party/LwIP/src/api/api_lib.c **** 
 131:Middlewares/Third_Party/LwIP/src/api/api_lib.c ****   err = tcpip_send_msg_wait_sem(fn, apimsg, LWIP_API_MSG_SEM(apimsg));
  40              		.loc 1 131 3 view .LVU3
  41              		.loc 1 131 45 is_stmt 0 view .LVU4
ARM GAS  /tmp/ccPDpVkS.s 			page 4


  42 0004 0A68     		ldr	r2, [r1]
  43              		.loc 1 131 9 view .LVU5
  44 0006 0C32     		adds	r2, r2, #12
  45 0008 FFF7FEFF 		bl	tcpip_send_msg_wait_sem
  46              	.LVL1:
 132:Middlewares/Third_Party/LwIP/src/api/api_lib.c ****   if (err == ERR_OK) {
  47              		.loc 1 132 3 is_stmt 1 view .LVU6
  48              		.loc 1 132 6 is_stmt 0 view .LVU7
  49 000c 00B1     		cbz	r0, .L4
  50              	.L2:
 133:Middlewares/Third_Party/LwIP/src/api/api_lib.c ****     return apimsg->err;
 134:Middlewares/Third_Party/LwIP/src/api/api_lib.c ****   }
 135:Middlewares/Third_Party/LwIP/src/api/api_lib.c ****   return err;
 136:Middlewares/Third_Party/LwIP/src/api/api_lib.c **** }
  51              		.loc 1 136 1 view .LVU8
  52 000e 10BD     		pop	{r4, pc}
  53              	.LVL2:
  54              	.L4:
 133:Middlewares/Third_Party/LwIP/src/api/api_lib.c ****     return apimsg->err;
  55              		.loc 1 133 5 is_stmt 1 view .LVU9
 133:Middlewares/Third_Party/LwIP/src/api/api_lib.c ****     return apimsg->err;
  56              		.loc 1 133 18 is_stmt 0 view .LVU10
  57 0010 94F90400 		ldrsb	r0, [r4, #4]
  58 0014 FBE7     		b	.L2
  59              		.cfi_endproc
  60              	.LFE173:
  62              		.section	.rodata.netconn_tcp_recvd_msg.str1.4,"aMS",%progbits,1
  63              		.align	2
  64              	.LC0:
  65 0000 4D696464 		.ascii	"Middlewares/Third_Party/LwIP/src/api/api_lib.c\000"
  65      6C657761 
  65      7265732F 
  65      54686972 
  65      645F5061 
  66 002f 00       		.align	2
  67              	.LC1:
  68 0030 6E657463 		.ascii	"netconn_recv_tcp_pbuf: invalid conn\000"
  68      6F6E6E5F 
  68      72656376 
  68      5F746370 
  68      5F706275 
  69              		.align	2
  70              	.LC2:
  71 0054 41737365 		.ascii	"Assertion \"%s\" failed at line %d in %s\012\000"
  71      7274696F 
  71      6E202225 
  71      73222066 
  71      61696C65 
  72              		.section	.text.netconn_tcp_recvd_msg,"ax",%progbits
  73              		.align	1
  74              		.syntax unified
  75              		.thumb
  76              		.thumb_func
  77              		.fpu fpv5-d16
  79              	netconn_tcp_recvd_msg:
  80              	.LVL3:
  81              	.LFB185:
ARM GAS  /tmp/ccPDpVkS.s 			page 5


 137:Middlewares/Third_Party/LwIP/src/api/api_lib.c **** 
 138:Middlewares/Third_Party/LwIP/src/api/api_lib.c **** /**
 139:Middlewares/Third_Party/LwIP/src/api/api_lib.c ****  * Create a new netconn (of a specific type) that has a callback function.
 140:Middlewares/Third_Party/LwIP/src/api/api_lib.c ****  * The corresponding pcb is also created.
 141:Middlewares/Third_Party/LwIP/src/api/api_lib.c ****  *
 142:Middlewares/Third_Party/LwIP/src/api/api_lib.c ****  * @param t the type of 'connection' to create (@see enum netconn_type)
 143:Middlewares/Third_Party/LwIP/src/api/api_lib.c ****  * @param proto the IP protocol for RAW IP pcbs
 144:Middlewares/Third_Party/LwIP/src/api/api_lib.c ****  * @param callback a function to call on status changes (RX available, TX'ed)
 145:Middlewares/Third_Party/LwIP/src/api/api_lib.c ****  * @return a newly allocated struct netconn or
 146:Middlewares/Third_Party/LwIP/src/api/api_lib.c ****  *         NULL on memory error
 147:Middlewares/Third_Party/LwIP/src/api/api_lib.c ****  */
 148:Middlewares/Third_Party/LwIP/src/api/api_lib.c **** struct netconn *
 149:Middlewares/Third_Party/LwIP/src/api/api_lib.c **** netconn_new_with_proto_and_callback(enum netconn_type t, u8_t proto, netconn_callback callback)
 150:Middlewares/Third_Party/LwIP/src/api/api_lib.c **** {
 151:Middlewares/Third_Party/LwIP/src/api/api_lib.c ****   struct netconn *conn;
 152:Middlewares/Third_Party/LwIP/src/api/api_lib.c ****   API_MSG_VAR_DECLARE(msg);
 153:Middlewares/Third_Party/LwIP/src/api/api_lib.c ****   API_MSG_VAR_ALLOC_RETURN_NULL(msg);
 154:Middlewares/Third_Party/LwIP/src/api/api_lib.c **** 
 155:Middlewares/Third_Party/LwIP/src/api/api_lib.c ****   conn = netconn_alloc(t, callback);
 156:Middlewares/Third_Party/LwIP/src/api/api_lib.c ****   if (conn != NULL) {
 157:Middlewares/Third_Party/LwIP/src/api/api_lib.c ****     err_t err;
 158:Middlewares/Third_Party/LwIP/src/api/api_lib.c **** 
 159:Middlewares/Third_Party/LwIP/src/api/api_lib.c ****     API_MSG_VAR_REF(msg).msg.n.proto = proto;
 160:Middlewares/Third_Party/LwIP/src/api/api_lib.c ****     API_MSG_VAR_REF(msg).conn = conn;
 161:Middlewares/Third_Party/LwIP/src/api/api_lib.c ****     err = netconn_apimsg(lwip_netconn_do_newconn, &API_MSG_VAR_REF(msg));
 162:Middlewares/Third_Party/LwIP/src/api/api_lib.c ****     if (err != ERR_OK) {
 163:Middlewares/Third_Party/LwIP/src/api/api_lib.c ****       LWIP_ASSERT("freeing conn without freeing pcb", conn->pcb.tcp == NULL);
 164:Middlewares/Third_Party/LwIP/src/api/api_lib.c ****       LWIP_ASSERT("conn has no recvmbox", sys_mbox_valid(&conn->recvmbox));
 165:Middlewares/Third_Party/LwIP/src/api/api_lib.c **** #if LWIP_TCP
 166:Middlewares/Third_Party/LwIP/src/api/api_lib.c ****       LWIP_ASSERT("conn->acceptmbox shouldn't exist", !sys_mbox_valid(&conn->acceptmbox));
 167:Middlewares/Third_Party/LwIP/src/api/api_lib.c **** #endif /* LWIP_TCP */
 168:Middlewares/Third_Party/LwIP/src/api/api_lib.c **** #if !LWIP_NETCONN_SEM_PER_THREAD
 169:Middlewares/Third_Party/LwIP/src/api/api_lib.c ****       LWIP_ASSERT("conn has no op_completed", sys_sem_valid(&conn->op_completed));
 170:Middlewares/Third_Party/LwIP/src/api/api_lib.c ****       sys_sem_free(&conn->op_completed);
 171:Middlewares/Third_Party/LwIP/src/api/api_lib.c **** #endif /* !LWIP_NETCONN_SEM_PER_THREAD */
 172:Middlewares/Third_Party/LwIP/src/api/api_lib.c ****       sys_mbox_free(&conn->recvmbox);
 173:Middlewares/Third_Party/LwIP/src/api/api_lib.c ****       memp_free(MEMP_NETCONN, conn);
 174:Middlewares/Third_Party/LwIP/src/api/api_lib.c ****       API_MSG_VAR_FREE(msg);
 175:Middlewares/Third_Party/LwIP/src/api/api_lib.c ****       return NULL;
 176:Middlewares/Third_Party/LwIP/src/api/api_lib.c ****     }
 177:Middlewares/Third_Party/LwIP/src/api/api_lib.c ****   }
 178:Middlewares/Third_Party/LwIP/src/api/api_lib.c ****   API_MSG_VAR_FREE(msg);
 179:Middlewares/Third_Party/LwIP/src/api/api_lib.c ****   return conn;
 180:Middlewares/Third_Party/LwIP/src/api/api_lib.c **** }
 181:Middlewares/Third_Party/LwIP/src/api/api_lib.c **** 
 182:Middlewares/Third_Party/LwIP/src/api/api_lib.c **** /**
 183:Middlewares/Third_Party/LwIP/src/api/api_lib.c ****  * @ingroup netconn_common
 184:Middlewares/Third_Party/LwIP/src/api/api_lib.c ****  * Close a netconn 'connection' and free all its resources but not the netconn itself.
 185:Middlewares/Third_Party/LwIP/src/api/api_lib.c ****  * UDP and RAW connection are completely closed, TCP pcbs might still be in a waitstate
 186:Middlewares/Third_Party/LwIP/src/api/api_lib.c ****  * after this returns.
 187:Middlewares/Third_Party/LwIP/src/api/api_lib.c ****  *
 188:Middlewares/Third_Party/LwIP/src/api/api_lib.c ****  * @param conn the netconn to delete
 189:Middlewares/Third_Party/LwIP/src/api/api_lib.c ****  * @return ERR_OK if the connection was deleted
 190:Middlewares/Third_Party/LwIP/src/api/api_lib.c ****  */
 191:Middlewares/Third_Party/LwIP/src/api/api_lib.c **** err_t
 192:Middlewares/Third_Party/LwIP/src/api/api_lib.c **** netconn_prepare_delete(struct netconn *conn)
 193:Middlewares/Third_Party/LwIP/src/api/api_lib.c **** {
ARM GAS  /tmp/ccPDpVkS.s 			page 6


 194:Middlewares/Third_Party/LwIP/src/api/api_lib.c ****   err_t err;
 195:Middlewares/Third_Party/LwIP/src/api/api_lib.c ****   API_MSG_VAR_DECLARE(msg);
 196:Middlewares/Third_Party/LwIP/src/api/api_lib.c **** 
 197:Middlewares/Third_Party/LwIP/src/api/api_lib.c ****   /* No ASSERT here because possible to get a (conn == NULL) if we got an accept error */
 198:Middlewares/Third_Party/LwIP/src/api/api_lib.c ****   if (conn == NULL) {
 199:Middlewares/Third_Party/LwIP/src/api/api_lib.c ****     return ERR_OK;
 200:Middlewares/Third_Party/LwIP/src/api/api_lib.c ****   }
 201:Middlewares/Third_Party/LwIP/src/api/api_lib.c **** 
 202:Middlewares/Third_Party/LwIP/src/api/api_lib.c ****   API_MSG_VAR_ALLOC(msg);
 203:Middlewares/Third_Party/LwIP/src/api/api_lib.c ****   API_MSG_VAR_REF(msg).conn = conn;
 204:Middlewares/Third_Party/LwIP/src/api/api_lib.c **** #if LWIP_SO_SNDTIMEO || LWIP_SO_LINGER
 205:Middlewares/Third_Party/LwIP/src/api/api_lib.c ****   /* get the time we started, which is later compared to
 206:Middlewares/Third_Party/LwIP/src/api/api_lib.c ****      sys_now() + conn->send_timeout */
 207:Middlewares/Third_Party/LwIP/src/api/api_lib.c ****   API_MSG_VAR_REF(msg).msg.sd.time_started = sys_now();
 208:Middlewares/Third_Party/LwIP/src/api/api_lib.c **** #else /* LWIP_SO_SNDTIMEO || LWIP_SO_LINGER */
 209:Middlewares/Third_Party/LwIP/src/api/api_lib.c **** #if LWIP_TCP
 210:Middlewares/Third_Party/LwIP/src/api/api_lib.c ****   API_MSG_VAR_REF(msg).msg.sd.polls_left =
 211:Middlewares/Third_Party/LwIP/src/api/api_lib.c ****     ((LWIP_TCP_CLOSE_TIMEOUT_MS_DEFAULT + TCP_SLOW_INTERVAL - 1) / TCP_SLOW_INTERVAL) + 1;
 212:Middlewares/Third_Party/LwIP/src/api/api_lib.c **** #endif /* LWIP_TCP */
 213:Middlewares/Third_Party/LwIP/src/api/api_lib.c **** #endif /* LWIP_SO_SNDTIMEO || LWIP_SO_LINGER */
 214:Middlewares/Third_Party/LwIP/src/api/api_lib.c ****   err = netconn_apimsg(lwip_netconn_do_delconn, &API_MSG_VAR_REF(msg));
 215:Middlewares/Third_Party/LwIP/src/api/api_lib.c ****   API_MSG_VAR_FREE(msg);
 216:Middlewares/Third_Party/LwIP/src/api/api_lib.c **** 
 217:Middlewares/Third_Party/LwIP/src/api/api_lib.c ****   if (err != ERR_OK) {
 218:Middlewares/Third_Party/LwIP/src/api/api_lib.c ****     return err;
 219:Middlewares/Third_Party/LwIP/src/api/api_lib.c ****   }
 220:Middlewares/Third_Party/LwIP/src/api/api_lib.c ****   return ERR_OK;
 221:Middlewares/Third_Party/LwIP/src/api/api_lib.c **** }
 222:Middlewares/Third_Party/LwIP/src/api/api_lib.c **** 
 223:Middlewares/Third_Party/LwIP/src/api/api_lib.c **** /**
 224:Middlewares/Third_Party/LwIP/src/api/api_lib.c ****  * @ingroup netconn_common
 225:Middlewares/Third_Party/LwIP/src/api/api_lib.c ****  * Close a netconn 'connection' and free its resources.
 226:Middlewares/Third_Party/LwIP/src/api/api_lib.c ****  * UDP and RAW connection are completely closed, TCP pcbs might still be in a waitstate
 227:Middlewares/Third_Party/LwIP/src/api/api_lib.c ****  * after this returns.
 228:Middlewares/Third_Party/LwIP/src/api/api_lib.c ****  *
 229:Middlewares/Third_Party/LwIP/src/api/api_lib.c ****  * @param conn the netconn to delete
 230:Middlewares/Third_Party/LwIP/src/api/api_lib.c ****  * @return ERR_OK if the connection was deleted
 231:Middlewares/Third_Party/LwIP/src/api/api_lib.c ****  */
 232:Middlewares/Third_Party/LwIP/src/api/api_lib.c **** err_t
 233:Middlewares/Third_Party/LwIP/src/api/api_lib.c **** netconn_delete(struct netconn *conn)
 234:Middlewares/Third_Party/LwIP/src/api/api_lib.c **** {
 235:Middlewares/Third_Party/LwIP/src/api/api_lib.c ****   err_t err;
 236:Middlewares/Third_Party/LwIP/src/api/api_lib.c **** 
 237:Middlewares/Third_Party/LwIP/src/api/api_lib.c ****   /* No ASSERT here because possible to get a (conn == NULL) if we got an accept error */
 238:Middlewares/Third_Party/LwIP/src/api/api_lib.c ****   if (conn == NULL) {
 239:Middlewares/Third_Party/LwIP/src/api/api_lib.c ****     return ERR_OK;
 240:Middlewares/Third_Party/LwIP/src/api/api_lib.c ****   }
 241:Middlewares/Third_Party/LwIP/src/api/api_lib.c **** 
 242:Middlewares/Third_Party/LwIP/src/api/api_lib.c **** #if LWIP_NETCONN_FULLDUPLEX
 243:Middlewares/Third_Party/LwIP/src/api/api_lib.c ****   if (conn->flags & NETCONN_FLAG_MBOXINVALID) {
 244:Middlewares/Third_Party/LwIP/src/api/api_lib.c ****     /* Already called netconn_prepare_delete() before */
 245:Middlewares/Third_Party/LwIP/src/api/api_lib.c ****     err = ERR_OK;
 246:Middlewares/Third_Party/LwIP/src/api/api_lib.c ****   } else
 247:Middlewares/Third_Party/LwIP/src/api/api_lib.c **** #endif /* LWIP_NETCONN_FULLDUPLEX */
 248:Middlewares/Third_Party/LwIP/src/api/api_lib.c ****   {
 249:Middlewares/Third_Party/LwIP/src/api/api_lib.c ****     err = netconn_prepare_delete(conn);
 250:Middlewares/Third_Party/LwIP/src/api/api_lib.c ****   }
ARM GAS  /tmp/ccPDpVkS.s 			page 7


 251:Middlewares/Third_Party/LwIP/src/api/api_lib.c ****   if (err == ERR_OK) {
 252:Middlewares/Third_Party/LwIP/src/api/api_lib.c ****     netconn_free(conn);
 253:Middlewares/Third_Party/LwIP/src/api/api_lib.c ****   }
 254:Middlewares/Third_Party/LwIP/src/api/api_lib.c ****   return err;
 255:Middlewares/Third_Party/LwIP/src/api/api_lib.c **** }
 256:Middlewares/Third_Party/LwIP/src/api/api_lib.c **** 
 257:Middlewares/Third_Party/LwIP/src/api/api_lib.c **** /**
 258:Middlewares/Third_Party/LwIP/src/api/api_lib.c ****  * Get the local or remote IP address and port of a netconn.
 259:Middlewares/Third_Party/LwIP/src/api/api_lib.c ****  * For RAW netconns, this returns the protocol instead of a port!
 260:Middlewares/Third_Party/LwIP/src/api/api_lib.c ****  *
 261:Middlewares/Third_Party/LwIP/src/api/api_lib.c ****  * @param conn the netconn to query
 262:Middlewares/Third_Party/LwIP/src/api/api_lib.c ****  * @param addr a pointer to which to save the IP address
 263:Middlewares/Third_Party/LwIP/src/api/api_lib.c ****  * @param port a pointer to which to save the port (or protocol for RAW)
 264:Middlewares/Third_Party/LwIP/src/api/api_lib.c ****  * @param local 1 to get the local IP address, 0 to get the remote one
 265:Middlewares/Third_Party/LwIP/src/api/api_lib.c ****  * @return ERR_CONN for invalid connections
 266:Middlewares/Third_Party/LwIP/src/api/api_lib.c ****  *         ERR_OK if the information was retrieved
 267:Middlewares/Third_Party/LwIP/src/api/api_lib.c ****  */
 268:Middlewares/Third_Party/LwIP/src/api/api_lib.c **** err_t
 269:Middlewares/Third_Party/LwIP/src/api/api_lib.c **** netconn_getaddr(struct netconn *conn, ip_addr_t *addr, u16_t *port, u8_t local)
 270:Middlewares/Third_Party/LwIP/src/api/api_lib.c **** {
 271:Middlewares/Third_Party/LwIP/src/api/api_lib.c ****   API_MSG_VAR_DECLARE(msg);
 272:Middlewares/Third_Party/LwIP/src/api/api_lib.c ****   err_t err;
 273:Middlewares/Third_Party/LwIP/src/api/api_lib.c **** 
 274:Middlewares/Third_Party/LwIP/src/api/api_lib.c ****   LWIP_ERROR("netconn_getaddr: invalid conn", (conn != NULL), return ERR_ARG;);
 275:Middlewares/Third_Party/LwIP/src/api/api_lib.c ****   LWIP_ERROR("netconn_getaddr: invalid addr", (addr != NULL), return ERR_ARG;);
 276:Middlewares/Third_Party/LwIP/src/api/api_lib.c ****   LWIP_ERROR("netconn_getaddr: invalid port", (port != NULL), return ERR_ARG;);
 277:Middlewares/Third_Party/LwIP/src/api/api_lib.c **** 
 278:Middlewares/Third_Party/LwIP/src/api/api_lib.c ****   API_MSG_VAR_ALLOC(msg);
 279:Middlewares/Third_Party/LwIP/src/api/api_lib.c ****   API_MSG_VAR_REF(msg).conn = conn;
 280:Middlewares/Third_Party/LwIP/src/api/api_lib.c ****   API_MSG_VAR_REF(msg).msg.ad.local = local;
 281:Middlewares/Third_Party/LwIP/src/api/api_lib.c **** #if LWIP_MPU_COMPATIBLE
 282:Middlewares/Third_Party/LwIP/src/api/api_lib.c ****   err = netconn_apimsg(lwip_netconn_do_getaddr, &API_MSG_VAR_REF(msg));
 283:Middlewares/Third_Party/LwIP/src/api/api_lib.c ****   *addr = msg->msg.ad.ipaddr;
 284:Middlewares/Third_Party/LwIP/src/api/api_lib.c ****   *port = msg->msg.ad.port;
 285:Middlewares/Third_Party/LwIP/src/api/api_lib.c **** #else /* LWIP_MPU_COMPATIBLE */
 286:Middlewares/Third_Party/LwIP/src/api/api_lib.c ****   msg.msg.ad.ipaddr = addr;
 287:Middlewares/Third_Party/LwIP/src/api/api_lib.c ****   msg.msg.ad.port = port;
 288:Middlewares/Third_Party/LwIP/src/api/api_lib.c ****   err = netconn_apimsg(lwip_netconn_do_getaddr, &msg);
 289:Middlewares/Third_Party/LwIP/src/api/api_lib.c **** #endif /* LWIP_MPU_COMPATIBLE */
 290:Middlewares/Third_Party/LwIP/src/api/api_lib.c ****   API_MSG_VAR_FREE(msg);
 291:Middlewares/Third_Party/LwIP/src/api/api_lib.c **** 
 292:Middlewares/Third_Party/LwIP/src/api/api_lib.c ****   return err;
 293:Middlewares/Third_Party/LwIP/src/api/api_lib.c **** }
 294:Middlewares/Third_Party/LwIP/src/api/api_lib.c **** 
 295:Middlewares/Third_Party/LwIP/src/api/api_lib.c **** /**
 296:Middlewares/Third_Party/LwIP/src/api/api_lib.c ****  * @ingroup netconn_common
 297:Middlewares/Third_Party/LwIP/src/api/api_lib.c ****  * Bind a netconn to a specific local IP address and port.
 298:Middlewares/Third_Party/LwIP/src/api/api_lib.c ****  * Binding one netconn twice might not always be checked correctly!
 299:Middlewares/Third_Party/LwIP/src/api/api_lib.c ****  *
 300:Middlewares/Third_Party/LwIP/src/api/api_lib.c ****  * @param conn the netconn to bind
 301:Middlewares/Third_Party/LwIP/src/api/api_lib.c ****  * @param addr the local IP address to bind the netconn to
 302:Middlewares/Third_Party/LwIP/src/api/api_lib.c ****  *             (use IP4_ADDR_ANY/IP6_ADDR_ANY to bind to all addresses)
 303:Middlewares/Third_Party/LwIP/src/api/api_lib.c ****  * @param port the local port to bind the netconn to (not used for RAW)
 304:Middlewares/Third_Party/LwIP/src/api/api_lib.c ****  * @return ERR_OK if bound, any other err_t on failure
 305:Middlewares/Third_Party/LwIP/src/api/api_lib.c ****  */
 306:Middlewares/Third_Party/LwIP/src/api/api_lib.c **** err_t
 307:Middlewares/Third_Party/LwIP/src/api/api_lib.c **** netconn_bind(struct netconn *conn, const ip_addr_t *addr, u16_t port)
ARM GAS  /tmp/ccPDpVkS.s 			page 8


 308:Middlewares/Third_Party/LwIP/src/api/api_lib.c **** {
 309:Middlewares/Third_Party/LwIP/src/api/api_lib.c ****   API_MSG_VAR_DECLARE(msg);
 310:Middlewares/Third_Party/LwIP/src/api/api_lib.c ****   err_t err;
 311:Middlewares/Third_Party/LwIP/src/api/api_lib.c **** 
 312:Middlewares/Third_Party/LwIP/src/api/api_lib.c ****   LWIP_ERROR("netconn_bind: invalid conn", (conn != NULL), return ERR_ARG;);
 313:Middlewares/Third_Party/LwIP/src/api/api_lib.c **** 
 314:Middlewares/Third_Party/LwIP/src/api/api_lib.c **** #if LWIP_IPV4
 315:Middlewares/Third_Party/LwIP/src/api/api_lib.c ****   /* Don't propagate NULL pointer (IP_ADDR_ANY alias) to subsequent functions */
 316:Middlewares/Third_Party/LwIP/src/api/api_lib.c ****   if (addr == NULL) {
 317:Middlewares/Third_Party/LwIP/src/api/api_lib.c ****     addr = IP4_ADDR_ANY;
 318:Middlewares/Third_Party/LwIP/src/api/api_lib.c ****   }
 319:Middlewares/Third_Party/LwIP/src/api/api_lib.c **** #endif /* LWIP_IPV4 */
 320:Middlewares/Third_Party/LwIP/src/api/api_lib.c **** 
 321:Middlewares/Third_Party/LwIP/src/api/api_lib.c **** #if LWIP_IPV4 && LWIP_IPV6
 322:Middlewares/Third_Party/LwIP/src/api/api_lib.c ****   /* "Socket API like" dual-stack support: If IP to bind to is IP6_ADDR_ANY,
 323:Middlewares/Third_Party/LwIP/src/api/api_lib.c ****    * and NETCONN_FLAG_IPV6_V6ONLY is 0, use IP_ANY_TYPE to bind
 324:Middlewares/Third_Party/LwIP/src/api/api_lib.c ****    */
 325:Middlewares/Third_Party/LwIP/src/api/api_lib.c ****   if ((netconn_get_ipv6only(conn) == 0) &&
 326:Middlewares/Third_Party/LwIP/src/api/api_lib.c ****       ip_addr_cmp(addr, IP6_ADDR_ANY)) {
 327:Middlewares/Third_Party/LwIP/src/api/api_lib.c ****     addr = IP_ANY_TYPE;
 328:Middlewares/Third_Party/LwIP/src/api/api_lib.c ****   }
 329:Middlewares/Third_Party/LwIP/src/api/api_lib.c **** #endif /* LWIP_IPV4 && LWIP_IPV6 */
 330:Middlewares/Third_Party/LwIP/src/api/api_lib.c **** 
 331:Middlewares/Third_Party/LwIP/src/api/api_lib.c ****   API_MSG_VAR_ALLOC(msg);
 332:Middlewares/Third_Party/LwIP/src/api/api_lib.c ****   API_MSG_VAR_REF(msg).conn = conn;
 333:Middlewares/Third_Party/LwIP/src/api/api_lib.c ****   API_MSG_VAR_REF(msg).msg.bc.ipaddr = API_MSG_VAR_REF(addr);
 334:Middlewares/Third_Party/LwIP/src/api/api_lib.c ****   API_MSG_VAR_REF(msg).msg.bc.port = port;
 335:Middlewares/Third_Party/LwIP/src/api/api_lib.c ****   err = netconn_apimsg(lwip_netconn_do_bind, &API_MSG_VAR_REF(msg));
 336:Middlewares/Third_Party/LwIP/src/api/api_lib.c ****   API_MSG_VAR_FREE(msg);
 337:Middlewares/Third_Party/LwIP/src/api/api_lib.c **** 
 338:Middlewares/Third_Party/LwIP/src/api/api_lib.c ****   return err;
 339:Middlewares/Third_Party/LwIP/src/api/api_lib.c **** }
 340:Middlewares/Third_Party/LwIP/src/api/api_lib.c **** 
 341:Middlewares/Third_Party/LwIP/src/api/api_lib.c **** /**
 342:Middlewares/Third_Party/LwIP/src/api/api_lib.c ****  * @ingroup netconn_common
 343:Middlewares/Third_Party/LwIP/src/api/api_lib.c ****  * Bind a netconn to a specific interface and port.
 344:Middlewares/Third_Party/LwIP/src/api/api_lib.c ****  * Binding one netconn twice might not always be checked correctly!
 345:Middlewares/Third_Party/LwIP/src/api/api_lib.c ****  *
 346:Middlewares/Third_Party/LwIP/src/api/api_lib.c ****  * @param conn the netconn to bind
 347:Middlewares/Third_Party/LwIP/src/api/api_lib.c ****  * @param if_idx the local interface index to bind the netconn to
 348:Middlewares/Third_Party/LwIP/src/api/api_lib.c ****  * @return ERR_OK if bound, any other err_t on failure
 349:Middlewares/Third_Party/LwIP/src/api/api_lib.c ****  */
 350:Middlewares/Third_Party/LwIP/src/api/api_lib.c **** err_t
 351:Middlewares/Third_Party/LwIP/src/api/api_lib.c **** netconn_bind_if(struct netconn *conn, u8_t if_idx)
 352:Middlewares/Third_Party/LwIP/src/api/api_lib.c **** {
 353:Middlewares/Third_Party/LwIP/src/api/api_lib.c ****   API_MSG_VAR_DECLARE(msg);
 354:Middlewares/Third_Party/LwIP/src/api/api_lib.c ****   err_t err;
 355:Middlewares/Third_Party/LwIP/src/api/api_lib.c **** 
 356:Middlewares/Third_Party/LwIP/src/api/api_lib.c ****   LWIP_ERROR("netconn_bind_if: invalid conn", (conn != NULL), return ERR_ARG;);
 357:Middlewares/Third_Party/LwIP/src/api/api_lib.c **** 
 358:Middlewares/Third_Party/LwIP/src/api/api_lib.c ****   API_MSG_VAR_ALLOC(msg);
 359:Middlewares/Third_Party/LwIP/src/api/api_lib.c ****   API_MSG_VAR_REF(msg).conn = conn;
 360:Middlewares/Third_Party/LwIP/src/api/api_lib.c ****   API_MSG_VAR_REF(msg).msg.bc.if_idx = if_idx;
 361:Middlewares/Third_Party/LwIP/src/api/api_lib.c ****   err = netconn_apimsg(lwip_netconn_do_bind_if, &API_MSG_VAR_REF(msg));
 362:Middlewares/Third_Party/LwIP/src/api/api_lib.c ****   API_MSG_VAR_FREE(msg);
 363:Middlewares/Third_Party/LwIP/src/api/api_lib.c **** 
 364:Middlewares/Third_Party/LwIP/src/api/api_lib.c ****   return err;
ARM GAS  /tmp/ccPDpVkS.s 			page 9


 365:Middlewares/Third_Party/LwIP/src/api/api_lib.c **** }
 366:Middlewares/Third_Party/LwIP/src/api/api_lib.c **** 
 367:Middlewares/Third_Party/LwIP/src/api/api_lib.c **** /**
 368:Middlewares/Third_Party/LwIP/src/api/api_lib.c ****  * @ingroup netconn_common
 369:Middlewares/Third_Party/LwIP/src/api/api_lib.c ****  * Connect a netconn to a specific remote IP address and port.
 370:Middlewares/Third_Party/LwIP/src/api/api_lib.c ****  *
 371:Middlewares/Third_Party/LwIP/src/api/api_lib.c ****  * @param conn the netconn to connect
 372:Middlewares/Third_Party/LwIP/src/api/api_lib.c ****  * @param addr the remote IP address to connect to
 373:Middlewares/Third_Party/LwIP/src/api/api_lib.c ****  * @param port the remote port to connect to (no used for RAW)
 374:Middlewares/Third_Party/LwIP/src/api/api_lib.c ****  * @return ERR_OK if connected, return value of tcp_/udp_/raw_connect otherwise
 375:Middlewares/Third_Party/LwIP/src/api/api_lib.c ****  */
 376:Middlewares/Third_Party/LwIP/src/api/api_lib.c **** err_t
 377:Middlewares/Third_Party/LwIP/src/api/api_lib.c **** netconn_connect(struct netconn *conn, const ip_addr_t *addr, u16_t port)
 378:Middlewares/Third_Party/LwIP/src/api/api_lib.c **** {
 379:Middlewares/Third_Party/LwIP/src/api/api_lib.c ****   API_MSG_VAR_DECLARE(msg);
 380:Middlewares/Third_Party/LwIP/src/api/api_lib.c ****   err_t err;
 381:Middlewares/Third_Party/LwIP/src/api/api_lib.c **** 
 382:Middlewares/Third_Party/LwIP/src/api/api_lib.c ****   LWIP_ERROR("netconn_connect: invalid conn", (conn != NULL), return ERR_ARG;);
 383:Middlewares/Third_Party/LwIP/src/api/api_lib.c **** 
 384:Middlewares/Third_Party/LwIP/src/api/api_lib.c **** #if LWIP_IPV4
 385:Middlewares/Third_Party/LwIP/src/api/api_lib.c ****   /* Don't propagate NULL pointer (IP_ADDR_ANY alias) to subsequent functions */
 386:Middlewares/Third_Party/LwIP/src/api/api_lib.c ****   if (addr == NULL) {
 387:Middlewares/Third_Party/LwIP/src/api/api_lib.c ****     addr = IP4_ADDR_ANY;
 388:Middlewares/Third_Party/LwIP/src/api/api_lib.c ****   }
 389:Middlewares/Third_Party/LwIP/src/api/api_lib.c **** #endif /* LWIP_IPV4 */
 390:Middlewares/Third_Party/LwIP/src/api/api_lib.c **** 
 391:Middlewares/Third_Party/LwIP/src/api/api_lib.c ****   API_MSG_VAR_ALLOC(msg);
 392:Middlewares/Third_Party/LwIP/src/api/api_lib.c ****   API_MSG_VAR_REF(msg).conn = conn;
 393:Middlewares/Third_Party/LwIP/src/api/api_lib.c ****   API_MSG_VAR_REF(msg).msg.bc.ipaddr = API_MSG_VAR_REF(addr);
 394:Middlewares/Third_Party/LwIP/src/api/api_lib.c ****   API_MSG_VAR_REF(msg).msg.bc.port = port;
 395:Middlewares/Third_Party/LwIP/src/api/api_lib.c ****   err = netconn_apimsg(lwip_netconn_do_connect, &API_MSG_VAR_REF(msg));
 396:Middlewares/Third_Party/LwIP/src/api/api_lib.c ****   API_MSG_VAR_FREE(msg);
 397:Middlewares/Third_Party/LwIP/src/api/api_lib.c **** 
 398:Middlewares/Third_Party/LwIP/src/api/api_lib.c ****   return err;
 399:Middlewares/Third_Party/LwIP/src/api/api_lib.c **** }
 400:Middlewares/Third_Party/LwIP/src/api/api_lib.c **** 
 401:Middlewares/Third_Party/LwIP/src/api/api_lib.c **** /**
 402:Middlewares/Third_Party/LwIP/src/api/api_lib.c ****  * @ingroup netconn_udp
 403:Middlewares/Third_Party/LwIP/src/api/api_lib.c ****  * Disconnect a netconn from its current peer (only valid for UDP netconns).
 404:Middlewares/Third_Party/LwIP/src/api/api_lib.c ****  *
 405:Middlewares/Third_Party/LwIP/src/api/api_lib.c ****  * @param conn the netconn to disconnect
 406:Middlewares/Third_Party/LwIP/src/api/api_lib.c ****  * @return See @ref err_t
 407:Middlewares/Third_Party/LwIP/src/api/api_lib.c ****  */
 408:Middlewares/Third_Party/LwIP/src/api/api_lib.c **** err_t
 409:Middlewares/Third_Party/LwIP/src/api/api_lib.c **** netconn_disconnect(struct netconn *conn)
 410:Middlewares/Third_Party/LwIP/src/api/api_lib.c **** {
 411:Middlewares/Third_Party/LwIP/src/api/api_lib.c ****   API_MSG_VAR_DECLARE(msg);
 412:Middlewares/Third_Party/LwIP/src/api/api_lib.c ****   err_t err;
 413:Middlewares/Third_Party/LwIP/src/api/api_lib.c **** 
 414:Middlewares/Third_Party/LwIP/src/api/api_lib.c ****   LWIP_ERROR("netconn_disconnect: invalid conn", (conn != NULL), return ERR_ARG;);
 415:Middlewares/Third_Party/LwIP/src/api/api_lib.c **** 
 416:Middlewares/Third_Party/LwIP/src/api/api_lib.c ****   API_MSG_VAR_ALLOC(msg);
 417:Middlewares/Third_Party/LwIP/src/api/api_lib.c ****   API_MSG_VAR_REF(msg).conn = conn;
 418:Middlewares/Third_Party/LwIP/src/api/api_lib.c ****   err = netconn_apimsg(lwip_netconn_do_disconnect, &API_MSG_VAR_REF(msg));
 419:Middlewares/Third_Party/LwIP/src/api/api_lib.c ****   API_MSG_VAR_FREE(msg);
 420:Middlewares/Third_Party/LwIP/src/api/api_lib.c **** 
 421:Middlewares/Third_Party/LwIP/src/api/api_lib.c ****   return err;
ARM GAS  /tmp/ccPDpVkS.s 			page 10


 422:Middlewares/Third_Party/LwIP/src/api/api_lib.c **** }
 423:Middlewares/Third_Party/LwIP/src/api/api_lib.c **** 
 424:Middlewares/Third_Party/LwIP/src/api/api_lib.c **** /**
 425:Middlewares/Third_Party/LwIP/src/api/api_lib.c ****  * @ingroup netconn_tcp
 426:Middlewares/Third_Party/LwIP/src/api/api_lib.c ****  * Set a TCP netconn into listen mode
 427:Middlewares/Third_Party/LwIP/src/api/api_lib.c ****  *
 428:Middlewares/Third_Party/LwIP/src/api/api_lib.c ****  * @param conn the tcp netconn to set to listen mode
 429:Middlewares/Third_Party/LwIP/src/api/api_lib.c ****  * @param backlog the listen backlog, only used if TCP_LISTEN_BACKLOG==1
 430:Middlewares/Third_Party/LwIP/src/api/api_lib.c ****  * @return ERR_OK if the netconn was set to listen (UDP and RAW netconns
 431:Middlewares/Third_Party/LwIP/src/api/api_lib.c ****  *         don't return any error (yet?))
 432:Middlewares/Third_Party/LwIP/src/api/api_lib.c ****  */
 433:Middlewares/Third_Party/LwIP/src/api/api_lib.c **** err_t
 434:Middlewares/Third_Party/LwIP/src/api/api_lib.c **** netconn_listen_with_backlog(struct netconn *conn, u8_t backlog)
 435:Middlewares/Third_Party/LwIP/src/api/api_lib.c **** {
 436:Middlewares/Third_Party/LwIP/src/api/api_lib.c **** #if LWIP_TCP
 437:Middlewares/Third_Party/LwIP/src/api/api_lib.c ****   API_MSG_VAR_DECLARE(msg);
 438:Middlewares/Third_Party/LwIP/src/api/api_lib.c ****   err_t err;
 439:Middlewares/Third_Party/LwIP/src/api/api_lib.c **** 
 440:Middlewares/Third_Party/LwIP/src/api/api_lib.c ****   /* This does no harm. If TCP_LISTEN_BACKLOG is off, backlog is unused. */
 441:Middlewares/Third_Party/LwIP/src/api/api_lib.c ****   LWIP_UNUSED_ARG(backlog);
 442:Middlewares/Third_Party/LwIP/src/api/api_lib.c **** 
 443:Middlewares/Third_Party/LwIP/src/api/api_lib.c ****   LWIP_ERROR("netconn_listen: invalid conn", (conn != NULL), return ERR_ARG;);
 444:Middlewares/Third_Party/LwIP/src/api/api_lib.c **** 
 445:Middlewares/Third_Party/LwIP/src/api/api_lib.c ****   API_MSG_VAR_ALLOC(msg);
 446:Middlewares/Third_Party/LwIP/src/api/api_lib.c ****   API_MSG_VAR_REF(msg).conn = conn;
 447:Middlewares/Third_Party/LwIP/src/api/api_lib.c **** #if TCP_LISTEN_BACKLOG
 448:Middlewares/Third_Party/LwIP/src/api/api_lib.c ****   API_MSG_VAR_REF(msg).msg.lb.backlog = backlog;
 449:Middlewares/Third_Party/LwIP/src/api/api_lib.c **** #endif /* TCP_LISTEN_BACKLOG */
 450:Middlewares/Third_Party/LwIP/src/api/api_lib.c ****   err = netconn_apimsg(lwip_netconn_do_listen, &API_MSG_VAR_REF(msg));
 451:Middlewares/Third_Party/LwIP/src/api/api_lib.c ****   API_MSG_VAR_FREE(msg);
 452:Middlewares/Third_Party/LwIP/src/api/api_lib.c **** 
 453:Middlewares/Third_Party/LwIP/src/api/api_lib.c ****   return err;
 454:Middlewares/Third_Party/LwIP/src/api/api_lib.c **** #else /* LWIP_TCP */
 455:Middlewares/Third_Party/LwIP/src/api/api_lib.c ****   LWIP_UNUSED_ARG(conn);
 456:Middlewares/Third_Party/LwIP/src/api/api_lib.c ****   LWIP_UNUSED_ARG(backlog);
 457:Middlewares/Third_Party/LwIP/src/api/api_lib.c ****   return ERR_ARG;
 458:Middlewares/Third_Party/LwIP/src/api/api_lib.c **** #endif /* LWIP_TCP */
 459:Middlewares/Third_Party/LwIP/src/api/api_lib.c **** }
 460:Middlewares/Third_Party/LwIP/src/api/api_lib.c **** 
 461:Middlewares/Third_Party/LwIP/src/api/api_lib.c **** /**
 462:Middlewares/Third_Party/LwIP/src/api/api_lib.c ****  * @ingroup netconn_tcp
 463:Middlewares/Third_Party/LwIP/src/api/api_lib.c ****  * Accept a new connection on a TCP listening netconn.
 464:Middlewares/Third_Party/LwIP/src/api/api_lib.c ****  *
 465:Middlewares/Third_Party/LwIP/src/api/api_lib.c ****  * @param conn the TCP listen netconn
 466:Middlewares/Third_Party/LwIP/src/api/api_lib.c ****  * @param new_conn pointer where the new connection is stored
 467:Middlewares/Third_Party/LwIP/src/api/api_lib.c ****  * @return ERR_OK if a new connection has been received or an error
 468:Middlewares/Third_Party/LwIP/src/api/api_lib.c ****  *                code otherwise
 469:Middlewares/Third_Party/LwIP/src/api/api_lib.c ****  */
 470:Middlewares/Third_Party/LwIP/src/api/api_lib.c **** err_t
 471:Middlewares/Third_Party/LwIP/src/api/api_lib.c **** netconn_accept(struct netconn *conn, struct netconn **new_conn)
 472:Middlewares/Third_Party/LwIP/src/api/api_lib.c **** {
 473:Middlewares/Third_Party/LwIP/src/api/api_lib.c **** #if LWIP_TCP
 474:Middlewares/Third_Party/LwIP/src/api/api_lib.c ****   err_t err;
 475:Middlewares/Third_Party/LwIP/src/api/api_lib.c ****   void *accept_ptr;
 476:Middlewares/Third_Party/LwIP/src/api/api_lib.c ****   struct netconn *newconn;
 477:Middlewares/Third_Party/LwIP/src/api/api_lib.c **** #if TCP_LISTEN_BACKLOG
 478:Middlewares/Third_Party/LwIP/src/api/api_lib.c ****   API_MSG_VAR_DECLARE(msg);
ARM GAS  /tmp/ccPDpVkS.s 			page 11


 479:Middlewares/Third_Party/LwIP/src/api/api_lib.c **** #endif /* TCP_LISTEN_BACKLOG */
 480:Middlewares/Third_Party/LwIP/src/api/api_lib.c **** 
 481:Middlewares/Third_Party/LwIP/src/api/api_lib.c ****   LWIP_ERROR("netconn_accept: invalid pointer",    (new_conn != NULL),                  return ERR_
 482:Middlewares/Third_Party/LwIP/src/api/api_lib.c ****   *new_conn = NULL;
 483:Middlewares/Third_Party/LwIP/src/api/api_lib.c ****   LWIP_ERROR("netconn_accept: invalid conn",       (conn != NULL),                      return ERR_
 484:Middlewares/Third_Party/LwIP/src/api/api_lib.c **** 
 485:Middlewares/Third_Party/LwIP/src/api/api_lib.c ****   /* NOTE: Although the opengroup spec says a pending error shall be returned to
 486:Middlewares/Third_Party/LwIP/src/api/api_lib.c ****            send/recv/getsockopt(SO_ERROR) only, we return it for listening
 487:Middlewares/Third_Party/LwIP/src/api/api_lib.c ****            connections also, to handle embedded-system errors */
 488:Middlewares/Third_Party/LwIP/src/api/api_lib.c ****   err = netconn_err(conn);
 489:Middlewares/Third_Party/LwIP/src/api/api_lib.c ****   if (err != ERR_OK) {
 490:Middlewares/Third_Party/LwIP/src/api/api_lib.c ****     /* return pending error */
 491:Middlewares/Third_Party/LwIP/src/api/api_lib.c ****     return err;
 492:Middlewares/Third_Party/LwIP/src/api/api_lib.c ****   }
 493:Middlewares/Third_Party/LwIP/src/api/api_lib.c ****   if (!NETCONN_ACCEPTMBOX_WAITABLE(conn)) {
 494:Middlewares/Third_Party/LwIP/src/api/api_lib.c ****     /* don't accept if closed: this might block the application task
 495:Middlewares/Third_Party/LwIP/src/api/api_lib.c ****        waiting on acceptmbox forever! */
 496:Middlewares/Third_Party/LwIP/src/api/api_lib.c ****     return ERR_CLSD;
 497:Middlewares/Third_Party/LwIP/src/api/api_lib.c ****   }
 498:Middlewares/Third_Party/LwIP/src/api/api_lib.c **** 
 499:Middlewares/Third_Party/LwIP/src/api/api_lib.c ****   API_MSG_VAR_ALLOC_ACCEPT(msg);
 500:Middlewares/Third_Party/LwIP/src/api/api_lib.c **** 
 501:Middlewares/Third_Party/LwIP/src/api/api_lib.c ****   NETCONN_MBOX_WAITING_INC(conn);
 502:Middlewares/Third_Party/LwIP/src/api/api_lib.c ****   if (netconn_is_nonblocking(conn)) {
 503:Middlewares/Third_Party/LwIP/src/api/api_lib.c ****     if (sys_arch_mbox_tryfetch(&conn->acceptmbox, &accept_ptr) == SYS_ARCH_TIMEOUT) {
 504:Middlewares/Third_Party/LwIP/src/api/api_lib.c ****       API_MSG_VAR_FREE_ACCEPT(msg);
 505:Middlewares/Third_Party/LwIP/src/api/api_lib.c ****       NETCONN_MBOX_WAITING_DEC(conn);
 506:Middlewares/Third_Party/LwIP/src/api/api_lib.c ****       return ERR_WOULDBLOCK;
 507:Middlewares/Third_Party/LwIP/src/api/api_lib.c ****     }
 508:Middlewares/Third_Party/LwIP/src/api/api_lib.c ****   } else {
 509:Middlewares/Third_Party/LwIP/src/api/api_lib.c **** #if LWIP_SO_RCVTIMEO
 510:Middlewares/Third_Party/LwIP/src/api/api_lib.c ****     if (sys_arch_mbox_fetch(&conn->acceptmbox, &accept_ptr, conn->recv_timeout) == SYS_ARCH_TIMEOUT
 511:Middlewares/Third_Party/LwIP/src/api/api_lib.c ****       API_MSG_VAR_FREE_ACCEPT(msg);
 512:Middlewares/Third_Party/LwIP/src/api/api_lib.c ****       NETCONN_MBOX_WAITING_DEC(conn);
 513:Middlewares/Third_Party/LwIP/src/api/api_lib.c ****       return ERR_TIMEOUT;
 514:Middlewares/Third_Party/LwIP/src/api/api_lib.c ****     }
 515:Middlewares/Third_Party/LwIP/src/api/api_lib.c **** #else
 516:Middlewares/Third_Party/LwIP/src/api/api_lib.c ****     sys_arch_mbox_fetch(&conn->acceptmbox, &accept_ptr, 0);
 517:Middlewares/Third_Party/LwIP/src/api/api_lib.c **** #endif /* LWIP_SO_RCVTIMEO*/
 518:Middlewares/Third_Party/LwIP/src/api/api_lib.c ****   }
 519:Middlewares/Third_Party/LwIP/src/api/api_lib.c ****   NETCONN_MBOX_WAITING_DEC(conn);
 520:Middlewares/Third_Party/LwIP/src/api/api_lib.c **** #if LWIP_NETCONN_FULLDUPLEX
 521:Middlewares/Third_Party/LwIP/src/api/api_lib.c ****   if (conn->flags & NETCONN_FLAG_MBOXINVALID) {
 522:Middlewares/Third_Party/LwIP/src/api/api_lib.c ****     if (lwip_netconn_is_deallocated_msg(accept_ptr)) {
 523:Middlewares/Third_Party/LwIP/src/api/api_lib.c ****       /* the netconn has been closed from another thread */
 524:Middlewares/Third_Party/LwIP/src/api/api_lib.c ****       API_MSG_VAR_FREE_ACCEPT(msg);
 525:Middlewares/Third_Party/LwIP/src/api/api_lib.c ****       return ERR_CONN;
 526:Middlewares/Third_Party/LwIP/src/api/api_lib.c ****     }
 527:Middlewares/Third_Party/LwIP/src/api/api_lib.c ****   }
 528:Middlewares/Third_Party/LwIP/src/api/api_lib.c **** #endif
 529:Middlewares/Third_Party/LwIP/src/api/api_lib.c **** 
 530:Middlewares/Third_Party/LwIP/src/api/api_lib.c ****   /* Register event with callback */
 531:Middlewares/Third_Party/LwIP/src/api/api_lib.c ****   API_EVENT(conn, NETCONN_EVT_RCVMINUS, 0);
 532:Middlewares/Third_Party/LwIP/src/api/api_lib.c **** 
 533:Middlewares/Third_Party/LwIP/src/api/api_lib.c ****   if (lwip_netconn_is_err_msg(accept_ptr, &err)) {
 534:Middlewares/Third_Party/LwIP/src/api/api_lib.c ****     /* a connection has been aborted: e.g. out of pcbs or out of netconns during accept */
 535:Middlewares/Third_Party/LwIP/src/api/api_lib.c ****     API_MSG_VAR_FREE_ACCEPT(msg);
ARM GAS  /tmp/ccPDpVkS.s 			page 12


 536:Middlewares/Third_Party/LwIP/src/api/api_lib.c ****     return err;
 537:Middlewares/Third_Party/LwIP/src/api/api_lib.c ****   }
 538:Middlewares/Third_Party/LwIP/src/api/api_lib.c ****   if (accept_ptr == NULL) {
 539:Middlewares/Third_Party/LwIP/src/api/api_lib.c ****     /* connection has been aborted */
 540:Middlewares/Third_Party/LwIP/src/api/api_lib.c ****     API_MSG_VAR_FREE_ACCEPT(msg);
 541:Middlewares/Third_Party/LwIP/src/api/api_lib.c ****     return ERR_CLSD;
 542:Middlewares/Third_Party/LwIP/src/api/api_lib.c ****   }
 543:Middlewares/Third_Party/LwIP/src/api/api_lib.c ****   newconn = (struct netconn *)accept_ptr;
 544:Middlewares/Third_Party/LwIP/src/api/api_lib.c **** #if TCP_LISTEN_BACKLOG
 545:Middlewares/Third_Party/LwIP/src/api/api_lib.c ****   /* Let the stack know that we have accepted the connection. */
 546:Middlewares/Third_Party/LwIP/src/api/api_lib.c ****   API_MSG_VAR_REF(msg).conn = newconn;
 547:Middlewares/Third_Party/LwIP/src/api/api_lib.c ****   /* don't care for the return value of lwip_netconn_do_recv */
 548:Middlewares/Third_Party/LwIP/src/api/api_lib.c ****   netconn_apimsg(lwip_netconn_do_accepted, &API_MSG_VAR_REF(msg));
 549:Middlewares/Third_Party/LwIP/src/api/api_lib.c ****   API_MSG_VAR_FREE(msg);
 550:Middlewares/Third_Party/LwIP/src/api/api_lib.c **** #endif /* TCP_LISTEN_BACKLOG */
 551:Middlewares/Third_Party/LwIP/src/api/api_lib.c **** 
 552:Middlewares/Third_Party/LwIP/src/api/api_lib.c ****   *new_conn = newconn;
 553:Middlewares/Third_Party/LwIP/src/api/api_lib.c ****   /* don't set conn->last_err: it's only ERR_OK, anyway */
 554:Middlewares/Third_Party/LwIP/src/api/api_lib.c ****   return ERR_OK;
 555:Middlewares/Third_Party/LwIP/src/api/api_lib.c **** #else /* LWIP_TCP */
 556:Middlewares/Third_Party/LwIP/src/api/api_lib.c ****   LWIP_UNUSED_ARG(conn);
 557:Middlewares/Third_Party/LwIP/src/api/api_lib.c ****   LWIP_UNUSED_ARG(new_conn);
 558:Middlewares/Third_Party/LwIP/src/api/api_lib.c ****   return ERR_ARG;
 559:Middlewares/Third_Party/LwIP/src/api/api_lib.c **** #endif /* LWIP_TCP */
 560:Middlewares/Third_Party/LwIP/src/api/api_lib.c **** }
 561:Middlewares/Third_Party/LwIP/src/api/api_lib.c **** 
 562:Middlewares/Third_Party/LwIP/src/api/api_lib.c **** /**
 563:Middlewares/Third_Party/LwIP/src/api/api_lib.c ****  * @ingroup netconn_common
 564:Middlewares/Third_Party/LwIP/src/api/api_lib.c ****  * Receive data: actual implementation that doesn't care whether pbuf or netbuf
 565:Middlewares/Third_Party/LwIP/src/api/api_lib.c ****  * is received (this is internal, it's just here for describing common errors)
 566:Middlewares/Third_Party/LwIP/src/api/api_lib.c ****  *
 567:Middlewares/Third_Party/LwIP/src/api/api_lib.c ****  * @param conn the netconn from which to receive data
 568:Middlewares/Third_Party/LwIP/src/api/api_lib.c ****  * @param new_buf pointer where a new pbuf/netbuf is stored when received data
 569:Middlewares/Third_Party/LwIP/src/api/api_lib.c ****  * @param apiflags flags that control function behaviour. For now only:
 570:Middlewares/Third_Party/LwIP/src/api/api_lib.c ****  * - NETCONN_DONTBLOCK: only read data that is available now, don't wait for more data
 571:Middlewares/Third_Party/LwIP/src/api/api_lib.c ****  * @return ERR_OK if data has been received, an error code otherwise (timeout,
 572:Middlewares/Third_Party/LwIP/src/api/api_lib.c ****  *                memory error or another error)
 573:Middlewares/Third_Party/LwIP/src/api/api_lib.c ****  *         ERR_CONN if not connected
 574:Middlewares/Third_Party/LwIP/src/api/api_lib.c ****  *         ERR_CLSD if TCP connection has been closed
 575:Middlewares/Third_Party/LwIP/src/api/api_lib.c ****  *         ERR_WOULDBLOCK if the netconn is nonblocking but would block to wait for data
 576:Middlewares/Third_Party/LwIP/src/api/api_lib.c ****  *         ERR_TIMEOUT if the netconn has a receive timeout and no data was received
 577:Middlewares/Third_Party/LwIP/src/api/api_lib.c ****  */
 578:Middlewares/Third_Party/LwIP/src/api/api_lib.c **** static err_t
 579:Middlewares/Third_Party/LwIP/src/api/api_lib.c **** netconn_recv_data(struct netconn *conn, void **new_buf, u8_t apiflags)
 580:Middlewares/Third_Party/LwIP/src/api/api_lib.c **** {
 581:Middlewares/Third_Party/LwIP/src/api/api_lib.c ****   void *buf = NULL;
 582:Middlewares/Third_Party/LwIP/src/api/api_lib.c ****   u16_t len;
 583:Middlewares/Third_Party/LwIP/src/api/api_lib.c **** 
 584:Middlewares/Third_Party/LwIP/src/api/api_lib.c ****   LWIP_ERROR("netconn_recv: invalid pointer", (new_buf != NULL), return ERR_ARG;);
 585:Middlewares/Third_Party/LwIP/src/api/api_lib.c ****   *new_buf = NULL;
 586:Middlewares/Third_Party/LwIP/src/api/api_lib.c ****   LWIP_ERROR("netconn_recv: invalid conn",    (conn != NULL),    return ERR_ARG;);
 587:Middlewares/Third_Party/LwIP/src/api/api_lib.c **** 
 588:Middlewares/Third_Party/LwIP/src/api/api_lib.c ****   if (!NETCONN_RECVMBOX_WAITABLE(conn)) {
 589:Middlewares/Third_Party/LwIP/src/api/api_lib.c ****     err_t err = netconn_err(conn);
 590:Middlewares/Third_Party/LwIP/src/api/api_lib.c ****     if (err != ERR_OK) {
 591:Middlewares/Third_Party/LwIP/src/api/api_lib.c ****       /* return pending error */
 592:Middlewares/Third_Party/LwIP/src/api/api_lib.c ****       return err;
ARM GAS  /tmp/ccPDpVkS.s 			page 13


 593:Middlewares/Third_Party/LwIP/src/api/api_lib.c ****     }
 594:Middlewares/Third_Party/LwIP/src/api/api_lib.c ****     return ERR_CONN;
 595:Middlewares/Third_Party/LwIP/src/api/api_lib.c ****   }
 596:Middlewares/Third_Party/LwIP/src/api/api_lib.c **** 
 597:Middlewares/Third_Party/LwIP/src/api/api_lib.c ****   NETCONN_MBOX_WAITING_INC(conn);
 598:Middlewares/Third_Party/LwIP/src/api/api_lib.c ****   if (netconn_is_nonblocking(conn) || (apiflags & NETCONN_DONTBLOCK) ||
 599:Middlewares/Third_Party/LwIP/src/api/api_lib.c ****       (conn->flags & NETCONN_FLAG_MBOXCLOSED) || (conn->pending_err != ERR_OK)) {
 600:Middlewares/Third_Party/LwIP/src/api/api_lib.c ****     if (sys_arch_mbox_tryfetch(&conn->recvmbox, &buf) == SYS_ARCH_TIMEOUT) {
 601:Middlewares/Third_Party/LwIP/src/api/api_lib.c ****       err_t err;
 602:Middlewares/Third_Party/LwIP/src/api/api_lib.c ****       NETCONN_MBOX_WAITING_DEC(conn);
 603:Middlewares/Third_Party/LwIP/src/api/api_lib.c ****       err = netconn_err(conn);
 604:Middlewares/Third_Party/LwIP/src/api/api_lib.c ****       if (err != ERR_OK) {
 605:Middlewares/Third_Party/LwIP/src/api/api_lib.c ****         /* return pending error */
 606:Middlewares/Third_Party/LwIP/src/api/api_lib.c ****         return err;
 607:Middlewares/Third_Party/LwIP/src/api/api_lib.c ****       }
 608:Middlewares/Third_Party/LwIP/src/api/api_lib.c ****       if (conn->flags & NETCONN_FLAG_MBOXCLOSED) {
 609:Middlewares/Third_Party/LwIP/src/api/api_lib.c ****         return ERR_CONN;
 610:Middlewares/Third_Party/LwIP/src/api/api_lib.c ****       }
 611:Middlewares/Third_Party/LwIP/src/api/api_lib.c ****       return ERR_WOULDBLOCK;
 612:Middlewares/Third_Party/LwIP/src/api/api_lib.c ****     }
 613:Middlewares/Third_Party/LwIP/src/api/api_lib.c ****   } else {
 614:Middlewares/Third_Party/LwIP/src/api/api_lib.c **** #if LWIP_SO_RCVTIMEO
 615:Middlewares/Third_Party/LwIP/src/api/api_lib.c ****     if (sys_arch_mbox_fetch(&conn->recvmbox, &buf, conn->recv_timeout) == SYS_ARCH_TIMEOUT) {
 616:Middlewares/Third_Party/LwIP/src/api/api_lib.c ****       NETCONN_MBOX_WAITING_DEC(conn);
 617:Middlewares/Third_Party/LwIP/src/api/api_lib.c ****       return ERR_TIMEOUT;
 618:Middlewares/Third_Party/LwIP/src/api/api_lib.c ****     }
 619:Middlewares/Third_Party/LwIP/src/api/api_lib.c **** #else
 620:Middlewares/Third_Party/LwIP/src/api/api_lib.c ****     sys_arch_mbox_fetch(&conn->recvmbox, &buf, 0);
 621:Middlewares/Third_Party/LwIP/src/api/api_lib.c **** #endif /* LWIP_SO_RCVTIMEO*/
 622:Middlewares/Third_Party/LwIP/src/api/api_lib.c ****   }
 623:Middlewares/Third_Party/LwIP/src/api/api_lib.c ****   NETCONN_MBOX_WAITING_DEC(conn);
 624:Middlewares/Third_Party/LwIP/src/api/api_lib.c **** #if LWIP_NETCONN_FULLDUPLEX
 625:Middlewares/Third_Party/LwIP/src/api/api_lib.c ****   if (conn->flags & NETCONN_FLAG_MBOXINVALID) {
 626:Middlewares/Third_Party/LwIP/src/api/api_lib.c ****     if (lwip_netconn_is_deallocated_msg(buf)) {
 627:Middlewares/Third_Party/LwIP/src/api/api_lib.c ****       /* the netconn has been closed from another thread */
 628:Middlewares/Third_Party/LwIP/src/api/api_lib.c ****       API_MSG_VAR_FREE_ACCEPT(msg);
 629:Middlewares/Third_Party/LwIP/src/api/api_lib.c ****       return ERR_CONN;
 630:Middlewares/Third_Party/LwIP/src/api/api_lib.c ****     }
 631:Middlewares/Third_Party/LwIP/src/api/api_lib.c ****   }
 632:Middlewares/Third_Party/LwIP/src/api/api_lib.c **** #endif
 633:Middlewares/Third_Party/LwIP/src/api/api_lib.c **** 
 634:Middlewares/Third_Party/LwIP/src/api/api_lib.c **** #if LWIP_TCP
 635:Middlewares/Third_Party/LwIP/src/api/api_lib.c **** #if (LWIP_UDP || LWIP_RAW)
 636:Middlewares/Third_Party/LwIP/src/api/api_lib.c ****   if (NETCONNTYPE_GROUP(conn->type) == NETCONN_TCP)
 637:Middlewares/Third_Party/LwIP/src/api/api_lib.c **** #endif /* (LWIP_UDP || LWIP_RAW) */
 638:Middlewares/Third_Party/LwIP/src/api/api_lib.c ****   {
 639:Middlewares/Third_Party/LwIP/src/api/api_lib.c ****     err_t err;
 640:Middlewares/Third_Party/LwIP/src/api/api_lib.c ****     /* Check if this is an error message or a pbuf */
 641:Middlewares/Third_Party/LwIP/src/api/api_lib.c ****     if (lwip_netconn_is_err_msg(buf, &err)) {
 642:Middlewares/Third_Party/LwIP/src/api/api_lib.c ****       /* new_buf has been zeroed above already */
 643:Middlewares/Third_Party/LwIP/src/api/api_lib.c ****       if (err == ERR_CLSD) {
 644:Middlewares/Third_Party/LwIP/src/api/api_lib.c ****         /* connection closed translates to ERR_OK with *new_buf == NULL */
 645:Middlewares/Third_Party/LwIP/src/api/api_lib.c ****         return ERR_OK;
 646:Middlewares/Third_Party/LwIP/src/api/api_lib.c ****       }
 647:Middlewares/Third_Party/LwIP/src/api/api_lib.c ****       return err;
 648:Middlewares/Third_Party/LwIP/src/api/api_lib.c ****     }
 649:Middlewares/Third_Party/LwIP/src/api/api_lib.c ****     len = ((struct pbuf *)buf)->tot_len;
ARM GAS  /tmp/ccPDpVkS.s 			page 14


 650:Middlewares/Third_Party/LwIP/src/api/api_lib.c ****   }
 651:Middlewares/Third_Party/LwIP/src/api/api_lib.c **** #endif /* LWIP_TCP */
 652:Middlewares/Third_Party/LwIP/src/api/api_lib.c **** #if LWIP_TCP && (LWIP_UDP || LWIP_RAW)
 653:Middlewares/Third_Party/LwIP/src/api/api_lib.c ****   else
 654:Middlewares/Third_Party/LwIP/src/api/api_lib.c **** #endif /* LWIP_TCP && (LWIP_UDP || LWIP_RAW) */
 655:Middlewares/Third_Party/LwIP/src/api/api_lib.c **** #if (LWIP_UDP || LWIP_RAW)
 656:Middlewares/Third_Party/LwIP/src/api/api_lib.c ****   {
 657:Middlewares/Third_Party/LwIP/src/api/api_lib.c ****     LWIP_ASSERT("buf != NULL", buf != NULL);
 658:Middlewares/Third_Party/LwIP/src/api/api_lib.c ****     len = netbuf_len((struct netbuf *)buf);
 659:Middlewares/Third_Party/LwIP/src/api/api_lib.c ****   }
 660:Middlewares/Third_Party/LwIP/src/api/api_lib.c **** #endif /* (LWIP_UDP || LWIP_RAW) */
 661:Middlewares/Third_Party/LwIP/src/api/api_lib.c **** 
 662:Middlewares/Third_Party/LwIP/src/api/api_lib.c **** #if LWIP_SO_RCVBUF
 663:Middlewares/Third_Party/LwIP/src/api/api_lib.c ****   SYS_ARCH_DEC(conn->recv_avail, len);
 664:Middlewares/Third_Party/LwIP/src/api/api_lib.c **** #endif /* LWIP_SO_RCVBUF */
 665:Middlewares/Third_Party/LwIP/src/api/api_lib.c ****   /* Register event with callback */
 666:Middlewares/Third_Party/LwIP/src/api/api_lib.c ****   API_EVENT(conn, NETCONN_EVT_RCVMINUS, len);
 667:Middlewares/Third_Party/LwIP/src/api/api_lib.c **** 
 668:Middlewares/Third_Party/LwIP/src/api/api_lib.c ****   LWIP_DEBUGF(API_LIB_DEBUG, ("netconn_recv_data: received %p, len=%"U16_F"\n", buf, len));
 669:Middlewares/Third_Party/LwIP/src/api/api_lib.c **** 
 670:Middlewares/Third_Party/LwIP/src/api/api_lib.c ****   *new_buf = buf;
 671:Middlewares/Third_Party/LwIP/src/api/api_lib.c ****   /* don't set conn->last_err: it's only ERR_OK, anyway */
 672:Middlewares/Third_Party/LwIP/src/api/api_lib.c ****   return ERR_OK;
 673:Middlewares/Third_Party/LwIP/src/api/api_lib.c **** }
 674:Middlewares/Third_Party/LwIP/src/api/api_lib.c **** 
 675:Middlewares/Third_Party/LwIP/src/api/api_lib.c **** #if LWIP_TCP
 676:Middlewares/Third_Party/LwIP/src/api/api_lib.c **** static err_t
 677:Middlewares/Third_Party/LwIP/src/api/api_lib.c **** netconn_tcp_recvd_msg(struct netconn *conn, size_t len, struct api_msg *msg)
 678:Middlewares/Third_Party/LwIP/src/api/api_lib.c **** {
  82              		.loc 1 678 1 is_stmt 1 view -0
  83              		.cfi_startproc
  84              		@ args = 0, pretend = 0, frame = 0
  85              		@ frame_needed = 0, uses_anonymous_args = 0
  86              		.loc 1 678 1 is_stmt 0 view .LVU12
  87 0000 10B5     		push	{r4, lr}
  88              	.LCFI1:
  89              		.cfi_def_cfa_offset 8
  90              		.cfi_offset 4, -8
  91              		.cfi_offset 14, -4
 679:Middlewares/Third_Party/LwIP/src/api/api_lib.c ****   LWIP_ERROR("netconn_recv_tcp_pbuf: invalid conn", (conn != NULL) &&
  92              		.loc 1 679 3 is_stmt 1 view .LVU13
  93              		.loc 1 679 3 view .LVU14
  94 0002 60B1     		cbz	r0, .L6
  95 0004 0C46     		mov	r4, r1
  96 0006 1146     		mov	r1, r2
  97              	.LVL4:
  98              		.loc 1 679 3 is_stmt 0 discriminator 2 view .LVU15
  99 0008 0378     		ldrb	r3, [r0]	@ zero_extendqisi2
 100 000a 03F0F003 		and	r3, r3, #240
 101 000e 102B     		cmp	r3, #16
 102 0010 05D1     		bne	.L6
 103              		.loc 1 679 3 is_stmt 1 discriminator 4 view .LVU16
 104              		.loc 1 679 3 discriminator 4 view .LVU17
 680:Middlewares/Third_Party/LwIP/src/api/api_lib.c ****              NETCONNTYPE_GROUP(netconn_type(conn)) == NETCONN_TCP, return ERR_ARG;);
 681:Middlewares/Third_Party/LwIP/src/api/api_lib.c **** 
 682:Middlewares/Third_Party/LwIP/src/api/api_lib.c ****   msg->conn = conn;
 105              		.loc 1 682 3 discriminator 4 view .LVU18
ARM GAS  /tmp/ccPDpVkS.s 			page 15


 106              		.loc 1 682 13 is_stmt 0 discriminator 4 view .LVU19
 107 0012 1060     		str	r0, [r2]
 683:Middlewares/Third_Party/LwIP/src/api/api_lib.c ****   msg->msg.r.len = len;
 108              		.loc 1 683 3 is_stmt 1 discriminator 4 view .LVU20
 109              		.loc 1 683 18 is_stmt 0 discriminator 4 view .LVU21
 110 0014 9460     		str	r4, [r2, #8]
 684:Middlewares/Third_Party/LwIP/src/api/api_lib.c **** 
 685:Middlewares/Third_Party/LwIP/src/api/api_lib.c ****   return netconn_apimsg(lwip_netconn_do_recv, msg);
 111              		.loc 1 685 3 is_stmt 1 discriminator 4 view .LVU22
 112              		.loc 1 685 10 is_stmt 0 discriminator 4 view .LVU23
 113 0016 0748     		ldr	r0, .L10
 114              	.LVL5:
 115              		.loc 1 685 10 discriminator 4 view .LVU24
 116 0018 FFF7FEFF 		bl	netconn_apimsg
 117              	.LVL6:
 118              	.L8:
 686:Middlewares/Third_Party/LwIP/src/api/api_lib.c **** }
 119              		.loc 1 686 1 view .LVU25
 120 001c 10BD     		pop	{r4, pc}
 121              	.LVL7:
 122              	.L6:
 679:Middlewares/Third_Party/LwIP/src/api/api_lib.c ****              NETCONNTYPE_GROUP(netconn_type(conn)) == NETCONN_TCP, return ERR_ARG;);
 123              		.loc 1 679 3 is_stmt 1 discriminator 3 view .LVU26
 679:Middlewares/Third_Party/LwIP/src/api/api_lib.c ****              NETCONNTYPE_GROUP(netconn_type(conn)) == NETCONN_TCP, return ERR_ARG;);
 124              		.loc 1 679 3 discriminator 3 view .LVU27
 125 001e 064B     		ldr	r3, .L10+4
 126 0020 40F2A722 		movw	r2, #679
 127              	.LVL8:
 679:Middlewares/Third_Party/LwIP/src/api/api_lib.c ****              NETCONNTYPE_GROUP(netconn_type(conn)) == NETCONN_TCP, return ERR_ARG;);
 128              		.loc 1 679 3 is_stmt 0 discriminator 3 view .LVU28
 129 0024 0549     		ldr	r1, .L10+8
 130 0026 0648     		ldr	r0, .L10+12
 131              	.LVL9:
 679:Middlewares/Third_Party/LwIP/src/api/api_lib.c ****              NETCONNTYPE_GROUP(netconn_type(conn)) == NETCONN_TCP, return ERR_ARG;);
 132              		.loc 1 679 3 discriminator 3 view .LVU29
 133 0028 FFF7FEFF 		bl	printf
 134              	.LVL10:
 679:Middlewares/Third_Party/LwIP/src/api/api_lib.c ****              NETCONNTYPE_GROUP(netconn_type(conn)) == NETCONN_TCP, return ERR_ARG;);
 135              		.loc 1 679 3 is_stmt 1 discriminator 3 view .LVU30
 679:Middlewares/Third_Party/LwIP/src/api/api_lib.c ****              NETCONNTYPE_GROUP(netconn_type(conn)) == NETCONN_TCP, return ERR_ARG;);
 136              		.loc 1 679 3 discriminator 3 view .LVU31
 137 002c 6FF00F00 		mvn	r0, #15
 138 0030 F4E7     		b	.L8
 139              	.L11:
 140 0032 00BF     		.align	2
 141              	.L10:
 142 0034 00000000 		.word	lwip_netconn_do_recv
 143 0038 00000000 		.word	.LC0
 144 003c 30000000 		.word	.LC1
 145 0040 54000000 		.word	.LC2
 146              		.cfi_endproc
 147              	.LFE185:
 149              		.section	.rodata.netconn_close_shutdown.str1.4,"aMS",%progbits,1
 150              		.align	2
 151              	.LC3:
 152 0000 6E657463 		.ascii	"netconn_close: invalid conn\000"
 152      6F6E6E5F 
ARM GAS  /tmp/ccPDpVkS.s 			page 16


 152      636C6F73 
 152      653A2069 
 152      6E76616C 
 153              		.section	.text.netconn_close_shutdown,"ax",%progbits
 154              		.align	1
 155              		.syntax unified
 156              		.thumb
 157              		.thumb_func
 158              		.fpu fpv5-d16
 160              	netconn_close_shutdown:
 161              	.LVL11:
 162              	.LFB197:
 687:Middlewares/Third_Party/LwIP/src/api/api_lib.c **** 
 688:Middlewares/Third_Party/LwIP/src/api/api_lib.c **** err_t
 689:Middlewares/Third_Party/LwIP/src/api/api_lib.c **** netconn_tcp_recvd(struct netconn *conn, size_t len)
 690:Middlewares/Third_Party/LwIP/src/api/api_lib.c **** {
 691:Middlewares/Third_Party/LwIP/src/api/api_lib.c ****   err_t err;
 692:Middlewares/Third_Party/LwIP/src/api/api_lib.c ****   API_MSG_VAR_DECLARE(msg);
 693:Middlewares/Third_Party/LwIP/src/api/api_lib.c ****   LWIP_ERROR("netconn_recv_tcp_pbuf: invalid conn", (conn != NULL) &&
 694:Middlewares/Third_Party/LwIP/src/api/api_lib.c ****              NETCONNTYPE_GROUP(netconn_type(conn)) == NETCONN_TCP, return ERR_ARG;);
 695:Middlewares/Third_Party/LwIP/src/api/api_lib.c **** 
 696:Middlewares/Third_Party/LwIP/src/api/api_lib.c ****   API_MSG_VAR_ALLOC(msg);
 697:Middlewares/Third_Party/LwIP/src/api/api_lib.c ****   err = netconn_tcp_recvd_msg(conn, len, &API_VAR_REF(msg));
 698:Middlewares/Third_Party/LwIP/src/api/api_lib.c ****   API_MSG_VAR_FREE(msg);
 699:Middlewares/Third_Party/LwIP/src/api/api_lib.c ****   return err;
 700:Middlewares/Third_Party/LwIP/src/api/api_lib.c **** }
 701:Middlewares/Third_Party/LwIP/src/api/api_lib.c **** 
 702:Middlewares/Third_Party/LwIP/src/api/api_lib.c **** static err_t
 703:Middlewares/Third_Party/LwIP/src/api/api_lib.c **** netconn_recv_data_tcp(struct netconn *conn, struct pbuf **new_buf, u8_t apiflags)
 704:Middlewares/Third_Party/LwIP/src/api/api_lib.c **** {
 705:Middlewares/Third_Party/LwIP/src/api/api_lib.c ****   err_t err;
 706:Middlewares/Third_Party/LwIP/src/api/api_lib.c ****   struct pbuf *buf;
 707:Middlewares/Third_Party/LwIP/src/api/api_lib.c ****   API_MSG_VAR_DECLARE(msg);
 708:Middlewares/Third_Party/LwIP/src/api/api_lib.c **** #if LWIP_MPU_COMPATIBLE
 709:Middlewares/Third_Party/LwIP/src/api/api_lib.c ****   msg = NULL;
 710:Middlewares/Third_Party/LwIP/src/api/api_lib.c **** #endif
 711:Middlewares/Third_Party/LwIP/src/api/api_lib.c **** 
 712:Middlewares/Third_Party/LwIP/src/api/api_lib.c ****   if (!NETCONN_RECVMBOX_WAITABLE(conn)) {
 713:Middlewares/Third_Party/LwIP/src/api/api_lib.c ****     /* This only happens when calling this function more than once *after* receiving FIN */
 714:Middlewares/Third_Party/LwIP/src/api/api_lib.c ****     return ERR_CONN;
 715:Middlewares/Third_Party/LwIP/src/api/api_lib.c ****   }
 716:Middlewares/Third_Party/LwIP/src/api/api_lib.c ****   if (netconn_is_flag_set(conn, NETCONN_FIN_RX_PENDING)) {
 717:Middlewares/Third_Party/LwIP/src/api/api_lib.c ****     netconn_clear_flags(conn, NETCONN_FIN_RX_PENDING);
 718:Middlewares/Third_Party/LwIP/src/api/api_lib.c ****     goto handle_fin;
 719:Middlewares/Third_Party/LwIP/src/api/api_lib.c ****   }
 720:Middlewares/Third_Party/LwIP/src/api/api_lib.c **** 
 721:Middlewares/Third_Party/LwIP/src/api/api_lib.c ****   if (!(apiflags & NETCONN_NOAUTORCVD)) {
 722:Middlewares/Third_Party/LwIP/src/api/api_lib.c ****     /* need to allocate API message here so empty message pool does not result in event loss
 723:Middlewares/Third_Party/LwIP/src/api/api_lib.c ****       * see bug #47512: MPU_COMPATIBLE may fail on empty pool */
 724:Middlewares/Third_Party/LwIP/src/api/api_lib.c ****     API_MSG_VAR_ALLOC(msg);
 725:Middlewares/Third_Party/LwIP/src/api/api_lib.c ****   }
 726:Middlewares/Third_Party/LwIP/src/api/api_lib.c **** 
 727:Middlewares/Third_Party/LwIP/src/api/api_lib.c ****   err = netconn_recv_data(conn, (void **)new_buf, apiflags);
 728:Middlewares/Third_Party/LwIP/src/api/api_lib.c ****   if (err != ERR_OK) {
 729:Middlewares/Third_Party/LwIP/src/api/api_lib.c ****     if (!(apiflags & NETCONN_NOAUTORCVD)) {
 730:Middlewares/Third_Party/LwIP/src/api/api_lib.c ****       API_MSG_VAR_FREE(msg);
 731:Middlewares/Third_Party/LwIP/src/api/api_lib.c ****     }
ARM GAS  /tmp/ccPDpVkS.s 			page 17


 732:Middlewares/Third_Party/LwIP/src/api/api_lib.c ****     return err;
 733:Middlewares/Third_Party/LwIP/src/api/api_lib.c ****   }
 734:Middlewares/Third_Party/LwIP/src/api/api_lib.c ****   buf = *new_buf;
 735:Middlewares/Third_Party/LwIP/src/api/api_lib.c ****   if (!(apiflags & NETCONN_NOAUTORCVD)) {
 736:Middlewares/Third_Party/LwIP/src/api/api_lib.c ****     /* Let the stack know that we have taken the data. */
 737:Middlewares/Third_Party/LwIP/src/api/api_lib.c ****     u16_t len = buf ? buf->tot_len : 1;
 738:Middlewares/Third_Party/LwIP/src/api/api_lib.c ****     /* don't care for the return value of lwip_netconn_do_recv */
 739:Middlewares/Third_Party/LwIP/src/api/api_lib.c ****     /* @todo: this should really be fixed, e.g. by retrying in poll on error */
 740:Middlewares/Third_Party/LwIP/src/api/api_lib.c ****     netconn_tcp_recvd_msg(conn, len,  &API_VAR_REF(msg));
 741:Middlewares/Third_Party/LwIP/src/api/api_lib.c ****     API_MSG_VAR_FREE(msg);
 742:Middlewares/Third_Party/LwIP/src/api/api_lib.c ****   }
 743:Middlewares/Third_Party/LwIP/src/api/api_lib.c **** 
 744:Middlewares/Third_Party/LwIP/src/api/api_lib.c ****   /* If we are closed, we indicate that we no longer wish to use the socket */
 745:Middlewares/Third_Party/LwIP/src/api/api_lib.c ****   if (buf == NULL) {
 746:Middlewares/Third_Party/LwIP/src/api/api_lib.c ****     if (apiflags & NETCONN_NOFIN) {
 747:Middlewares/Third_Party/LwIP/src/api/api_lib.c ****       /* received a FIN but the caller cannot handle it right now:
 748:Middlewares/Third_Party/LwIP/src/api/api_lib.c ****          re-enqueue it and return "no data" */
 749:Middlewares/Third_Party/LwIP/src/api/api_lib.c ****       netconn_set_flags(conn, NETCONN_FIN_RX_PENDING);
 750:Middlewares/Third_Party/LwIP/src/api/api_lib.c ****       return ERR_WOULDBLOCK;
 751:Middlewares/Third_Party/LwIP/src/api/api_lib.c ****     } else {
 752:Middlewares/Third_Party/LwIP/src/api/api_lib.c **** handle_fin:
 753:Middlewares/Third_Party/LwIP/src/api/api_lib.c ****       API_EVENT(conn, NETCONN_EVT_RCVMINUS, 0);
 754:Middlewares/Third_Party/LwIP/src/api/api_lib.c ****       if (conn->pcb.ip == NULL) {
 755:Middlewares/Third_Party/LwIP/src/api/api_lib.c ****         /* race condition: RST during recv */
 756:Middlewares/Third_Party/LwIP/src/api/api_lib.c ****         err = netconn_err(conn);
 757:Middlewares/Third_Party/LwIP/src/api/api_lib.c ****         if (err != ERR_OK) {
 758:Middlewares/Third_Party/LwIP/src/api/api_lib.c ****           return err;
 759:Middlewares/Third_Party/LwIP/src/api/api_lib.c ****         }
 760:Middlewares/Third_Party/LwIP/src/api/api_lib.c ****         return ERR_RST;
 761:Middlewares/Third_Party/LwIP/src/api/api_lib.c ****       }
 762:Middlewares/Third_Party/LwIP/src/api/api_lib.c ****       /* RX side is closed, so deallocate the recvmbox */
 763:Middlewares/Third_Party/LwIP/src/api/api_lib.c ****       netconn_close_shutdown(conn, NETCONN_SHUT_RD);
 764:Middlewares/Third_Party/LwIP/src/api/api_lib.c ****       /* Don' store ERR_CLSD as conn->err since we are only half-closed */
 765:Middlewares/Third_Party/LwIP/src/api/api_lib.c ****       return ERR_CLSD;
 766:Middlewares/Third_Party/LwIP/src/api/api_lib.c ****     }
 767:Middlewares/Third_Party/LwIP/src/api/api_lib.c ****   }
 768:Middlewares/Third_Party/LwIP/src/api/api_lib.c ****   return err;
 769:Middlewares/Third_Party/LwIP/src/api/api_lib.c **** }
 770:Middlewares/Third_Party/LwIP/src/api/api_lib.c **** 
 771:Middlewares/Third_Party/LwIP/src/api/api_lib.c **** /**
 772:Middlewares/Third_Party/LwIP/src/api/api_lib.c ****  * @ingroup netconn_tcp
 773:Middlewares/Third_Party/LwIP/src/api/api_lib.c ****  * Receive data (in form of a pbuf) from a TCP netconn
 774:Middlewares/Third_Party/LwIP/src/api/api_lib.c ****  *
 775:Middlewares/Third_Party/LwIP/src/api/api_lib.c ****  * @param conn the netconn from which to receive data
 776:Middlewares/Third_Party/LwIP/src/api/api_lib.c ****  * @param new_buf pointer where a new pbuf is stored when received data
 777:Middlewares/Third_Party/LwIP/src/api/api_lib.c ****  * @return ERR_OK if data has been received, an error code otherwise (timeout,
 778:Middlewares/Third_Party/LwIP/src/api/api_lib.c ****  *                memory error or another error, @see netconn_recv_data)
 779:Middlewares/Third_Party/LwIP/src/api/api_lib.c ****  *         ERR_ARG if conn is not a TCP netconn
 780:Middlewares/Third_Party/LwIP/src/api/api_lib.c ****  */
 781:Middlewares/Third_Party/LwIP/src/api/api_lib.c **** err_t
 782:Middlewares/Third_Party/LwIP/src/api/api_lib.c **** netconn_recv_tcp_pbuf(struct netconn *conn, struct pbuf **new_buf)
 783:Middlewares/Third_Party/LwIP/src/api/api_lib.c **** {
 784:Middlewares/Third_Party/LwIP/src/api/api_lib.c ****   LWIP_ERROR("netconn_recv_tcp_pbuf: invalid conn", (conn != NULL) &&
 785:Middlewares/Third_Party/LwIP/src/api/api_lib.c ****              NETCONNTYPE_GROUP(netconn_type(conn)) == NETCONN_TCP, return ERR_ARG;);
 786:Middlewares/Third_Party/LwIP/src/api/api_lib.c **** 
 787:Middlewares/Third_Party/LwIP/src/api/api_lib.c ****   return netconn_recv_data_tcp(conn, new_buf, 0);
 788:Middlewares/Third_Party/LwIP/src/api/api_lib.c **** }
ARM GAS  /tmp/ccPDpVkS.s 			page 18


 789:Middlewares/Third_Party/LwIP/src/api/api_lib.c **** 
 790:Middlewares/Third_Party/LwIP/src/api/api_lib.c **** /**
 791:Middlewares/Third_Party/LwIP/src/api/api_lib.c ****  * @ingroup netconn_tcp
 792:Middlewares/Third_Party/LwIP/src/api/api_lib.c ****  * Receive data (in form of a pbuf) from a TCP netconn
 793:Middlewares/Third_Party/LwIP/src/api/api_lib.c ****  *
 794:Middlewares/Third_Party/LwIP/src/api/api_lib.c ****  * @param conn the netconn from which to receive data
 795:Middlewares/Third_Party/LwIP/src/api/api_lib.c ****  * @param new_buf pointer where a new pbuf is stored when received data
 796:Middlewares/Third_Party/LwIP/src/api/api_lib.c ****  * @param apiflags flags that control function behaviour. For now only:
 797:Middlewares/Third_Party/LwIP/src/api/api_lib.c ****  * - NETCONN_DONTBLOCK: only read data that is available now, don't wait for more data
 798:Middlewares/Third_Party/LwIP/src/api/api_lib.c ****  * @return ERR_OK if data has been received, an error code otherwise (timeout,
 799:Middlewares/Third_Party/LwIP/src/api/api_lib.c ****  *                memory error or another error, @see netconn_recv_data)
 800:Middlewares/Third_Party/LwIP/src/api/api_lib.c ****  *         ERR_ARG if conn is not a TCP netconn
 801:Middlewares/Third_Party/LwIP/src/api/api_lib.c ****  */
 802:Middlewares/Third_Party/LwIP/src/api/api_lib.c **** err_t
 803:Middlewares/Third_Party/LwIP/src/api/api_lib.c **** netconn_recv_tcp_pbuf_flags(struct netconn *conn, struct pbuf **new_buf, u8_t apiflags)
 804:Middlewares/Third_Party/LwIP/src/api/api_lib.c **** {
 805:Middlewares/Third_Party/LwIP/src/api/api_lib.c ****   LWIP_ERROR("netconn_recv_tcp_pbuf: invalid conn", (conn != NULL) &&
 806:Middlewares/Third_Party/LwIP/src/api/api_lib.c ****              NETCONNTYPE_GROUP(netconn_type(conn)) == NETCONN_TCP, return ERR_ARG;);
 807:Middlewares/Third_Party/LwIP/src/api/api_lib.c **** 
 808:Middlewares/Third_Party/LwIP/src/api/api_lib.c ****   return netconn_recv_data_tcp(conn, new_buf, apiflags);
 809:Middlewares/Third_Party/LwIP/src/api/api_lib.c **** }
 810:Middlewares/Third_Party/LwIP/src/api/api_lib.c **** #endif /* LWIP_TCP */
 811:Middlewares/Third_Party/LwIP/src/api/api_lib.c **** 
 812:Middlewares/Third_Party/LwIP/src/api/api_lib.c **** /**
 813:Middlewares/Third_Party/LwIP/src/api/api_lib.c ****  * Receive data (in form of a netbuf) from a UDP or RAW netconn
 814:Middlewares/Third_Party/LwIP/src/api/api_lib.c ****  *
 815:Middlewares/Third_Party/LwIP/src/api/api_lib.c ****  * @param conn the netconn from which to receive data
 816:Middlewares/Third_Party/LwIP/src/api/api_lib.c ****  * @param new_buf pointer where a new netbuf is stored when received data
 817:Middlewares/Third_Party/LwIP/src/api/api_lib.c ****  * @return ERR_OK if data has been received, an error code otherwise (timeout,
 818:Middlewares/Third_Party/LwIP/src/api/api_lib.c ****  *                memory error or another error)
 819:Middlewares/Third_Party/LwIP/src/api/api_lib.c ****  *         ERR_ARG if conn is not a UDP/RAW netconn
 820:Middlewares/Third_Party/LwIP/src/api/api_lib.c ****  */
 821:Middlewares/Third_Party/LwIP/src/api/api_lib.c **** err_t
 822:Middlewares/Third_Party/LwIP/src/api/api_lib.c **** netconn_recv_udp_raw_netbuf(struct netconn *conn, struct netbuf **new_buf)
 823:Middlewares/Third_Party/LwIP/src/api/api_lib.c **** {
 824:Middlewares/Third_Party/LwIP/src/api/api_lib.c ****   LWIP_ERROR("netconn_recv_udp_raw_netbuf: invalid conn", (conn != NULL) &&
 825:Middlewares/Third_Party/LwIP/src/api/api_lib.c ****              NETCONNTYPE_GROUP(netconn_type(conn)) != NETCONN_TCP, return ERR_ARG;);
 826:Middlewares/Third_Party/LwIP/src/api/api_lib.c **** 
 827:Middlewares/Third_Party/LwIP/src/api/api_lib.c ****   return netconn_recv_data(conn, (void **)new_buf, 0);
 828:Middlewares/Third_Party/LwIP/src/api/api_lib.c **** }
 829:Middlewares/Third_Party/LwIP/src/api/api_lib.c **** 
 830:Middlewares/Third_Party/LwIP/src/api/api_lib.c **** /**
 831:Middlewares/Third_Party/LwIP/src/api/api_lib.c ****  * Receive data (in form of a netbuf) from a UDP or RAW netconn
 832:Middlewares/Third_Party/LwIP/src/api/api_lib.c ****  *
 833:Middlewares/Third_Party/LwIP/src/api/api_lib.c ****  * @param conn the netconn from which to receive data
 834:Middlewares/Third_Party/LwIP/src/api/api_lib.c ****  * @param new_buf pointer where a new netbuf is stored when received data
 835:Middlewares/Third_Party/LwIP/src/api/api_lib.c ****  * @param apiflags flags that control function behaviour. For now only:
 836:Middlewares/Third_Party/LwIP/src/api/api_lib.c ****  * - NETCONN_DONTBLOCK: only read data that is available now, don't wait for more data
 837:Middlewares/Third_Party/LwIP/src/api/api_lib.c ****  * @return ERR_OK if data has been received, an error code otherwise (timeout,
 838:Middlewares/Third_Party/LwIP/src/api/api_lib.c ****  *                memory error or another error)
 839:Middlewares/Third_Party/LwIP/src/api/api_lib.c ****  *         ERR_ARG if conn is not a UDP/RAW netconn
 840:Middlewares/Third_Party/LwIP/src/api/api_lib.c ****  */
 841:Middlewares/Third_Party/LwIP/src/api/api_lib.c **** err_t
 842:Middlewares/Third_Party/LwIP/src/api/api_lib.c **** netconn_recv_udp_raw_netbuf_flags(struct netconn *conn, struct netbuf **new_buf, u8_t apiflags)
 843:Middlewares/Third_Party/LwIP/src/api/api_lib.c **** {
 844:Middlewares/Third_Party/LwIP/src/api/api_lib.c ****   LWIP_ERROR("netconn_recv_udp_raw_netbuf: invalid conn", (conn != NULL) &&
 845:Middlewares/Third_Party/LwIP/src/api/api_lib.c ****              NETCONNTYPE_GROUP(netconn_type(conn)) != NETCONN_TCP, return ERR_ARG;);
ARM GAS  /tmp/ccPDpVkS.s 			page 19


 846:Middlewares/Third_Party/LwIP/src/api/api_lib.c **** 
 847:Middlewares/Third_Party/LwIP/src/api/api_lib.c ****   return netconn_recv_data(conn, (void **)new_buf, apiflags);
 848:Middlewares/Third_Party/LwIP/src/api/api_lib.c **** }
 849:Middlewares/Third_Party/LwIP/src/api/api_lib.c **** 
 850:Middlewares/Third_Party/LwIP/src/api/api_lib.c **** /**
 851:Middlewares/Third_Party/LwIP/src/api/api_lib.c ****  * @ingroup netconn_common
 852:Middlewares/Third_Party/LwIP/src/api/api_lib.c ****  * Receive data (in form of a netbuf containing a packet buffer) from a netconn
 853:Middlewares/Third_Party/LwIP/src/api/api_lib.c ****  *
 854:Middlewares/Third_Party/LwIP/src/api/api_lib.c ****  * @param conn the netconn from which to receive data
 855:Middlewares/Third_Party/LwIP/src/api/api_lib.c ****  * @param new_buf pointer where a new netbuf is stored when received data
 856:Middlewares/Third_Party/LwIP/src/api/api_lib.c ****  * @return ERR_OK if data has been received, an error code otherwise (timeout,
 857:Middlewares/Third_Party/LwIP/src/api/api_lib.c ****  *                memory error or another error)
 858:Middlewares/Third_Party/LwIP/src/api/api_lib.c ****  */
 859:Middlewares/Third_Party/LwIP/src/api/api_lib.c **** err_t
 860:Middlewares/Third_Party/LwIP/src/api/api_lib.c **** netconn_recv(struct netconn *conn, struct netbuf **new_buf)
 861:Middlewares/Third_Party/LwIP/src/api/api_lib.c **** {
 862:Middlewares/Third_Party/LwIP/src/api/api_lib.c **** #if LWIP_TCP
 863:Middlewares/Third_Party/LwIP/src/api/api_lib.c ****   struct netbuf *buf = NULL;
 864:Middlewares/Third_Party/LwIP/src/api/api_lib.c ****   err_t err;
 865:Middlewares/Third_Party/LwIP/src/api/api_lib.c **** #endif /* LWIP_TCP */
 866:Middlewares/Third_Party/LwIP/src/api/api_lib.c **** 
 867:Middlewares/Third_Party/LwIP/src/api/api_lib.c ****   LWIP_ERROR("netconn_recv: invalid pointer", (new_buf != NULL), return ERR_ARG;);
 868:Middlewares/Third_Party/LwIP/src/api/api_lib.c ****   *new_buf = NULL;
 869:Middlewares/Third_Party/LwIP/src/api/api_lib.c ****   LWIP_ERROR("netconn_recv: invalid conn",    (conn != NULL),    return ERR_ARG;);
 870:Middlewares/Third_Party/LwIP/src/api/api_lib.c **** 
 871:Middlewares/Third_Party/LwIP/src/api/api_lib.c **** #if LWIP_TCP
 872:Middlewares/Third_Party/LwIP/src/api/api_lib.c **** #if (LWIP_UDP || LWIP_RAW)
 873:Middlewares/Third_Party/LwIP/src/api/api_lib.c ****   if (NETCONNTYPE_GROUP(conn->type) == NETCONN_TCP)
 874:Middlewares/Third_Party/LwIP/src/api/api_lib.c **** #endif /* (LWIP_UDP || LWIP_RAW) */
 875:Middlewares/Third_Party/LwIP/src/api/api_lib.c ****   {
 876:Middlewares/Third_Party/LwIP/src/api/api_lib.c ****     struct pbuf *p = NULL;
 877:Middlewares/Third_Party/LwIP/src/api/api_lib.c ****     /* This is not a listening netconn, since recvmbox is set */
 878:Middlewares/Third_Party/LwIP/src/api/api_lib.c **** 
 879:Middlewares/Third_Party/LwIP/src/api/api_lib.c ****     buf = (struct netbuf *)memp_malloc(MEMP_NETBUF);
 880:Middlewares/Third_Party/LwIP/src/api/api_lib.c ****     if (buf == NULL) {
 881:Middlewares/Third_Party/LwIP/src/api/api_lib.c ****       return ERR_MEM;
 882:Middlewares/Third_Party/LwIP/src/api/api_lib.c ****     }
 883:Middlewares/Third_Party/LwIP/src/api/api_lib.c **** 
 884:Middlewares/Third_Party/LwIP/src/api/api_lib.c ****     err = netconn_recv_data_tcp(conn, &p, 0);
 885:Middlewares/Third_Party/LwIP/src/api/api_lib.c ****     if (err != ERR_OK) {
 886:Middlewares/Third_Party/LwIP/src/api/api_lib.c ****       memp_free(MEMP_NETBUF, buf);
 887:Middlewares/Third_Party/LwIP/src/api/api_lib.c ****       return err;
 888:Middlewares/Third_Party/LwIP/src/api/api_lib.c ****     }
 889:Middlewares/Third_Party/LwIP/src/api/api_lib.c ****     LWIP_ASSERT("p != NULL", p != NULL);
 890:Middlewares/Third_Party/LwIP/src/api/api_lib.c **** 
 891:Middlewares/Third_Party/LwIP/src/api/api_lib.c ****     buf->p = p;
 892:Middlewares/Third_Party/LwIP/src/api/api_lib.c ****     buf->ptr = p;
 893:Middlewares/Third_Party/LwIP/src/api/api_lib.c ****     buf->port = 0;
 894:Middlewares/Third_Party/LwIP/src/api/api_lib.c ****     ip_addr_set_zero(&buf->addr);
 895:Middlewares/Third_Party/LwIP/src/api/api_lib.c ****     *new_buf = buf;
 896:Middlewares/Third_Party/LwIP/src/api/api_lib.c ****     /* don't set conn->last_err: it's only ERR_OK, anyway */
 897:Middlewares/Third_Party/LwIP/src/api/api_lib.c ****     return ERR_OK;
 898:Middlewares/Third_Party/LwIP/src/api/api_lib.c ****   }
 899:Middlewares/Third_Party/LwIP/src/api/api_lib.c **** #endif /* LWIP_TCP */
 900:Middlewares/Third_Party/LwIP/src/api/api_lib.c **** #if LWIP_TCP && (LWIP_UDP || LWIP_RAW)
 901:Middlewares/Third_Party/LwIP/src/api/api_lib.c ****   else
 902:Middlewares/Third_Party/LwIP/src/api/api_lib.c **** #endif /* LWIP_TCP && (LWIP_UDP || LWIP_RAW) */
ARM GAS  /tmp/ccPDpVkS.s 			page 20


 903:Middlewares/Third_Party/LwIP/src/api/api_lib.c ****   {
 904:Middlewares/Third_Party/LwIP/src/api/api_lib.c **** #if (LWIP_UDP || LWIP_RAW)
 905:Middlewares/Third_Party/LwIP/src/api/api_lib.c ****     return netconn_recv_data(conn, (void **)new_buf, 0);
 906:Middlewares/Third_Party/LwIP/src/api/api_lib.c **** #endif /* (LWIP_UDP || LWIP_RAW) */
 907:Middlewares/Third_Party/LwIP/src/api/api_lib.c ****   }
 908:Middlewares/Third_Party/LwIP/src/api/api_lib.c **** }
 909:Middlewares/Third_Party/LwIP/src/api/api_lib.c **** 
 910:Middlewares/Third_Party/LwIP/src/api/api_lib.c **** /**
 911:Middlewares/Third_Party/LwIP/src/api/api_lib.c ****  * @ingroup netconn_udp
 912:Middlewares/Third_Party/LwIP/src/api/api_lib.c ****  * Send data (in form of a netbuf) to a specific remote IP address and port.
 913:Middlewares/Third_Party/LwIP/src/api/api_lib.c ****  * Only to be used for UDP and RAW netconns (not TCP).
 914:Middlewares/Third_Party/LwIP/src/api/api_lib.c ****  *
 915:Middlewares/Third_Party/LwIP/src/api/api_lib.c ****  * @param conn the netconn over which to send data
 916:Middlewares/Third_Party/LwIP/src/api/api_lib.c ****  * @param buf a netbuf containing the data to send
 917:Middlewares/Third_Party/LwIP/src/api/api_lib.c ****  * @param addr the remote IP address to which to send the data
 918:Middlewares/Third_Party/LwIP/src/api/api_lib.c ****  * @param port the remote port to which to send the data
 919:Middlewares/Third_Party/LwIP/src/api/api_lib.c ****  * @return ERR_OK if data was sent, any other err_t on error
 920:Middlewares/Third_Party/LwIP/src/api/api_lib.c ****  */
 921:Middlewares/Third_Party/LwIP/src/api/api_lib.c **** err_t
 922:Middlewares/Third_Party/LwIP/src/api/api_lib.c **** netconn_sendto(struct netconn *conn, struct netbuf *buf, const ip_addr_t *addr, u16_t port)
 923:Middlewares/Third_Party/LwIP/src/api/api_lib.c **** {
 924:Middlewares/Third_Party/LwIP/src/api/api_lib.c ****   if (buf != NULL) {
 925:Middlewares/Third_Party/LwIP/src/api/api_lib.c ****     ip_addr_set(&buf->addr, addr);
 926:Middlewares/Third_Party/LwIP/src/api/api_lib.c ****     buf->port = port;
 927:Middlewares/Third_Party/LwIP/src/api/api_lib.c ****     return netconn_send(conn, buf);
 928:Middlewares/Third_Party/LwIP/src/api/api_lib.c ****   }
 929:Middlewares/Third_Party/LwIP/src/api/api_lib.c ****   return ERR_VAL;
 930:Middlewares/Third_Party/LwIP/src/api/api_lib.c **** }
 931:Middlewares/Third_Party/LwIP/src/api/api_lib.c **** 
 932:Middlewares/Third_Party/LwIP/src/api/api_lib.c **** /**
 933:Middlewares/Third_Party/LwIP/src/api/api_lib.c ****  * @ingroup netconn_udp
 934:Middlewares/Third_Party/LwIP/src/api/api_lib.c ****  * Send data over a UDP or RAW netconn (that is already connected).
 935:Middlewares/Third_Party/LwIP/src/api/api_lib.c ****  *
 936:Middlewares/Third_Party/LwIP/src/api/api_lib.c ****  * @param conn the UDP or RAW netconn over which to send data
 937:Middlewares/Third_Party/LwIP/src/api/api_lib.c ****  * @param buf a netbuf containing the data to send
 938:Middlewares/Third_Party/LwIP/src/api/api_lib.c ****  * @return ERR_OK if data was sent, any other err_t on error
 939:Middlewares/Third_Party/LwIP/src/api/api_lib.c ****  */
 940:Middlewares/Third_Party/LwIP/src/api/api_lib.c **** err_t
 941:Middlewares/Third_Party/LwIP/src/api/api_lib.c **** netconn_send(struct netconn *conn, struct netbuf *buf)
 942:Middlewares/Third_Party/LwIP/src/api/api_lib.c **** {
 943:Middlewares/Third_Party/LwIP/src/api/api_lib.c ****   API_MSG_VAR_DECLARE(msg);
 944:Middlewares/Third_Party/LwIP/src/api/api_lib.c ****   err_t err;
 945:Middlewares/Third_Party/LwIP/src/api/api_lib.c **** 
 946:Middlewares/Third_Party/LwIP/src/api/api_lib.c ****   LWIP_ERROR("netconn_send: invalid conn",  (conn != NULL), return ERR_ARG;);
 947:Middlewares/Third_Party/LwIP/src/api/api_lib.c **** 
 948:Middlewares/Third_Party/LwIP/src/api/api_lib.c ****   LWIP_DEBUGF(API_LIB_DEBUG, ("netconn_send: sending %"U16_F" bytes\n", buf->p->tot_len));
 949:Middlewares/Third_Party/LwIP/src/api/api_lib.c **** 
 950:Middlewares/Third_Party/LwIP/src/api/api_lib.c ****   API_MSG_VAR_ALLOC(msg);
 951:Middlewares/Third_Party/LwIP/src/api/api_lib.c ****   API_MSG_VAR_REF(msg).conn = conn;
 952:Middlewares/Third_Party/LwIP/src/api/api_lib.c ****   API_MSG_VAR_REF(msg).msg.b = buf;
 953:Middlewares/Third_Party/LwIP/src/api/api_lib.c ****   err = netconn_apimsg(lwip_netconn_do_send, &API_MSG_VAR_REF(msg));
 954:Middlewares/Third_Party/LwIP/src/api/api_lib.c ****   API_MSG_VAR_FREE(msg);
 955:Middlewares/Third_Party/LwIP/src/api/api_lib.c **** 
 956:Middlewares/Third_Party/LwIP/src/api/api_lib.c ****   return err;
 957:Middlewares/Third_Party/LwIP/src/api/api_lib.c **** }
 958:Middlewares/Third_Party/LwIP/src/api/api_lib.c **** 
 959:Middlewares/Third_Party/LwIP/src/api/api_lib.c **** /**
ARM GAS  /tmp/ccPDpVkS.s 			page 21


 960:Middlewares/Third_Party/LwIP/src/api/api_lib.c ****  * @ingroup netconn_tcp
 961:Middlewares/Third_Party/LwIP/src/api/api_lib.c ****  * Send data over a TCP netconn.
 962:Middlewares/Third_Party/LwIP/src/api/api_lib.c ****  *
 963:Middlewares/Third_Party/LwIP/src/api/api_lib.c ****  * @param conn the TCP netconn over which to send data
 964:Middlewares/Third_Party/LwIP/src/api/api_lib.c ****  * @param dataptr pointer to the application buffer that contains the data to send
 965:Middlewares/Third_Party/LwIP/src/api/api_lib.c ****  * @param size size of the application data to send
 966:Middlewares/Third_Party/LwIP/src/api/api_lib.c ****  * @param apiflags combination of following flags :
 967:Middlewares/Third_Party/LwIP/src/api/api_lib.c ****  * - NETCONN_COPY: data will be copied into memory belonging to the stack
 968:Middlewares/Third_Party/LwIP/src/api/api_lib.c ****  * - NETCONN_MORE: for TCP connection, PSH flag will be set on last segment sent
 969:Middlewares/Third_Party/LwIP/src/api/api_lib.c ****  * - NETCONN_DONTBLOCK: only write the data if all data can be written at once
 970:Middlewares/Third_Party/LwIP/src/api/api_lib.c ****  * @param bytes_written pointer to a location that receives the number of written bytes
 971:Middlewares/Third_Party/LwIP/src/api/api_lib.c ****  * @return ERR_OK if data was sent, any other err_t on error
 972:Middlewares/Third_Party/LwIP/src/api/api_lib.c ****  */
 973:Middlewares/Third_Party/LwIP/src/api/api_lib.c **** err_t
 974:Middlewares/Third_Party/LwIP/src/api/api_lib.c **** netconn_write_partly(struct netconn *conn, const void *dataptr, size_t size,
 975:Middlewares/Third_Party/LwIP/src/api/api_lib.c ****                      u8_t apiflags, size_t *bytes_written)
 976:Middlewares/Third_Party/LwIP/src/api/api_lib.c **** {
 977:Middlewares/Third_Party/LwIP/src/api/api_lib.c ****   struct netvector vector;
 978:Middlewares/Third_Party/LwIP/src/api/api_lib.c ****   vector.ptr = dataptr;
 979:Middlewares/Third_Party/LwIP/src/api/api_lib.c ****   vector.len = size;
 980:Middlewares/Third_Party/LwIP/src/api/api_lib.c ****   return netconn_write_vectors_partly(conn, &vector, 1, apiflags, bytes_written);
 981:Middlewares/Third_Party/LwIP/src/api/api_lib.c **** }
 982:Middlewares/Third_Party/LwIP/src/api/api_lib.c **** 
 983:Middlewares/Third_Party/LwIP/src/api/api_lib.c **** /**
 984:Middlewares/Third_Party/LwIP/src/api/api_lib.c ****  * Send vectorized data atomically over a TCP netconn.
 985:Middlewares/Third_Party/LwIP/src/api/api_lib.c ****  *
 986:Middlewares/Third_Party/LwIP/src/api/api_lib.c ****  * @param conn the TCP netconn over which to send data
 987:Middlewares/Third_Party/LwIP/src/api/api_lib.c ****  * @param vectors array of vectors containing data to send
 988:Middlewares/Third_Party/LwIP/src/api/api_lib.c ****  * @param vectorcnt number of vectors in the array
 989:Middlewares/Third_Party/LwIP/src/api/api_lib.c ****  * @param apiflags combination of following flags :
 990:Middlewares/Third_Party/LwIP/src/api/api_lib.c ****  * - NETCONN_COPY: data will be copied into memory belonging to the stack
 991:Middlewares/Third_Party/LwIP/src/api/api_lib.c ****  * - NETCONN_MORE: for TCP connection, PSH flag will be set on last segment sent
 992:Middlewares/Third_Party/LwIP/src/api/api_lib.c ****  * - NETCONN_DONTBLOCK: only write the data if all data can be written at once
 993:Middlewares/Third_Party/LwIP/src/api/api_lib.c ****  * @param bytes_written pointer to a location that receives the number of written bytes
 994:Middlewares/Third_Party/LwIP/src/api/api_lib.c ****  * @return ERR_OK if data was sent, any other err_t on error
 995:Middlewares/Third_Party/LwIP/src/api/api_lib.c ****  */
 996:Middlewares/Third_Party/LwIP/src/api/api_lib.c **** err_t
 997:Middlewares/Third_Party/LwIP/src/api/api_lib.c **** netconn_write_vectors_partly(struct netconn *conn, struct netvector *vectors, u16_t vectorcnt,
 998:Middlewares/Third_Party/LwIP/src/api/api_lib.c ****                              u8_t apiflags, size_t *bytes_written)
 999:Middlewares/Third_Party/LwIP/src/api/api_lib.c **** {
1000:Middlewares/Third_Party/LwIP/src/api/api_lib.c ****   API_MSG_VAR_DECLARE(msg);
1001:Middlewares/Third_Party/LwIP/src/api/api_lib.c ****   err_t err;
1002:Middlewares/Third_Party/LwIP/src/api/api_lib.c ****   u8_t dontblock;
1003:Middlewares/Third_Party/LwIP/src/api/api_lib.c ****   size_t size;
1004:Middlewares/Third_Party/LwIP/src/api/api_lib.c ****   int i;
1005:Middlewares/Third_Party/LwIP/src/api/api_lib.c **** 
1006:Middlewares/Third_Party/LwIP/src/api/api_lib.c ****   LWIP_ERROR("netconn_write: invalid conn",  (conn != NULL), return ERR_ARG;);
1007:Middlewares/Third_Party/LwIP/src/api/api_lib.c ****   LWIP_ERROR("netconn_write: invalid conn->type",  (NETCONNTYPE_GROUP(conn->type) == NETCONN_TCP), 
1008:Middlewares/Third_Party/LwIP/src/api/api_lib.c ****   dontblock = netconn_is_nonblocking(conn) || (apiflags & NETCONN_DONTBLOCK);
1009:Middlewares/Third_Party/LwIP/src/api/api_lib.c **** #if LWIP_SO_SNDTIMEO
1010:Middlewares/Third_Party/LwIP/src/api/api_lib.c ****   if (conn->send_timeout != 0) {
1011:Middlewares/Third_Party/LwIP/src/api/api_lib.c ****     dontblock = 1;
1012:Middlewares/Third_Party/LwIP/src/api/api_lib.c ****   }
1013:Middlewares/Third_Party/LwIP/src/api/api_lib.c **** #endif /* LWIP_SO_SNDTIMEO */
1014:Middlewares/Third_Party/LwIP/src/api/api_lib.c ****   if (dontblock && !bytes_written) {
1015:Middlewares/Third_Party/LwIP/src/api/api_lib.c ****     /* This implies netconn_write() cannot be used for non-blocking send, since
1016:Middlewares/Third_Party/LwIP/src/api/api_lib.c ****        it has no way to return the number of bytes written. */
ARM GAS  /tmp/ccPDpVkS.s 			page 22


1017:Middlewares/Third_Party/LwIP/src/api/api_lib.c ****     return ERR_VAL;
1018:Middlewares/Third_Party/LwIP/src/api/api_lib.c ****   }
1019:Middlewares/Third_Party/LwIP/src/api/api_lib.c **** 
1020:Middlewares/Third_Party/LwIP/src/api/api_lib.c ****   /* sum up the total size */
1021:Middlewares/Third_Party/LwIP/src/api/api_lib.c ****   size = 0;
1022:Middlewares/Third_Party/LwIP/src/api/api_lib.c ****   for (i = 0; i < vectorcnt; i++) {
1023:Middlewares/Third_Party/LwIP/src/api/api_lib.c ****     size += vectors[i].len;
1024:Middlewares/Third_Party/LwIP/src/api/api_lib.c ****     if (size < vectors[i].len) {
1025:Middlewares/Third_Party/LwIP/src/api/api_lib.c ****       /* overflow */
1026:Middlewares/Third_Party/LwIP/src/api/api_lib.c ****       return ERR_VAL;
1027:Middlewares/Third_Party/LwIP/src/api/api_lib.c ****     }
1028:Middlewares/Third_Party/LwIP/src/api/api_lib.c ****   }
1029:Middlewares/Third_Party/LwIP/src/api/api_lib.c ****   if (size == 0) {
1030:Middlewares/Third_Party/LwIP/src/api/api_lib.c ****     return ERR_OK;
1031:Middlewares/Third_Party/LwIP/src/api/api_lib.c ****   } else if (size > SSIZE_MAX) {
1032:Middlewares/Third_Party/LwIP/src/api/api_lib.c ****     ssize_t limited;
1033:Middlewares/Third_Party/LwIP/src/api/api_lib.c ****     /* this is required by the socket layer (cannot send full size_t range) */
1034:Middlewares/Third_Party/LwIP/src/api/api_lib.c ****     if (!bytes_written) {
1035:Middlewares/Third_Party/LwIP/src/api/api_lib.c ****       return ERR_VAL;
1036:Middlewares/Third_Party/LwIP/src/api/api_lib.c ****     }
1037:Middlewares/Third_Party/LwIP/src/api/api_lib.c ****     /* limit the amount of data to send */
1038:Middlewares/Third_Party/LwIP/src/api/api_lib.c ****     limited = SSIZE_MAX;
1039:Middlewares/Third_Party/LwIP/src/api/api_lib.c ****     size = (size_t)limited;
1040:Middlewares/Third_Party/LwIP/src/api/api_lib.c ****   }
1041:Middlewares/Third_Party/LwIP/src/api/api_lib.c **** 
1042:Middlewares/Third_Party/LwIP/src/api/api_lib.c ****   API_MSG_VAR_ALLOC(msg);
1043:Middlewares/Third_Party/LwIP/src/api/api_lib.c ****   /* non-blocking write sends as much  */
1044:Middlewares/Third_Party/LwIP/src/api/api_lib.c ****   API_MSG_VAR_REF(msg).conn = conn;
1045:Middlewares/Third_Party/LwIP/src/api/api_lib.c ****   API_MSG_VAR_REF(msg).msg.w.vector = vectors;
1046:Middlewares/Third_Party/LwIP/src/api/api_lib.c ****   API_MSG_VAR_REF(msg).msg.w.vector_cnt = vectorcnt;
1047:Middlewares/Third_Party/LwIP/src/api/api_lib.c ****   API_MSG_VAR_REF(msg).msg.w.vector_off = 0;
1048:Middlewares/Third_Party/LwIP/src/api/api_lib.c ****   API_MSG_VAR_REF(msg).msg.w.apiflags = apiflags;
1049:Middlewares/Third_Party/LwIP/src/api/api_lib.c ****   API_MSG_VAR_REF(msg).msg.w.len = size;
1050:Middlewares/Third_Party/LwIP/src/api/api_lib.c ****   API_MSG_VAR_REF(msg).msg.w.offset = 0;
1051:Middlewares/Third_Party/LwIP/src/api/api_lib.c **** #if LWIP_SO_SNDTIMEO
1052:Middlewares/Third_Party/LwIP/src/api/api_lib.c ****   if (conn->send_timeout != 0) {
1053:Middlewares/Third_Party/LwIP/src/api/api_lib.c ****     /* get the time we started, which is later compared to
1054:Middlewares/Third_Party/LwIP/src/api/api_lib.c ****         sys_now() + conn->send_timeout */
1055:Middlewares/Third_Party/LwIP/src/api/api_lib.c ****     API_MSG_VAR_REF(msg).msg.w.time_started = sys_now();
1056:Middlewares/Third_Party/LwIP/src/api/api_lib.c ****   } else {
1057:Middlewares/Third_Party/LwIP/src/api/api_lib.c ****     API_MSG_VAR_REF(msg).msg.w.time_started = 0;
1058:Middlewares/Third_Party/LwIP/src/api/api_lib.c ****   }
1059:Middlewares/Third_Party/LwIP/src/api/api_lib.c **** #endif /* LWIP_SO_SNDTIMEO */
1060:Middlewares/Third_Party/LwIP/src/api/api_lib.c **** 
1061:Middlewares/Third_Party/LwIP/src/api/api_lib.c ****   /* For locking the core: this _can_ be delayed on low memory/low send buffer,
1062:Middlewares/Third_Party/LwIP/src/api/api_lib.c ****      but if it is, this is done inside api_msg.c:do_write(), so we can use the
1063:Middlewares/Third_Party/LwIP/src/api/api_lib.c ****      non-blocking version here. */
1064:Middlewares/Third_Party/LwIP/src/api/api_lib.c ****   err = netconn_apimsg(lwip_netconn_do_write, &API_MSG_VAR_REF(msg));
1065:Middlewares/Third_Party/LwIP/src/api/api_lib.c ****   if (err == ERR_OK) {
1066:Middlewares/Third_Party/LwIP/src/api/api_lib.c ****     if (bytes_written != NULL) {
1067:Middlewares/Third_Party/LwIP/src/api/api_lib.c ****       *bytes_written = API_MSG_VAR_REF(msg).msg.w.offset;
1068:Middlewares/Third_Party/LwIP/src/api/api_lib.c ****     }
1069:Middlewares/Third_Party/LwIP/src/api/api_lib.c ****     /* for blocking, check all requested bytes were written, NOTE: send_timeout is
1070:Middlewares/Third_Party/LwIP/src/api/api_lib.c ****        treated as dontblock (see dontblock assignment above) */
1071:Middlewares/Third_Party/LwIP/src/api/api_lib.c ****     if (!dontblock) {
1072:Middlewares/Third_Party/LwIP/src/api/api_lib.c ****       LWIP_ASSERT("do_write failed to write all bytes", API_MSG_VAR_REF(msg).msg.w.offset == size);
1073:Middlewares/Third_Party/LwIP/src/api/api_lib.c ****     }
ARM GAS  /tmp/ccPDpVkS.s 			page 23


1074:Middlewares/Third_Party/LwIP/src/api/api_lib.c ****   }
1075:Middlewares/Third_Party/LwIP/src/api/api_lib.c ****   API_MSG_VAR_FREE(msg);
1076:Middlewares/Third_Party/LwIP/src/api/api_lib.c **** 
1077:Middlewares/Third_Party/LwIP/src/api/api_lib.c ****   return err;
1078:Middlewares/Third_Party/LwIP/src/api/api_lib.c **** }
1079:Middlewares/Third_Party/LwIP/src/api/api_lib.c **** 
1080:Middlewares/Third_Party/LwIP/src/api/api_lib.c **** /**
1081:Middlewares/Third_Party/LwIP/src/api/api_lib.c ****  * @ingroup netconn_tcp
1082:Middlewares/Third_Party/LwIP/src/api/api_lib.c ****  * Close or shutdown a TCP netconn (doesn't delete it).
1083:Middlewares/Third_Party/LwIP/src/api/api_lib.c ****  *
1084:Middlewares/Third_Party/LwIP/src/api/api_lib.c ****  * @param conn the TCP netconn to close or shutdown
1085:Middlewares/Third_Party/LwIP/src/api/api_lib.c ****  * @param how fully close or only shutdown one side?
1086:Middlewares/Third_Party/LwIP/src/api/api_lib.c ****  * @return ERR_OK if the netconn was closed, any other err_t on error
1087:Middlewares/Third_Party/LwIP/src/api/api_lib.c ****  */
1088:Middlewares/Third_Party/LwIP/src/api/api_lib.c **** static err_t
1089:Middlewares/Third_Party/LwIP/src/api/api_lib.c **** netconn_close_shutdown(struct netconn *conn, u8_t how)
1090:Middlewares/Third_Party/LwIP/src/api/api_lib.c **** {
 163              		.loc 1 1090 1 view -0
 164              		.cfi_startproc
 165              		@ args = 0, pretend = 0, frame = 32
 166              		@ frame_needed = 0, uses_anonymous_args = 0
 167              		.loc 1 1090 1 is_stmt 0 view .LVU33
 168 0000 00B5     		push	{lr}
 169              	.LCFI2:
 170              		.cfi_def_cfa_offset 4
 171              		.cfi_offset 14, -4
 172 0002 89B0     		sub	sp, sp, #36
 173              	.LCFI3:
 174              		.cfi_def_cfa_offset 40
1091:Middlewares/Third_Party/LwIP/src/api/api_lib.c ****   API_MSG_VAR_DECLARE(msg);
 175              		.loc 1 1091 3 is_stmt 1 view .LVU34
1092:Middlewares/Third_Party/LwIP/src/api/api_lib.c ****   err_t err;
 176              		.loc 1 1092 3 view .LVU35
1093:Middlewares/Third_Party/LwIP/src/api/api_lib.c ****   LWIP_UNUSED_ARG(how);
 177              		.loc 1 1093 3 view .LVU36
1094:Middlewares/Third_Party/LwIP/src/api/api_lib.c **** 
1095:Middlewares/Third_Party/LwIP/src/api/api_lib.c ****   LWIP_ERROR("netconn_close: invalid conn",  (conn != NULL), return ERR_ARG;);
 178              		.loc 1 1095 3 view .LVU37
 179              		.loc 1 1095 3 view .LVU38
 180 0004 60B1     		cbz	r0, .L16
 181              		.loc 1 1095 3 discriminator 2 view .LVU39
 182              		.loc 1 1095 3 discriminator 2 view .LVU40
1096:Middlewares/Third_Party/LwIP/src/api/api_lib.c **** 
1097:Middlewares/Third_Party/LwIP/src/api/api_lib.c ****   API_MSG_VAR_ALLOC(msg);
 183              		.loc 1 1097 25 discriminator 2 view .LVU41
1098:Middlewares/Third_Party/LwIP/src/api/api_lib.c ****   API_MSG_VAR_REF(msg).conn = conn;
 184              		.loc 1 1098 3 discriminator 2 view .LVU42
 185              		.loc 1 1098 29 is_stmt 0 discriminator 2 view .LVU43
 186 0006 0090     		str	r0, [sp]
1099:Middlewares/Third_Party/LwIP/src/api/api_lib.c **** #if LWIP_TCP
1100:Middlewares/Third_Party/LwIP/src/api/api_lib.c ****   /* shutting down both ends is the same as closing */
1101:Middlewares/Third_Party/LwIP/src/api/api_lib.c ****   API_MSG_VAR_REF(msg).msg.sd.shut = how;
 187              		.loc 1 1101 3 is_stmt 1 discriminator 2 view .LVU44
 188              		.loc 1 1101 36 is_stmt 0 discriminator 2 view .LVU45
 189 0008 8DF80810 		strb	r1, [sp, #8]
1102:Middlewares/Third_Party/LwIP/src/api/api_lib.c **** #if LWIP_SO_SNDTIMEO || LWIP_SO_LINGER
1103:Middlewares/Third_Party/LwIP/src/api/api_lib.c ****   /* get the time we started, which is later compared to
ARM GAS  /tmp/ccPDpVkS.s 			page 24


1104:Middlewares/Third_Party/LwIP/src/api/api_lib.c ****      sys_now() + conn->send_timeout */
1105:Middlewares/Third_Party/LwIP/src/api/api_lib.c ****   API_MSG_VAR_REF(msg).msg.sd.time_started = sys_now();
1106:Middlewares/Third_Party/LwIP/src/api/api_lib.c **** #else /* LWIP_SO_SNDTIMEO || LWIP_SO_LINGER */
1107:Middlewares/Third_Party/LwIP/src/api/api_lib.c ****   API_MSG_VAR_REF(msg).msg.sd.polls_left =
 190              		.loc 1 1107 3 is_stmt 1 discriminator 2 view .LVU46
 191              		.loc 1 1107 42 is_stmt 0 discriminator 2 view .LVU47
 192 000c 2923     		movs	r3, #41
 193 000e 8DF80930 		strb	r3, [sp, #9]
1108:Middlewares/Third_Party/LwIP/src/api/api_lib.c ****     ((LWIP_TCP_CLOSE_TIMEOUT_MS_DEFAULT + TCP_SLOW_INTERVAL - 1) / TCP_SLOW_INTERVAL) + 1;
1109:Middlewares/Third_Party/LwIP/src/api/api_lib.c **** #endif /* LWIP_SO_SNDTIMEO || LWIP_SO_LINGER */
1110:Middlewares/Third_Party/LwIP/src/api/api_lib.c **** #endif /* LWIP_TCP */
1111:Middlewares/Third_Party/LwIP/src/api/api_lib.c ****   err = netconn_apimsg(lwip_netconn_do_close, &API_MSG_VAR_REF(msg));
 194              		.loc 1 1111 3 is_stmt 1 discriminator 2 view .LVU48
 195              		.loc 1 1111 9 is_stmt 0 discriminator 2 view .LVU49
 196 0012 6946     		mov	r1, sp
 197              	.LVL12:
 198              		.loc 1 1111 9 discriminator 2 view .LVU50
 199 0014 0748     		ldr	r0, .L17
 200              	.LVL13:
 201              		.loc 1 1111 9 discriminator 2 view .LVU51
 202 0016 FFF7FEFF 		bl	netconn_apimsg
 203              	.LVL14:
1112:Middlewares/Third_Party/LwIP/src/api/api_lib.c ****   API_MSG_VAR_FREE(msg);
 204              		.loc 1 1112 24 is_stmt 1 discriminator 2 view .LVU52
1113:Middlewares/Third_Party/LwIP/src/api/api_lib.c **** 
1114:Middlewares/Third_Party/LwIP/src/api/api_lib.c ****   return err;
 205              		.loc 1 1114 3 discriminator 2 view .LVU53
 206              	.L14:
1115:Middlewares/Third_Party/LwIP/src/api/api_lib.c **** }
 207              		.loc 1 1115 1 is_stmt 0 view .LVU54
 208 001a 09B0     		add	sp, sp, #36
 209              	.LCFI4:
 210              		.cfi_remember_state
 211              		.cfi_def_cfa_offset 4
 212              		@ sp needed
 213 001c 5DF804FB 		ldr	pc, [sp], #4
 214              	.LVL15:
 215              	.L16:
 216              	.LCFI5:
 217              		.cfi_restore_state
1095:Middlewares/Third_Party/LwIP/src/api/api_lib.c **** 
 218              		.loc 1 1095 3 is_stmt 1 discriminator 1 view .LVU55
1095:Middlewares/Third_Party/LwIP/src/api/api_lib.c **** 
 219              		.loc 1 1095 3 discriminator 1 view .LVU56
 220 0020 054B     		ldr	r3, .L17+4
 221 0022 40F24742 		movw	r2, #1095
 222 0026 0549     		ldr	r1, .L17+8
 223              	.LVL16:
1095:Middlewares/Third_Party/LwIP/src/api/api_lib.c **** 
 224              		.loc 1 1095 3 is_stmt 0 discriminator 1 view .LVU57
 225 0028 0548     		ldr	r0, .L17+12
 226              	.LVL17:
1095:Middlewares/Third_Party/LwIP/src/api/api_lib.c **** 
 227              		.loc 1 1095 3 discriminator 1 view .LVU58
 228 002a FFF7FEFF 		bl	printf
 229              	.LVL18:
1095:Middlewares/Third_Party/LwIP/src/api/api_lib.c **** 
ARM GAS  /tmp/ccPDpVkS.s 			page 25


 230              		.loc 1 1095 3 is_stmt 1 discriminator 1 view .LVU59
1095:Middlewares/Third_Party/LwIP/src/api/api_lib.c **** 
 231              		.loc 1 1095 3 discriminator 1 view .LVU60
 232 002e 6FF00F00 		mvn	r0, #15
 233 0032 F2E7     		b	.L14
 234              	.L18:
 235              		.align	2
 236              	.L17:
 237 0034 00000000 		.word	lwip_netconn_do_close
 238 0038 00000000 		.word	.LC0
 239 003c 00000000 		.word	.LC3
 240 0040 54000000 		.word	.LC2
 241              		.cfi_endproc
 242              	.LFE197:
 244              		.section	.rodata.netconn_new_with_proto_and_callback.str1.4,"aMS",%progbits,1
 245              		.align	2
 246              	.LC4:
 247 0000 66726565 		.ascii	"freeing conn without freeing pcb\000"
 247      696E6720 
 247      636F6E6E 
 247      20776974 
 247      686F7574 
 248 0021 000000   		.align	2
 249              	.LC5:
 250 0024 636F6E6E 		.ascii	"conn has no recvmbox\000"
 250      20686173 
 250      206E6F20 
 250      72656376 
 250      6D626F78 
 251 0039 000000   		.align	2
 252              	.LC6:
 253 003c 636F6E6E 		.ascii	"conn->acceptmbox shouldn't exist\000"
 253      2D3E6163 
 253      63657074 
 253      6D626F78 
 253      2073686F 
 254 005d 000000   		.align	2
 255              	.LC7:
 256 0060 636F6E6E 		.ascii	"conn has no op_completed\000"
 256      20686173 
 256      206E6F20 
 256      6F705F63 
 256      6F6D706C 
 257              		.section	.text.netconn_new_with_proto_and_callback,"ax",%progbits
 258              		.align	1
 259              		.global	netconn_new_with_proto_and_callback
 260              		.syntax unified
 261              		.thumb
 262              		.thumb_func
 263              		.fpu fpv5-d16
 265              	netconn_new_with_proto_and_callback:
 266              	.LVL19:
 267              	.LFB174:
 150:Middlewares/Third_Party/LwIP/src/api/api_lib.c ****   struct netconn *conn;
 268              		.loc 1 150 1 view -0
 269              		.cfi_startproc
 270              		@ args = 0, pretend = 0, frame = 32
ARM GAS  /tmp/ccPDpVkS.s 			page 26


 271              		@ frame_needed = 0, uses_anonymous_args = 0
 150:Middlewares/Third_Party/LwIP/src/api/api_lib.c ****   struct netconn *conn;
 272              		.loc 1 150 1 is_stmt 0 view .LVU62
 273 0000 70B5     		push	{r4, r5, r6, lr}
 274              	.LCFI6:
 275              		.cfi_def_cfa_offset 16
 276              		.cfi_offset 4, -16
 277              		.cfi_offset 5, -12
 278              		.cfi_offset 6, -8
 279              		.cfi_offset 14, -4
 280 0002 88B0     		sub	sp, sp, #32
 281              	.LCFI7:
 282              		.cfi_def_cfa_offset 48
 283 0004 0C46     		mov	r4, r1
 151:Middlewares/Third_Party/LwIP/src/api/api_lib.c ****   API_MSG_VAR_DECLARE(msg);
 284              		.loc 1 151 3 is_stmt 1 view .LVU63
 152:Middlewares/Third_Party/LwIP/src/api/api_lib.c ****   API_MSG_VAR_ALLOC_RETURN_NULL(msg);
 285              		.loc 1 152 3 view .LVU64
 153:Middlewares/Third_Party/LwIP/src/api/api_lib.c **** 
 286              		.loc 1 153 37 view .LVU65
 155:Middlewares/Third_Party/LwIP/src/api/api_lib.c ****   if (conn != NULL) {
 287              		.loc 1 155 3 view .LVU66
 155:Middlewares/Third_Party/LwIP/src/api/api_lib.c ****   if (conn != NULL) {
 288              		.loc 1 155 10 is_stmt 0 view .LVU67
 289 0006 1146     		mov	r1, r2
 290              	.LVL20:
 155:Middlewares/Third_Party/LwIP/src/api/api_lib.c ****   if (conn != NULL) {
 291              		.loc 1 155 10 view .LVU68
 292 0008 FFF7FEFF 		bl	netconn_alloc
 293              	.LVL21:
 156:Middlewares/Third_Party/LwIP/src/api/api_lib.c ****     err_t err;
 294              		.loc 1 156 3 is_stmt 1 view .LVU69
 156:Middlewares/Third_Party/LwIP/src/api/api_lib.c ****     err_t err;
 295              		.loc 1 156 6 is_stmt 0 view .LVU70
 296 000c 0546     		mov	r5, r0
 297 000e 38B1     		cbz	r0, .L19
 298              	.LBB2:
 157:Middlewares/Third_Party/LwIP/src/api/api_lib.c **** 
 299              		.loc 1 157 5 is_stmt 1 view .LVU71
 159:Middlewares/Third_Party/LwIP/src/api/api_lib.c ****     API_MSG_VAR_REF(msg).conn = conn;
 300              		.loc 1 159 5 view .LVU72
 159:Middlewares/Third_Party/LwIP/src/api/api_lib.c ****     API_MSG_VAR_REF(msg).conn = conn;
 301              		.loc 1 159 38 is_stmt 0 view .LVU73
 302 0010 8DF80840 		strb	r4, [sp, #8]
 160:Middlewares/Third_Party/LwIP/src/api/api_lib.c ****     err = netconn_apimsg(lwip_netconn_do_newconn, &API_MSG_VAR_REF(msg));
 303              		.loc 1 160 5 is_stmt 1 view .LVU74
 160:Middlewares/Third_Party/LwIP/src/api/api_lib.c ****     err = netconn_apimsg(lwip_netconn_do_newconn, &API_MSG_VAR_REF(msg));
 304              		.loc 1 160 31 is_stmt 0 view .LVU75
 305 0014 0090     		str	r0, [sp]
 161:Middlewares/Third_Party/LwIP/src/api/api_lib.c ****     if (err != ERR_OK) {
 306              		.loc 1 161 5 is_stmt 1 view .LVU76
 161:Middlewares/Third_Party/LwIP/src/api/api_lib.c ****     if (err != ERR_OK) {
 307              		.loc 1 161 11 is_stmt 0 view .LVU77
 308 0016 6946     		mov	r1, sp
 309 0018 2048     		ldr	r0, .L30
 310              	.LVL22:
 161:Middlewares/Third_Party/LwIP/src/api/api_lib.c ****     if (err != ERR_OK) {
ARM GAS  /tmp/ccPDpVkS.s 			page 27


 311              		.loc 1 161 11 view .LVU78
 312 001a FFF7FEFF 		bl	netconn_apimsg
 313              	.LVL23:
 162:Middlewares/Third_Party/LwIP/src/api/api_lib.c ****       LWIP_ASSERT("freeing conn without freeing pcb", conn->pcb.tcp == NULL);
 314              		.loc 1 162 5 is_stmt 1 view .LVU79
 162:Middlewares/Third_Party/LwIP/src/api/api_lib.c ****       LWIP_ASSERT("freeing conn without freeing pcb", conn->pcb.tcp == NULL);
 315              		.loc 1 162 8 is_stmt 0 view .LVU80
 316 001e 10B9     		cbnz	r0, .L26
 317              	.LVL24:
 318              	.L19:
 162:Middlewares/Third_Party/LwIP/src/api/api_lib.c ****       LWIP_ASSERT("freeing conn without freeing pcb", conn->pcb.tcp == NULL);
 319              		.loc 1 162 8 view .LVU81
 320              	.LBE2:
 180:Middlewares/Third_Party/LwIP/src/api/api_lib.c **** 
 321              		.loc 1 180 1 view .LVU82
 322 0020 2846     		mov	r0, r5
 323 0022 08B0     		add	sp, sp, #32
 324              	.LCFI8:
 325              		.cfi_remember_state
 326              		.cfi_def_cfa_offset 16
 327              		@ sp needed
 328 0024 70BD     		pop	{r4, r5, r6, pc}
 329              	.LVL25:
 330              	.L26:
 331              	.LCFI9:
 332              		.cfi_restore_state
 333              	.LBB3:
 163:Middlewares/Third_Party/LwIP/src/api/api_lib.c ****       LWIP_ASSERT("conn has no recvmbox", sys_mbox_valid(&conn->recvmbox));
 334              		.loc 1 163 7 is_stmt 1 view .LVU83
 163:Middlewares/Third_Party/LwIP/src/api/api_lib.c ****       LWIP_ASSERT("conn has no recvmbox", sys_mbox_valid(&conn->recvmbox));
 335              		.loc 1 163 7 view .LVU84
 336 0026 6B68     		ldr	r3, [r5, #4]
 337 0028 2BB1     		cbz	r3, .L21
 163:Middlewares/Third_Party/LwIP/src/api/api_lib.c ****       LWIP_ASSERT("conn has no recvmbox", sys_mbox_valid(&conn->recvmbox));
 338              		.loc 1 163 7 discriminator 1 view .LVU85
 163:Middlewares/Third_Party/LwIP/src/api/api_lib.c ****       LWIP_ASSERT("conn has no recvmbox", sys_mbox_valid(&conn->recvmbox));
 339              		.loc 1 163 7 discriminator 1 view .LVU86
 340 002a 1D4B     		ldr	r3, .L30+4
 341 002c A322     		movs	r2, #163
 342 002e 1D49     		ldr	r1, .L30+8
 343 0030 1D48     		ldr	r0, .L30+12
 344              	.LVL26:
 163:Middlewares/Third_Party/LwIP/src/api/api_lib.c ****       LWIP_ASSERT("conn has no recvmbox", sys_mbox_valid(&conn->recvmbox));
 345              		.loc 1 163 7 is_stmt 0 discriminator 1 view .LVU87
 346 0032 FFF7FEFF 		bl	printf
 347              	.LVL27:
 348              	.L21:
 163:Middlewares/Third_Party/LwIP/src/api/api_lib.c ****       LWIP_ASSERT("conn has no recvmbox", sys_mbox_valid(&conn->recvmbox));
 349              		.loc 1 163 7 is_stmt 1 discriminator 3 view .LVU88
 163:Middlewares/Third_Party/LwIP/src/api/api_lib.c ****       LWIP_ASSERT("conn has no recvmbox", sys_mbox_valid(&conn->recvmbox));
 350              		.loc 1 163 7 discriminator 3 view .LVU89
 164:Middlewares/Third_Party/LwIP/src/api/api_lib.c **** #if LWIP_TCP
 351              		.loc 1 164 7 discriminator 3 view .LVU90
 164:Middlewares/Third_Party/LwIP/src/api/api_lib.c **** #if LWIP_TCP
 352              		.loc 1 164 7 discriminator 3 view .LVU91
 353 0036 05F11004 		add	r4, r5, #16
 354 003a 2046     		mov	r0, r4
ARM GAS  /tmp/ccPDpVkS.s 			page 28


 355 003c FFF7FEFF 		bl	sys_mbox_valid
 356              	.LVL28:
 357 0040 B0B1     		cbz	r0, .L27
 358              	.L22:
 164:Middlewares/Third_Party/LwIP/src/api/api_lib.c **** #if LWIP_TCP
 359              		.loc 1 164 7 discriminator 3 view .LVU92
 164:Middlewares/Third_Party/LwIP/src/api/api_lib.c **** #if LWIP_TCP
 360              		.loc 1 164 7 discriminator 3 view .LVU93
 166:Middlewares/Third_Party/LwIP/src/api/api_lib.c **** #endif /* LWIP_TCP */
 361              		.loc 1 166 7 discriminator 3 view .LVU94
 166:Middlewares/Third_Party/LwIP/src/api/api_lib.c **** #endif /* LWIP_TCP */
 362              		.loc 1 166 7 discriminator 3 view .LVU95
 363 0042 05F11400 		add	r0, r5, #20
 364 0046 FFF7FEFF 		bl	sys_mbox_valid
 365              	.LVL29:
 366 004a C0B9     		cbnz	r0, .L28
 367              	.L23:
 166:Middlewares/Third_Party/LwIP/src/api/api_lib.c **** #endif /* LWIP_TCP */
 368              		.loc 1 166 7 discriminator 3 view .LVU96
 166:Middlewares/Third_Party/LwIP/src/api/api_lib.c **** #endif /* LWIP_TCP */
 369              		.loc 1 166 7 discriminator 3 view .LVU97
 169:Middlewares/Third_Party/LwIP/src/api/api_lib.c ****       sys_sem_free(&conn->op_completed);
 370              		.loc 1 169 7 discriminator 3 view .LVU98
 169:Middlewares/Third_Party/LwIP/src/api/api_lib.c ****       sys_sem_free(&conn->op_completed);
 371              		.loc 1 169 7 discriminator 3 view .LVU99
 372 004c 05F10C06 		add	r6, r5, #12
 373 0050 3046     		mov	r0, r6
 374 0052 FFF7FEFF 		bl	sys_sem_valid
 375              	.LVL30:
 376 0056 C8B1     		cbz	r0, .L29
 377              	.L24:
 169:Middlewares/Third_Party/LwIP/src/api/api_lib.c ****       sys_sem_free(&conn->op_completed);
 378              		.loc 1 169 7 discriminator 3 view .LVU100
 169:Middlewares/Third_Party/LwIP/src/api/api_lib.c ****       sys_sem_free(&conn->op_completed);
 379              		.loc 1 169 7 discriminator 3 view .LVU101
 170:Middlewares/Third_Party/LwIP/src/api/api_lib.c **** #endif /* !LWIP_NETCONN_SEM_PER_THREAD */
 380              		.loc 1 170 7 discriminator 3 view .LVU102
 381 0058 3046     		mov	r0, r6
 382 005a FFF7FEFF 		bl	sys_sem_free
 383              	.LVL31:
 172:Middlewares/Third_Party/LwIP/src/api/api_lib.c ****       memp_free(MEMP_NETCONN, conn);
 384              		.loc 1 172 7 discriminator 3 view .LVU103
 385 005e 2046     		mov	r0, r4
 386 0060 FFF7FEFF 		bl	sys_mbox_free
 387              	.LVL32:
 173:Middlewares/Third_Party/LwIP/src/api/api_lib.c ****       API_MSG_VAR_FREE(msg);
 388              		.loc 1 173 7 discriminator 3 view .LVU104
 389 0064 2946     		mov	r1, r5
 390 0066 0720     		movs	r0, #7
 391 0068 FFF7FEFF 		bl	memp_free
 392              	.LVL33:
 174:Middlewares/Third_Party/LwIP/src/api/api_lib.c ****       return NULL;
 393              		.loc 1 174 28 discriminator 3 view .LVU105
 175:Middlewares/Third_Party/LwIP/src/api/api_lib.c ****     }
 394              		.loc 1 175 7 discriminator 3 view .LVU106
 175:Middlewares/Third_Party/LwIP/src/api/api_lib.c ****     }
 395              		.loc 1 175 14 is_stmt 0 discriminator 3 view .LVU107
ARM GAS  /tmp/ccPDpVkS.s 			page 29


 396 006c 0025     		movs	r5, #0
 397              	.LVL34:
 175:Middlewares/Third_Party/LwIP/src/api/api_lib.c ****     }
 398              		.loc 1 175 14 discriminator 3 view .LVU108
 399 006e D7E7     		b	.L19
 400              	.LVL35:
 401              	.L27:
 164:Middlewares/Third_Party/LwIP/src/api/api_lib.c **** #if LWIP_TCP
 402              		.loc 1 164 7 is_stmt 1 discriminator 1 view .LVU109
 164:Middlewares/Third_Party/LwIP/src/api/api_lib.c **** #if LWIP_TCP
 403              		.loc 1 164 7 discriminator 1 view .LVU110
 404 0070 0B4B     		ldr	r3, .L30+4
 405 0072 A422     		movs	r2, #164
 406 0074 0D49     		ldr	r1, .L30+16
 407 0076 0C48     		ldr	r0, .L30+12
 408 0078 FFF7FEFF 		bl	printf
 409              	.LVL36:
 410 007c E1E7     		b	.L22
 411              	.L28:
 166:Middlewares/Third_Party/LwIP/src/api/api_lib.c **** #endif /* LWIP_TCP */
 412              		.loc 1 166 7 discriminator 1 view .LVU111
 166:Middlewares/Third_Party/LwIP/src/api/api_lib.c **** #endif /* LWIP_TCP */
 413              		.loc 1 166 7 discriminator 1 view .LVU112
 414 007e 084B     		ldr	r3, .L30+4
 415 0080 A622     		movs	r2, #166
 416 0082 0B49     		ldr	r1, .L30+20
 417 0084 0848     		ldr	r0, .L30+12
 418 0086 FFF7FEFF 		bl	printf
 419              	.LVL37:
 420 008a DFE7     		b	.L23
 421              	.L29:
 169:Middlewares/Third_Party/LwIP/src/api/api_lib.c ****       sys_sem_free(&conn->op_completed);
 422              		.loc 1 169 7 discriminator 1 view .LVU113
 169:Middlewares/Third_Party/LwIP/src/api/api_lib.c ****       sys_sem_free(&conn->op_completed);
 423              		.loc 1 169 7 discriminator 1 view .LVU114
 424 008c 044B     		ldr	r3, .L30+4
 425 008e A922     		movs	r2, #169
 426 0090 0849     		ldr	r1, .L30+24
 427 0092 0548     		ldr	r0, .L30+12
 428 0094 FFF7FEFF 		bl	printf
 429              	.LVL38:
 430 0098 DEE7     		b	.L24
 431              	.L31:
 432 009a 00BF     		.align	2
 433              	.L30:
 434 009c 00000000 		.word	lwip_netconn_do_newconn
 435 00a0 00000000 		.word	.LC0
 436 00a4 00000000 		.word	.LC4
 437 00a8 54000000 		.word	.LC2
 438 00ac 24000000 		.word	.LC5
 439 00b0 3C000000 		.word	.LC6
 440 00b4 60000000 		.word	.LC7
 441              	.LBE3:
 442              		.cfi_endproc
 443              	.LFE174:
 445              		.section	.text.netconn_prepare_delete,"ax",%progbits
 446              		.align	1
ARM GAS  /tmp/ccPDpVkS.s 			page 30


 447              		.global	netconn_prepare_delete
 448              		.syntax unified
 449              		.thumb
 450              		.thumb_func
 451              		.fpu fpv5-d16
 453              	netconn_prepare_delete:
 454              	.LVL39:
 455              	.LFB175:
 193:Middlewares/Third_Party/LwIP/src/api/api_lib.c ****   err_t err;
 456              		.loc 1 193 1 view -0
 457              		.cfi_startproc
 458              		@ args = 0, pretend = 0, frame = 32
 459              		@ frame_needed = 0, uses_anonymous_args = 0
 194:Middlewares/Third_Party/LwIP/src/api/api_lib.c ****   API_MSG_VAR_DECLARE(msg);
 460              		.loc 1 194 3 view .LVU116
 195:Middlewares/Third_Party/LwIP/src/api/api_lib.c **** 
 461              		.loc 1 195 3 view .LVU117
 198:Middlewares/Third_Party/LwIP/src/api/api_lib.c ****     return ERR_OK;
 462              		.loc 1 198 3 view .LVU118
 198:Middlewares/Third_Party/LwIP/src/api/api_lib.c ****     return ERR_OK;
 463              		.loc 1 198 6 is_stmt 0 view .LVU119
 464 0000 60B1     		cbz	r0, .L34
 193:Middlewares/Third_Party/LwIP/src/api/api_lib.c ****   err_t err;
 465              		.loc 1 193 1 view .LVU120
 466 0002 00B5     		push	{lr}
 467              	.LCFI10:
 468              		.cfi_def_cfa_offset 4
 469              		.cfi_offset 14, -4
 470 0004 89B0     		sub	sp, sp, #36
 471              	.LCFI11:
 472              		.cfi_def_cfa_offset 40
 202:Middlewares/Third_Party/LwIP/src/api/api_lib.c ****   API_MSG_VAR_REF(msg).conn = conn;
 473              		.loc 1 202 25 is_stmt 1 view .LVU121
 203:Middlewares/Third_Party/LwIP/src/api/api_lib.c **** #if LWIP_SO_SNDTIMEO || LWIP_SO_LINGER
 474              		.loc 1 203 3 view .LVU122
 203:Middlewares/Third_Party/LwIP/src/api/api_lib.c **** #if LWIP_SO_SNDTIMEO || LWIP_SO_LINGER
 475              		.loc 1 203 29 is_stmt 0 view .LVU123
 476 0006 0090     		str	r0, [sp]
 210:Middlewares/Third_Party/LwIP/src/api/api_lib.c ****     ((LWIP_TCP_CLOSE_TIMEOUT_MS_DEFAULT + TCP_SLOW_INTERVAL - 1) / TCP_SLOW_INTERVAL) + 1;
 477              		.loc 1 210 3 is_stmt 1 view .LVU124
 210:Middlewares/Third_Party/LwIP/src/api/api_lib.c ****     ((LWIP_TCP_CLOSE_TIMEOUT_MS_DEFAULT + TCP_SLOW_INTERVAL - 1) / TCP_SLOW_INTERVAL) + 1;
 478              		.loc 1 210 42 is_stmt 0 view .LVU125
 479 0008 2923     		movs	r3, #41
 480 000a 8DF80930 		strb	r3, [sp, #9]
 214:Middlewares/Third_Party/LwIP/src/api/api_lib.c ****   API_MSG_VAR_FREE(msg);
 481              		.loc 1 214 3 is_stmt 1 view .LVU126
 214:Middlewares/Third_Party/LwIP/src/api/api_lib.c ****   API_MSG_VAR_FREE(msg);
 482              		.loc 1 214 9 is_stmt 0 view .LVU127
 483 000e 6946     		mov	r1, sp
 484 0010 0348     		ldr	r0, .L39
 485              	.LVL40:
 214:Middlewares/Third_Party/LwIP/src/api/api_lib.c ****   API_MSG_VAR_FREE(msg);
 486              		.loc 1 214 9 view .LVU128
 487 0012 FFF7FEFF 		bl	netconn_apimsg
 488              	.LVL41:
 215:Middlewares/Third_Party/LwIP/src/api/api_lib.c **** 
 489              		.loc 1 215 24 is_stmt 1 view .LVU129
ARM GAS  /tmp/ccPDpVkS.s 			page 31


 217:Middlewares/Third_Party/LwIP/src/api/api_lib.c ****     return err;
 490              		.loc 1 217 3 view .LVU130
 221:Middlewares/Third_Party/LwIP/src/api/api_lib.c **** 
 491              		.loc 1 221 1 is_stmt 0 view .LVU131
 492 0016 09B0     		add	sp, sp, #36
 493              	.LCFI12:
 494              		.cfi_def_cfa_offset 4
 495              		@ sp needed
 496 0018 5DF804FB 		ldr	pc, [sp], #4
 497              	.LVL42:
 498              	.L34:
 499              	.LCFI13:
 500              		.cfi_def_cfa_offset 0
 501              		.cfi_restore 14
 199:Middlewares/Third_Party/LwIP/src/api/api_lib.c ****   }
 502              		.loc 1 199 12 view .LVU132
 503 001c 0020     		movs	r0, #0
 504              	.LVL43:
 221:Middlewares/Third_Party/LwIP/src/api/api_lib.c **** 
 505              		.loc 1 221 1 view .LVU133
 506 001e 7047     		bx	lr
 507              	.L40:
 508              		.align	2
 509              	.L39:
 510 0020 00000000 		.word	lwip_netconn_do_delconn
 511              		.cfi_endproc
 512              	.LFE175:
 514              		.section	.text.netconn_delete,"ax",%progbits
 515              		.align	1
 516              		.global	netconn_delete
 517              		.syntax unified
 518              		.thumb
 519              		.thumb_func
 520              		.fpu fpv5-d16
 522              	netconn_delete:
 523              	.LVL44:
 524              	.LFB176:
 234:Middlewares/Third_Party/LwIP/src/api/api_lib.c ****   err_t err;
 525              		.loc 1 234 1 is_stmt 1 view -0
 526              		.cfi_startproc
 527              		@ args = 0, pretend = 0, frame = 0
 528              		@ frame_needed = 0, uses_anonymous_args = 0
 234:Middlewares/Third_Party/LwIP/src/api/api_lib.c ****   err_t err;
 529              		.loc 1 234 1 is_stmt 0 view .LVU135
 530 0000 38B5     		push	{r3, r4, r5, lr}
 531              	.LCFI14:
 532              		.cfi_def_cfa_offset 16
 533              		.cfi_offset 3, -16
 534              		.cfi_offset 4, -12
 535              		.cfi_offset 5, -8
 536              		.cfi_offset 14, -4
 235:Middlewares/Third_Party/LwIP/src/api/api_lib.c **** 
 537              		.loc 1 235 3 is_stmt 1 view .LVU136
 238:Middlewares/Third_Party/LwIP/src/api/api_lib.c ****     return ERR_OK;
 538              		.loc 1 238 3 view .LVU137
 238:Middlewares/Third_Party/LwIP/src/api/api_lib.c ****     return ERR_OK;
 539              		.loc 1 238 6 is_stmt 0 view .LVU138
ARM GAS  /tmp/ccPDpVkS.s 			page 32


 540 0002 50B1     		cbz	r0, .L43
 541 0004 0546     		mov	r5, r0
 249:Middlewares/Third_Party/LwIP/src/api/api_lib.c ****   }
 542              		.loc 1 249 5 is_stmt 1 view .LVU139
 249:Middlewares/Third_Party/LwIP/src/api/api_lib.c ****   }
 543              		.loc 1 249 11 is_stmt 0 view .LVU140
 544 0006 FFF7FEFF 		bl	netconn_prepare_delete
 545              	.LVL45:
 251:Middlewares/Third_Party/LwIP/src/api/api_lib.c ****     netconn_free(conn);
 546              		.loc 1 251 3 is_stmt 1 view .LVU141
 251:Middlewares/Third_Party/LwIP/src/api/api_lib.c ****     netconn_free(conn);
 547              		.loc 1 251 6 is_stmt 0 view .LVU142
 548 000a 0446     		mov	r4, r0
 549 000c 08B1     		cbz	r0, .L45
 550              	.LVL46:
 551              	.L42:
 255:Middlewares/Third_Party/LwIP/src/api/api_lib.c **** 
 552              		.loc 1 255 1 view .LVU143
 553 000e 2046     		mov	r0, r4
 554 0010 38BD     		pop	{r3, r4, r5, pc}
 555              	.LVL47:
 556              	.L45:
 252:Middlewares/Third_Party/LwIP/src/api/api_lib.c ****   }
 557              		.loc 1 252 5 is_stmt 1 view .LVU144
 558 0012 2846     		mov	r0, r5
 559              	.LVL48:
 252:Middlewares/Third_Party/LwIP/src/api/api_lib.c ****   }
 560              		.loc 1 252 5 is_stmt 0 view .LVU145
 561 0014 FFF7FEFF 		bl	netconn_free
 562              	.LVL49:
 563 0018 F9E7     		b	.L42
 564              	.LVL50:
 565              	.L43:
 239:Middlewares/Third_Party/LwIP/src/api/api_lib.c ****   }
 566              		.loc 1 239 12 view .LVU146
 567 001a 0024     		movs	r4, #0
 568 001c F7E7     		b	.L42
 569              		.cfi_endproc
 570              	.LFE176:
 572              		.section	.rodata.netconn_getaddr.str1.4,"aMS",%progbits,1
 573              		.align	2
 574              	.LC8:
 575 0000 6E657463 		.ascii	"netconn_getaddr: invalid conn\000"
 575      6F6E6E5F 
 575      67657461 
 575      6464723A 
 575      20696E76 
 576 001e 0000     		.align	2
 577              	.LC9:
 578 0020 6E657463 		.ascii	"netconn_getaddr: invalid addr\000"
 578      6F6E6E5F 
 578      67657461 
 578      6464723A 
 578      20696E76 
 579 003e 0000     		.align	2
 580              	.LC10:
 581 0040 6E657463 		.ascii	"netconn_getaddr: invalid port\000"
ARM GAS  /tmp/ccPDpVkS.s 			page 33


 581      6F6E6E5F 
 581      67657461 
 581      6464723A 
 581      20696E76 
 582              		.section	.text.netconn_getaddr,"ax",%progbits
 583              		.align	1
 584              		.global	netconn_getaddr
 585              		.syntax unified
 586              		.thumb
 587              		.thumb_func
 588              		.fpu fpv5-d16
 590              	netconn_getaddr:
 591              	.LVL51:
 592              	.LFB177:
 270:Middlewares/Third_Party/LwIP/src/api/api_lib.c ****   API_MSG_VAR_DECLARE(msg);
 593              		.loc 1 270 1 is_stmt 1 view -0
 594              		.cfi_startproc
 595              		@ args = 0, pretend = 0, frame = 32
 596              		@ frame_needed = 0, uses_anonymous_args = 0
 270:Middlewares/Third_Party/LwIP/src/api/api_lib.c ****   API_MSG_VAR_DECLARE(msg);
 597              		.loc 1 270 1 is_stmt 0 view .LVU148
 598 0000 10B5     		push	{r4, lr}
 599              	.LCFI15:
 600              		.cfi_def_cfa_offset 8
 601              		.cfi_offset 4, -8
 602              		.cfi_offset 14, -4
 603 0002 88B0     		sub	sp, sp, #32
 604              	.LCFI16:
 605              		.cfi_def_cfa_offset 40
 271:Middlewares/Third_Party/LwIP/src/api/api_lib.c ****   err_t err;
 606              		.loc 1 271 3 is_stmt 1 view .LVU149
 272:Middlewares/Third_Party/LwIP/src/api/api_lib.c **** 
 607              		.loc 1 272 3 view .LVU150
 274:Middlewares/Third_Party/LwIP/src/api/api_lib.c ****   LWIP_ERROR("netconn_getaddr: invalid addr", (addr != NULL), return ERR_ARG;);
 608              		.loc 1 274 3 view .LVU151
 274:Middlewares/Third_Party/LwIP/src/api/api_lib.c ****   LWIP_ERROR("netconn_getaddr: invalid addr", (addr != NULL), return ERR_ARG;);
 609              		.loc 1 274 3 view .LVU152
 610 0004 60B1     		cbz	r0, .L52
 274:Middlewares/Third_Party/LwIP/src/api/api_lib.c ****   LWIP_ERROR("netconn_getaddr: invalid addr", (addr != NULL), return ERR_ARG;);
 611              		.loc 1 274 3 discriminator 2 view .LVU153
 274:Middlewares/Third_Party/LwIP/src/api/api_lib.c ****   LWIP_ERROR("netconn_getaddr: invalid addr", (addr != NULL), return ERR_ARG;);
 612              		.loc 1 274 3 discriminator 2 view .LVU154
 275:Middlewares/Third_Party/LwIP/src/api/api_lib.c ****   LWIP_ERROR("netconn_getaddr: invalid port", (port != NULL), return ERR_ARG;);
 613              		.loc 1 275 3 discriminator 2 view .LVU155
 275:Middlewares/Third_Party/LwIP/src/api/api_lib.c ****   LWIP_ERROR("netconn_getaddr: invalid port", (port != NULL), return ERR_ARG;);
 614              		.loc 1 275 3 discriminator 2 view .LVU156
 615 0006 A9B1     		cbz	r1, .L53
 275:Middlewares/Third_Party/LwIP/src/api/api_lib.c ****   LWIP_ERROR("netconn_getaddr: invalid port", (port != NULL), return ERR_ARG;);
 616              		.loc 1 275 3 discriminator 2 view .LVU157
 275:Middlewares/Third_Party/LwIP/src/api/api_lib.c ****   LWIP_ERROR("netconn_getaddr: invalid port", (port != NULL), return ERR_ARG;);
 617              		.loc 1 275 3 discriminator 2 view .LVU158
 276:Middlewares/Third_Party/LwIP/src/api/api_lib.c **** 
 618              		.loc 1 276 3 discriminator 2 view .LVU159
 276:Middlewares/Third_Party/LwIP/src/api/api_lib.c **** 
 619              		.loc 1 276 3 discriminator 2 view .LVU160
 620 0008 F2B1     		cbz	r2, .L54
 276:Middlewares/Third_Party/LwIP/src/api/api_lib.c **** 
ARM GAS  /tmp/ccPDpVkS.s 			page 34


 621              		.loc 1 276 3 discriminator 2 view .LVU161
 276:Middlewares/Third_Party/LwIP/src/api/api_lib.c **** 
 622              		.loc 1 276 3 discriminator 2 view .LVU162
 278:Middlewares/Third_Party/LwIP/src/api/api_lib.c ****   API_MSG_VAR_REF(msg).conn = conn;
 623              		.loc 1 278 25 discriminator 2 view .LVU163
 279:Middlewares/Third_Party/LwIP/src/api/api_lib.c ****   API_MSG_VAR_REF(msg).msg.ad.local = local;
 624              		.loc 1 279 3 discriminator 2 view .LVU164
 279:Middlewares/Third_Party/LwIP/src/api/api_lib.c ****   API_MSG_VAR_REF(msg).msg.ad.local = local;
 625              		.loc 1 279 29 is_stmt 0 discriminator 2 view .LVU165
 626 000a 0090     		str	r0, [sp]
 280:Middlewares/Third_Party/LwIP/src/api/api_lib.c **** #if LWIP_MPU_COMPATIBLE
 627              		.loc 1 280 3 is_stmt 1 discriminator 2 view .LVU166
 280:Middlewares/Third_Party/LwIP/src/api/api_lib.c **** #if LWIP_MPU_COMPATIBLE
 628              		.loc 1 280 37 is_stmt 0 discriminator 2 view .LVU167
 629 000c 8DF81030 		strb	r3, [sp, #16]
 286:Middlewares/Third_Party/LwIP/src/api/api_lib.c ****   msg.msg.ad.port = port;
 630              		.loc 1 286 3 is_stmt 1 discriminator 2 view .LVU168
 286:Middlewares/Third_Party/LwIP/src/api/api_lib.c ****   msg.msg.ad.port = port;
 631              		.loc 1 286 21 is_stmt 0 discriminator 2 view .LVU169
 632 0010 0291     		str	r1, [sp, #8]
 287:Middlewares/Third_Party/LwIP/src/api/api_lib.c ****   err = netconn_apimsg(lwip_netconn_do_getaddr, &msg);
 633              		.loc 1 287 3 is_stmt 1 discriminator 2 view .LVU170
 287:Middlewares/Third_Party/LwIP/src/api/api_lib.c ****   err = netconn_apimsg(lwip_netconn_do_getaddr, &msg);
 634              		.loc 1 287 19 is_stmt 0 discriminator 2 view .LVU171
 635 0012 0392     		str	r2, [sp, #12]
 288:Middlewares/Third_Party/LwIP/src/api/api_lib.c **** #endif /* LWIP_MPU_COMPATIBLE */
 636              		.loc 1 288 3 is_stmt 1 discriminator 2 view .LVU172
 288:Middlewares/Third_Party/LwIP/src/api/api_lib.c **** #endif /* LWIP_MPU_COMPATIBLE */
 637              		.loc 1 288 9 is_stmt 0 discriminator 2 view .LVU173
 638 0014 6946     		mov	r1, sp
 639              	.LVL52:
 288:Middlewares/Third_Party/LwIP/src/api/api_lib.c **** #endif /* LWIP_MPU_COMPATIBLE */
 640              		.loc 1 288 9 discriminator 2 view .LVU174
 641 0016 1148     		ldr	r0, .L55
 642              	.LVL53:
 288:Middlewares/Third_Party/LwIP/src/api/api_lib.c **** #endif /* LWIP_MPU_COMPATIBLE */
 643              		.loc 1 288 9 discriminator 2 view .LVU175
 644 0018 FFF7FEFF 		bl	netconn_apimsg
 645              	.LVL54:
 290:Middlewares/Third_Party/LwIP/src/api/api_lib.c **** 
 646              		.loc 1 290 24 is_stmt 1 discriminator 2 view .LVU176
 292:Middlewares/Third_Party/LwIP/src/api/api_lib.c **** }
 647              		.loc 1 292 3 discriminator 2 view .LVU177
 648              	.L48:
 293:Middlewares/Third_Party/LwIP/src/api/api_lib.c **** 
 649              		.loc 1 293 1 is_stmt 0 view .LVU178
 650 001c 08B0     		add	sp, sp, #32
 651              	.LCFI17:
 652              		.cfi_remember_state
 653              		.cfi_def_cfa_offset 8
 654              		@ sp needed
 655 001e 10BD     		pop	{r4, pc}
 656              	.LVL55:
 657              	.L52:
 658              	.LCFI18:
 659              		.cfi_restore_state
 274:Middlewares/Third_Party/LwIP/src/api/api_lib.c ****   LWIP_ERROR("netconn_getaddr: invalid addr", (addr != NULL), return ERR_ARG;);
ARM GAS  /tmp/ccPDpVkS.s 			page 35


 660              		.loc 1 274 3 is_stmt 1 discriminator 1 view .LVU179
 274:Middlewares/Third_Party/LwIP/src/api/api_lib.c ****   LWIP_ERROR("netconn_getaddr: invalid addr", (addr != NULL), return ERR_ARG;);
 661              		.loc 1 274 3 discriminator 1 view .LVU180
 662 0020 0F4B     		ldr	r3, .L55+4
 663              	.LVL56:
 274:Middlewares/Third_Party/LwIP/src/api/api_lib.c ****   LWIP_ERROR("netconn_getaddr: invalid addr", (addr != NULL), return ERR_ARG;);
 664              		.loc 1 274 3 is_stmt 0 discriminator 1 view .LVU181
 665 0022 4FF48972 		mov	r2, #274
 666              	.LVL57:
 274:Middlewares/Third_Party/LwIP/src/api/api_lib.c ****   LWIP_ERROR("netconn_getaddr: invalid addr", (addr != NULL), return ERR_ARG;);
 667              		.loc 1 274 3 discriminator 1 view .LVU182
 668 0026 0F49     		ldr	r1, .L55+8
 669              	.LVL58:
 274:Middlewares/Third_Party/LwIP/src/api/api_lib.c ****   LWIP_ERROR("netconn_getaddr: invalid addr", (addr != NULL), return ERR_ARG;);
 670              		.loc 1 274 3 discriminator 1 view .LVU183
 671 0028 0F48     		ldr	r0, .L55+12
 672              	.LVL59:
 274:Middlewares/Third_Party/LwIP/src/api/api_lib.c ****   LWIP_ERROR("netconn_getaddr: invalid addr", (addr != NULL), return ERR_ARG;);
 673              		.loc 1 274 3 discriminator 1 view .LVU184
 674 002a FFF7FEFF 		bl	printf
 675              	.LVL60:
 274:Middlewares/Third_Party/LwIP/src/api/api_lib.c ****   LWIP_ERROR("netconn_getaddr: invalid addr", (addr != NULL), return ERR_ARG;);
 676              		.loc 1 274 3 is_stmt 1 discriminator 1 view .LVU185
 274:Middlewares/Third_Party/LwIP/src/api/api_lib.c ****   LWIP_ERROR("netconn_getaddr: invalid addr", (addr != NULL), return ERR_ARG;);
 677              		.loc 1 274 3 discriminator 1 view .LVU186
 678 002e 6FF00F00 		mvn	r0, #15
 679 0032 F3E7     		b	.L48
 680              	.LVL61:
 681              	.L53:
 275:Middlewares/Third_Party/LwIP/src/api/api_lib.c ****   LWIP_ERROR("netconn_getaddr: invalid port", (port != NULL), return ERR_ARG;);
 682              		.loc 1 275 3 discriminator 1 view .LVU187
 275:Middlewares/Third_Party/LwIP/src/api/api_lib.c ****   LWIP_ERROR("netconn_getaddr: invalid port", (port != NULL), return ERR_ARG;);
 683              		.loc 1 275 3 discriminator 1 view .LVU188
 684 0034 0A4B     		ldr	r3, .L55+4
 685              	.LVL62:
 275:Middlewares/Third_Party/LwIP/src/api/api_lib.c ****   LWIP_ERROR("netconn_getaddr: invalid port", (port != NULL), return ERR_ARG;);
 686              		.loc 1 275 3 is_stmt 0 discriminator 1 view .LVU189
 687 0036 40F21312 		movw	r2, #275
 688              	.LVL63:
 275:Middlewares/Third_Party/LwIP/src/api/api_lib.c ****   LWIP_ERROR("netconn_getaddr: invalid port", (port != NULL), return ERR_ARG;);
 689              		.loc 1 275 3 discriminator 1 view .LVU190
 690 003a 0C49     		ldr	r1, .L55+16
 691              	.LVL64:
 275:Middlewares/Third_Party/LwIP/src/api/api_lib.c ****   LWIP_ERROR("netconn_getaddr: invalid port", (port != NULL), return ERR_ARG;);
 692              		.loc 1 275 3 discriminator 1 view .LVU191
 693 003c 0A48     		ldr	r0, .L55+12
 694              	.LVL65:
 275:Middlewares/Third_Party/LwIP/src/api/api_lib.c ****   LWIP_ERROR("netconn_getaddr: invalid port", (port != NULL), return ERR_ARG;);
 695              		.loc 1 275 3 discriminator 1 view .LVU192
 696 003e FFF7FEFF 		bl	printf
 697              	.LVL66:
 275:Middlewares/Third_Party/LwIP/src/api/api_lib.c ****   LWIP_ERROR("netconn_getaddr: invalid port", (port != NULL), return ERR_ARG;);
 698              		.loc 1 275 3 is_stmt 1 discriminator 1 view .LVU193
 275:Middlewares/Third_Party/LwIP/src/api/api_lib.c ****   LWIP_ERROR("netconn_getaddr: invalid port", (port != NULL), return ERR_ARG;);
 699              		.loc 1 275 3 discriminator 1 view .LVU194
 700 0042 6FF00F00 		mvn	r0, #15
 701 0046 E9E7     		b	.L48
ARM GAS  /tmp/ccPDpVkS.s 			page 36


 702              	.LVL67:
 703              	.L54:
 276:Middlewares/Third_Party/LwIP/src/api/api_lib.c **** 
 704              		.loc 1 276 3 discriminator 1 view .LVU195
 276:Middlewares/Third_Party/LwIP/src/api/api_lib.c **** 
 705              		.loc 1 276 3 discriminator 1 view .LVU196
 706 0048 054B     		ldr	r3, .L55+4
 707              	.LVL68:
 276:Middlewares/Third_Party/LwIP/src/api/api_lib.c **** 
 708              		.loc 1 276 3 is_stmt 0 discriminator 1 view .LVU197
 709 004a 4FF48A72 		mov	r2, #276
 710              	.LVL69:
 276:Middlewares/Third_Party/LwIP/src/api/api_lib.c **** 
 711              		.loc 1 276 3 discriminator 1 view .LVU198
 712 004e 0849     		ldr	r1, .L55+20
 713              	.LVL70:
 276:Middlewares/Third_Party/LwIP/src/api/api_lib.c **** 
 714              		.loc 1 276 3 discriminator 1 view .LVU199
 715 0050 0548     		ldr	r0, .L55+12
 716              	.LVL71:
 276:Middlewares/Third_Party/LwIP/src/api/api_lib.c **** 
 717              		.loc 1 276 3 discriminator 1 view .LVU200
 718 0052 FFF7FEFF 		bl	printf
 719              	.LVL72:
 276:Middlewares/Third_Party/LwIP/src/api/api_lib.c **** 
 720              		.loc 1 276 3 is_stmt 1 discriminator 1 view .LVU201
 276:Middlewares/Third_Party/LwIP/src/api/api_lib.c **** 
 721              		.loc 1 276 3 discriminator 1 view .LVU202
 722 0056 6FF00F00 		mvn	r0, #15
 723 005a DFE7     		b	.L48
 724              	.L56:
 725              		.align	2
 726              	.L55:
 727 005c 00000000 		.word	lwip_netconn_do_getaddr
 728 0060 00000000 		.word	.LC0
 729 0064 00000000 		.word	.LC8
 730 0068 54000000 		.word	.LC2
 731 006c 20000000 		.word	.LC9
 732 0070 40000000 		.word	.LC10
 733              		.cfi_endproc
 734              	.LFE177:
 736              		.section	.rodata.netconn_bind.str1.4,"aMS",%progbits,1
 737              		.align	2
 738              	.LC11:
 739 0000 6E657463 		.ascii	"netconn_bind: invalid conn\000"
 739      6F6E6E5F 
 739      62696E64 
 739      3A20696E 
 739      76616C69 
 740              		.section	.text.netconn_bind,"ax",%progbits
 741              		.align	1
 742              		.global	netconn_bind
 743              		.syntax unified
 744              		.thumb
 745              		.thumb_func
 746              		.fpu fpv5-d16
 748              	netconn_bind:
ARM GAS  /tmp/ccPDpVkS.s 			page 37


 749              	.LVL73:
 750              	.LFB178:
 308:Middlewares/Third_Party/LwIP/src/api/api_lib.c ****   API_MSG_VAR_DECLARE(msg);
 751              		.loc 1 308 1 view -0
 752              		.cfi_startproc
 753              		@ args = 0, pretend = 0, frame = 32
 754              		@ frame_needed = 0, uses_anonymous_args = 0
 308:Middlewares/Third_Party/LwIP/src/api/api_lib.c ****   API_MSG_VAR_DECLARE(msg);
 755              		.loc 1 308 1 is_stmt 0 view .LVU204
 756 0000 00B5     		push	{lr}
 757              	.LCFI19:
 758              		.cfi_def_cfa_offset 4
 759              		.cfi_offset 14, -4
 760 0002 89B0     		sub	sp, sp, #36
 761              	.LCFI20:
 762              		.cfi_def_cfa_offset 40
 309:Middlewares/Third_Party/LwIP/src/api/api_lib.c ****   err_t err;
 763              		.loc 1 309 3 is_stmt 1 view .LVU205
 310:Middlewares/Third_Party/LwIP/src/api/api_lib.c **** 
 764              		.loc 1 310 3 view .LVU206
 312:Middlewares/Third_Party/LwIP/src/api/api_lib.c **** 
 765              		.loc 1 312 3 view .LVU207
 312:Middlewares/Third_Party/LwIP/src/api/api_lib.c **** 
 766              		.loc 1 312 3 view .LVU208
 767 0004 60B1     		cbz	r0, .L63
 768 0006 0346     		mov	r3, r0
 312:Middlewares/Third_Party/LwIP/src/api/api_lib.c **** 
 769              		.loc 1 312 3 discriminator 2 view .LVU209
 312:Middlewares/Third_Party/LwIP/src/api/api_lib.c **** 
 770              		.loc 1 312 3 discriminator 2 view .LVU210
 316:Middlewares/Third_Party/LwIP/src/api/api_lib.c ****     addr = IP4_ADDR_ANY;
 771              		.loc 1 316 3 discriminator 2 view .LVU211
 316:Middlewares/Third_Party/LwIP/src/api/api_lib.c ****     addr = IP4_ADDR_ANY;
 772              		.loc 1 316 6 is_stmt 0 discriminator 2 view .LVU212
 773 0008 A1B1     		cbz	r1, .L64
 774              	.LVL74:
 775              	.L60:
 331:Middlewares/Third_Party/LwIP/src/api/api_lib.c ****   API_MSG_VAR_REF(msg).conn = conn;
 776              		.loc 1 331 25 is_stmt 1 view .LVU213
 332:Middlewares/Third_Party/LwIP/src/api/api_lib.c ****   API_MSG_VAR_REF(msg).msg.bc.ipaddr = API_MSG_VAR_REF(addr);
 777              		.loc 1 332 3 view .LVU214
 332:Middlewares/Third_Party/LwIP/src/api/api_lib.c ****   API_MSG_VAR_REF(msg).msg.bc.ipaddr = API_MSG_VAR_REF(addr);
 778              		.loc 1 332 29 is_stmt 0 view .LVU215
 779 000a 0093     		str	r3, [sp]
 333:Middlewares/Third_Party/LwIP/src/api/api_lib.c ****   API_MSG_VAR_REF(msg).msg.bc.port = port;
 780              		.loc 1 333 3 is_stmt 1 view .LVU216
 333:Middlewares/Third_Party/LwIP/src/api/api_lib.c ****   API_MSG_VAR_REF(msg).msg.bc.port = port;
 781              		.loc 1 333 38 is_stmt 0 view .LVU217
 782 000c 0291     		str	r1, [sp, #8]
 334:Middlewares/Third_Party/LwIP/src/api/api_lib.c ****   err = netconn_apimsg(lwip_netconn_do_bind, &API_MSG_VAR_REF(msg));
 783              		.loc 1 334 3 is_stmt 1 view .LVU218
 334:Middlewares/Third_Party/LwIP/src/api/api_lib.c ****   err = netconn_apimsg(lwip_netconn_do_bind, &API_MSG_VAR_REF(msg));
 784              		.loc 1 334 36 is_stmt 0 view .LVU219
 785 000e ADF80C20 		strh	r2, [sp, #12]	@ movhi
 335:Middlewares/Third_Party/LwIP/src/api/api_lib.c ****   API_MSG_VAR_FREE(msg);
 786              		.loc 1 335 3 is_stmt 1 view .LVU220
 335:Middlewares/Third_Party/LwIP/src/api/api_lib.c ****   API_MSG_VAR_FREE(msg);
ARM GAS  /tmp/ccPDpVkS.s 			page 38


 787              		.loc 1 335 9 is_stmt 0 view .LVU221
 788 0012 6946     		mov	r1, sp
 789              	.LVL75:
 335:Middlewares/Third_Party/LwIP/src/api/api_lib.c ****   API_MSG_VAR_FREE(msg);
 790              		.loc 1 335 9 view .LVU222
 791 0014 0848     		ldr	r0, .L65
 792              	.LVL76:
 335:Middlewares/Third_Party/LwIP/src/api/api_lib.c ****   API_MSG_VAR_FREE(msg);
 793              		.loc 1 335 9 view .LVU223
 794 0016 FFF7FEFF 		bl	netconn_apimsg
 795              	.LVL77:
 336:Middlewares/Third_Party/LwIP/src/api/api_lib.c **** 
 796              		.loc 1 336 24 is_stmt 1 view .LVU224
 338:Middlewares/Third_Party/LwIP/src/api/api_lib.c **** }
 797              		.loc 1 338 3 view .LVU225
 798              	.L59:
 339:Middlewares/Third_Party/LwIP/src/api/api_lib.c **** 
 799              		.loc 1 339 1 is_stmt 0 view .LVU226
 800 001a 09B0     		add	sp, sp, #36
 801              	.LCFI21:
 802              		.cfi_remember_state
 803              		.cfi_def_cfa_offset 4
 804              		@ sp needed
 805 001c 5DF804FB 		ldr	pc, [sp], #4
 806              	.LVL78:
 807              	.L63:
 808              	.LCFI22:
 809              		.cfi_restore_state
 312:Middlewares/Third_Party/LwIP/src/api/api_lib.c **** 
 810              		.loc 1 312 3 is_stmt 1 discriminator 1 view .LVU227
 312:Middlewares/Third_Party/LwIP/src/api/api_lib.c **** 
 811              		.loc 1 312 3 discriminator 1 view .LVU228
 812 0020 064B     		ldr	r3, .L65+4
 813 0022 4FF49C72 		mov	r2, #312
 814              	.LVL79:
 312:Middlewares/Third_Party/LwIP/src/api/api_lib.c **** 
 815              		.loc 1 312 3 is_stmt 0 discriminator 1 view .LVU229
 816 0026 0649     		ldr	r1, .L65+8
 817              	.LVL80:
 312:Middlewares/Third_Party/LwIP/src/api/api_lib.c **** 
 818              		.loc 1 312 3 discriminator 1 view .LVU230
 819 0028 0648     		ldr	r0, .L65+12
 820              	.LVL81:
 312:Middlewares/Third_Party/LwIP/src/api/api_lib.c **** 
 821              		.loc 1 312 3 discriminator 1 view .LVU231
 822 002a FFF7FEFF 		bl	printf
 823              	.LVL82:
 312:Middlewares/Third_Party/LwIP/src/api/api_lib.c **** 
 824              		.loc 1 312 3 is_stmt 1 discriminator 1 view .LVU232
 312:Middlewares/Third_Party/LwIP/src/api/api_lib.c **** 
 825              		.loc 1 312 3 discriminator 1 view .LVU233
 826 002e 6FF00F00 		mvn	r0, #15
 827 0032 F2E7     		b	.L59
 828              	.LVL83:
 829              	.L64:
 317:Middlewares/Third_Party/LwIP/src/api/api_lib.c ****   }
 830              		.loc 1 317 10 is_stmt 0 view .LVU234
ARM GAS  /tmp/ccPDpVkS.s 			page 39


 831 0034 0449     		ldr	r1, .L65+16
 832              	.LVL84:
 317:Middlewares/Third_Party/LwIP/src/api/api_lib.c ****   }
 833              		.loc 1 317 10 view .LVU235
 834 0036 E8E7     		b	.L60
 835              	.L66:
 836              		.align	2
 837              	.L65:
 838 0038 00000000 		.word	lwip_netconn_do_bind
 839 003c 00000000 		.word	.LC0
 840 0040 00000000 		.word	.LC11
 841 0044 54000000 		.word	.LC2
 842 0048 00000000 		.word	ip_addr_any
 843              		.cfi_endproc
 844              	.LFE178:
 846              		.section	.rodata.netconn_bind_if.str1.4,"aMS",%progbits,1
 847              		.align	2
 848              	.LC12:
 849 0000 6E657463 		.ascii	"netconn_bind_if: invalid conn\000"
 849      6F6E6E5F 
 849      62696E64 
 849      5F69663A 
 849      20696E76 
 850              		.section	.text.netconn_bind_if,"ax",%progbits
 851              		.align	1
 852              		.global	netconn_bind_if
 853              		.syntax unified
 854              		.thumb
 855              		.thumb_func
 856              		.fpu fpv5-d16
 858              	netconn_bind_if:
 859              	.LVL85:
 860              	.LFB179:
 352:Middlewares/Third_Party/LwIP/src/api/api_lib.c ****   API_MSG_VAR_DECLARE(msg);
 861              		.loc 1 352 1 is_stmt 1 view -0
 862              		.cfi_startproc
 863              		@ args = 0, pretend = 0, frame = 32
 864              		@ frame_needed = 0, uses_anonymous_args = 0
 352:Middlewares/Third_Party/LwIP/src/api/api_lib.c ****   API_MSG_VAR_DECLARE(msg);
 865              		.loc 1 352 1 is_stmt 0 view .LVU237
 866 0000 00B5     		push	{lr}
 867              	.LCFI23:
 868              		.cfi_def_cfa_offset 4
 869              		.cfi_offset 14, -4
 870 0002 89B0     		sub	sp, sp, #36
 871              	.LCFI24:
 872              		.cfi_def_cfa_offset 40
 353:Middlewares/Third_Party/LwIP/src/api/api_lib.c ****   err_t err;
 873              		.loc 1 353 3 is_stmt 1 view .LVU238
 354:Middlewares/Third_Party/LwIP/src/api/api_lib.c **** 
 874              		.loc 1 354 3 view .LVU239
 356:Middlewares/Third_Party/LwIP/src/api/api_lib.c **** 
 875              		.loc 1 356 3 view .LVU240
 356:Middlewares/Third_Party/LwIP/src/api/api_lib.c **** 
 876              		.loc 1 356 3 view .LVU241
 877 0004 48B1     		cbz	r0, .L71
 356:Middlewares/Third_Party/LwIP/src/api/api_lib.c **** 
ARM GAS  /tmp/ccPDpVkS.s 			page 40


 878              		.loc 1 356 3 discriminator 2 view .LVU242
 356:Middlewares/Third_Party/LwIP/src/api/api_lib.c **** 
 879              		.loc 1 356 3 discriminator 2 view .LVU243
 358:Middlewares/Third_Party/LwIP/src/api/api_lib.c ****   API_MSG_VAR_REF(msg).conn = conn;
 880              		.loc 1 358 25 discriminator 2 view .LVU244
 359:Middlewares/Third_Party/LwIP/src/api/api_lib.c ****   API_MSG_VAR_REF(msg).msg.bc.if_idx = if_idx;
 881              		.loc 1 359 3 discriminator 2 view .LVU245
 359:Middlewares/Third_Party/LwIP/src/api/api_lib.c ****   API_MSG_VAR_REF(msg).msg.bc.if_idx = if_idx;
 882              		.loc 1 359 29 is_stmt 0 discriminator 2 view .LVU246
 883 0006 0090     		str	r0, [sp]
 360:Middlewares/Third_Party/LwIP/src/api/api_lib.c ****   err = netconn_apimsg(lwip_netconn_do_bind_if, &API_MSG_VAR_REF(msg));
 884              		.loc 1 360 3 is_stmt 1 discriminator 2 view .LVU247
 360:Middlewares/Third_Party/LwIP/src/api/api_lib.c ****   err = netconn_apimsg(lwip_netconn_do_bind_if, &API_MSG_VAR_REF(msg));
 885              		.loc 1 360 38 is_stmt 0 discriminator 2 view .LVU248
 886 0008 8DF80E10 		strb	r1, [sp, #14]
 361:Middlewares/Third_Party/LwIP/src/api/api_lib.c ****   API_MSG_VAR_FREE(msg);
 887              		.loc 1 361 3 is_stmt 1 discriminator 2 view .LVU249
 361:Middlewares/Third_Party/LwIP/src/api/api_lib.c ****   API_MSG_VAR_FREE(msg);
 888              		.loc 1 361 9 is_stmt 0 discriminator 2 view .LVU250
 889 000c 6946     		mov	r1, sp
 890              	.LVL86:
 361:Middlewares/Third_Party/LwIP/src/api/api_lib.c ****   API_MSG_VAR_FREE(msg);
 891              		.loc 1 361 9 discriminator 2 view .LVU251
 892 000e 0848     		ldr	r0, .L72
 893              	.LVL87:
 361:Middlewares/Third_Party/LwIP/src/api/api_lib.c ****   API_MSG_VAR_FREE(msg);
 894              		.loc 1 361 9 discriminator 2 view .LVU252
 895 0010 FFF7FEFF 		bl	netconn_apimsg
 896              	.LVL88:
 362:Middlewares/Third_Party/LwIP/src/api/api_lib.c **** 
 897              		.loc 1 362 24 is_stmt 1 discriminator 2 view .LVU253
 364:Middlewares/Third_Party/LwIP/src/api/api_lib.c **** }
 898              		.loc 1 364 3 discriminator 2 view .LVU254
 899              	.L69:
 365:Middlewares/Third_Party/LwIP/src/api/api_lib.c **** 
 900              		.loc 1 365 1 is_stmt 0 view .LVU255
 901 0014 09B0     		add	sp, sp, #36
 902              	.LCFI25:
 903              		.cfi_remember_state
 904              		.cfi_def_cfa_offset 4
 905              		@ sp needed
 906 0016 5DF804FB 		ldr	pc, [sp], #4
 907              	.LVL89:
 908              	.L71:
 909              	.LCFI26:
 910              		.cfi_restore_state
 356:Middlewares/Third_Party/LwIP/src/api/api_lib.c **** 
 911              		.loc 1 356 3 is_stmt 1 discriminator 1 view .LVU256
 356:Middlewares/Third_Party/LwIP/src/api/api_lib.c **** 
 912              		.loc 1 356 3 discriminator 1 view .LVU257
 913 001a 064B     		ldr	r3, .L72+4
 914 001c 4FF4B272 		mov	r2, #356
 915 0020 0549     		ldr	r1, .L72+8
 916              	.LVL90:
 356:Middlewares/Third_Party/LwIP/src/api/api_lib.c **** 
 917              		.loc 1 356 3 is_stmt 0 discriminator 1 view .LVU258
 918 0022 0648     		ldr	r0, .L72+12
ARM GAS  /tmp/ccPDpVkS.s 			page 41


 919              	.LVL91:
 356:Middlewares/Third_Party/LwIP/src/api/api_lib.c **** 
 920              		.loc 1 356 3 discriminator 1 view .LVU259
 921 0024 FFF7FEFF 		bl	printf
 922              	.LVL92:
 356:Middlewares/Third_Party/LwIP/src/api/api_lib.c **** 
 923              		.loc 1 356 3 is_stmt 1 discriminator 1 view .LVU260
 356:Middlewares/Third_Party/LwIP/src/api/api_lib.c **** 
 924              		.loc 1 356 3 discriminator 1 view .LVU261
 925 0028 6FF00F00 		mvn	r0, #15
 926 002c F2E7     		b	.L69
 927              	.L73:
 928 002e 00BF     		.align	2
 929              	.L72:
 930 0030 00000000 		.word	lwip_netconn_do_bind_if
 931 0034 00000000 		.word	.LC0
 932 0038 00000000 		.word	.LC12
 933 003c 54000000 		.word	.LC2
 934              		.cfi_endproc
 935              	.LFE179:
 937              		.section	.rodata.netconn_connect.str1.4,"aMS",%progbits,1
 938              		.align	2
 939              	.LC13:
 940 0000 6E657463 		.ascii	"netconn_connect: invalid conn\000"
 940      6F6E6E5F 
 940      636F6E6E 
 940      6563743A 
 940      20696E76 
 941              		.section	.text.netconn_connect,"ax",%progbits
 942              		.align	1
 943              		.global	netconn_connect
 944              		.syntax unified
 945              		.thumb
 946              		.thumb_func
 947              		.fpu fpv5-d16
 949              	netconn_connect:
 950              	.LVL93:
 951              	.LFB180:
 378:Middlewares/Third_Party/LwIP/src/api/api_lib.c ****   API_MSG_VAR_DECLARE(msg);
 952              		.loc 1 378 1 view -0
 953              		.cfi_startproc
 954              		@ args = 0, pretend = 0, frame = 32
 955              		@ frame_needed = 0, uses_anonymous_args = 0
 378:Middlewares/Third_Party/LwIP/src/api/api_lib.c ****   API_MSG_VAR_DECLARE(msg);
 956              		.loc 1 378 1 is_stmt 0 view .LVU263
 957 0000 00B5     		push	{lr}
 958              	.LCFI27:
 959              		.cfi_def_cfa_offset 4
 960              		.cfi_offset 14, -4
 961 0002 89B0     		sub	sp, sp, #36
 962              	.LCFI28:
 963              		.cfi_def_cfa_offset 40
 379:Middlewares/Third_Party/LwIP/src/api/api_lib.c ****   err_t err;
 964              		.loc 1 379 3 is_stmt 1 view .LVU264
 380:Middlewares/Third_Party/LwIP/src/api/api_lib.c **** 
 965              		.loc 1 380 3 view .LVU265
 382:Middlewares/Third_Party/LwIP/src/api/api_lib.c **** 
ARM GAS  /tmp/ccPDpVkS.s 			page 42


 966              		.loc 1 382 3 view .LVU266
 382:Middlewares/Third_Party/LwIP/src/api/api_lib.c **** 
 967              		.loc 1 382 3 view .LVU267
 968 0004 60B1     		cbz	r0, .L80
 969 0006 0346     		mov	r3, r0
 382:Middlewares/Third_Party/LwIP/src/api/api_lib.c **** 
 970              		.loc 1 382 3 discriminator 2 view .LVU268
 382:Middlewares/Third_Party/LwIP/src/api/api_lib.c **** 
 971              		.loc 1 382 3 discriminator 2 view .LVU269
 386:Middlewares/Third_Party/LwIP/src/api/api_lib.c ****     addr = IP4_ADDR_ANY;
 972              		.loc 1 386 3 discriminator 2 view .LVU270
 386:Middlewares/Third_Party/LwIP/src/api/api_lib.c ****     addr = IP4_ADDR_ANY;
 973              		.loc 1 386 6 is_stmt 0 discriminator 2 view .LVU271
 974 0008 A1B1     		cbz	r1, .L81
 975              	.LVL94:
 976              	.L77:
 391:Middlewares/Third_Party/LwIP/src/api/api_lib.c ****   API_MSG_VAR_REF(msg).conn = conn;
 977              		.loc 1 391 25 is_stmt 1 view .LVU272
 392:Middlewares/Third_Party/LwIP/src/api/api_lib.c ****   API_MSG_VAR_REF(msg).msg.bc.ipaddr = API_MSG_VAR_REF(addr);
 978              		.loc 1 392 3 view .LVU273
 392:Middlewares/Third_Party/LwIP/src/api/api_lib.c ****   API_MSG_VAR_REF(msg).msg.bc.ipaddr = API_MSG_VAR_REF(addr);
 979              		.loc 1 392 29 is_stmt 0 view .LVU274
 980 000a 0093     		str	r3, [sp]
 393:Middlewares/Third_Party/LwIP/src/api/api_lib.c ****   API_MSG_VAR_REF(msg).msg.bc.port = port;
 981              		.loc 1 393 3 is_stmt 1 view .LVU275
 393:Middlewares/Third_Party/LwIP/src/api/api_lib.c ****   API_MSG_VAR_REF(msg).msg.bc.port = port;
 982              		.loc 1 393 38 is_stmt 0 view .LVU276
 983 000c 0291     		str	r1, [sp, #8]
 394:Middlewares/Third_Party/LwIP/src/api/api_lib.c ****   err = netconn_apimsg(lwip_netconn_do_connect, &API_MSG_VAR_REF(msg));
 984              		.loc 1 394 3 is_stmt 1 view .LVU277
 394:Middlewares/Third_Party/LwIP/src/api/api_lib.c ****   err = netconn_apimsg(lwip_netconn_do_connect, &API_MSG_VAR_REF(msg));
 985              		.loc 1 394 36 is_stmt 0 view .LVU278
 986 000e ADF80C20 		strh	r2, [sp, #12]	@ movhi
 395:Middlewares/Third_Party/LwIP/src/api/api_lib.c ****   API_MSG_VAR_FREE(msg);
 987              		.loc 1 395 3 is_stmt 1 view .LVU279
 395:Middlewares/Third_Party/LwIP/src/api/api_lib.c ****   API_MSG_VAR_FREE(msg);
 988              		.loc 1 395 9 is_stmt 0 view .LVU280
 989 0012 6946     		mov	r1, sp
 990              	.LVL95:
 395:Middlewares/Third_Party/LwIP/src/api/api_lib.c ****   API_MSG_VAR_FREE(msg);
 991              		.loc 1 395 9 view .LVU281
 992 0014 0848     		ldr	r0, .L82
 993              	.LVL96:
 395:Middlewares/Third_Party/LwIP/src/api/api_lib.c ****   API_MSG_VAR_FREE(msg);
 994              		.loc 1 395 9 view .LVU282
 995 0016 FFF7FEFF 		bl	netconn_apimsg
 996              	.LVL97:
 396:Middlewares/Third_Party/LwIP/src/api/api_lib.c **** 
 997              		.loc 1 396 24 is_stmt 1 view .LVU283
 398:Middlewares/Third_Party/LwIP/src/api/api_lib.c **** }
 998              		.loc 1 398 3 view .LVU284
 999              	.L76:
 399:Middlewares/Third_Party/LwIP/src/api/api_lib.c **** 
 1000              		.loc 1 399 1 is_stmt 0 view .LVU285
 1001 001a 09B0     		add	sp, sp, #36
 1002              	.LCFI29:
 1003              		.cfi_remember_state
ARM GAS  /tmp/ccPDpVkS.s 			page 43


 1004              		.cfi_def_cfa_offset 4
 1005              		@ sp needed
 1006 001c 5DF804FB 		ldr	pc, [sp], #4
 1007              	.LVL98:
 1008              	.L80:
 1009              	.LCFI30:
 1010              		.cfi_restore_state
 382:Middlewares/Third_Party/LwIP/src/api/api_lib.c **** 
 1011              		.loc 1 382 3 is_stmt 1 discriminator 1 view .LVU286
 382:Middlewares/Third_Party/LwIP/src/api/api_lib.c **** 
 1012              		.loc 1 382 3 discriminator 1 view .LVU287
 1013 0020 064B     		ldr	r3, .L82+4
 1014 0022 4FF4BF72 		mov	r2, #382
 1015              	.LVL99:
 382:Middlewares/Third_Party/LwIP/src/api/api_lib.c **** 
 1016              		.loc 1 382 3 is_stmt 0 discriminator 1 view .LVU288
 1017 0026 0649     		ldr	r1, .L82+8
 1018              	.LVL100:
 382:Middlewares/Third_Party/LwIP/src/api/api_lib.c **** 
 1019              		.loc 1 382 3 discriminator 1 view .LVU289
 1020 0028 0648     		ldr	r0, .L82+12
 1021              	.LVL101:
 382:Middlewares/Third_Party/LwIP/src/api/api_lib.c **** 
 1022              		.loc 1 382 3 discriminator 1 view .LVU290
 1023 002a FFF7FEFF 		bl	printf
 1024              	.LVL102:
 382:Middlewares/Third_Party/LwIP/src/api/api_lib.c **** 
 1025              		.loc 1 382 3 is_stmt 1 discriminator 1 view .LVU291
 382:Middlewares/Third_Party/LwIP/src/api/api_lib.c **** 
 1026              		.loc 1 382 3 discriminator 1 view .LVU292
 1027 002e 6FF00F00 		mvn	r0, #15
 1028 0032 F2E7     		b	.L76
 1029              	.LVL103:
 1030              	.L81:
 387:Middlewares/Third_Party/LwIP/src/api/api_lib.c ****   }
 1031              		.loc 1 387 10 is_stmt 0 view .LVU293
 1032 0034 0449     		ldr	r1, .L82+16
 1033              	.LVL104:
 387:Middlewares/Third_Party/LwIP/src/api/api_lib.c ****   }
 1034              		.loc 1 387 10 view .LVU294
 1035 0036 E8E7     		b	.L77
 1036              	.L83:
 1037              		.align	2
 1038              	.L82:
 1039 0038 00000000 		.word	lwip_netconn_do_connect
 1040 003c 00000000 		.word	.LC0
 1041 0040 00000000 		.word	.LC13
 1042 0044 54000000 		.word	.LC2
 1043 0048 00000000 		.word	ip_addr_any
 1044              		.cfi_endproc
 1045              	.LFE180:
 1047              		.section	.rodata.netconn_disconnect.str1.4,"aMS",%progbits,1
 1048              		.align	2
 1049              	.LC14:
 1050 0000 6E657463 		.ascii	"netconn_disconnect: invalid conn\000"
 1050      6F6E6E5F 
 1050      64697363 
ARM GAS  /tmp/ccPDpVkS.s 			page 44


 1050      6F6E6E65 
 1050      63743A20 
 1051              		.section	.text.netconn_disconnect,"ax",%progbits
 1052              		.align	1
 1053              		.global	netconn_disconnect
 1054              		.syntax unified
 1055              		.thumb
 1056              		.thumb_func
 1057              		.fpu fpv5-d16
 1059              	netconn_disconnect:
 1060              	.LVL105:
 1061              	.LFB181:
 410:Middlewares/Third_Party/LwIP/src/api/api_lib.c ****   API_MSG_VAR_DECLARE(msg);
 1062              		.loc 1 410 1 is_stmt 1 view -0
 1063              		.cfi_startproc
 1064              		@ args = 0, pretend = 0, frame = 32
 1065              		@ frame_needed = 0, uses_anonymous_args = 0
 410:Middlewares/Third_Party/LwIP/src/api/api_lib.c ****   API_MSG_VAR_DECLARE(msg);
 1066              		.loc 1 410 1 is_stmt 0 view .LVU296
 1067 0000 00B5     		push	{lr}
 1068              	.LCFI31:
 1069              		.cfi_def_cfa_offset 4
 1070              		.cfi_offset 14, -4
 1071 0002 89B0     		sub	sp, sp, #36
 1072              	.LCFI32:
 1073              		.cfi_def_cfa_offset 40
 411:Middlewares/Third_Party/LwIP/src/api/api_lib.c ****   err_t err;
 1074              		.loc 1 411 3 is_stmt 1 view .LVU297
 412:Middlewares/Third_Party/LwIP/src/api/api_lib.c **** 
 1075              		.loc 1 412 3 view .LVU298
 414:Middlewares/Third_Party/LwIP/src/api/api_lib.c **** 
 1076              		.loc 1 414 3 view .LVU299
 414:Middlewares/Third_Party/LwIP/src/api/api_lib.c **** 
 1077              		.loc 1 414 3 view .LVU300
 1078 0004 38B1     		cbz	r0, .L88
 414:Middlewares/Third_Party/LwIP/src/api/api_lib.c **** 
 1079              		.loc 1 414 3 discriminator 2 view .LVU301
 414:Middlewares/Third_Party/LwIP/src/api/api_lib.c **** 
 1080              		.loc 1 414 3 discriminator 2 view .LVU302
 416:Middlewares/Third_Party/LwIP/src/api/api_lib.c ****   API_MSG_VAR_REF(msg).conn = conn;
 1081              		.loc 1 416 25 discriminator 2 view .LVU303
 417:Middlewares/Third_Party/LwIP/src/api/api_lib.c ****   err = netconn_apimsg(lwip_netconn_do_disconnect, &API_MSG_VAR_REF(msg));
 1082              		.loc 1 417 3 discriminator 2 view .LVU304
 417:Middlewares/Third_Party/LwIP/src/api/api_lib.c ****   err = netconn_apimsg(lwip_netconn_do_disconnect, &API_MSG_VAR_REF(msg));
 1083              		.loc 1 417 29 is_stmt 0 discriminator 2 view .LVU305
 1084 0006 0090     		str	r0, [sp]
 418:Middlewares/Third_Party/LwIP/src/api/api_lib.c ****   API_MSG_VAR_FREE(msg);
 1085              		.loc 1 418 3 is_stmt 1 discriminator 2 view .LVU306
 418:Middlewares/Third_Party/LwIP/src/api/api_lib.c ****   API_MSG_VAR_FREE(msg);
 1086              		.loc 1 418 9 is_stmt 0 discriminator 2 view .LVU307
 1087 0008 6946     		mov	r1, sp
 1088 000a 0848     		ldr	r0, .L89
 1089              	.LVL106:
 418:Middlewares/Third_Party/LwIP/src/api/api_lib.c ****   API_MSG_VAR_FREE(msg);
 1090              		.loc 1 418 9 discriminator 2 view .LVU308
 1091 000c FFF7FEFF 		bl	netconn_apimsg
 1092              	.LVL107:
ARM GAS  /tmp/ccPDpVkS.s 			page 45


 419:Middlewares/Third_Party/LwIP/src/api/api_lib.c **** 
 1093              		.loc 1 419 24 is_stmt 1 discriminator 2 view .LVU309
 421:Middlewares/Third_Party/LwIP/src/api/api_lib.c **** }
 1094              		.loc 1 421 3 discriminator 2 view .LVU310
 1095              	.L86:
 422:Middlewares/Third_Party/LwIP/src/api/api_lib.c **** 
 1096              		.loc 1 422 1 is_stmt 0 view .LVU311
 1097 0010 09B0     		add	sp, sp, #36
 1098              	.LCFI33:
 1099              		.cfi_remember_state
 1100              		.cfi_def_cfa_offset 4
 1101              		@ sp needed
 1102 0012 5DF804FB 		ldr	pc, [sp], #4
 1103              	.LVL108:
 1104              	.L88:
 1105              	.LCFI34:
 1106              		.cfi_restore_state
 414:Middlewares/Third_Party/LwIP/src/api/api_lib.c **** 
 1107              		.loc 1 414 3 is_stmt 1 discriminator 1 view .LVU312
 414:Middlewares/Third_Party/LwIP/src/api/api_lib.c **** 
 1108              		.loc 1 414 3 discriminator 1 view .LVU313
 1109 0016 064B     		ldr	r3, .L89+4
 1110 0018 4FF4CF72 		mov	r2, #414
 1111 001c 0549     		ldr	r1, .L89+8
 1112 001e 0648     		ldr	r0, .L89+12
 1113              	.LVL109:
 414:Middlewares/Third_Party/LwIP/src/api/api_lib.c **** 
 1114              		.loc 1 414 3 is_stmt 0 discriminator 1 view .LVU314
 1115 0020 FFF7FEFF 		bl	printf
 1116              	.LVL110:
 414:Middlewares/Third_Party/LwIP/src/api/api_lib.c **** 
 1117              		.loc 1 414 3 is_stmt 1 discriminator 1 view .LVU315
 414:Middlewares/Third_Party/LwIP/src/api/api_lib.c **** 
 1118              		.loc 1 414 3 discriminator 1 view .LVU316
 1119 0024 6FF00F00 		mvn	r0, #15
 1120 0028 F2E7     		b	.L86
 1121              	.L90:
 1122 002a 00BF     		.align	2
 1123              	.L89:
 1124 002c 00000000 		.word	lwip_netconn_do_disconnect
 1125 0030 00000000 		.word	.LC0
 1126 0034 00000000 		.word	.LC14
 1127 0038 54000000 		.word	.LC2
 1128              		.cfi_endproc
 1129              	.LFE181:
 1131              		.section	.rodata.netconn_listen_with_backlog.str1.4,"aMS",%progbits,1
 1132              		.align	2
 1133              	.LC15:
 1134 0000 6E657463 		.ascii	"netconn_listen: invalid conn\000"
 1134      6F6E6E5F 
 1134      6C697374 
 1134      656E3A20 
 1134      696E7661 
 1135              		.section	.text.netconn_listen_with_backlog,"ax",%progbits
 1136              		.align	1
 1137              		.global	netconn_listen_with_backlog
 1138              		.syntax unified
ARM GAS  /tmp/ccPDpVkS.s 			page 46


 1139              		.thumb
 1140              		.thumb_func
 1141              		.fpu fpv5-d16
 1143              	netconn_listen_with_backlog:
 1144              	.LVL111:
 1145              	.LFB182:
 435:Middlewares/Third_Party/LwIP/src/api/api_lib.c **** #if LWIP_TCP
 1146              		.loc 1 435 1 view -0
 1147              		.cfi_startproc
 1148              		@ args = 0, pretend = 0, frame = 32
 1149              		@ frame_needed = 0, uses_anonymous_args = 0
 435:Middlewares/Third_Party/LwIP/src/api/api_lib.c **** #if LWIP_TCP
 1150              		.loc 1 435 1 is_stmt 0 view .LVU318
 1151 0000 00B5     		push	{lr}
 1152              	.LCFI35:
 1153              		.cfi_def_cfa_offset 4
 1154              		.cfi_offset 14, -4
 1155 0002 89B0     		sub	sp, sp, #36
 1156              	.LCFI36:
 1157              		.cfi_def_cfa_offset 40
 437:Middlewares/Third_Party/LwIP/src/api/api_lib.c ****   err_t err;
 1158              		.loc 1 437 3 is_stmt 1 view .LVU319
 438:Middlewares/Third_Party/LwIP/src/api/api_lib.c **** 
 1159              		.loc 1 438 3 view .LVU320
 441:Middlewares/Third_Party/LwIP/src/api/api_lib.c **** 
 1160              		.loc 1 441 3 view .LVU321
 443:Middlewares/Third_Party/LwIP/src/api/api_lib.c **** 
 1161              		.loc 1 443 3 view .LVU322
 443:Middlewares/Third_Party/LwIP/src/api/api_lib.c **** 
 1162              		.loc 1 443 3 view .LVU323
 1163 0004 38B1     		cbz	r0, .L95
 443:Middlewares/Third_Party/LwIP/src/api/api_lib.c **** 
 1164              		.loc 1 443 3 discriminator 2 view .LVU324
 443:Middlewares/Third_Party/LwIP/src/api/api_lib.c **** 
 1165              		.loc 1 443 3 discriminator 2 view .LVU325
 445:Middlewares/Third_Party/LwIP/src/api/api_lib.c ****   API_MSG_VAR_REF(msg).conn = conn;
 1166              		.loc 1 445 25 discriminator 2 view .LVU326
 446:Middlewares/Third_Party/LwIP/src/api/api_lib.c **** #if TCP_LISTEN_BACKLOG
 1167              		.loc 1 446 3 discriminator 2 view .LVU327
 446:Middlewares/Third_Party/LwIP/src/api/api_lib.c **** #if TCP_LISTEN_BACKLOG
 1168              		.loc 1 446 29 is_stmt 0 discriminator 2 view .LVU328
 1169 0006 0090     		str	r0, [sp]
 450:Middlewares/Third_Party/LwIP/src/api/api_lib.c ****   API_MSG_VAR_FREE(msg);
 1170              		.loc 1 450 3 is_stmt 1 discriminator 2 view .LVU329
 450:Middlewares/Third_Party/LwIP/src/api/api_lib.c ****   API_MSG_VAR_FREE(msg);
 1171              		.loc 1 450 9 is_stmt 0 discriminator 2 view .LVU330
 1172 0008 6946     		mov	r1, sp
 1173              	.LVL112:
 450:Middlewares/Third_Party/LwIP/src/api/api_lib.c ****   API_MSG_VAR_FREE(msg);
 1174              		.loc 1 450 9 discriminator 2 view .LVU331
 1175 000a 0848     		ldr	r0, .L96
 1176              	.LVL113:
 450:Middlewares/Third_Party/LwIP/src/api/api_lib.c ****   API_MSG_VAR_FREE(msg);
 1177              		.loc 1 450 9 discriminator 2 view .LVU332
 1178 000c FFF7FEFF 		bl	netconn_apimsg
 1179              	.LVL114:
 451:Middlewares/Third_Party/LwIP/src/api/api_lib.c **** 
ARM GAS  /tmp/ccPDpVkS.s 			page 47


 1180              		.loc 1 451 24 is_stmt 1 discriminator 2 view .LVU333
 453:Middlewares/Third_Party/LwIP/src/api/api_lib.c **** #else /* LWIP_TCP */
 1181              		.loc 1 453 3 discriminator 2 view .LVU334
 1182              	.L93:
 459:Middlewares/Third_Party/LwIP/src/api/api_lib.c **** 
 1183              		.loc 1 459 1 is_stmt 0 view .LVU335
 1184 0010 09B0     		add	sp, sp, #36
 1185              	.LCFI37:
 1186              		.cfi_remember_state
 1187              		.cfi_def_cfa_offset 4
 1188              		@ sp needed
 1189 0012 5DF804FB 		ldr	pc, [sp], #4
 1190              	.LVL115:
 1191              	.L95:
 1192              	.LCFI38:
 1193              		.cfi_restore_state
 443:Middlewares/Third_Party/LwIP/src/api/api_lib.c **** 
 1194              		.loc 1 443 3 is_stmt 1 discriminator 1 view .LVU336
 443:Middlewares/Third_Party/LwIP/src/api/api_lib.c **** 
 1195              		.loc 1 443 3 discriminator 1 view .LVU337
 1196 0016 064B     		ldr	r3, .L96+4
 1197 0018 40F2BB12 		movw	r2, #443
 1198 001c 0549     		ldr	r1, .L96+8
 1199              	.LVL116:
 443:Middlewares/Third_Party/LwIP/src/api/api_lib.c **** 
 1200              		.loc 1 443 3 is_stmt 0 discriminator 1 view .LVU338
 1201 001e 0648     		ldr	r0, .L96+12
 1202              	.LVL117:
 443:Middlewares/Third_Party/LwIP/src/api/api_lib.c **** 
 1203              		.loc 1 443 3 discriminator 1 view .LVU339
 1204 0020 FFF7FEFF 		bl	printf
 1205              	.LVL118:
 443:Middlewares/Third_Party/LwIP/src/api/api_lib.c **** 
 1206              		.loc 1 443 3 is_stmt 1 discriminator 1 view .LVU340
 443:Middlewares/Third_Party/LwIP/src/api/api_lib.c **** 
 1207              		.loc 1 443 3 discriminator 1 view .LVU341
 1208 0024 6FF00F00 		mvn	r0, #15
 1209 0028 F2E7     		b	.L93
 1210              	.L97:
 1211 002a 00BF     		.align	2
 1212              	.L96:
 1213 002c 00000000 		.word	lwip_netconn_do_listen
 1214 0030 00000000 		.word	.LC0
 1215 0034 00000000 		.word	.LC15
 1216 0038 54000000 		.word	.LC2
 1217              		.cfi_endproc
 1218              	.LFE182:
 1220              		.section	.text.netconn_tcp_recvd,"ax",%progbits
 1221              		.align	1
 1222              		.global	netconn_tcp_recvd
 1223              		.syntax unified
 1224              		.thumb
 1225              		.thumb_func
 1226              		.fpu fpv5-d16
 1228              	netconn_tcp_recvd:
 1229              	.LVL119:
 1230              	.LFB186:
ARM GAS  /tmp/ccPDpVkS.s 			page 48


 690:Middlewares/Third_Party/LwIP/src/api/api_lib.c ****   err_t err;
 1231              		.loc 1 690 1 view -0
 1232              		.cfi_startproc
 1233              		@ args = 0, pretend = 0, frame = 32
 1234              		@ frame_needed = 0, uses_anonymous_args = 0
 690:Middlewares/Third_Party/LwIP/src/api/api_lib.c ****   err_t err;
 1235              		.loc 1 690 1 is_stmt 0 view .LVU343
 1236 0000 00B5     		push	{lr}
 1237              	.LCFI39:
 1238              		.cfi_def_cfa_offset 4
 1239              		.cfi_offset 14, -4
 1240 0002 89B0     		sub	sp, sp, #36
 1241              	.LCFI40:
 1242              		.cfi_def_cfa_offset 40
 691:Middlewares/Third_Party/LwIP/src/api/api_lib.c ****   API_MSG_VAR_DECLARE(msg);
 1243              		.loc 1 691 3 is_stmt 1 view .LVU344
 692:Middlewares/Third_Party/LwIP/src/api/api_lib.c ****   LWIP_ERROR("netconn_recv_tcp_pbuf: invalid conn", (conn != NULL) &&
 1244              		.loc 1 692 3 view .LVU345
 693:Middlewares/Third_Party/LwIP/src/api/api_lib.c ****              NETCONNTYPE_GROUP(netconn_type(conn)) == NETCONN_TCP, return ERR_ARG;);
 1245              		.loc 1 693 3 view .LVU346
 693:Middlewares/Third_Party/LwIP/src/api/api_lib.c ****              NETCONNTYPE_GROUP(netconn_type(conn)) == NETCONN_TCP, return ERR_ARG;);
 1246              		.loc 1 693 3 view .LVU347
 1247 0004 50B1     		cbz	r0, .L99
 693:Middlewares/Third_Party/LwIP/src/api/api_lib.c ****              NETCONNTYPE_GROUP(netconn_type(conn)) == NETCONN_TCP, return ERR_ARG;);
 1248              		.loc 1 693 3 is_stmt 0 discriminator 2 view .LVU348
 1249 0006 0378     		ldrb	r3, [r0]	@ zero_extendqisi2
 1250 0008 03F0F003 		and	r3, r3, #240
 1251 000c 102B     		cmp	r3, #16
 1252 000e 05D1     		bne	.L99
 693:Middlewares/Third_Party/LwIP/src/api/api_lib.c ****              NETCONNTYPE_GROUP(netconn_type(conn)) == NETCONN_TCP, return ERR_ARG;);
 1253              		.loc 1 693 3 is_stmt 1 discriminator 4 view .LVU349
 693:Middlewares/Third_Party/LwIP/src/api/api_lib.c ****              NETCONNTYPE_GROUP(netconn_type(conn)) == NETCONN_TCP, return ERR_ARG;);
 1254              		.loc 1 693 3 discriminator 4 view .LVU350
 696:Middlewares/Third_Party/LwIP/src/api/api_lib.c ****   err = netconn_tcp_recvd_msg(conn, len, &API_VAR_REF(msg));
 1255              		.loc 1 696 25 discriminator 4 view .LVU351
 697:Middlewares/Third_Party/LwIP/src/api/api_lib.c ****   API_MSG_VAR_FREE(msg);
 1256              		.loc 1 697 3 discriminator 4 view .LVU352
 697:Middlewares/Third_Party/LwIP/src/api/api_lib.c ****   API_MSG_VAR_FREE(msg);
 1257              		.loc 1 697 9 is_stmt 0 discriminator 4 view .LVU353
 1258 0010 6A46     		mov	r2, sp
 1259 0012 FFF7FEFF 		bl	netconn_tcp_recvd_msg
 1260              	.LVL120:
 698:Middlewares/Third_Party/LwIP/src/api/api_lib.c ****   return err;
 1261              		.loc 1 698 24 is_stmt 1 discriminator 4 view .LVU354
 699:Middlewares/Third_Party/LwIP/src/api/api_lib.c **** }
 1262              		.loc 1 699 3 discriminator 4 view .LVU355
 1263              	.L101:
 700:Middlewares/Third_Party/LwIP/src/api/api_lib.c **** 
 1264              		.loc 1 700 1 is_stmt 0 view .LVU356
 1265 0016 09B0     		add	sp, sp, #36
 1266              	.LCFI41:
 1267              		.cfi_remember_state
 1268              		.cfi_def_cfa_offset 4
 1269              		@ sp needed
 1270 0018 5DF804FB 		ldr	pc, [sp], #4
 1271              	.LVL121:
 1272              	.L99:
ARM GAS  /tmp/ccPDpVkS.s 			page 49


 1273              	.LCFI42:
 1274              		.cfi_restore_state
 693:Middlewares/Third_Party/LwIP/src/api/api_lib.c ****              NETCONNTYPE_GROUP(netconn_type(conn)) == NETCONN_TCP, return ERR_ARG;);
 1275              		.loc 1 693 3 is_stmt 1 discriminator 3 view .LVU357
 693:Middlewares/Third_Party/LwIP/src/api/api_lib.c ****              NETCONNTYPE_GROUP(netconn_type(conn)) == NETCONN_TCP, return ERR_ARG;);
 1276              		.loc 1 693 3 discriminator 3 view .LVU358
 1277 001c 044B     		ldr	r3, .L103
 1278 001e 40F2B522 		movw	r2, #693
 1279 0022 0449     		ldr	r1, .L103+4
 1280              	.LVL122:
 693:Middlewares/Third_Party/LwIP/src/api/api_lib.c ****              NETCONNTYPE_GROUP(netconn_type(conn)) == NETCONN_TCP, return ERR_ARG;);
 1281              		.loc 1 693 3 is_stmt 0 discriminator 3 view .LVU359
 1282 0024 0448     		ldr	r0, .L103+8
 1283              	.LVL123:
 693:Middlewares/Third_Party/LwIP/src/api/api_lib.c ****              NETCONNTYPE_GROUP(netconn_type(conn)) == NETCONN_TCP, return ERR_ARG;);
 1284              		.loc 1 693 3 discriminator 3 view .LVU360
 1285 0026 FFF7FEFF 		bl	printf
 1286              	.LVL124:
 693:Middlewares/Third_Party/LwIP/src/api/api_lib.c ****              NETCONNTYPE_GROUP(netconn_type(conn)) == NETCONN_TCP, return ERR_ARG;);
 1287              		.loc 1 693 3 is_stmt 1 discriminator 3 view .LVU361
 693:Middlewares/Third_Party/LwIP/src/api/api_lib.c ****              NETCONNTYPE_GROUP(netconn_type(conn)) == NETCONN_TCP, return ERR_ARG;);
 1288              		.loc 1 693 3 discriminator 3 view .LVU362
 1289 002a 6FF00F00 		mvn	r0, #15
 1290 002e F2E7     		b	.L101
 1291              	.L104:
 1292              		.align	2
 1293              	.L103:
 1294 0030 00000000 		.word	.LC0
 1295 0034 30000000 		.word	.LC1
 1296 0038 54000000 		.word	.LC2
 1297              		.cfi_endproc
 1298              	.LFE186:
 1300              		.section	.rodata.netconn_send.str1.4,"aMS",%progbits,1
 1301              		.align	2
 1302              	.LC16:
 1303 0000 6E657463 		.ascii	"netconn_send: invalid conn\000"
 1303      6F6E6E5F 
 1303      73656E64 
 1303      3A20696E 
 1303      76616C69 
 1304              		.section	.text.netconn_send,"ax",%progbits
 1305              		.align	1
 1306              		.global	netconn_send
 1307              		.syntax unified
 1308              		.thumb
 1309              		.thumb_func
 1310              		.fpu fpv5-d16
 1312              	netconn_send:
 1313              	.LVL125:
 1314              	.LFB194:
 942:Middlewares/Third_Party/LwIP/src/api/api_lib.c ****   API_MSG_VAR_DECLARE(msg);
 1315              		.loc 1 942 1 view -0
 1316              		.cfi_startproc
 1317              		@ args = 0, pretend = 0, frame = 32
 1318              		@ frame_needed = 0, uses_anonymous_args = 0
 942:Middlewares/Third_Party/LwIP/src/api/api_lib.c ****   API_MSG_VAR_DECLARE(msg);
 1319              		.loc 1 942 1 is_stmt 0 view .LVU364
ARM GAS  /tmp/ccPDpVkS.s 			page 50


 1320 0000 00B5     		push	{lr}
 1321              	.LCFI43:
 1322              		.cfi_def_cfa_offset 4
 1323              		.cfi_offset 14, -4
 1324 0002 89B0     		sub	sp, sp, #36
 1325              	.LCFI44:
 1326              		.cfi_def_cfa_offset 40
 943:Middlewares/Third_Party/LwIP/src/api/api_lib.c ****   err_t err;
 1327              		.loc 1 943 3 is_stmt 1 view .LVU365
 944:Middlewares/Third_Party/LwIP/src/api/api_lib.c **** 
 1328              		.loc 1 944 3 view .LVU366
 946:Middlewares/Third_Party/LwIP/src/api/api_lib.c **** 
 1329              		.loc 1 946 3 view .LVU367
 946:Middlewares/Third_Party/LwIP/src/api/api_lib.c **** 
 1330              		.loc 1 946 3 view .LVU368
 1331 0004 40B1     		cbz	r0, .L109
 946:Middlewares/Third_Party/LwIP/src/api/api_lib.c **** 
 1332              		.loc 1 946 3 discriminator 2 view .LVU369
 946:Middlewares/Third_Party/LwIP/src/api/api_lib.c **** 
 1333              		.loc 1 946 3 discriminator 2 view .LVU370
 948:Middlewares/Third_Party/LwIP/src/api/api_lib.c **** 
 1334              		.loc 1 948 90 discriminator 2 view .LVU371
 950:Middlewares/Third_Party/LwIP/src/api/api_lib.c ****   API_MSG_VAR_REF(msg).conn = conn;
 1335              		.loc 1 950 25 discriminator 2 view .LVU372
 951:Middlewares/Third_Party/LwIP/src/api/api_lib.c ****   API_MSG_VAR_REF(msg).msg.b = buf;
 1336              		.loc 1 951 3 discriminator 2 view .LVU373
 951:Middlewares/Third_Party/LwIP/src/api/api_lib.c ****   API_MSG_VAR_REF(msg).msg.b = buf;
 1337              		.loc 1 951 29 is_stmt 0 discriminator 2 view .LVU374
 1338 0006 0090     		str	r0, [sp]
 952:Middlewares/Third_Party/LwIP/src/api/api_lib.c ****   err = netconn_apimsg(lwip_netconn_do_send, &API_MSG_VAR_REF(msg));
 1339              		.loc 1 952 3 is_stmt 1 discriminator 2 view .LVU375
 952:Middlewares/Third_Party/LwIP/src/api/api_lib.c ****   err = netconn_apimsg(lwip_netconn_do_send, &API_MSG_VAR_REF(msg));
 1340              		.loc 1 952 30 is_stmt 0 discriminator 2 view .LVU376
 1341 0008 0291     		str	r1, [sp, #8]
 953:Middlewares/Third_Party/LwIP/src/api/api_lib.c ****   API_MSG_VAR_FREE(msg);
 1342              		.loc 1 953 3 is_stmt 1 discriminator 2 view .LVU377
 953:Middlewares/Third_Party/LwIP/src/api/api_lib.c ****   API_MSG_VAR_FREE(msg);
 1343              		.loc 1 953 9 is_stmt 0 discriminator 2 view .LVU378
 1344 000a 6946     		mov	r1, sp
 1345              	.LVL126:
 953:Middlewares/Third_Party/LwIP/src/api/api_lib.c ****   API_MSG_VAR_FREE(msg);
 1346              		.loc 1 953 9 discriminator 2 view .LVU379
 1347 000c 0748     		ldr	r0, .L110
 1348              	.LVL127:
 953:Middlewares/Third_Party/LwIP/src/api/api_lib.c ****   API_MSG_VAR_FREE(msg);
 1349              		.loc 1 953 9 discriminator 2 view .LVU380
 1350 000e FFF7FEFF 		bl	netconn_apimsg
 1351              	.LVL128:
 954:Middlewares/Third_Party/LwIP/src/api/api_lib.c **** 
 1352              		.loc 1 954 24 is_stmt 1 discriminator 2 view .LVU381
 956:Middlewares/Third_Party/LwIP/src/api/api_lib.c **** }
 1353              		.loc 1 956 3 discriminator 2 view .LVU382
 1354              	.L107:
 957:Middlewares/Third_Party/LwIP/src/api/api_lib.c **** 
 1355              		.loc 1 957 1 is_stmt 0 view .LVU383
 1356 0012 09B0     		add	sp, sp, #36
 1357              	.LCFI45:
ARM GAS  /tmp/ccPDpVkS.s 			page 51


 1358              		.cfi_remember_state
 1359              		.cfi_def_cfa_offset 4
 1360              		@ sp needed
 1361 0014 5DF804FB 		ldr	pc, [sp], #4
 1362              	.LVL129:
 1363              	.L109:
 1364              	.LCFI46:
 1365              		.cfi_restore_state
 946:Middlewares/Third_Party/LwIP/src/api/api_lib.c **** 
 1366              		.loc 1 946 3 is_stmt 1 discriminator 1 view .LVU384
 946:Middlewares/Third_Party/LwIP/src/api/api_lib.c **** 
 1367              		.loc 1 946 3 discriminator 1 view .LVU385
 1368 0018 054B     		ldr	r3, .L110+4
 1369 001a 40F2B232 		movw	r2, #946
 1370 001e 0549     		ldr	r1, .L110+8
 1371              	.LVL130:
 946:Middlewares/Third_Party/LwIP/src/api/api_lib.c **** 
 1372              		.loc 1 946 3 is_stmt 0 discriminator 1 view .LVU386
 1373 0020 0548     		ldr	r0, .L110+12
 1374              	.LVL131:
 946:Middlewares/Third_Party/LwIP/src/api/api_lib.c **** 
 1375              		.loc 1 946 3 discriminator 1 view .LVU387
 1376 0022 FFF7FEFF 		bl	printf
 1377              	.LVL132:
 946:Middlewares/Third_Party/LwIP/src/api/api_lib.c **** 
 1378              		.loc 1 946 3 is_stmt 1 discriminator 1 view .LVU388
 946:Middlewares/Third_Party/LwIP/src/api/api_lib.c **** 
 1379              		.loc 1 946 3 discriminator 1 view .LVU389
 1380 0026 6FF00F00 		mvn	r0, #15
 1381 002a F2E7     		b	.L107
 1382              	.L111:
 1383              		.align	2
 1384              	.L110:
 1385 002c 00000000 		.word	lwip_netconn_do_send
 1386 0030 00000000 		.word	.LC0
 1387 0034 00000000 		.word	.LC16
 1388 0038 54000000 		.word	.LC2
 1389              		.cfi_endproc
 1390              	.LFE194:
 1392              		.section	.text.netconn_sendto,"ax",%progbits
 1393              		.align	1
 1394              		.global	netconn_sendto
 1395              		.syntax unified
 1396              		.thumb
 1397              		.thumb_func
 1398              		.fpu fpv5-d16
 1400              	netconn_sendto:
 1401              	.LVL133:
 1402              	.LFB193:
 923:Middlewares/Third_Party/LwIP/src/api/api_lib.c ****   if (buf != NULL) {
 1403              		.loc 1 923 1 view -0
 1404              		.cfi_startproc
 1405              		@ args = 0, pretend = 0, frame = 0
 1406              		@ frame_needed = 0, uses_anonymous_args = 0
 924:Middlewares/Third_Party/LwIP/src/api/api_lib.c ****     ip_addr_set(&buf->addr, addr);
 1407              		.loc 1 924 3 view .LVU391
 924:Middlewares/Third_Party/LwIP/src/api/api_lib.c ****     ip_addr_set(&buf->addr, addr);
ARM GAS  /tmp/ccPDpVkS.s 			page 52


 1408              		.loc 1 924 6 is_stmt 0 view .LVU392
 1409 0000 69B1     		cbz	r1, .L115
 923:Middlewares/Third_Party/LwIP/src/api/api_lib.c ****   if (buf != NULL) {
 1410              		.loc 1 923 1 view .LVU393
 1411 0002 08B5     		push	{r3, lr}
 1412              	.LCFI47:
 1413              		.cfi_def_cfa_offset 8
 1414              		.cfi_offset 3, -8
 1415              		.cfi_offset 14, -4
 1416 0004 8C46     		mov	ip, r1
 925:Middlewares/Third_Party/LwIP/src/api/api_lib.c ****     buf->port = port;
 1417              		.loc 1 925 5 is_stmt 1 view .LVU394
 1418 0006 42B1     		cbz	r2, .L116
 925:Middlewares/Third_Party/LwIP/src/api/api_lib.c ****     buf->port = port;
 1419              		.loc 1 925 5 is_stmt 0 discriminator 1 view .LVU395
 1420 0008 1268     		ldr	r2, [r2]
 1421              	.LVL134:
 1422              	.L114:
 925:Middlewares/Third_Party/LwIP/src/api/api_lib.c ****     buf->port = port;
 1423              		.loc 1 925 5 discriminator 4 view .LVU396
 1424 000a CCF80820 		str	r2, [ip, #8]
 926:Middlewares/Third_Party/LwIP/src/api/api_lib.c ****     return netconn_send(conn, buf);
 1425              		.loc 1 926 5 is_stmt 1 discriminator 4 view .LVU397
 926:Middlewares/Third_Party/LwIP/src/api/api_lib.c ****     return netconn_send(conn, buf);
 1426              		.loc 1 926 15 is_stmt 0 discriminator 4 view .LVU398
 1427 000e ACF80C30 		strh	r3, [ip, #12]	@ movhi
 927:Middlewares/Third_Party/LwIP/src/api/api_lib.c ****   }
 1428              		.loc 1 927 5 is_stmt 1 discriminator 4 view .LVU399
 927:Middlewares/Third_Party/LwIP/src/api/api_lib.c ****   }
 1429              		.loc 1 927 12 is_stmt 0 discriminator 4 view .LVU400
 1430 0012 6146     		mov	r1, ip
 1431              	.LVL135:
 927:Middlewares/Third_Party/LwIP/src/api/api_lib.c ****   }
 1432              		.loc 1 927 12 discriminator 4 view .LVU401
 1433 0014 FFF7FEFF 		bl	netconn_send
 1434              	.LVL136:
 930:Middlewares/Third_Party/LwIP/src/api/api_lib.c **** 
 1435              		.loc 1 930 1 discriminator 4 view .LVU402
 1436 0018 08BD     		pop	{r3, pc}
 1437              	.LVL137:
 1438              	.L116:
 925:Middlewares/Third_Party/LwIP/src/api/api_lib.c ****     buf->port = port;
 1439              		.loc 1 925 5 view .LVU403
 1440 001a 0022     		movs	r2, #0
 1441              	.LVL138:
 925:Middlewares/Third_Party/LwIP/src/api/api_lib.c ****     buf->port = port;
 1442              		.loc 1 925 5 view .LVU404
 1443 001c F5E7     		b	.L114
 1444              	.LVL139:
 1445              	.L115:
 1446              	.LCFI48:
 1447              		.cfi_def_cfa_offset 0
 1448              		.cfi_restore 3
 1449              		.cfi_restore 14
 929:Middlewares/Third_Party/LwIP/src/api/api_lib.c **** }
 1450              		.loc 1 929 10 view .LVU405
 1451 001e 6FF00500 		mvn	r0, #5
ARM GAS  /tmp/ccPDpVkS.s 			page 53


 1452              	.LVL140:
 930:Middlewares/Third_Party/LwIP/src/api/api_lib.c **** 
 1453              		.loc 1 930 1 view .LVU406
 1454 0022 7047     		bx	lr
 1455              		.cfi_endproc
 1456              	.LFE193:
 1458              		.section	.rodata.netconn_write_vectors_partly.str1.4,"aMS",%progbits,1
 1459              		.align	2
 1460              	.LC17:
 1461 0000 6E657463 		.ascii	"netconn_write: invalid conn\000"
 1461      6F6E6E5F 
 1461      77726974 
 1461      653A2069 
 1461      6E76616C 
 1462              		.align	2
 1463              	.LC18:
 1464 001c 6E657463 		.ascii	"netconn_write: invalid conn->type\000"
 1464      6F6E6E5F 
 1464      77726974 
 1464      653A2069 
 1464      6E76616C 
 1465 003e 0000     		.align	2
 1466              	.LC19:
 1467 0040 646F5F77 		.ascii	"do_write failed to write all bytes\000"
 1467      72697465 
 1467      20666169 
 1467      6C656420 
 1467      746F2077 
 1468              		.section	.text.netconn_write_vectors_partly,"ax",%progbits
 1469              		.align	1
 1470              		.global	netconn_write_vectors_partly
 1471              		.syntax unified
 1472              		.thumb
 1473              		.thumb_func
 1474              		.fpu fpv5-d16
 1476              	netconn_write_vectors_partly:
 1477              	.LVL141:
 1478              	.LFB196:
 999:Middlewares/Third_Party/LwIP/src/api/api_lib.c ****   API_MSG_VAR_DECLARE(msg);
 1479              		.loc 1 999 1 is_stmt 1 view -0
 1480              		.cfi_startproc
 1481              		@ args = 4, pretend = 0, frame = 32
 1482              		@ frame_needed = 0, uses_anonymous_args = 0
 999:Middlewares/Third_Party/LwIP/src/api/api_lib.c ****   API_MSG_VAR_DECLARE(msg);
 1483              		.loc 1 999 1 is_stmt 0 view .LVU408
 1484 0000 F0B5     		push	{r4, r5, r6, r7, lr}
 1485              	.LCFI49:
 1486              		.cfi_def_cfa_offset 20
 1487              		.cfi_offset 4, -20
 1488              		.cfi_offset 5, -16
 1489              		.cfi_offset 6, -12
 1490              		.cfi_offset 7, -8
 1491              		.cfi_offset 14, -4
 1492 0002 89B0     		sub	sp, sp, #36
 1493              	.LCFI50:
 1494              		.cfi_def_cfa_offset 56
 1495 0004 0E9E     		ldr	r6, [sp, #56]
ARM GAS  /tmp/ccPDpVkS.s 			page 54


1000:Middlewares/Third_Party/LwIP/src/api/api_lib.c ****   err_t err;
 1496              		.loc 1 1000 3 is_stmt 1 view .LVU409
1001:Middlewares/Third_Party/LwIP/src/api/api_lib.c ****   u8_t dontblock;
 1497              		.loc 1 1001 3 view .LVU410
1002:Middlewares/Third_Party/LwIP/src/api/api_lib.c ****   size_t size;
 1498              		.loc 1 1002 3 view .LVU411
1003:Middlewares/Third_Party/LwIP/src/api/api_lib.c ****   int i;
 1499              		.loc 1 1003 3 view .LVU412
1004:Middlewares/Third_Party/LwIP/src/api/api_lib.c **** 
 1500              		.loc 1 1004 3 view .LVU413
1006:Middlewares/Third_Party/LwIP/src/api/api_lib.c ****   LWIP_ERROR("netconn_write: invalid conn->type",  (NETCONNTYPE_GROUP(conn->type) == NETCONN_TCP), 
 1501              		.loc 1 1006 3 view .LVU414
1006:Middlewares/Third_Party/LwIP/src/api/api_lib.c ****   LWIP_ERROR("netconn_write: invalid conn->type",  (NETCONNTYPE_GROUP(conn->type) == NETCONN_TCP), 
 1502              		.loc 1 1006 3 view .LVU415
 1503 0006 78B1     		cbz	r0, .L137
 1504 0008 8446     		mov	ip, r0
1006:Middlewares/Third_Party/LwIP/src/api/api_lib.c ****   LWIP_ERROR("netconn_write: invalid conn->type",  (NETCONNTYPE_GROUP(conn->type) == NETCONN_TCP), 
 1505              		.loc 1 1006 3 discriminator 2 view .LVU416
1006:Middlewares/Third_Party/LwIP/src/api/api_lib.c ****   LWIP_ERROR("netconn_write: invalid conn->type",  (NETCONNTYPE_GROUP(conn->type) == NETCONN_TCP), 
 1506              		.loc 1 1006 3 discriminator 2 view .LVU417
1007:Middlewares/Third_Party/LwIP/src/api/api_lib.c ****   dontblock = netconn_is_nonblocking(conn) || (apiflags & NETCONN_DONTBLOCK);
 1507              		.loc 1 1007 3 discriminator 2 view .LVU418
1007:Middlewares/Third_Party/LwIP/src/api/api_lib.c ****   dontblock = netconn_is_nonblocking(conn) || (apiflags & NETCONN_DONTBLOCK);
 1508              		.loc 1 1007 3 discriminator 2 view .LVU419
 1509 000a 0078     		ldrb	r0, [r0]	@ zero_extendqisi2
 1510              	.LVL142:
1007:Middlewares/Third_Party/LwIP/src/api/api_lib.c ****   dontblock = netconn_is_nonblocking(conn) || (apiflags & NETCONN_DONTBLOCK);
 1511              		.loc 1 1007 3 is_stmt 0 discriminator 2 view .LVU420
 1512 000c 00F0F000 		and	r0, r0, #240
 1513 0010 1028     		cmp	r0, #16
 1514 0012 13D1     		bne	.L138
1007:Middlewares/Third_Party/LwIP/src/api/api_lib.c ****   dontblock = netconn_is_nonblocking(conn) || (apiflags & NETCONN_DONTBLOCK);
 1515              		.loc 1 1007 3 is_stmt 1 discriminator 2 view .LVU421
1007:Middlewares/Third_Party/LwIP/src/api/api_lib.c ****   dontblock = netconn_is_nonblocking(conn) || (apiflags & NETCONN_DONTBLOCK);
 1516              		.loc 1 1007 3 discriminator 2 view .LVU422
1008:Middlewares/Third_Party/LwIP/src/api/api_lib.c **** #if LWIP_SO_SNDTIMEO
 1517              		.loc 1 1008 3 discriminator 2 view .LVU423
1008:Middlewares/Third_Party/LwIP/src/api/api_lib.c **** #if LWIP_SO_SNDTIMEO
 1518              		.loc 1 1008 15 is_stmt 0 discriminator 2 view .LVU424
 1519 0014 9CF81C00 		ldrb	r0, [ip, #28]	@ zero_extendqisi2
1008:Middlewares/Third_Party/LwIP/src/api/api_lib.c **** #if LWIP_SO_SNDTIMEO
 1520              		.loc 1 1008 44 discriminator 2 view .LVU425
 1521 0018 10F0020F 		tst	r0, #2
 1522 001c 18D1     		bne	.L130
 1523 001e 13F0040F 		tst	r3, #4
 1524 0022 28D0     		beq	.L131
1008:Middlewares/Third_Party/LwIP/src/api/api_lib.c **** #if LWIP_SO_SNDTIMEO
 1525              		.loc 1 1008 44 view .LVU426
 1526 0024 0120     		movs	r0, #1
 1527 0026 14E0     		b	.L125
 1528              	.LVL143:
 1529              	.L137:
1006:Middlewares/Third_Party/LwIP/src/api/api_lib.c ****   LWIP_ERROR("netconn_write: invalid conn->type",  (NETCONNTYPE_GROUP(conn->type) == NETCONN_TCP), 
 1530              		.loc 1 1006 3 is_stmt 1 discriminator 1 view .LVU427
1006:Middlewares/Third_Party/LwIP/src/api/api_lib.c ****   LWIP_ERROR("netconn_write: invalid conn->type",  (NETCONNTYPE_GROUP(conn->type) == NETCONN_TCP), 
 1531              		.loc 1 1006 3 discriminator 1 view .LVU428
 1532 0028 2D4B     		ldr	r3, .L140
ARM GAS  /tmp/ccPDpVkS.s 			page 55


 1533              	.LVL144:
1006:Middlewares/Third_Party/LwIP/src/api/api_lib.c ****   LWIP_ERROR("netconn_write: invalid conn->type",  (NETCONNTYPE_GROUP(conn->type) == NETCONN_TCP), 
 1534              		.loc 1 1006 3 is_stmt 0 discriminator 1 view .LVU429
 1535 002a 40F2EE32 		movw	r2, #1006
 1536              	.LVL145:
1006:Middlewares/Third_Party/LwIP/src/api/api_lib.c ****   LWIP_ERROR("netconn_write: invalid conn->type",  (NETCONNTYPE_GROUP(conn->type) == NETCONN_TCP), 
 1537              		.loc 1 1006 3 discriminator 1 view .LVU430
 1538 002e 2D49     		ldr	r1, .L140+4
 1539              	.LVL146:
1006:Middlewares/Third_Party/LwIP/src/api/api_lib.c ****   LWIP_ERROR("netconn_write: invalid conn->type",  (NETCONNTYPE_GROUP(conn->type) == NETCONN_TCP), 
 1540              		.loc 1 1006 3 discriminator 1 view .LVU431
 1541 0030 2D48     		ldr	r0, .L140+8
 1542              	.LVL147:
1006:Middlewares/Third_Party/LwIP/src/api/api_lib.c ****   LWIP_ERROR("netconn_write: invalid conn->type",  (NETCONNTYPE_GROUP(conn->type) == NETCONN_TCP), 
 1543              		.loc 1 1006 3 discriminator 1 view .LVU432
 1544 0032 FFF7FEFF 		bl	printf
 1545              	.LVL148:
1006:Middlewares/Third_Party/LwIP/src/api/api_lib.c ****   LWIP_ERROR("netconn_write: invalid conn->type",  (NETCONNTYPE_GROUP(conn->type) == NETCONN_TCP), 
 1546              		.loc 1 1006 3 is_stmt 1 discriminator 1 view .LVU433
1006:Middlewares/Third_Party/LwIP/src/api/api_lib.c ****   LWIP_ERROR("netconn_write: invalid conn->type",  (NETCONNTYPE_GROUP(conn->type) == NETCONN_TCP), 
 1547              		.loc 1 1006 3 discriminator 1 view .LVU434
 1548 0036 6FF00F05 		mvn	r5, #15
 1549 003a 49E0     		b	.L123
 1550              	.LVL149:
 1551              	.L138:
1007:Middlewares/Third_Party/LwIP/src/api/api_lib.c ****   dontblock = netconn_is_nonblocking(conn) || (apiflags & NETCONN_DONTBLOCK);
 1552              		.loc 1 1007 3 discriminator 1 view .LVU435
1007:Middlewares/Third_Party/LwIP/src/api/api_lib.c ****   dontblock = netconn_is_nonblocking(conn) || (apiflags & NETCONN_DONTBLOCK);
 1553              		.loc 1 1007 3 discriminator 1 view .LVU436
 1554 003c 284B     		ldr	r3, .L140
 1555              	.LVL150:
1007:Middlewares/Third_Party/LwIP/src/api/api_lib.c ****   dontblock = netconn_is_nonblocking(conn) || (apiflags & NETCONN_DONTBLOCK);
 1556              		.loc 1 1007 3 is_stmt 0 discriminator 1 view .LVU437
 1557 003e 40F2EF32 		movw	r2, #1007
 1558              	.LVL151:
1007:Middlewares/Third_Party/LwIP/src/api/api_lib.c ****   dontblock = netconn_is_nonblocking(conn) || (apiflags & NETCONN_DONTBLOCK);
 1559              		.loc 1 1007 3 discriminator 1 view .LVU438
 1560 0042 2A49     		ldr	r1, .L140+12
 1561              	.LVL152:
1007:Middlewares/Third_Party/LwIP/src/api/api_lib.c ****   dontblock = netconn_is_nonblocking(conn) || (apiflags & NETCONN_DONTBLOCK);
 1562              		.loc 1 1007 3 discriminator 1 view .LVU439
 1563 0044 2848     		ldr	r0, .L140+8
 1564 0046 FFF7FEFF 		bl	printf
 1565              	.LVL153:
1007:Middlewares/Third_Party/LwIP/src/api/api_lib.c ****   dontblock = netconn_is_nonblocking(conn) || (apiflags & NETCONN_DONTBLOCK);
 1566              		.loc 1 1007 3 is_stmt 1 discriminator 1 view .LVU440
1007:Middlewares/Third_Party/LwIP/src/api/api_lib.c ****   dontblock = netconn_is_nonblocking(conn) || (apiflags & NETCONN_DONTBLOCK);
 1567              		.loc 1 1007 3 discriminator 1 view .LVU441
 1568 004a 6FF00505 		mvn	r5, #5
 1569 004e 3FE0     		b	.L123
 1570              	.LVL154:
 1571              	.L130:
1008:Middlewares/Third_Party/LwIP/src/api/api_lib.c **** #if LWIP_SO_SNDTIMEO
 1572              		.loc 1 1008 44 is_stmt 0 view .LVU442
 1573 0050 0120     		movs	r0, #1
 1574              	.L125:
 1575              	.LVL155:
ARM GAS  /tmp/ccPDpVkS.s 			page 56


1014:Middlewares/Third_Party/LwIP/src/api/api_lib.c ****     /* This implies netconn_write() cannot be used for non-blocking send, since
 1576              		.loc 1 1014 3 is_stmt 1 discriminator 6 view .LVU443
1014:Middlewares/Third_Party/LwIP/src/api/api_lib.c ****     /* This implies netconn_write() cannot be used for non-blocking send, since
 1577              		.loc 1 1014 7 is_stmt 0 discriminator 6 view .LVU444
 1578 0052 00F0FF07 		and	r7, r0, #255
1014:Middlewares/Third_Party/LwIP/src/api/api_lib.c ****     /* This implies netconn_write() cannot be used for non-blocking send, since
 1579              		.loc 1 1014 17 discriminator 6 view .LVU445
 1580 0056 002E     		cmp	r6, #0
 1581 0058 14BF     		ite	ne
 1582 005a 0020     		movne	r0, #0
 1583 005c 00F00100 		andeq	r0, r0, #1
 1584              	.LVL156:
1014:Middlewares/Third_Party/LwIP/src/api/api_lib.c ****     /* This implies netconn_write() cannot be used for non-blocking send, since
 1585              		.loc 1 1014 6 discriminator 6 view .LVU446
 1586 0060 88BB     		cbnz	r0, .L132
1021:Middlewares/Third_Party/LwIP/src/api/api_lib.c ****   for (i = 0; i < vectorcnt; i++) {
 1587              		.loc 1 1021 8 view .LVU447
 1588 0062 0446     		mov	r4, r0
 1589              	.L126:
 1590              	.LVL157:
1022:Middlewares/Third_Party/LwIP/src/api/api_lib.c ****     size += vectors[i].len;
 1591              		.loc 1 1022 15 is_stmt 1 discriminator 1 view .LVU448
1022:Middlewares/Third_Party/LwIP/src/api/api_lib.c ****     size += vectors[i].len;
 1592              		.loc 1 1022 3 is_stmt 0 discriminator 1 view .LVU449
 1593 0064 8242     		cmp	r2, r0
 1594 0066 08DD     		ble	.L139
1023:Middlewares/Third_Party/LwIP/src/api/api_lib.c ****     if (size < vectors[i].len) {
 1595              		.loc 1 1023 5 is_stmt 1 view .LVU450
1023:Middlewares/Third_Party/LwIP/src/api/api_lib.c ****     if (size < vectors[i].len) {
 1596              		.loc 1 1023 20 is_stmt 0 view .LVU451
 1597 0068 01EBC005 		add	r5, r1, r0, lsl #3
1023:Middlewares/Third_Party/LwIP/src/api/api_lib.c ****     if (size < vectors[i].len) {
 1598              		.loc 1 1023 23 view .LVU452
 1599 006c 6D68     		ldr	r5, [r5, #4]
 1600              	.LVL158:
1024:Middlewares/Third_Party/LwIP/src/api/api_lib.c ****       /* overflow */
 1601              		.loc 1 1024 5 is_stmt 1 view .LVU453
1024:Middlewares/Third_Party/LwIP/src/api/api_lib.c ****       /* overflow */
 1602              		.loc 1 1024 8 is_stmt 0 view .LVU454
 1603 006e 6419     		adds	r4, r4, r5
 1604              	.LVL159:
1024:Middlewares/Third_Party/LwIP/src/api/api_lib.c ****       /* overflow */
 1605              		.loc 1 1024 8 view .LVU455
 1606 0070 2CD2     		bcs	.L133
1022:Middlewares/Third_Party/LwIP/src/api/api_lib.c ****     size += vectors[i].len;
 1607              		.loc 1 1022 30 is_stmt 1 discriminator 2 view .LVU456
1022:Middlewares/Third_Party/LwIP/src/api/api_lib.c ****     size += vectors[i].len;
 1608              		.loc 1 1022 31 is_stmt 0 discriminator 2 view .LVU457
 1609 0072 0130     		adds	r0, r0, #1
 1610              	.LVL160:
1022:Middlewares/Third_Party/LwIP/src/api/api_lib.c ****     size += vectors[i].len;
 1611              		.loc 1 1022 31 discriminator 2 view .LVU458
 1612 0074 F6E7     		b	.L126
 1613              	.LVL161:
 1614              	.L131:
1008:Middlewares/Third_Party/LwIP/src/api/api_lib.c **** #if LWIP_SO_SNDTIMEO
 1615              		.loc 1 1008 44 view .LVU459
ARM GAS  /tmp/ccPDpVkS.s 			page 57


 1616 0076 0020     		movs	r0, #0
 1617 0078 EBE7     		b	.L125
 1618              	.LVL162:
 1619              	.L139:
1029:Middlewares/Third_Party/LwIP/src/api/api_lib.c ****     return ERR_OK;
 1620              		.loc 1 1029 3 is_stmt 1 view .LVU460
1029:Middlewares/Third_Party/LwIP/src/api/api_lib.c ****     return ERR_OK;
 1621              		.loc 1 1029 6 is_stmt 0 view .LVU461
 1622 007a 64B3     		cbz	r4, .L134
1031:Middlewares/Third_Party/LwIP/src/api/api_lib.c ****     ssize_t limited;
 1623              		.loc 1 1031 10 is_stmt 1 view .LVU462
1031:Middlewares/Third_Party/LwIP/src/api/api_lib.c ****     ssize_t limited;
 1624              		.loc 1 1031 13 is_stmt 0 view .LVU463
 1625 007c 002C     		cmp	r4, #0
 1626 007e 02DA     		bge	.L128
 1627              	.LBB4:
1032:Middlewares/Third_Party/LwIP/src/api/api_lib.c ****     /* this is required by the socket layer (cannot send full size_t range) */
 1628              		.loc 1 1032 5 is_stmt 1 view .LVU464
1034:Middlewares/Third_Party/LwIP/src/api/api_lib.c ****       return ERR_VAL;
 1629              		.loc 1 1034 5 view .LVU465
1034:Middlewares/Third_Party/LwIP/src/api/api_lib.c ****       return ERR_VAL;
 1630              		.loc 1 1034 8 is_stmt 0 view .LVU466
 1631 0080 5EB3     		cbz	r6, .L135
1039:Middlewares/Third_Party/LwIP/src/api/api_lib.c ****   }
 1632              		.loc 1 1039 10 view .LVU467
 1633 0082 6FF00044 		mvn	r4, #-2147483648
 1634              	.LVL163:
 1635              	.L128:
1039:Middlewares/Third_Party/LwIP/src/api/api_lib.c ****   }
 1636              		.loc 1 1039 10 view .LVU468
 1637              	.LBE4:
1042:Middlewares/Third_Party/LwIP/src/api/api_lib.c ****   /* non-blocking write sends as much  */
 1638              		.loc 1 1042 25 is_stmt 1 view .LVU469
1044:Middlewares/Third_Party/LwIP/src/api/api_lib.c ****   API_MSG_VAR_REF(msg).msg.w.vector = vectors;
 1639              		.loc 1 1044 3 view .LVU470
1044:Middlewares/Third_Party/LwIP/src/api/api_lib.c ****   API_MSG_VAR_REF(msg).msg.w.vector = vectors;
 1640              		.loc 1 1044 29 is_stmt 0 view .LVU471
 1641 0086 CDF800C0 		str	ip, [sp]
1045:Middlewares/Third_Party/LwIP/src/api/api_lib.c ****   API_MSG_VAR_REF(msg).msg.w.vector_cnt = vectorcnt;
 1642              		.loc 1 1045 3 is_stmt 1 view .LVU472
1045:Middlewares/Third_Party/LwIP/src/api/api_lib.c ****   API_MSG_VAR_REF(msg).msg.w.vector_cnt = vectorcnt;
 1643              		.loc 1 1045 37 is_stmt 0 view .LVU473
 1644 008a 0291     		str	r1, [sp, #8]
1046:Middlewares/Third_Party/LwIP/src/api/api_lib.c ****   API_MSG_VAR_REF(msg).msg.w.vector_off = 0;
 1645              		.loc 1 1046 3 is_stmt 1 view .LVU474
1046:Middlewares/Third_Party/LwIP/src/api/api_lib.c ****   API_MSG_VAR_REF(msg).msg.w.vector_off = 0;
 1646              		.loc 1 1046 41 is_stmt 0 view .LVU475
 1647 008c ADF80C20 		strh	r2, [sp, #12]	@ movhi
1047:Middlewares/Third_Party/LwIP/src/api/api_lib.c ****   API_MSG_VAR_REF(msg).msg.w.apiflags = apiflags;
 1648              		.loc 1 1047 3 is_stmt 1 view .LVU476
1047:Middlewares/Third_Party/LwIP/src/api/api_lib.c ****   API_MSG_VAR_REF(msg).msg.w.apiflags = apiflags;
 1649              		.loc 1 1047 41 is_stmt 0 view .LVU477
 1650 0090 0022     		movs	r2, #0
 1651              	.LVL164:
1047:Middlewares/Third_Party/LwIP/src/api/api_lib.c ****   API_MSG_VAR_REF(msg).msg.w.apiflags = apiflags;
 1652              		.loc 1 1047 41 view .LVU478
 1653 0092 0492     		str	r2, [sp, #16]
ARM GAS  /tmp/ccPDpVkS.s 			page 58


1048:Middlewares/Third_Party/LwIP/src/api/api_lib.c ****   API_MSG_VAR_REF(msg).msg.w.len = size;
 1654              		.loc 1 1048 3 is_stmt 1 view .LVU479
1048:Middlewares/Third_Party/LwIP/src/api/api_lib.c ****   API_MSG_VAR_REF(msg).msg.w.len = size;
 1655              		.loc 1 1048 39 is_stmt 0 view .LVU480
 1656 0094 8DF81C30 		strb	r3, [sp, #28]
1049:Middlewares/Third_Party/LwIP/src/api/api_lib.c ****   API_MSG_VAR_REF(msg).msg.w.offset = 0;
 1657              		.loc 1 1049 3 is_stmt 1 view .LVU481
1049:Middlewares/Third_Party/LwIP/src/api/api_lib.c ****   API_MSG_VAR_REF(msg).msg.w.offset = 0;
 1658              		.loc 1 1049 34 is_stmt 0 view .LVU482
 1659 0098 0594     		str	r4, [sp, #20]
1050:Middlewares/Third_Party/LwIP/src/api/api_lib.c **** #if LWIP_SO_SNDTIMEO
 1660              		.loc 1 1050 3 is_stmt 1 view .LVU483
1050:Middlewares/Third_Party/LwIP/src/api/api_lib.c **** #if LWIP_SO_SNDTIMEO
 1661              		.loc 1 1050 37 is_stmt 0 view .LVU484
 1662 009a 0692     		str	r2, [sp, #24]
1064:Middlewares/Third_Party/LwIP/src/api/api_lib.c ****   if (err == ERR_OK) {
 1663              		.loc 1 1064 3 is_stmt 1 view .LVU485
1064:Middlewares/Third_Party/LwIP/src/api/api_lib.c ****   if (err == ERR_OK) {
 1664              		.loc 1 1064 9 is_stmt 0 view .LVU486
 1665 009c 6946     		mov	r1, sp
 1666              	.LVL165:
1064:Middlewares/Third_Party/LwIP/src/api/api_lib.c ****   if (err == ERR_OK) {
 1667              		.loc 1 1064 9 view .LVU487
 1668 009e 1448     		ldr	r0, .L140+16
 1669              	.LVL166:
1064:Middlewares/Third_Party/LwIP/src/api/api_lib.c ****   if (err == ERR_OK) {
 1670              		.loc 1 1064 9 view .LVU488
 1671 00a0 FFF7FEFF 		bl	netconn_apimsg
 1672              	.LVL167:
1065:Middlewares/Third_Party/LwIP/src/api/api_lib.c ****     if (bytes_written != NULL) {
 1673              		.loc 1 1065 3 is_stmt 1 view .LVU489
1065:Middlewares/Third_Party/LwIP/src/api/api_lib.c ****     if (bytes_written != NULL) {
 1674              		.loc 1 1065 6 is_stmt 0 view .LVU490
 1675 00a4 0546     		mov	r5, r0
 1676 00a6 98B9     		cbnz	r0, .L123
1066:Middlewares/Third_Party/LwIP/src/api/api_lib.c ****       *bytes_written = API_MSG_VAR_REF(msg).msg.w.offset;
 1677              		.loc 1 1066 5 is_stmt 1 view .LVU491
1066:Middlewares/Third_Party/LwIP/src/api/api_lib.c ****       *bytes_written = API_MSG_VAR_REF(msg).msg.w.offset;
 1678              		.loc 1 1066 8 is_stmt 0 view .LVU492
 1679 00a8 0EB1     		cbz	r6, .L129
1067:Middlewares/Third_Party/LwIP/src/api/api_lib.c ****     }
 1680              		.loc 1 1067 7 is_stmt 1 view .LVU493
1067:Middlewares/Third_Party/LwIP/src/api/api_lib.c ****     }
 1681              		.loc 1 1067 50 is_stmt 0 view .LVU494
 1682 00aa 069B     		ldr	r3, [sp, #24]
1067:Middlewares/Third_Party/LwIP/src/api/api_lib.c ****     }
 1683              		.loc 1 1067 22 view .LVU495
 1684 00ac 3360     		str	r3, [r6]
 1685              	.L129:
1071:Middlewares/Third_Party/LwIP/src/api/api_lib.c ****       LWIP_ASSERT("do_write failed to write all bytes", API_MSG_VAR_REF(msg).msg.w.offset == size);
 1686              		.loc 1 1071 5 is_stmt 1 view .LVU496
1071:Middlewares/Third_Party/LwIP/src/api/api_lib.c ****       LWIP_ASSERT("do_write failed to write all bytes", API_MSG_VAR_REF(msg).msg.w.offset == size);
 1687              		.loc 1 1071 8 is_stmt 0 view .LVU497
 1688 00ae 7FB9     		cbnz	r7, .L123
1072:Middlewares/Third_Party/LwIP/src/api/api_lib.c ****     }
 1689              		.loc 1 1072 7 is_stmt 1 view .LVU498
1072:Middlewares/Third_Party/LwIP/src/api/api_lib.c ****     }
ARM GAS  /tmp/ccPDpVkS.s 			page 59


 1690              		.loc 1 1072 7 view .LVU499
 1691 00b0 069B     		ldr	r3, [sp, #24]
 1692 00b2 A342     		cmp	r3, r4
 1693 00b4 0CD0     		beq	.L123
1072:Middlewares/Third_Party/LwIP/src/api/api_lib.c ****     }
 1694              		.loc 1 1072 7 discriminator 1 view .LVU500
1072:Middlewares/Third_Party/LwIP/src/api/api_lib.c ****     }
 1695              		.loc 1 1072 7 discriminator 1 view .LVU501
 1696 00b6 0A4B     		ldr	r3, .L140
 1697 00b8 4FF48662 		mov	r2, #1072
 1698 00bc 0D49     		ldr	r1, .L140+20
 1699 00be 0A48     		ldr	r0, .L140+8
 1700              	.LVL168:
1072:Middlewares/Third_Party/LwIP/src/api/api_lib.c ****     }
 1701              		.loc 1 1072 7 is_stmt 0 discriminator 1 view .LVU502
 1702 00c0 FFF7FEFF 		bl	printf
 1703              	.LVL169:
 1704 00c4 04E0     		b	.L123
 1705              	.LVL170:
 1706              	.L132:
1017:Middlewares/Third_Party/LwIP/src/api/api_lib.c ****   }
 1707              		.loc 1 1017 12 view .LVU503
 1708 00c6 6FF00505 		mvn	r5, #5
 1709 00ca 01E0     		b	.L123
 1710              	.LVL171:
 1711              	.L133:
1026:Middlewares/Third_Party/LwIP/src/api/api_lib.c ****     }
 1712              		.loc 1 1026 14 view .LVU504
 1713 00cc 6FF00505 		mvn	r5, #5
 1714              	.LVL172:
 1715              	.L123:
1078:Middlewares/Third_Party/LwIP/src/api/api_lib.c **** 
 1716              		.loc 1 1078 1 view .LVU505
 1717 00d0 2846     		mov	r0, r5
 1718 00d2 09B0     		add	sp, sp, #36
 1719              	.LCFI51:
 1720              		.cfi_remember_state
 1721              		.cfi_def_cfa_offset 20
 1722              		@ sp needed
 1723 00d4 F0BD     		pop	{r4, r5, r6, r7, pc}
 1724              	.LVL173:
 1725              	.L134:
 1726              	.LCFI52:
 1727              		.cfi_restore_state
1030:Middlewares/Third_Party/LwIP/src/api/api_lib.c ****   } else if (size > SSIZE_MAX) {
 1728              		.loc 1 1030 12 view .LVU506
 1729 00d6 0025     		movs	r5, #0
 1730 00d8 FAE7     		b	.L123
 1731              	.L135:
 1732              	.LBB5:
1035:Middlewares/Third_Party/LwIP/src/api/api_lib.c ****     }
 1733              		.loc 1 1035 14 view .LVU507
 1734 00da 6FF00505 		mvn	r5, #5
 1735 00de F7E7     		b	.L123
 1736              	.L141:
 1737              		.align	2
 1738              	.L140:
ARM GAS  /tmp/ccPDpVkS.s 			page 60


 1739 00e0 00000000 		.word	.LC0
 1740 00e4 00000000 		.word	.LC17
 1741 00e8 54000000 		.word	.LC2
 1742 00ec 1C000000 		.word	.LC18
 1743 00f0 00000000 		.word	lwip_netconn_do_write
 1744 00f4 40000000 		.word	.LC19
 1745              	.LBE5:
 1746              		.cfi_endproc
 1747              	.LFE196:
 1749              		.section	.text.netconn_write_partly,"ax",%progbits
 1750              		.align	1
 1751              		.global	netconn_write_partly
 1752              		.syntax unified
 1753              		.thumb
 1754              		.thumb_func
 1755              		.fpu fpv5-d16
 1757              	netconn_write_partly:
 1758              	.LVL174:
 1759              	.LFB195:
 976:Middlewares/Third_Party/LwIP/src/api/api_lib.c ****   struct netvector vector;
 1760              		.loc 1 976 1 is_stmt 1 view -0
 1761              		.cfi_startproc
 1762              		@ args = 4, pretend = 0, frame = 8
 1763              		@ frame_needed = 0, uses_anonymous_args = 0
 976:Middlewares/Third_Party/LwIP/src/api/api_lib.c ****   struct netvector vector;
 1764              		.loc 1 976 1 is_stmt 0 view .LVU509
 1765 0000 00B5     		push	{lr}
 1766              	.LCFI53:
 1767              		.cfi_def_cfa_offset 4
 1768              		.cfi_offset 14, -4
 1769 0002 85B0     		sub	sp, sp, #20
 1770              	.LCFI54:
 1771              		.cfi_def_cfa_offset 24
 977:Middlewares/Third_Party/LwIP/src/api/api_lib.c ****   vector.ptr = dataptr;
 1772              		.loc 1 977 3 is_stmt 1 view .LVU510
 978:Middlewares/Third_Party/LwIP/src/api/api_lib.c ****   vector.len = size;
 1773              		.loc 1 978 3 view .LVU511
 978:Middlewares/Third_Party/LwIP/src/api/api_lib.c ****   vector.len = size;
 1774              		.loc 1 978 14 is_stmt 0 view .LVU512
 1775 0004 0291     		str	r1, [sp, #8]
 979:Middlewares/Third_Party/LwIP/src/api/api_lib.c ****   return netconn_write_vectors_partly(conn, &vector, 1, apiflags, bytes_written);
 1776              		.loc 1 979 3 is_stmt 1 view .LVU513
 979:Middlewares/Third_Party/LwIP/src/api/api_lib.c ****   return netconn_write_vectors_partly(conn, &vector, 1, apiflags, bytes_written);
 1777              		.loc 1 979 14 is_stmt 0 view .LVU514
 1778 0006 0392     		str	r2, [sp, #12]
 980:Middlewares/Third_Party/LwIP/src/api/api_lib.c **** }
 1779              		.loc 1 980 3 is_stmt 1 view .LVU515
 980:Middlewares/Third_Party/LwIP/src/api/api_lib.c **** }
 1780              		.loc 1 980 10 is_stmt 0 view .LVU516
 1781 0008 069A     		ldr	r2, [sp, #24]
 1782              	.LVL175:
 980:Middlewares/Third_Party/LwIP/src/api/api_lib.c **** }
 1783              		.loc 1 980 10 view .LVU517
 1784 000a 0092     		str	r2, [sp]
 1785 000c 0122     		movs	r2, #1
 1786 000e 02A9     		add	r1, sp, #8
 1787              	.LVL176:
ARM GAS  /tmp/ccPDpVkS.s 			page 61


 980:Middlewares/Third_Party/LwIP/src/api/api_lib.c **** }
 1788              		.loc 1 980 10 view .LVU518
 1789 0010 FFF7FEFF 		bl	netconn_write_vectors_partly
 1790              	.LVL177:
 981:Middlewares/Third_Party/LwIP/src/api/api_lib.c **** 
 1791              		.loc 1 981 1 view .LVU519
 1792 0014 05B0     		add	sp, sp, #20
 1793              	.LCFI55:
 1794              		.cfi_def_cfa_offset 4
 1795              		@ sp needed
 1796 0016 5DF804FB 		ldr	pc, [sp], #4
 981:Middlewares/Third_Party/LwIP/src/api/api_lib.c **** 
 1797              		.loc 1 981 1 view .LVU520
 1798              		.cfi_endproc
 1799              	.LFE195:
 1801              		.section	.text.netconn_close,"ax",%progbits
 1802              		.align	1
 1803              		.global	netconn_close
 1804              		.syntax unified
 1805              		.thumb
 1806              		.thumb_func
 1807              		.fpu fpv5-d16
 1809              	netconn_close:
 1810              	.LVL178:
 1811              	.LFB198:
1116:Middlewares/Third_Party/LwIP/src/api/api_lib.c **** 
1117:Middlewares/Third_Party/LwIP/src/api/api_lib.c **** /**
1118:Middlewares/Third_Party/LwIP/src/api/api_lib.c ****  * @ingroup netconn_tcp
1119:Middlewares/Third_Party/LwIP/src/api/api_lib.c ****  * Close a TCP netconn (doesn't delete it).
1120:Middlewares/Third_Party/LwIP/src/api/api_lib.c ****  *
1121:Middlewares/Third_Party/LwIP/src/api/api_lib.c ****  * @param conn the TCP netconn to close
1122:Middlewares/Third_Party/LwIP/src/api/api_lib.c ****  * @return ERR_OK if the netconn was closed, any other err_t on error
1123:Middlewares/Third_Party/LwIP/src/api/api_lib.c ****  */
1124:Middlewares/Third_Party/LwIP/src/api/api_lib.c **** err_t
1125:Middlewares/Third_Party/LwIP/src/api/api_lib.c **** netconn_close(struct netconn *conn)
1126:Middlewares/Third_Party/LwIP/src/api/api_lib.c **** {
 1812              		.loc 1 1126 1 is_stmt 1 view -0
 1813              		.cfi_startproc
 1814              		@ args = 0, pretend = 0, frame = 0
 1815              		@ frame_needed = 0, uses_anonymous_args = 0
 1816              		.loc 1 1126 1 is_stmt 0 view .LVU522
 1817 0000 08B5     		push	{r3, lr}
 1818              	.LCFI56:
 1819              		.cfi_def_cfa_offset 8
 1820              		.cfi_offset 3, -8
 1821              		.cfi_offset 14, -4
1127:Middlewares/Third_Party/LwIP/src/api/api_lib.c ****   /* shutting down both ends is the same as closing */
1128:Middlewares/Third_Party/LwIP/src/api/api_lib.c ****   return netconn_close_shutdown(conn, NETCONN_SHUT_RDWR);
 1822              		.loc 1 1128 3 is_stmt 1 view .LVU523
 1823              		.loc 1 1128 10 is_stmt 0 view .LVU524
 1824 0002 0321     		movs	r1, #3
 1825 0004 FFF7FEFF 		bl	netconn_close_shutdown
 1826              	.LVL179:
1129:Middlewares/Third_Party/LwIP/src/api/api_lib.c **** }
 1827              		.loc 1 1129 1 view .LVU525
 1828 0008 08BD     		pop	{r3, pc}
 1829              		.cfi_endproc
ARM GAS  /tmp/ccPDpVkS.s 			page 62


 1830              	.LFE198:
 1832              		.section	.text.netconn_err,"ax",%progbits
 1833              		.align	1
 1834              		.global	netconn_err
 1835              		.syntax unified
 1836              		.thumb
 1837              		.thumb_func
 1838              		.fpu fpv5-d16
 1840              	netconn_err:
 1841              	.LVL180:
 1842              	.LFB199:
1130:Middlewares/Third_Party/LwIP/src/api/api_lib.c **** 
1131:Middlewares/Third_Party/LwIP/src/api/api_lib.c **** /**
1132:Middlewares/Third_Party/LwIP/src/api/api_lib.c ****  * @ingroup netconn_common
1133:Middlewares/Third_Party/LwIP/src/api/api_lib.c ****  * Get and reset pending error on a netconn
1134:Middlewares/Third_Party/LwIP/src/api/api_lib.c ****  *
1135:Middlewares/Third_Party/LwIP/src/api/api_lib.c ****  * @param conn the netconn to get the error from
1136:Middlewares/Third_Party/LwIP/src/api/api_lib.c ****  * @return and pending error or ERR_OK if no error was pending
1137:Middlewares/Third_Party/LwIP/src/api/api_lib.c ****  */
1138:Middlewares/Third_Party/LwIP/src/api/api_lib.c **** err_t
1139:Middlewares/Third_Party/LwIP/src/api/api_lib.c **** netconn_err(struct netconn *conn)
1140:Middlewares/Third_Party/LwIP/src/api/api_lib.c **** {
 1843              		.loc 1 1140 1 is_stmt 1 view -0
 1844              		.cfi_startproc
 1845              		@ args = 0, pretend = 0, frame = 0
 1846              		@ frame_needed = 0, uses_anonymous_args = 0
 1847              		.loc 1 1140 1 is_stmt 0 view .LVU527
 1848 0000 38B5     		push	{r3, r4, r5, lr}
 1849              	.LCFI57:
 1850              		.cfi_def_cfa_offset 16
 1851              		.cfi_offset 3, -16
 1852              		.cfi_offset 4, -12
 1853              		.cfi_offset 5, -8
 1854              		.cfi_offset 14, -4
1141:Middlewares/Third_Party/LwIP/src/api/api_lib.c ****   err_t err;
 1855              		.loc 1 1141 3 is_stmt 1 view .LVU528
1142:Middlewares/Third_Party/LwIP/src/api/api_lib.c ****   SYS_ARCH_DECL_PROTECT(lev);
 1856              		.loc 1 1142 3 view .LVU529
1143:Middlewares/Third_Party/LwIP/src/api/api_lib.c ****   if (conn == NULL) {
 1857              		.loc 1 1143 3 view .LVU530
 1858              		.loc 1 1143 6 is_stmt 0 view .LVU531
 1859 0002 50B1     		cbz	r0, .L148
 1860 0004 0446     		mov	r4, r0
1144:Middlewares/Third_Party/LwIP/src/api/api_lib.c ****     return ERR_OK;
1145:Middlewares/Third_Party/LwIP/src/api/api_lib.c ****   }
1146:Middlewares/Third_Party/LwIP/src/api/api_lib.c ****   SYS_ARCH_PROTECT(lev);
 1861              		.loc 1 1146 3 is_stmt 1 view .LVU532
 1862 0006 FFF7FEFF 		bl	sys_arch_protect
 1863              	.LVL181:
1147:Middlewares/Third_Party/LwIP/src/api/api_lib.c ****   err = conn->pending_err;
 1864              		.loc 1 1147 3 view .LVU533
 1865              		.loc 1 1147 7 is_stmt 0 view .LVU534
 1866 000a 94F90850 		ldrsb	r5, [r4, #8]
 1867              	.LVL182:
1148:Middlewares/Third_Party/LwIP/src/api/api_lib.c ****   conn->pending_err = ERR_OK;
 1868              		.loc 1 1148 3 is_stmt 1 view .LVU535
 1869              		.loc 1 1148 21 is_stmt 0 view .LVU536
ARM GAS  /tmp/ccPDpVkS.s 			page 63


 1870 000e 0023     		movs	r3, #0
 1871 0010 2372     		strb	r3, [r4, #8]
1149:Middlewares/Third_Party/LwIP/src/api/api_lib.c ****   SYS_ARCH_UNPROTECT(lev);
 1872              		.loc 1 1149 3 is_stmt 1 view .LVU537
 1873 0012 FFF7FEFF 		bl	sys_arch_unprotect
 1874              	.LVL183:
1150:Middlewares/Third_Party/LwIP/src/api/api_lib.c ****   return err;
 1875              		.loc 1 1150 3 view .LVU538
 1876              	.L147:
1151:Middlewares/Third_Party/LwIP/src/api/api_lib.c **** }
 1877              		.loc 1 1151 1 is_stmt 0 view .LVU539
 1878 0016 2846     		mov	r0, r5
 1879 0018 38BD     		pop	{r3, r4, r5, pc}
 1880              	.LVL184:
 1881              	.L148:
1144:Middlewares/Third_Party/LwIP/src/api/api_lib.c ****   }
 1882              		.loc 1 1144 12 view .LVU540
 1883 001a 0025     		movs	r5, #0
 1884 001c FBE7     		b	.L147
 1885              		.cfi_endproc
 1886              	.LFE199:
 1888              		.section	.rodata.netconn_accept.str1.4,"aMS",%progbits,1
 1889              		.align	2
 1890              	.LC20:
 1891 0000 6E657463 		.ascii	"netconn_accept: invalid pointer\000"
 1891      6F6E6E5F 
 1891      61636365 
 1891      70743A20 
 1891      696E7661 
 1892              		.align	2
 1893              	.LC21:
 1894 0020 6E657463 		.ascii	"netconn_accept: invalid conn\000"
 1894      6F6E6E5F 
 1894      61636365 
 1894      70743A20 
 1894      696E7661 
 1895              		.section	.text.netconn_accept,"ax",%progbits
 1896              		.align	1
 1897              		.global	netconn_accept
 1898              		.syntax unified
 1899              		.thumb
 1900              		.thumb_func
 1901              		.fpu fpv5-d16
 1903              	netconn_accept:
 1904              	.LVL185:
 1905              	.LFB183:
 472:Middlewares/Third_Party/LwIP/src/api/api_lib.c **** #if LWIP_TCP
 1906              		.loc 1 472 1 is_stmt 1 view -0
 1907              		.cfi_startproc
 1908              		@ args = 0, pretend = 0, frame = 8
 1909              		@ frame_needed = 0, uses_anonymous_args = 0
 472:Middlewares/Third_Party/LwIP/src/api/api_lib.c **** #if LWIP_TCP
 1910              		.loc 1 472 1 is_stmt 0 view .LVU542
 1911 0000 F0B5     		push	{r4, r5, r6, r7, lr}
 1912              	.LCFI58:
 1913              		.cfi_def_cfa_offset 20
 1914              		.cfi_offset 4, -20
ARM GAS  /tmp/ccPDpVkS.s 			page 64


 1915              		.cfi_offset 5, -16
 1916              		.cfi_offset 6, -12
 1917              		.cfi_offset 7, -8
 1918              		.cfi_offset 14, -4
 1919 0002 83B0     		sub	sp, sp, #12
 1920              	.LCFI59:
 1921              		.cfi_def_cfa_offset 32
 474:Middlewares/Third_Party/LwIP/src/api/api_lib.c ****   void *accept_ptr;
 1922              		.loc 1 474 3 is_stmt 1 view .LVU543
 475:Middlewares/Third_Party/LwIP/src/api/api_lib.c ****   struct netconn *newconn;
 1923              		.loc 1 475 3 view .LVU544
 476:Middlewares/Third_Party/LwIP/src/api/api_lib.c **** #if TCP_LISTEN_BACKLOG
 1924              		.loc 1 476 3 view .LVU545
 481:Middlewares/Third_Party/LwIP/src/api/api_lib.c ****   *new_conn = NULL;
 1925              		.loc 1 481 3 view .LVU546
 481:Middlewares/Third_Party/LwIP/src/api/api_lib.c ****   *new_conn = NULL;
 1926              		.loc 1 481 3 view .LVU547
 1927 0004 69B1     		cbz	r1, .L163
 1928 0006 0446     		mov	r4, r0
 1929 0008 0E46     		mov	r6, r1
 481:Middlewares/Third_Party/LwIP/src/api/api_lib.c ****   *new_conn = NULL;
 1930              		.loc 1 481 3 discriminator 2 view .LVU548
 481:Middlewares/Third_Party/LwIP/src/api/api_lib.c ****   *new_conn = NULL;
 1931              		.loc 1 481 3 discriminator 2 view .LVU549
 482:Middlewares/Third_Party/LwIP/src/api/api_lib.c ****   LWIP_ERROR("netconn_accept: invalid conn",       (conn != NULL),                      return ERR_
 1932              		.loc 1 482 3 discriminator 2 view .LVU550
 482:Middlewares/Third_Party/LwIP/src/api/api_lib.c ****   LWIP_ERROR("netconn_accept: invalid conn",       (conn != NULL),                      return ERR_
 1933              		.loc 1 482 13 is_stmt 0 discriminator 2 view .LVU551
 1934 000a 0023     		movs	r3, #0
 1935 000c 0B60     		str	r3, [r1]
 483:Middlewares/Third_Party/LwIP/src/api/api_lib.c **** 
 1936              		.loc 1 483 3 is_stmt 1 discriminator 2 view .LVU552
 483:Middlewares/Third_Party/LwIP/src/api/api_lib.c **** 
 1937              		.loc 1 483 3 discriminator 2 view .LVU553
 1938 000e 90B1     		cbz	r0, .L164
 483:Middlewares/Third_Party/LwIP/src/api/api_lib.c **** 
 1939              		.loc 1 483 3 discriminator 2 view .LVU554
 483:Middlewares/Third_Party/LwIP/src/api/api_lib.c **** 
 1940              		.loc 1 483 3 discriminator 2 view .LVU555
 488:Middlewares/Third_Party/LwIP/src/api/api_lib.c ****   if (err != ERR_OK) {
 1941              		.loc 1 488 3 discriminator 2 view .LVU556
 488:Middlewares/Third_Party/LwIP/src/api/api_lib.c ****   if (err != ERR_OK) {
 1942              		.loc 1 488 9 is_stmt 0 discriminator 2 view .LVU557
 1943 0010 FFF7FEFF 		bl	netconn_err
 1944              	.LVL186:
 488:Middlewares/Third_Party/LwIP/src/api/api_lib.c ****   if (err != ERR_OK) {
 1945              		.loc 1 488 9 discriminator 2 view .LVU558
 1946 0014 0546     		mov	r5, r0
 488:Middlewares/Third_Party/LwIP/src/api/api_lib.c ****   if (err != ERR_OK) {
 1947              		.loc 1 488 7 discriminator 2 view .LVU559
 1948 0016 8DF80700 		strb	r0, [sp, #7]
 489:Middlewares/Third_Party/LwIP/src/api/api_lib.c ****     /* return pending error */
 1949              		.loc 1 489 3 is_stmt 1 discriminator 2 view .LVU560
 489:Middlewares/Third_Party/LwIP/src/api/api_lib.c ****     /* return pending error */
 1950              		.loc 1 489 6 is_stmt 0 discriminator 2 view .LVU561
 1951 001a B0B1     		cbz	r0, .L165
 1952              	.LVL187:
ARM GAS  /tmp/ccPDpVkS.s 			page 65


 1953              	.L152:
 560:Middlewares/Third_Party/LwIP/src/api/api_lib.c **** 
 1954              		.loc 1 560 1 view .LVU562
 1955 001c 2846     		mov	r0, r5
 1956 001e 03B0     		add	sp, sp, #12
 1957              	.LCFI60:
 1958              		.cfi_remember_state
 1959              		.cfi_def_cfa_offset 20
 1960              		@ sp needed
 1961 0020 F0BD     		pop	{r4, r5, r6, r7, pc}
 1962              	.LVL188:
 1963              	.L163:
 1964              	.LCFI61:
 1965              		.cfi_restore_state
 481:Middlewares/Third_Party/LwIP/src/api/api_lib.c ****   *new_conn = NULL;
 1966              		.loc 1 481 3 is_stmt 1 discriminator 1 view .LVU563
 481:Middlewares/Third_Party/LwIP/src/api/api_lib.c ****   *new_conn = NULL;
 1967              		.loc 1 481 3 discriminator 1 view .LVU564
 1968 0022 264B     		ldr	r3, .L167
 1969 0024 40F2E112 		movw	r2, #481
 1970 0028 2549     		ldr	r1, .L167+4
 1971              	.LVL189:
 481:Middlewares/Third_Party/LwIP/src/api/api_lib.c ****   *new_conn = NULL;
 1972              		.loc 1 481 3 is_stmt 0 discriminator 1 view .LVU565
 1973 002a 2648     		ldr	r0, .L167+8
 1974              	.LVL190:
 481:Middlewares/Third_Party/LwIP/src/api/api_lib.c ****   *new_conn = NULL;
 1975              		.loc 1 481 3 discriminator 1 view .LVU566
 1976 002c FFF7FEFF 		bl	printf
 1977              	.LVL191:
 481:Middlewares/Third_Party/LwIP/src/api/api_lib.c ****   *new_conn = NULL;
 1978              		.loc 1 481 3 is_stmt 1 discriminator 1 view .LVU567
 481:Middlewares/Third_Party/LwIP/src/api/api_lib.c ****   *new_conn = NULL;
 1979              		.loc 1 481 3 discriminator 1 view .LVU568
 1980 0030 6FF00F05 		mvn	r5, #15
 1981 0034 F2E7     		b	.L152
 1982              	.LVL192:
 1983              	.L164:
 483:Middlewares/Third_Party/LwIP/src/api/api_lib.c **** 
 1984              		.loc 1 483 3 discriminator 1 view .LVU569
 483:Middlewares/Third_Party/LwIP/src/api/api_lib.c **** 
 1985              		.loc 1 483 3 discriminator 1 view .LVU570
 1986 0036 214B     		ldr	r3, .L167
 1987 0038 40F2E312 		movw	r2, #483
 1988 003c 2249     		ldr	r1, .L167+12
 1989              	.LVL193:
 483:Middlewares/Third_Party/LwIP/src/api/api_lib.c **** 
 1990              		.loc 1 483 3 is_stmt 0 discriminator 1 view .LVU571
 1991 003e 2148     		ldr	r0, .L167+8
 1992              	.LVL194:
 483:Middlewares/Third_Party/LwIP/src/api/api_lib.c **** 
 1993              		.loc 1 483 3 discriminator 1 view .LVU572
 1994 0040 FFF7FEFF 		bl	printf
 1995              	.LVL195:
 483:Middlewares/Third_Party/LwIP/src/api/api_lib.c **** 
 1996              		.loc 1 483 3 is_stmt 1 discriminator 1 view .LVU573
 483:Middlewares/Third_Party/LwIP/src/api/api_lib.c **** 
ARM GAS  /tmp/ccPDpVkS.s 			page 66


 1997              		.loc 1 483 3 discriminator 1 view .LVU574
 1998 0044 6FF00F05 		mvn	r5, #15
 1999 0048 E8E7     		b	.L152
 2000              	.L165:
 493:Middlewares/Third_Party/LwIP/src/api/api_lib.c ****     /* don't accept if closed: this might block the application task
 2001              		.loc 1 493 3 view .LVU575
 493:Middlewares/Third_Party/LwIP/src/api/api_lib.c ****     /* don't accept if closed: this might block the application task
 2002              		.loc 1 493 8 is_stmt 0 view .LVU576
 2003 004a 04F11407 		add	r7, r4, #20
 2004 004e 3846     		mov	r0, r7
 2005 0050 FFF7FEFF 		bl	sys_mbox_valid
 2006              	.LVL196:
 493:Middlewares/Third_Party/LwIP/src/api/api_lib.c ****     /* don't accept if closed: this might block the application task
 2007              		.loc 1 493 6 view .LVU577
 2008 0054 40B3     		cbz	r0, .L158
 493:Middlewares/Third_Party/LwIP/src/api/api_lib.c ****     /* don't accept if closed: this might block the application task
 2009              		.loc 1 493 8 discriminator 1 view .LVU578
 2010 0056 237F     		ldrb	r3, [r4, #28]	@ zero_extendqisi2
 493:Middlewares/Third_Party/LwIP/src/api/api_lib.c ****     /* don't accept if closed: this might block the application task
 2011              		.loc 1 493 7 discriminator 1 view .LVU579
 2012 0058 13F0010F 		tst	r3, #1
 2013 005c 27D1     		bne	.L159
 499:Middlewares/Third_Party/LwIP/src/api/api_lib.c **** 
 2014              		.loc 1 499 32 is_stmt 1 view .LVU580
 501:Middlewares/Third_Party/LwIP/src/api/api_lib.c ****   if (netconn_is_nonblocking(conn)) {
 2015              		.loc 1 501 33 view .LVU581
 502:Middlewares/Third_Party/LwIP/src/api/api_lib.c ****     if (sys_arch_mbox_tryfetch(&conn->acceptmbox, &accept_ptr) == SYS_ARCH_TIMEOUT) {
 2016              		.loc 1 502 3 view .LVU582
 502:Middlewares/Third_Party/LwIP/src/api/api_lib.c ****     if (sys_arch_mbox_tryfetch(&conn->acceptmbox, &accept_ptr) == SYS_ARCH_TIMEOUT) {
 2017              		.loc 1 502 6 is_stmt 0 view .LVU583
 2018 005e 13F0020F 		tst	r3, #2
 2019 0062 09D0     		beq	.L154
 503:Middlewares/Third_Party/LwIP/src/api/api_lib.c ****       API_MSG_VAR_FREE_ACCEPT(msg);
 2020              		.loc 1 503 5 is_stmt 1 view .LVU584
 503:Middlewares/Third_Party/LwIP/src/api/api_lib.c ****       API_MSG_VAR_FREE_ACCEPT(msg);
 2021              		.loc 1 503 9 is_stmt 0 view .LVU585
 2022 0064 6946     		mov	r1, sp
 2023 0066 3846     		mov	r0, r7
 2024 0068 FFF7FEFF 		bl	sys_arch_mbox_tryfetch
 2025              	.LVL197:
 503:Middlewares/Third_Party/LwIP/src/api/api_lib.c ****       API_MSG_VAR_FREE_ACCEPT(msg);
 2026              		.loc 1 503 8 view .LVU586
 2027 006c B0F1FF3F 		cmp	r0, #-1
 2028 0070 07D1     		bne	.L155
 506:Middlewares/Third_Party/LwIP/src/api/api_lib.c ****     }
 2029              		.loc 1 506 14 view .LVU587
 2030 0072 6FF00605 		mvn	r5, #6
 2031 0076 D1E7     		b	.L152
 2032              	.L154:
 516:Middlewares/Third_Party/LwIP/src/api/api_lib.c **** #endif /* LWIP_SO_RCVTIMEO*/
 2033              		.loc 1 516 5 is_stmt 1 view .LVU588
 2034 0078 0022     		movs	r2, #0
 2035 007a 6946     		mov	r1, sp
 2036 007c 3846     		mov	r0, r7
 2037 007e FFF7FEFF 		bl	sys_arch_mbox_fetch
 2038              	.LVL198:
 2039              	.L155:
ARM GAS  /tmp/ccPDpVkS.s 			page 67


 519:Middlewares/Third_Party/LwIP/src/api/api_lib.c **** #if LWIP_NETCONN_FULLDUPLEX
 2040              		.loc 1 519 33 view .LVU589
 531:Middlewares/Third_Party/LwIP/src/api/api_lib.c **** 
 2041              		.loc 1 531 3 view .LVU590
 2042 0082 636A     		ldr	r3, [r4, #36]
 2043 0084 1BB1     		cbz	r3, .L156
 531:Middlewares/Third_Party/LwIP/src/api/api_lib.c **** 
 2044              		.loc 1 531 3 discriminator 1 view .LVU591
 2045 0086 0022     		movs	r2, #0
 2046 0088 0121     		movs	r1, #1
 2047 008a 2046     		mov	r0, r4
 2048 008c 9847     		blx	r3
 2049              	.LVL199:
 2050              	.L156:
 531:Middlewares/Third_Party/LwIP/src/api/api_lib.c **** 
 2051              		.loc 1 531 43 discriminator 3 view .LVU592
 533:Middlewares/Third_Party/LwIP/src/api/api_lib.c ****     /* a connection has been aborted: e.g. out of pcbs or out of netconns during accept */
 2052              		.loc 1 533 3 discriminator 3 view .LVU593
 533:Middlewares/Third_Party/LwIP/src/api/api_lib.c ****     /* a connection has been aborted: e.g. out of pcbs or out of netconns during accept */
 2053              		.loc 1 533 7 is_stmt 0 discriminator 3 view .LVU594
 2054 008e 0DF10701 		add	r1, sp, #7
 2055 0092 0098     		ldr	r0, [sp]
 2056 0094 FFF7FEFF 		bl	lwip_netconn_is_err_msg
 2057              	.LVL200:
 533:Middlewares/Third_Party/LwIP/src/api/api_lib.c ****     /* a connection has been aborted: e.g. out of pcbs or out of netconns during accept */
 2058              		.loc 1 533 6 discriminator 3 view .LVU595
 2059 0098 18B9     		cbnz	r0, .L166
 538:Middlewares/Third_Party/LwIP/src/api/api_lib.c ****     /* connection has been aborted */
 2060              		.loc 1 538 3 is_stmt 1 view .LVU596
 538:Middlewares/Third_Party/LwIP/src/api/api_lib.c ****     /* connection has been aborted */
 2061              		.loc 1 538 18 is_stmt 0 view .LVU597
 2062 009a 009B     		ldr	r3, [sp]
 538:Middlewares/Third_Party/LwIP/src/api/api_lib.c ****     /* connection has been aborted */
 2063              		.loc 1 538 6 view .LVU598
 2064 009c 53B1     		cbz	r3, .L161
 543:Middlewares/Third_Party/LwIP/src/api/api_lib.c **** #if TCP_LISTEN_BACKLOG
 2065              		.loc 1 543 3 is_stmt 1 view .LVU599
 2066              	.LVL201:
 552:Middlewares/Third_Party/LwIP/src/api/api_lib.c ****   /* don't set conn->last_err: it's only ERR_OK, anyway */
 2067              		.loc 1 552 3 view .LVU600
 552:Middlewares/Third_Party/LwIP/src/api/api_lib.c ****   /* don't set conn->last_err: it's only ERR_OK, anyway */
 2068              		.loc 1 552 13 is_stmt 0 view .LVU601
 2069 009e 3360     		str	r3, [r6]
 554:Middlewares/Third_Party/LwIP/src/api/api_lib.c **** #else /* LWIP_TCP */
 2070              		.loc 1 554 3 is_stmt 1 view .LVU602
 554:Middlewares/Third_Party/LwIP/src/api/api_lib.c **** #else /* LWIP_TCP */
 2071              		.loc 1 554 10 is_stmt 0 view .LVU603
 2072 00a0 BCE7     		b	.L152
 2073              	.LVL202:
 2074              	.L166:
 535:Middlewares/Third_Party/LwIP/src/api/api_lib.c ****     return err;
 2075              		.loc 1 535 33 is_stmt 1 view .LVU604
 536:Middlewares/Third_Party/LwIP/src/api/api_lib.c ****   }
 2076              		.loc 1 536 5 view .LVU605
 536:Middlewares/Third_Party/LwIP/src/api/api_lib.c ****   }
 2077              		.loc 1 536 12 is_stmt 0 view .LVU606
 2078 00a2 9DF90750 		ldrsb	r5, [sp, #7]
ARM GAS  /tmp/ccPDpVkS.s 			page 68


 2079 00a6 B9E7     		b	.L152
 2080              	.L158:
 496:Middlewares/Third_Party/LwIP/src/api/api_lib.c ****   }
 2081              		.loc 1 496 12 view .LVU607
 2082 00a8 6FF00E05 		mvn	r5, #14
 2083 00ac B6E7     		b	.L152
 2084              	.L159:
 2085 00ae 6FF00E05 		mvn	r5, #14
 2086 00b2 B3E7     		b	.L152
 2087              	.L161:
 541:Middlewares/Third_Party/LwIP/src/api/api_lib.c ****   }
 2088              		.loc 1 541 12 view .LVU608
 2089 00b4 6FF00E05 		mvn	r5, #14
 2090 00b8 B0E7     		b	.L152
 2091              	.L168:
 2092 00ba 00BF     		.align	2
 2093              	.L167:
 2094 00bc 00000000 		.word	.LC0
 2095 00c0 00000000 		.word	.LC20
 2096 00c4 54000000 		.word	.LC2
 2097 00c8 20000000 		.word	.LC21
 2098              		.cfi_endproc
 2099              	.LFE183:
 2101              		.section	.rodata.netconn_recv_data.str1.4,"aMS",%progbits,1
 2102              		.align	2
 2103              	.LC22:
 2104 0000 6E657463 		.ascii	"netconn_recv: invalid pointer\000"
 2104      6F6E6E5F 
 2104      72656376 
 2104      3A20696E 
 2104      76616C69 
 2105 001e 0000     		.align	2
 2106              	.LC23:
 2107 0020 6E657463 		.ascii	"netconn_recv: invalid conn\000"
 2107      6F6E6E5F 
 2107      72656376 
 2107      3A20696E 
 2107      76616C69 
 2108 003b 00       		.align	2
 2109              	.LC24:
 2110 003c 62756620 		.ascii	"buf != NULL\000"
 2110      213D204E 
 2110      554C4C00 
 2111              		.section	.text.netconn_recv_data,"ax",%progbits
 2112              		.align	1
 2113              		.syntax unified
 2114              		.thumb
 2115              		.thumb_func
 2116              		.fpu fpv5-d16
 2118              	netconn_recv_data:
 2119              	.LVL203:
 2120              	.LFB184:
 580:Middlewares/Third_Party/LwIP/src/api/api_lib.c ****   void *buf = NULL;
 2121              		.loc 1 580 1 is_stmt 1 view -0
 2122              		.cfi_startproc
 2123              		@ args = 0, pretend = 0, frame = 8
 2124              		@ frame_needed = 0, uses_anonymous_args = 0
ARM GAS  /tmp/ccPDpVkS.s 			page 69


 580:Middlewares/Third_Party/LwIP/src/api/api_lib.c ****   void *buf = NULL;
 2125              		.loc 1 580 1 is_stmt 0 view .LVU610
 2126 0000 F0B5     		push	{r4, r5, r6, r7, lr}
 2127              	.LCFI62:
 2128              		.cfi_def_cfa_offset 20
 2129              		.cfi_offset 4, -20
 2130              		.cfi_offset 5, -16
 2131              		.cfi_offset 6, -12
 2132              		.cfi_offset 7, -8
 2133              		.cfi_offset 14, -4
 2134 0002 83B0     		sub	sp, sp, #12
 2135              	.LCFI63:
 2136              		.cfi_def_cfa_offset 32
 581:Middlewares/Third_Party/LwIP/src/api/api_lib.c ****   u16_t len;
 2137              		.loc 1 581 3 is_stmt 1 view .LVU611
 581:Middlewares/Third_Party/LwIP/src/api/api_lib.c ****   u16_t len;
 2138              		.loc 1 581 9 is_stmt 0 view .LVU612
 2139 0004 0023     		movs	r3, #0
 2140 0006 0193     		str	r3, [sp, #4]
 582:Middlewares/Third_Party/LwIP/src/api/api_lib.c **** 
 2141              		.loc 1 582 3 is_stmt 1 view .LVU613
 584:Middlewares/Third_Party/LwIP/src/api/api_lib.c ****   *new_buf = NULL;
 2142              		.loc 1 584 3 view .LVU614
 584:Middlewares/Third_Party/LwIP/src/api/api_lib.c ****   *new_buf = NULL;
 2143              		.loc 1 584 3 view .LVU615
 2144 0008 0029     		cmp	r1, #0
 2145 000a 37D0     		beq	.L187
 2146 000c 0446     		mov	r4, r0
 2147 000e 1646     		mov	r6, r2
 2148 0010 0F46     		mov	r7, r1
 584:Middlewares/Third_Party/LwIP/src/api/api_lib.c ****   *new_buf = NULL;
 2149              		.loc 1 584 3 discriminator 2 view .LVU616
 584:Middlewares/Third_Party/LwIP/src/api/api_lib.c ****   *new_buf = NULL;
 2150              		.loc 1 584 3 discriminator 2 view .LVU617
 585:Middlewares/Third_Party/LwIP/src/api/api_lib.c ****   LWIP_ERROR("netconn_recv: invalid conn",    (conn != NULL),    return ERR_ARG;);
 2151              		.loc 1 585 3 discriminator 2 view .LVU618
 585:Middlewares/Third_Party/LwIP/src/api/api_lib.c ****   LWIP_ERROR("netconn_recv: invalid conn",    (conn != NULL),    return ERR_ARG;);
 2152              		.loc 1 585 12 is_stmt 0 discriminator 2 view .LVU619
 2153 0012 0023     		movs	r3, #0
 2154 0014 0B60     		str	r3, [r1]
 586:Middlewares/Third_Party/LwIP/src/api/api_lib.c **** 
 2155              		.loc 1 586 3 is_stmt 1 discriminator 2 view .LVU620
 586:Middlewares/Third_Party/LwIP/src/api/api_lib.c **** 
 2156              		.loc 1 586 3 discriminator 2 view .LVU621
 2157 0016 0028     		cmp	r0, #0
 2158 0018 3AD0     		beq	.L188
 586:Middlewares/Third_Party/LwIP/src/api/api_lib.c **** 
 2159              		.loc 1 586 3 discriminator 2 view .LVU622
 586:Middlewares/Third_Party/LwIP/src/api/api_lib.c **** 
 2160              		.loc 1 586 3 discriminator 2 view .LVU623
 588:Middlewares/Third_Party/LwIP/src/api/api_lib.c ****     err_t err = netconn_err(conn);
 2161              		.loc 1 588 3 discriminator 2 view .LVU624
 588:Middlewares/Third_Party/LwIP/src/api/api_lib.c ****     err_t err = netconn_err(conn);
 2162              		.loc 1 588 8 is_stmt 0 discriminator 2 view .LVU625
 2163 001a 00F11005 		add	r5, r0, #16
 2164 001e 2846     		mov	r0, r5
 2165              	.LVL204:
ARM GAS  /tmp/ccPDpVkS.s 			page 70


 588:Middlewares/Third_Party/LwIP/src/api/api_lib.c ****     err_t err = netconn_err(conn);
 2166              		.loc 1 588 8 discriminator 2 view .LVU626
 2167 0020 FFF7FEFF 		bl	sys_mbox_valid
 2168              	.LVL205:
 588:Middlewares/Third_Party/LwIP/src/api/api_lib.c ****     err_t err = netconn_err(conn);
 2169              		.loc 1 588 6 discriminator 2 view .LVU627
 2170 0024 0028     		cmp	r0, #0
 2171 0026 3DD0     		beq	.L189
 597:Middlewares/Third_Party/LwIP/src/api/api_lib.c ****   if (netconn_is_nonblocking(conn) || (apiflags & NETCONN_DONTBLOCK) ||
 2172              		.loc 1 597 33 is_stmt 1 view .LVU628
 598:Middlewares/Third_Party/LwIP/src/api/api_lib.c ****       (conn->flags & NETCONN_FLAG_MBOXCLOSED) || (conn->pending_err != ERR_OK)) {
 2173              		.loc 1 598 3 view .LVU629
 598:Middlewares/Third_Party/LwIP/src/api/api_lib.c ****       (conn->flags & NETCONN_FLAG_MBOXCLOSED) || (conn->pending_err != ERR_OK)) {
 2174              		.loc 1 598 7 is_stmt 0 view .LVU630
 2175 0028 237F     		ldrb	r3, [r4, #28]	@ zero_extendqisi2
 598:Middlewares/Third_Party/LwIP/src/api/api_lib.c ****       (conn->flags & NETCONN_FLAG_MBOXCLOSED) || (conn->pending_err != ERR_OK)) {
 2176              		.loc 1 598 6 view .LVU631
 2177 002a 13F0020F 		tst	r3, #2
 2178 002e 09D1     		bne	.L174
 598:Middlewares/Third_Party/LwIP/src/api/api_lib.c ****       (conn->flags & NETCONN_FLAG_MBOXCLOSED) || (conn->pending_err != ERR_OK)) {
 2179              		.loc 1 598 36 discriminator 1 view .LVU632
 2180 0030 16F0040F 		tst	r6, #4
 2181 0034 06D1     		bne	.L174
 598:Middlewares/Third_Party/LwIP/src/api/api_lib.c ****       (conn->flags & NETCONN_FLAG_MBOXCLOSED) || (conn->pending_err != ERR_OK)) {
 2182              		.loc 1 598 70 discriminator 2 view .LVU633
 2183 0036 13F0010F 		tst	r3, #1
 2184 003a 03D1     		bne	.L174
 599:Middlewares/Third_Party/LwIP/src/api/api_lib.c ****     if (sys_arch_mbox_tryfetch(&conn->recvmbox, &buf) == SYS_ARCH_TIMEOUT) {
 2185              		.loc 1 599 55 view .LVU634
 2186 003c 94F90830 		ldrsb	r3, [r4, #8]
 599:Middlewares/Third_Party/LwIP/src/api/api_lib.c ****     if (sys_arch_mbox_tryfetch(&conn->recvmbox, &buf) == SYS_ARCH_TIMEOUT) {
 2187              		.loc 1 599 47 view .LVU635
 2188 0040 002B     		cmp	r3, #0
 2189 0042 43D0     		beq	.L175
 2190              	.L174:
 600:Middlewares/Third_Party/LwIP/src/api/api_lib.c ****       err_t err;
 2191              		.loc 1 600 5 is_stmt 1 view .LVU636
 600:Middlewares/Third_Party/LwIP/src/api/api_lib.c ****       err_t err;
 2192              		.loc 1 600 9 is_stmt 0 view .LVU637
 2193 0044 01A9     		add	r1, sp, #4
 2194 0046 2846     		mov	r0, r5
 2195 0048 FFF7FEFF 		bl	sys_arch_mbox_tryfetch
 2196              	.LVL206:
 600:Middlewares/Third_Party/LwIP/src/api/api_lib.c ****       err_t err;
 2197              		.loc 1 600 8 view .LVU638
 2198 004c B0F1FF3F 		cmp	r0, #-1
 2199 0050 30D0     		beq	.L190
 2200              	.L176:
 623:Middlewares/Third_Party/LwIP/src/api/api_lib.c **** #if LWIP_NETCONN_FULLDUPLEX
 2201              		.loc 1 623 33 is_stmt 1 view .LVU639
 636:Middlewares/Third_Party/LwIP/src/api/api_lib.c **** #endif /* (LWIP_UDP || LWIP_RAW) */
 2202              		.loc 1 636 3 view .LVU640
 636:Middlewares/Third_Party/LwIP/src/api/api_lib.c **** #endif /* (LWIP_UDP || LWIP_RAW) */
 2203              		.loc 1 636 7 is_stmt 0 view .LVU641
 2204 0052 2378     		ldrb	r3, [r4]	@ zero_extendqisi2
 636:Middlewares/Third_Party/LwIP/src/api/api_lib.c **** #endif /* (LWIP_UDP || LWIP_RAW) */
 2205              		.loc 1 636 6 view .LVU642
ARM GAS  /tmp/ccPDpVkS.s 			page 71


 2206 0054 03F0F003 		and	r3, r3, #240
 2207 0058 102B     		cmp	r3, #16
 2208 005a 3DD0     		beq	.L191
 657:Middlewares/Third_Party/LwIP/src/api/api_lib.c ****     len = netbuf_len((struct netbuf *)buf);
 2209              		.loc 1 657 5 is_stmt 1 view .LVU643
 657:Middlewares/Third_Party/LwIP/src/api/api_lib.c ****     len = netbuf_len((struct netbuf *)buf);
 2210              		.loc 1 657 5 view .LVU644
 2211 005c 019B     		ldr	r3, [sp, #4]
 2212 005e 002B     		cmp	r3, #0
 2213 0060 4AD0     		beq	.L192
 2214              	.L182:
 657:Middlewares/Third_Party/LwIP/src/api/api_lib.c ****     len = netbuf_len((struct netbuf *)buf);
 2215              		.loc 1 657 5 discriminator 3 view .LVU645
 657:Middlewares/Third_Party/LwIP/src/api/api_lib.c ****     len = netbuf_len((struct netbuf *)buf);
 2216              		.loc 1 657 5 discriminator 3 view .LVU646
 658:Middlewares/Third_Party/LwIP/src/api/api_lib.c ****   }
 2217              		.loc 1 658 5 discriminator 3 view .LVU647
 658:Middlewares/Third_Party/LwIP/src/api/api_lib.c ****   }
 2218              		.loc 1 658 11 is_stmt 0 discriminator 3 view .LVU648
 2219 0062 019B     		ldr	r3, [sp, #4]
 2220 0064 1B68     		ldr	r3, [r3]
 658:Middlewares/Third_Party/LwIP/src/api/api_lib.c ****   }
 2221              		.loc 1 658 9 discriminator 3 view .LVU649
 2222 0066 1A89     		ldrh	r2, [r3, #8]
 2223              	.LVL207:
 2224              	.L181:
 666:Middlewares/Third_Party/LwIP/src/api/api_lib.c **** 
 2225              		.loc 1 666 3 is_stmt 1 view .LVU650
 2226 0068 636A     		ldr	r3, [r4, #36]
 2227 006a 13B1     		cbz	r3, .L183
 666:Middlewares/Third_Party/LwIP/src/api/api_lib.c **** 
 2228              		.loc 1 666 3 discriminator 1 view .LVU651
 2229 006c 0121     		movs	r1, #1
 2230 006e 2046     		mov	r0, r4
 2231 0070 9847     		blx	r3
 2232              	.LVL208:
 2233              	.L183:
 666:Middlewares/Third_Party/LwIP/src/api/api_lib.c **** 
 2234              		.loc 1 666 45 discriminator 3 view .LVU652
 668:Middlewares/Third_Party/LwIP/src/api/api_lib.c **** 
 2235              		.loc 1 668 91 discriminator 3 view .LVU653
 670:Middlewares/Third_Party/LwIP/src/api/api_lib.c ****   /* don't set conn->last_err: it's only ERR_OK, anyway */
 2236              		.loc 1 670 3 discriminator 3 view .LVU654
 670:Middlewares/Third_Party/LwIP/src/api/api_lib.c ****   /* don't set conn->last_err: it's only ERR_OK, anyway */
 2237              		.loc 1 670 12 is_stmt 0 discriminator 3 view .LVU655
 2238 0072 019B     		ldr	r3, [sp, #4]
 2239 0074 3B60     		str	r3, [r7]
 672:Middlewares/Third_Party/LwIP/src/api/api_lib.c **** }
 2240              		.loc 1 672 3 is_stmt 1 discriminator 3 view .LVU656
 672:Middlewares/Third_Party/LwIP/src/api/api_lib.c **** }
 2241              		.loc 1 672 10 is_stmt 0 discriminator 3 view .LVU657
 2242 0076 0020     		movs	r0, #0
 2243              	.LVL209:
 2244              	.L171:
 673:Middlewares/Third_Party/LwIP/src/api/api_lib.c **** 
 2245              		.loc 1 673 1 view .LVU658
 2246 0078 03B0     		add	sp, sp, #12
ARM GAS  /tmp/ccPDpVkS.s 			page 72


 2247              	.LCFI64:
 2248              		.cfi_remember_state
 2249              		.cfi_def_cfa_offset 20
 2250              		@ sp needed
 2251 007a F0BD     		pop	{r4, r5, r6, r7, pc}
 2252              	.LVL210:
 2253              	.L187:
 2254              	.LCFI65:
 2255              		.cfi_restore_state
 584:Middlewares/Third_Party/LwIP/src/api/api_lib.c ****   *new_buf = NULL;
 2256              		.loc 1 584 3 is_stmt 1 discriminator 1 view .LVU659
 584:Middlewares/Third_Party/LwIP/src/api/api_lib.c ****   *new_buf = NULL;
 2257              		.loc 1 584 3 discriminator 1 view .LVU660
 2258 007c 244B     		ldr	r3, .L193
 2259 007e 4FF41272 		mov	r2, #584
 2260              	.LVL211:
 584:Middlewares/Third_Party/LwIP/src/api/api_lib.c ****   *new_buf = NULL;
 2261              		.loc 1 584 3 is_stmt 0 discriminator 1 view .LVU661
 2262 0082 2449     		ldr	r1, .L193+4
 2263              	.LVL212:
 584:Middlewares/Third_Party/LwIP/src/api/api_lib.c ****   *new_buf = NULL;
 2264              		.loc 1 584 3 discriminator 1 view .LVU662
 2265 0084 2448     		ldr	r0, .L193+8
 2266              	.LVL213:
 584:Middlewares/Third_Party/LwIP/src/api/api_lib.c ****   *new_buf = NULL;
 2267              		.loc 1 584 3 discriminator 1 view .LVU663
 2268 0086 FFF7FEFF 		bl	printf
 2269              	.LVL214:
 584:Middlewares/Third_Party/LwIP/src/api/api_lib.c ****   *new_buf = NULL;
 2270              		.loc 1 584 3 is_stmt 1 discriminator 1 view .LVU664
 584:Middlewares/Third_Party/LwIP/src/api/api_lib.c ****   *new_buf = NULL;
 2271              		.loc 1 584 3 discriminator 1 view .LVU665
 2272 008a 6FF00F00 		mvn	r0, #15
 2273 008e F3E7     		b	.L171
 2274              	.LVL215:
 2275              	.L188:
 586:Middlewares/Third_Party/LwIP/src/api/api_lib.c **** 
 2276              		.loc 1 586 3 discriminator 1 view .LVU666
 586:Middlewares/Third_Party/LwIP/src/api/api_lib.c **** 
 2277              		.loc 1 586 3 discriminator 1 view .LVU667
 2278 0090 1F4B     		ldr	r3, .L193
 2279 0092 40F24A22 		movw	r2, #586
 2280              	.LVL216:
 586:Middlewares/Third_Party/LwIP/src/api/api_lib.c **** 
 2281              		.loc 1 586 3 is_stmt 0 discriminator 1 view .LVU668
 2282 0096 2149     		ldr	r1, .L193+12
 2283              	.LVL217:
 586:Middlewares/Third_Party/LwIP/src/api/api_lib.c **** 
 2284              		.loc 1 586 3 discriminator 1 view .LVU669
 2285 0098 1F48     		ldr	r0, .L193+8
 2286              	.LVL218:
 586:Middlewares/Third_Party/LwIP/src/api/api_lib.c **** 
 2287              		.loc 1 586 3 discriminator 1 view .LVU670
 2288 009a FFF7FEFF 		bl	printf
 2289              	.LVL219:
 586:Middlewares/Third_Party/LwIP/src/api/api_lib.c **** 
 2290              		.loc 1 586 3 is_stmt 1 discriminator 1 view .LVU671
ARM GAS  /tmp/ccPDpVkS.s 			page 73


 586:Middlewares/Third_Party/LwIP/src/api/api_lib.c **** 
 2291              		.loc 1 586 3 discriminator 1 view .LVU672
 2292 009e 6FF00F00 		mvn	r0, #15
 2293 00a2 E9E7     		b	.L171
 2294              	.L189:
 2295              	.LBB6:
 589:Middlewares/Third_Party/LwIP/src/api/api_lib.c ****     if (err != ERR_OK) {
 2296              		.loc 1 589 5 view .LVU673
 589:Middlewares/Third_Party/LwIP/src/api/api_lib.c ****     if (err != ERR_OK) {
 2297              		.loc 1 589 17 is_stmt 0 view .LVU674
 2298 00a4 2046     		mov	r0, r4
 2299 00a6 FFF7FEFF 		bl	netconn_err
 2300              	.LVL220:
 590:Middlewares/Third_Party/LwIP/src/api/api_lib.c ****       /* return pending error */
 2301              		.loc 1 590 5 is_stmt 1 view .LVU675
 590:Middlewares/Third_Party/LwIP/src/api/api_lib.c ****       /* return pending error */
 2302              		.loc 1 590 8 is_stmt 0 view .LVU676
 2303 00aa 0028     		cmp	r0, #0
 2304 00ac E4D1     		bne	.L171
 594:Middlewares/Third_Party/LwIP/src/api/api_lib.c ****   }
 2305              		.loc 1 594 12 view .LVU677
 2306 00ae 6FF00A00 		mvn	r0, #10
 2307              	.LVL221:
 594:Middlewares/Third_Party/LwIP/src/api/api_lib.c ****   }
 2308              		.loc 1 594 12 view .LVU678
 2309 00b2 E1E7     		b	.L171
 2310              	.L190:
 594:Middlewares/Third_Party/LwIP/src/api/api_lib.c ****   }
 2311              		.loc 1 594 12 view .LVU679
 2312              	.LBE6:
 2313              	.LBB7:
 601:Middlewares/Third_Party/LwIP/src/api/api_lib.c ****       NETCONN_MBOX_WAITING_DEC(conn);
 2314              		.loc 1 601 7 is_stmt 1 view .LVU680
 602:Middlewares/Third_Party/LwIP/src/api/api_lib.c ****       err = netconn_err(conn);
 2315              		.loc 1 602 37 view .LVU681
 603:Middlewares/Third_Party/LwIP/src/api/api_lib.c ****       if (err != ERR_OK) {
 2316              		.loc 1 603 7 view .LVU682
 603:Middlewares/Third_Party/LwIP/src/api/api_lib.c ****       if (err != ERR_OK) {
 2317              		.loc 1 603 13 is_stmt 0 view .LVU683
 2318 00b4 2046     		mov	r0, r4
 2319 00b6 FFF7FEFF 		bl	netconn_err
 2320              	.LVL222:
 604:Middlewares/Third_Party/LwIP/src/api/api_lib.c ****         /* return pending error */
 2321              		.loc 1 604 7 is_stmt 1 view .LVU684
 604:Middlewares/Third_Party/LwIP/src/api/api_lib.c ****         /* return pending error */
 2322              		.loc 1 604 10 is_stmt 0 view .LVU685
 2323 00ba 0028     		cmp	r0, #0
 2324 00bc DCD1     		bne	.L171
 608:Middlewares/Third_Party/LwIP/src/api/api_lib.c ****         return ERR_CONN;
 2325              		.loc 1 608 7 is_stmt 1 view .LVU686
 608:Middlewares/Third_Party/LwIP/src/api/api_lib.c ****         return ERR_CONN;
 2326              		.loc 1 608 15 is_stmt 0 view .LVU687
 2327 00be 237F     		ldrb	r3, [r4, #28]	@ zero_extendqisi2
 608:Middlewares/Third_Party/LwIP/src/api/api_lib.c ****         return ERR_CONN;
 2328              		.loc 1 608 10 view .LVU688
 2329 00c0 13F0010F 		tst	r3, #1
 2330 00c4 20D0     		beq	.L185
ARM GAS  /tmp/ccPDpVkS.s 			page 74


 609:Middlewares/Third_Party/LwIP/src/api/api_lib.c ****       }
 2331              		.loc 1 609 16 view .LVU689
 2332 00c6 6FF00A00 		mvn	r0, #10
 2333              	.LVL223:
 609:Middlewares/Third_Party/LwIP/src/api/api_lib.c ****       }
 2334              		.loc 1 609 16 view .LVU690
 2335 00ca D5E7     		b	.L171
 2336              	.L175:
 609:Middlewares/Third_Party/LwIP/src/api/api_lib.c ****       }
 2337              		.loc 1 609 16 view .LVU691
 2338              	.LBE7:
 620:Middlewares/Third_Party/LwIP/src/api/api_lib.c **** #endif /* LWIP_SO_RCVTIMEO*/
 2339              		.loc 1 620 5 is_stmt 1 view .LVU692
 2340 00cc 0022     		movs	r2, #0
 2341 00ce 01A9     		add	r1, sp, #4
 2342 00d0 2846     		mov	r0, r5
 2343 00d2 FFF7FEFF 		bl	sys_arch_mbox_fetch
 2344              	.LVL224:
 2345 00d6 BCE7     		b	.L176
 2346              	.L191:
 2347              	.LBB8:
 639:Middlewares/Third_Party/LwIP/src/api/api_lib.c ****     /* Check if this is an error message or a pbuf */
 2348              		.loc 1 639 5 view .LVU693
 641:Middlewares/Third_Party/LwIP/src/api/api_lib.c ****       /* new_buf has been zeroed above already */
 2349              		.loc 1 641 5 view .LVU694
 641:Middlewares/Third_Party/LwIP/src/api/api_lib.c ****       /* new_buf has been zeroed above already */
 2350              		.loc 1 641 9 is_stmt 0 view .LVU695
 2351 00d8 0DF10301 		add	r1, sp, #3
 2352 00dc 0198     		ldr	r0, [sp, #4]
 2353 00de FFF7FEFF 		bl	lwip_netconn_is_err_msg
 2354              	.LVL225:
 641:Middlewares/Third_Party/LwIP/src/api/api_lib.c ****       /* new_buf has been zeroed above already */
 2355              		.loc 1 641 8 view .LVU696
 2356 00e2 30B1     		cbz	r0, .L178
 643:Middlewares/Third_Party/LwIP/src/api/api_lib.c ****         /* connection closed translates to ERR_OK with *new_buf == NULL */
 2357              		.loc 1 643 7 is_stmt 1 view .LVU697
 643:Middlewares/Third_Party/LwIP/src/api/api_lib.c ****         /* connection closed translates to ERR_OK with *new_buf == NULL */
 2358              		.loc 1 643 15 is_stmt 0 view .LVU698
 2359 00e4 9DF90300 		ldrsb	r0, [sp, #3]
 643:Middlewares/Third_Party/LwIP/src/api/api_lib.c ****         /* connection closed translates to ERR_OK with *new_buf == NULL */
 2360              		.loc 1 643 10 view .LVU699
 2361 00e8 10F10F0F 		cmn	r0, #15
 2362 00ec C4D1     		bne	.L171
 645:Middlewares/Third_Party/LwIP/src/api/api_lib.c ****       }
 2363              		.loc 1 645 16 view .LVU700
 2364 00ee 0020     		movs	r0, #0
 2365 00f0 C2E7     		b	.L171
 2366              	.L178:
 649:Middlewares/Third_Party/LwIP/src/api/api_lib.c ****   }
 2367              		.loc 1 649 5 is_stmt 1 view .LVU701
 649:Middlewares/Third_Party/LwIP/src/api/api_lib.c ****   }
 2368              		.loc 1 649 12 is_stmt 0 view .LVU702
 2369 00f2 019B     		ldr	r3, [sp, #4]
 649:Middlewares/Third_Party/LwIP/src/api/api_lib.c ****   }
 2370              		.loc 1 649 9 view .LVU703
 2371 00f4 1A89     		ldrh	r2, [r3, #8]
 2372              	.LVL226:
ARM GAS  /tmp/ccPDpVkS.s 			page 75


 649:Middlewares/Third_Party/LwIP/src/api/api_lib.c ****   }
 2373              		.loc 1 649 9 view .LVU704
 2374              	.LBE8:
 2375 00f6 B7E7     		b	.L181
 2376              	.LVL227:
 2377              	.L192:
 657:Middlewares/Third_Party/LwIP/src/api/api_lib.c ****     len = netbuf_len((struct netbuf *)buf);
 2378              		.loc 1 657 5 is_stmt 1 discriminator 1 view .LVU705
 657:Middlewares/Third_Party/LwIP/src/api/api_lib.c ****     len = netbuf_len((struct netbuf *)buf);
 2379              		.loc 1 657 5 discriminator 1 view .LVU706
 2380 00f8 054B     		ldr	r3, .L193
 2381 00fa 40F29122 		movw	r2, #657
 2382 00fe 0849     		ldr	r1, .L193+16
 2383 0100 0548     		ldr	r0, .L193+8
 2384 0102 FFF7FEFF 		bl	printf
 2385              	.LVL228:
 2386 0106 ACE7     		b	.L182
 2387              	.LVL229:
 2388              	.L185:
 2389              	.LBB9:
 611:Middlewares/Third_Party/LwIP/src/api/api_lib.c ****     }
 2390              		.loc 1 611 14 is_stmt 0 view .LVU707
 2391 0108 6FF00600 		mvn	r0, #6
 2392              	.LVL230:
 611:Middlewares/Third_Party/LwIP/src/api/api_lib.c ****     }
 2393              		.loc 1 611 14 view .LVU708
 2394 010c B4E7     		b	.L171
 2395              	.L194:
 2396 010e 00BF     		.align	2
 2397              	.L193:
 2398 0110 00000000 		.word	.LC0
 2399 0114 00000000 		.word	.LC22
 2400 0118 54000000 		.word	.LC2
 2401 011c 20000000 		.word	.LC23
 2402 0120 3C000000 		.word	.LC24
 2403              	.LBE9:
 2404              		.cfi_endproc
 2405              	.LFE184:
 2407              		.section	.rodata.netconn_recv_udp_raw_netbuf.str1.4,"aMS",%progbits,1
 2408              		.align	2
 2409              	.LC25:
 2410 0000 6E657463 		.ascii	"netconn_recv_udp_raw_netbuf: invalid conn\000"
 2410      6F6E6E5F 
 2410      72656376 
 2410      5F756470 
 2410      5F726177 
 2411              		.section	.text.netconn_recv_udp_raw_netbuf,"ax",%progbits
 2412              		.align	1
 2413              		.global	netconn_recv_udp_raw_netbuf
 2414              		.syntax unified
 2415              		.thumb
 2416              		.thumb_func
 2417              		.fpu fpv5-d16
 2419              	netconn_recv_udp_raw_netbuf:
 2420              	.LVL231:
 2421              	.LFB190:
 823:Middlewares/Third_Party/LwIP/src/api/api_lib.c ****   LWIP_ERROR("netconn_recv_udp_raw_netbuf: invalid conn", (conn != NULL) &&
ARM GAS  /tmp/ccPDpVkS.s 			page 76


 2422              		.loc 1 823 1 is_stmt 1 view -0
 2423              		.cfi_startproc
 2424              		@ args = 0, pretend = 0, frame = 0
 2425              		@ frame_needed = 0, uses_anonymous_args = 0
 823:Middlewares/Third_Party/LwIP/src/api/api_lib.c ****   LWIP_ERROR("netconn_recv_udp_raw_netbuf: invalid conn", (conn != NULL) &&
 2426              		.loc 1 823 1 is_stmt 0 view .LVU710
 2427 0000 08B5     		push	{r3, lr}
 2428              	.LCFI66:
 2429              		.cfi_def_cfa_offset 8
 2430              		.cfi_offset 3, -8
 2431              		.cfi_offset 14, -4
 824:Middlewares/Third_Party/LwIP/src/api/api_lib.c ****              NETCONNTYPE_GROUP(netconn_type(conn)) != NETCONN_TCP, return ERR_ARG;);
 2432              		.loc 1 824 3 is_stmt 1 view .LVU711
 824:Middlewares/Third_Party/LwIP/src/api/api_lib.c ****              NETCONNTYPE_GROUP(netconn_type(conn)) != NETCONN_TCP, return ERR_ARG;);
 2433              		.loc 1 824 3 view .LVU712
 2434 0002 40B1     		cbz	r0, .L196
 824:Middlewares/Third_Party/LwIP/src/api/api_lib.c ****              NETCONNTYPE_GROUP(netconn_type(conn)) != NETCONN_TCP, return ERR_ARG;);
 2435              		.loc 1 824 3 is_stmt 0 discriminator 2 view .LVU713
 2436 0004 0378     		ldrb	r3, [r0]	@ zero_extendqisi2
 2437 0006 03F0F003 		and	r3, r3, #240
 2438 000a 102B     		cmp	r3, #16
 2439 000c 03D0     		beq	.L196
 824:Middlewares/Third_Party/LwIP/src/api/api_lib.c ****              NETCONNTYPE_GROUP(netconn_type(conn)) != NETCONN_TCP, return ERR_ARG;);
 2440              		.loc 1 824 3 is_stmt 1 discriminator 4 view .LVU714
 824:Middlewares/Third_Party/LwIP/src/api/api_lib.c ****              NETCONNTYPE_GROUP(netconn_type(conn)) != NETCONN_TCP, return ERR_ARG;);
 2441              		.loc 1 824 3 discriminator 4 view .LVU715
 827:Middlewares/Third_Party/LwIP/src/api/api_lib.c **** }
 2442              		.loc 1 827 3 discriminator 4 view .LVU716
 827:Middlewares/Third_Party/LwIP/src/api/api_lib.c **** }
 2443              		.loc 1 827 10 is_stmt 0 discriminator 4 view .LVU717
 2444 000e 0022     		movs	r2, #0
 2445 0010 FFF7FEFF 		bl	netconn_recv_data
 2446              	.LVL232:
 2447              	.L198:
 828:Middlewares/Third_Party/LwIP/src/api/api_lib.c **** 
 2448              		.loc 1 828 1 view .LVU718
 2449 0014 08BD     		pop	{r3, pc}
 2450              	.LVL233:
 2451              	.L196:
 824:Middlewares/Third_Party/LwIP/src/api/api_lib.c ****              NETCONNTYPE_GROUP(netconn_type(conn)) != NETCONN_TCP, return ERR_ARG;);
 2452              		.loc 1 824 3 is_stmt 1 discriminator 3 view .LVU719
 824:Middlewares/Third_Party/LwIP/src/api/api_lib.c ****              NETCONNTYPE_GROUP(netconn_type(conn)) != NETCONN_TCP, return ERR_ARG;);
 2453              		.loc 1 824 3 discriminator 3 view .LVU720
 2454 0016 054B     		ldr	r3, .L200
 2455 0018 4FF44E72 		mov	r2, #824
 2456 001c 0449     		ldr	r1, .L200+4
 2457              	.LVL234:
 824:Middlewares/Third_Party/LwIP/src/api/api_lib.c ****              NETCONNTYPE_GROUP(netconn_type(conn)) != NETCONN_TCP, return ERR_ARG;);
 2458              		.loc 1 824 3 is_stmt 0 discriminator 3 view .LVU721
 2459 001e 0548     		ldr	r0, .L200+8
 2460              	.LVL235:
 824:Middlewares/Third_Party/LwIP/src/api/api_lib.c ****              NETCONNTYPE_GROUP(netconn_type(conn)) != NETCONN_TCP, return ERR_ARG;);
 2461              		.loc 1 824 3 discriminator 3 view .LVU722
 2462 0020 FFF7FEFF 		bl	printf
 2463              	.LVL236:
 824:Middlewares/Third_Party/LwIP/src/api/api_lib.c ****              NETCONNTYPE_GROUP(netconn_type(conn)) != NETCONN_TCP, return ERR_ARG;);
 2464              		.loc 1 824 3 is_stmt 1 discriminator 3 view .LVU723
ARM GAS  /tmp/ccPDpVkS.s 			page 77


 824:Middlewares/Third_Party/LwIP/src/api/api_lib.c ****              NETCONNTYPE_GROUP(netconn_type(conn)) != NETCONN_TCP, return ERR_ARG;);
 2465              		.loc 1 824 3 discriminator 3 view .LVU724
 2466 0024 6FF00F00 		mvn	r0, #15
 2467 0028 F4E7     		b	.L198
 2468              	.L201:
 2469 002a 00BF     		.align	2
 2470              	.L200:
 2471 002c 00000000 		.word	.LC0
 2472 0030 00000000 		.word	.LC25
 2473 0034 54000000 		.word	.LC2
 2474              		.cfi_endproc
 2475              	.LFE190:
 2477              		.section	.text.netconn_recv_udp_raw_netbuf_flags,"ax",%progbits
 2478              		.align	1
 2479              		.global	netconn_recv_udp_raw_netbuf_flags
 2480              		.syntax unified
 2481              		.thumb
 2482              		.thumb_func
 2483              		.fpu fpv5-d16
 2485              	netconn_recv_udp_raw_netbuf_flags:
 2486              	.LVL237:
 2487              	.LFB191:
 843:Middlewares/Third_Party/LwIP/src/api/api_lib.c ****   LWIP_ERROR("netconn_recv_udp_raw_netbuf: invalid conn", (conn != NULL) &&
 2488              		.loc 1 843 1 view -0
 2489              		.cfi_startproc
 2490              		@ args = 0, pretend = 0, frame = 0
 2491              		@ frame_needed = 0, uses_anonymous_args = 0
 843:Middlewares/Third_Party/LwIP/src/api/api_lib.c ****   LWIP_ERROR("netconn_recv_udp_raw_netbuf: invalid conn", (conn != NULL) &&
 2492              		.loc 1 843 1 is_stmt 0 view .LVU726
 2493 0000 08B5     		push	{r3, lr}
 2494              	.LCFI67:
 2495              		.cfi_def_cfa_offset 8
 2496              		.cfi_offset 3, -8
 2497              		.cfi_offset 14, -4
 844:Middlewares/Third_Party/LwIP/src/api/api_lib.c ****              NETCONNTYPE_GROUP(netconn_type(conn)) != NETCONN_TCP, return ERR_ARG;);
 2498              		.loc 1 844 3 is_stmt 1 view .LVU727
 844:Middlewares/Third_Party/LwIP/src/api/api_lib.c ****              NETCONNTYPE_GROUP(netconn_type(conn)) != NETCONN_TCP, return ERR_ARG;);
 2499              		.loc 1 844 3 view .LVU728
 2500 0002 38B1     		cbz	r0, .L203
 844:Middlewares/Third_Party/LwIP/src/api/api_lib.c ****              NETCONNTYPE_GROUP(netconn_type(conn)) != NETCONN_TCP, return ERR_ARG;);
 2501              		.loc 1 844 3 is_stmt 0 discriminator 2 view .LVU729
 2502 0004 0378     		ldrb	r3, [r0]	@ zero_extendqisi2
 2503 0006 03F0F003 		and	r3, r3, #240
 2504 000a 102B     		cmp	r3, #16
 2505 000c 02D0     		beq	.L203
 844:Middlewares/Third_Party/LwIP/src/api/api_lib.c ****              NETCONNTYPE_GROUP(netconn_type(conn)) != NETCONN_TCP, return ERR_ARG;);
 2506              		.loc 1 844 3 is_stmt 1 discriminator 4 view .LVU730
 844:Middlewares/Third_Party/LwIP/src/api/api_lib.c ****              NETCONNTYPE_GROUP(netconn_type(conn)) != NETCONN_TCP, return ERR_ARG;);
 2507              		.loc 1 844 3 discriminator 4 view .LVU731
 847:Middlewares/Third_Party/LwIP/src/api/api_lib.c **** }
 2508              		.loc 1 847 3 discriminator 4 view .LVU732
 847:Middlewares/Third_Party/LwIP/src/api/api_lib.c **** }
 2509              		.loc 1 847 10 is_stmt 0 discriminator 4 view .LVU733
 2510 000e FFF7FEFF 		bl	netconn_recv_data
 2511              	.LVL238:
 2512              	.L205:
 848:Middlewares/Third_Party/LwIP/src/api/api_lib.c **** 
ARM GAS  /tmp/ccPDpVkS.s 			page 78


 2513              		.loc 1 848 1 view .LVU734
 2514 0012 08BD     		pop	{r3, pc}
 2515              	.LVL239:
 2516              	.L203:
 844:Middlewares/Third_Party/LwIP/src/api/api_lib.c ****              NETCONNTYPE_GROUP(netconn_type(conn)) != NETCONN_TCP, return ERR_ARG;);
 2517              		.loc 1 844 3 is_stmt 1 discriminator 3 view .LVU735
 844:Middlewares/Third_Party/LwIP/src/api/api_lib.c ****              NETCONNTYPE_GROUP(netconn_type(conn)) != NETCONN_TCP, return ERR_ARG;);
 2518              		.loc 1 844 3 discriminator 3 view .LVU736
 2519 0014 044B     		ldr	r3, .L207
 2520 0016 4FF45372 		mov	r2, #844
 2521              	.LVL240:
 844:Middlewares/Third_Party/LwIP/src/api/api_lib.c ****              NETCONNTYPE_GROUP(netconn_type(conn)) != NETCONN_TCP, return ERR_ARG;);
 2522              		.loc 1 844 3 is_stmt 0 discriminator 3 view .LVU737
 2523 001a 0449     		ldr	r1, .L207+4
 2524              	.LVL241:
 844:Middlewares/Third_Party/LwIP/src/api/api_lib.c ****              NETCONNTYPE_GROUP(netconn_type(conn)) != NETCONN_TCP, return ERR_ARG;);
 2525              		.loc 1 844 3 discriminator 3 view .LVU738
 2526 001c 0448     		ldr	r0, .L207+8
 2527              	.LVL242:
 844:Middlewares/Third_Party/LwIP/src/api/api_lib.c ****              NETCONNTYPE_GROUP(netconn_type(conn)) != NETCONN_TCP, return ERR_ARG;);
 2528              		.loc 1 844 3 discriminator 3 view .LVU739
 2529 001e FFF7FEFF 		bl	printf
 2530              	.LVL243:
 844:Middlewares/Third_Party/LwIP/src/api/api_lib.c ****              NETCONNTYPE_GROUP(netconn_type(conn)) != NETCONN_TCP, return ERR_ARG;);
 2531              		.loc 1 844 3 is_stmt 1 discriminator 3 view .LVU740
 844:Middlewares/Third_Party/LwIP/src/api/api_lib.c ****              NETCONNTYPE_GROUP(netconn_type(conn)) != NETCONN_TCP, return ERR_ARG;);
 2532              		.loc 1 844 3 discriminator 3 view .LVU741
 2533 0022 6FF00F00 		mvn	r0, #15
 2534 0026 F4E7     		b	.L205
 2535              	.L208:
 2536              		.align	2
 2537              	.L207:
 2538 0028 00000000 		.word	.LC0
 2539 002c 00000000 		.word	.LC25
 2540 0030 54000000 		.word	.LC2
 2541              		.cfi_endproc
 2542              	.LFE191:
 2544              		.section	.text.netconn_recv_data_tcp,"ax",%progbits
 2545              		.align	1
 2546              		.syntax unified
 2547              		.thumb
 2548              		.thumb_func
 2549              		.fpu fpv5-d16
 2551              	netconn_recv_data_tcp:
 2552              	.LVL244:
 2553              	.LFB187:
 704:Middlewares/Third_Party/LwIP/src/api/api_lib.c ****   err_t err;
 2554              		.loc 1 704 1 view -0
 2555              		.cfi_startproc
 2556              		@ args = 0, pretend = 0, frame = 32
 2557              		@ frame_needed = 0, uses_anonymous_args = 0
 704:Middlewares/Third_Party/LwIP/src/api/api_lib.c ****   err_t err;
 2558              		.loc 1 704 1 is_stmt 0 view .LVU743
 2559 0000 2DE9F041 		push	{r4, r5, r6, r7, r8, lr}
 2560              	.LCFI68:
 2561              		.cfi_def_cfa_offset 24
 2562              		.cfi_offset 4, -24
ARM GAS  /tmp/ccPDpVkS.s 			page 79


 2563              		.cfi_offset 5, -20
 2564              		.cfi_offset 6, -16
 2565              		.cfi_offset 7, -12
 2566              		.cfi_offset 8, -8
 2567              		.cfi_offset 14, -4
 2568 0004 88B0     		sub	sp, sp, #32
 2569              	.LCFI69:
 2570              		.cfi_def_cfa_offset 56
 2571 0006 0446     		mov	r4, r0
 2572 0008 0F46     		mov	r7, r1
 2573 000a 1546     		mov	r5, r2
 705:Middlewares/Third_Party/LwIP/src/api/api_lib.c ****   struct pbuf *buf;
 2574              		.loc 1 705 3 is_stmt 1 view .LVU744
 706:Middlewares/Third_Party/LwIP/src/api/api_lib.c ****   API_MSG_VAR_DECLARE(msg);
 2575              		.loc 1 706 3 view .LVU745
 707:Middlewares/Third_Party/LwIP/src/api/api_lib.c **** #if LWIP_MPU_COMPATIBLE
 2576              		.loc 1 707 3 view .LVU746
 712:Middlewares/Third_Party/LwIP/src/api/api_lib.c ****     /* This only happens when calling this function more than once *after* receiving FIN */
 2577              		.loc 1 712 3 view .LVU747
 712:Middlewares/Third_Party/LwIP/src/api/api_lib.c ****     /* This only happens when calling this function more than once *after* receiving FIN */
 2578              		.loc 1 712 8 is_stmt 0 view .LVU748
 2579 000c 1030     		adds	r0, r0, #16
 2580              	.LVL245:
 712:Middlewares/Third_Party/LwIP/src/api/api_lib.c ****     /* This only happens when calling this function more than once *after* receiving FIN */
 2581              		.loc 1 712 8 view .LVU749
 2582 000e FFF7FEFF 		bl	sys_mbox_valid
 2583              	.LVL246:
 712:Middlewares/Third_Party/LwIP/src/api/api_lib.c ****     /* This only happens when calling this function more than once *after* receiving FIN */
 2584              		.loc 1 712 6 view .LVU750
 2585 0012 0028     		cmp	r0, #0
 2586 0014 3FD0     		beq	.L217
 716:Middlewares/Third_Party/LwIP/src/api/api_lib.c ****     netconn_clear_flags(conn, NETCONN_FIN_RX_PENDING);
 2587              		.loc 1 716 3 is_stmt 1 view .LVU751
 716:Middlewares/Third_Party/LwIP/src/api/api_lib.c ****     netconn_clear_flags(conn, NETCONN_FIN_RX_PENDING);
 2588              		.loc 1 716 7 is_stmt 0 view .LVU752
 2589 0016 237F     		ldrb	r3, [r4, #28]	@ zero_extendqisi2
 2590 0018 94F91C20 		ldrsb	r2, [r4, #28]
 716:Middlewares/Third_Party/LwIP/src/api/api_lib.c ****     netconn_clear_flags(conn, NETCONN_FIN_RX_PENDING);
 2591              		.loc 1 716 6 view .LVU753
 2592 001c 002A     		cmp	r2, #0
 2593 001e 1DDB     		blt	.L221
 721:Middlewares/Third_Party/LwIP/src/api/api_lib.c ****     /* need to allocate API message here so empty message pool does not result in event loss
 2594              		.loc 1 721 3 is_stmt 1 view .LVU754
 2595 0020 05F00808 		and	r8, r5, #8
 724:Middlewares/Third_Party/LwIP/src/api/api_lib.c ****   }
 2596              		.loc 1 724 27 view .LVU755
 727:Middlewares/Third_Party/LwIP/src/api/api_lib.c ****   if (err != ERR_OK) {
 2597              		.loc 1 727 3 view .LVU756
 727:Middlewares/Third_Party/LwIP/src/api/api_lib.c ****   if (err != ERR_OK) {
 2598              		.loc 1 727 9 is_stmt 0 view .LVU757
 2599 0024 2A46     		mov	r2, r5
 2600 0026 3946     		mov	r1, r7
 2601 0028 2046     		mov	r0, r4
 2602 002a FFF7FEFF 		bl	netconn_recv_data
 2603              	.LVL247:
 728:Middlewares/Third_Party/LwIP/src/api/api_lib.c ****     if (!(apiflags & NETCONN_NOAUTORCVD)) {
 2604              		.loc 1 728 3 is_stmt 1 view .LVU758
ARM GAS  /tmp/ccPDpVkS.s 			page 80


 728:Middlewares/Third_Party/LwIP/src/api/api_lib.c ****     if (!(apiflags & NETCONN_NOAUTORCVD)) {
 2605              		.loc 1 728 6 is_stmt 0 view .LVU759
 2606 002e 0646     		mov	r6, r0
 2607 0030 20BB     		cbnz	r0, .L210
 734:Middlewares/Third_Party/LwIP/src/api/api_lib.c ****   if (!(apiflags & NETCONN_NOAUTORCVD)) {
 2608              		.loc 1 734 3 is_stmt 1 view .LVU760
 734:Middlewares/Third_Party/LwIP/src/api/api_lib.c ****   if (!(apiflags & NETCONN_NOAUTORCVD)) {
 2609              		.loc 1 734 7 is_stmt 0 view .LVU761
 2610 0032 3F68     		ldr	r7, [r7]
 2611              	.LVL248:
 735:Middlewares/Third_Party/LwIP/src/api/api_lib.c ****     /* Let the stack know that we have taken the data. */
 2612              		.loc 1 735 3 is_stmt 1 view .LVU762
 735:Middlewares/Third_Party/LwIP/src/api/api_lib.c ****     /* Let the stack know that we have taken the data. */
 2613              		.loc 1 735 6 is_stmt 0 view .LVU763
 2614 0034 B8F1000F 		cmp	r8, #0
 2615 0038 05D1     		bne	.L213
 2616              	.LBB10:
 737:Middlewares/Third_Party/LwIP/src/api/api_lib.c ****     /* don't care for the return value of lwip_netconn_do_recv */
 2617              		.loc 1 737 5 is_stmt 1 view .LVU764
 737:Middlewares/Third_Party/LwIP/src/api/api_lib.c ****     /* don't care for the return value of lwip_netconn_do_recv */
 2618              		.loc 1 737 11 is_stmt 0 view .LVU765
 2619 003a 1FB3     		cbz	r7, .L218
 737:Middlewares/Third_Party/LwIP/src/api/api_lib.c ****     /* don't care for the return value of lwip_netconn_do_recv */
 2620              		.loc 1 737 11 discriminator 1 view .LVU766
 2621 003c 3989     		ldrh	r1, [r7, #8]
 2622              	.L214:
 2623              	.LVL249:
 740:Middlewares/Third_Party/LwIP/src/api/api_lib.c ****     API_MSG_VAR_FREE(msg);
 2624              		.loc 1 740 5 is_stmt 1 discriminator 4 view .LVU767
 2625 003e 6A46     		mov	r2, sp
 2626 0040 2046     		mov	r0, r4
 2627              	.LVL250:
 740:Middlewares/Third_Party/LwIP/src/api/api_lib.c ****     API_MSG_VAR_FREE(msg);
 2628              		.loc 1 740 5 is_stmt 0 discriminator 4 view .LVU768
 2629 0042 FFF7FEFF 		bl	netconn_tcp_recvd_msg
 2630              	.LVL251:
 2631              	.L213:
 741:Middlewares/Third_Party/LwIP/src/api/api_lib.c ****   }
 2632              		.loc 1 741 26 is_stmt 1 view .LVU769
 2633              	.LBE10:
 745:Middlewares/Third_Party/LwIP/src/api/api_lib.c ****     if (apiflags & NETCONN_NOFIN) {
 2634              		.loc 1 745 3 view .LVU770
 745:Middlewares/Third_Party/LwIP/src/api/api_lib.c ****     if (apiflags & NETCONN_NOFIN) {
 2635              		.loc 1 745 6 is_stmt 0 view .LVU771
 2636 0046 CFB9     		cbnz	r7, .L210
 746:Middlewares/Third_Party/LwIP/src/api/api_lib.c ****       /* received a FIN but the caller cannot handle it right now:
 2637              		.loc 1 746 5 is_stmt 1 view .LVU772
 746:Middlewares/Third_Party/LwIP/src/api/api_lib.c ****       /* received a FIN but the caller cannot handle it right now:
 2638              		.loc 1 746 8 is_stmt 0 view .LVU773
 2639 0048 15F0100F 		tst	r5, #16
 2640 004c 09D0     		beq	.L212
 749:Middlewares/Third_Party/LwIP/src/api/api_lib.c ****       return ERR_WOULDBLOCK;
 2641              		.loc 1 749 7 is_stmt 1 view .LVU774
 749:Middlewares/Third_Party/LwIP/src/api/api_lib.c ****       return ERR_WOULDBLOCK;
 2642              		.loc 1 749 7 view .LVU775
 2643 004e 237F     		ldrb	r3, [r4, #28]	@ zero_extendqisi2
 2644 0050 43F08003 		orr	r3, r3, #128
ARM GAS  /tmp/ccPDpVkS.s 			page 81


 2645 0054 2377     		strb	r3, [r4, #28]
 749:Middlewares/Third_Party/LwIP/src/api/api_lib.c ****       return ERR_WOULDBLOCK;
 2646              		.loc 1 749 7 view .LVU776
 750:Middlewares/Third_Party/LwIP/src/api/api_lib.c ****     } else {
 2647              		.loc 1 750 7 view .LVU777
 750:Middlewares/Third_Party/LwIP/src/api/api_lib.c ****     } else {
 2648              		.loc 1 750 14 is_stmt 0 view .LVU778
 2649 0056 6FF00606 		mvn	r6, #6
 2650 005a 0FE0     		b	.L210
 2651              	.LVL252:
 2652              	.L221:
 717:Middlewares/Third_Party/LwIP/src/api/api_lib.c ****     goto handle_fin;
 2653              		.loc 1 717 5 is_stmt 1 view .LVU779
 717:Middlewares/Third_Party/LwIP/src/api/api_lib.c ****     goto handle_fin;
 2654              		.loc 1 717 5 view .LVU780
 2655 005c 03F07F03 		and	r3, r3, #127
 2656 0060 2377     		strb	r3, [r4, #28]
 717:Middlewares/Third_Party/LwIP/src/api/api_lib.c ****     goto handle_fin;
 2657              		.loc 1 717 5 view .LVU781
 718:Middlewares/Third_Party/LwIP/src/api/api_lib.c ****   }
 2658              		.loc 1 718 5 view .LVU782
 2659              	.LVL253:
 2660              	.L212:
 753:Middlewares/Third_Party/LwIP/src/api/api_lib.c ****       if (conn->pcb.ip == NULL) {
 2661              		.loc 1 753 7 view .LVU783
 2662 0062 636A     		ldr	r3, [r4, #36]
 2663 0064 1BB1     		cbz	r3, .L215
 753:Middlewares/Third_Party/LwIP/src/api/api_lib.c ****       if (conn->pcb.ip == NULL) {
 2664              		.loc 1 753 7 discriminator 1 view .LVU784
 2665 0066 0022     		movs	r2, #0
 2666 0068 0121     		movs	r1, #1
 2667 006a 2046     		mov	r0, r4
 2668 006c 9847     		blx	r3
 2669              	.LVL254:
 2670              	.L215:
 753:Middlewares/Third_Party/LwIP/src/api/api_lib.c ****       if (conn->pcb.ip == NULL) {
 2671              		.loc 1 753 47 discriminator 3 view .LVU785
 754:Middlewares/Third_Party/LwIP/src/api/api_lib.c ****         /* race condition: RST during recv */
 2672              		.loc 1 754 7 discriminator 3 view .LVU786
 754:Middlewares/Third_Party/LwIP/src/api/api_lib.c ****         /* race condition: RST during recv */
 2673              		.loc 1 754 20 is_stmt 0 discriminator 3 view .LVU787
 2674 006e 6368     		ldr	r3, [r4, #4]
 754:Middlewares/Third_Party/LwIP/src/api/api_lib.c ****         /* race condition: RST during recv */
 2675              		.loc 1 754 10 discriminator 3 view .LVU788
 2676 0070 53B9     		cbnz	r3, .L216
 756:Middlewares/Third_Party/LwIP/src/api/api_lib.c ****         if (err != ERR_OK) {
 2677              		.loc 1 756 9 is_stmt 1 view .LVU789
 756:Middlewares/Third_Party/LwIP/src/api/api_lib.c ****         if (err != ERR_OK) {
 2678              		.loc 1 756 15 is_stmt 0 view .LVU790
 2679 0072 2046     		mov	r0, r4
 2680 0074 FFF7FEFF 		bl	netconn_err
 2681              	.LVL255:
 757:Middlewares/Third_Party/LwIP/src/api/api_lib.c ****           return err;
 2682              		.loc 1 757 9 is_stmt 1 view .LVU791
 757:Middlewares/Third_Party/LwIP/src/api/api_lib.c ****           return err;
 2683              		.loc 1 757 12 is_stmt 0 view .LVU792
 2684 0078 0646     		mov	r6, r0
ARM GAS  /tmp/ccPDpVkS.s 			page 82


 2685 007a 78B1     		cbz	r0, .L222
 2686              	.LVL256:
 2687              	.L210:
 769:Middlewares/Third_Party/LwIP/src/api/api_lib.c **** 
 2688              		.loc 1 769 1 view .LVU793
 2689 007c 3046     		mov	r0, r6
 2690 007e 08B0     		add	sp, sp, #32
 2691              	.LCFI70:
 2692              		.cfi_remember_state
 2693              		.cfi_def_cfa_offset 24
 2694              		@ sp needed
 2695 0080 BDE8F081 		pop	{r4, r5, r6, r7, r8, pc}
 2696              	.LVL257:
 2697              	.L218:
 2698              	.LCFI71:
 2699              		.cfi_restore_state
 2700              	.LBB11:
 737:Middlewares/Third_Party/LwIP/src/api/api_lib.c ****     /* don't care for the return value of lwip_netconn_do_recv */
 2701              		.loc 1 737 11 view .LVU794
 2702 0084 0121     		movs	r1, #1
 2703 0086 DAE7     		b	.L214
 2704              	.LVL258:
 2705              	.L216:
 737:Middlewares/Third_Party/LwIP/src/api/api_lib.c ****     /* don't care for the return value of lwip_netconn_do_recv */
 2706              		.loc 1 737 11 view .LVU795
 2707              	.LBE11:
 763:Middlewares/Third_Party/LwIP/src/api/api_lib.c ****       /* Don' store ERR_CLSD as conn->err since we are only half-closed */
 2708              		.loc 1 763 7 is_stmt 1 view .LVU796
 2709 0088 0121     		movs	r1, #1
 2710 008a 2046     		mov	r0, r4
 2711 008c FFF7FEFF 		bl	netconn_close_shutdown
 2712              	.LVL259:
 765:Middlewares/Third_Party/LwIP/src/api/api_lib.c ****     }
 2713              		.loc 1 765 7 view .LVU797
 765:Middlewares/Third_Party/LwIP/src/api/api_lib.c ****     }
 2714              		.loc 1 765 14 is_stmt 0 view .LVU798
 2715 0090 6FF00E06 		mvn	r6, #14
 2716 0094 F2E7     		b	.L210
 2717              	.LVL260:
 2718              	.L217:
 714:Middlewares/Third_Party/LwIP/src/api/api_lib.c ****   }
 2719              		.loc 1 714 12 view .LVU799
 2720 0096 6FF00A06 		mvn	r6, #10
 2721 009a EFE7     		b	.L210
 2722              	.LVL261:
 2723              	.L222:
 760:Middlewares/Third_Party/LwIP/src/api/api_lib.c ****       }
 2724              		.loc 1 760 16 view .LVU800
 2725 009c 6FF00D06 		mvn	r6, #13
 2726 00a0 ECE7     		b	.L210
 2727              		.cfi_endproc
 2728              	.LFE187:
 2730              		.section	.text.netconn_recv_tcp_pbuf,"ax",%progbits
 2731              		.align	1
 2732              		.global	netconn_recv_tcp_pbuf
 2733              		.syntax unified
 2734              		.thumb
ARM GAS  /tmp/ccPDpVkS.s 			page 83


 2735              		.thumb_func
 2736              		.fpu fpv5-d16
 2738              	netconn_recv_tcp_pbuf:
 2739              	.LVL262:
 2740              	.LFB188:
 783:Middlewares/Third_Party/LwIP/src/api/api_lib.c ****   LWIP_ERROR("netconn_recv_tcp_pbuf: invalid conn", (conn != NULL) &&
 2741              		.loc 1 783 1 is_stmt 1 view -0
 2742              		.cfi_startproc
 2743              		@ args = 0, pretend = 0, frame = 0
 2744              		@ frame_needed = 0, uses_anonymous_args = 0
 783:Middlewares/Third_Party/LwIP/src/api/api_lib.c ****   LWIP_ERROR("netconn_recv_tcp_pbuf: invalid conn", (conn != NULL) &&
 2745              		.loc 1 783 1 is_stmt 0 view .LVU802
 2746 0000 08B5     		push	{r3, lr}
 2747              	.LCFI72:
 2748              		.cfi_def_cfa_offset 8
 2749              		.cfi_offset 3, -8
 2750              		.cfi_offset 14, -4
 784:Middlewares/Third_Party/LwIP/src/api/api_lib.c ****              NETCONNTYPE_GROUP(netconn_type(conn)) == NETCONN_TCP, return ERR_ARG;);
 2751              		.loc 1 784 3 is_stmt 1 view .LVU803
 784:Middlewares/Third_Party/LwIP/src/api/api_lib.c ****              NETCONNTYPE_GROUP(netconn_type(conn)) == NETCONN_TCP, return ERR_ARG;);
 2752              		.loc 1 784 3 view .LVU804
 2753 0002 40B1     		cbz	r0, .L224
 784:Middlewares/Third_Party/LwIP/src/api/api_lib.c ****              NETCONNTYPE_GROUP(netconn_type(conn)) == NETCONN_TCP, return ERR_ARG;);
 2754              		.loc 1 784 3 is_stmt 0 discriminator 2 view .LVU805
 2755 0004 0378     		ldrb	r3, [r0]	@ zero_extendqisi2
 2756 0006 03F0F003 		and	r3, r3, #240
 2757 000a 102B     		cmp	r3, #16
 2758 000c 03D1     		bne	.L224
 784:Middlewares/Third_Party/LwIP/src/api/api_lib.c ****              NETCONNTYPE_GROUP(netconn_type(conn)) == NETCONN_TCP, return ERR_ARG;);
 2759              		.loc 1 784 3 is_stmt 1 discriminator 4 view .LVU806
 784:Middlewares/Third_Party/LwIP/src/api/api_lib.c ****              NETCONNTYPE_GROUP(netconn_type(conn)) == NETCONN_TCP, return ERR_ARG;);
 2760              		.loc 1 784 3 discriminator 4 view .LVU807
 787:Middlewares/Third_Party/LwIP/src/api/api_lib.c **** }
 2761              		.loc 1 787 3 discriminator 4 view .LVU808
 787:Middlewares/Third_Party/LwIP/src/api/api_lib.c **** }
 2762              		.loc 1 787 10 is_stmt 0 discriminator 4 view .LVU809
 2763 000e 0022     		movs	r2, #0
 2764 0010 FFF7FEFF 		bl	netconn_recv_data_tcp
 2765              	.LVL263:
 2766              	.L226:
 788:Middlewares/Third_Party/LwIP/src/api/api_lib.c **** 
 2767              		.loc 1 788 1 view .LVU810
 2768 0014 08BD     		pop	{r3, pc}
 2769              	.LVL264:
 2770              	.L224:
 784:Middlewares/Third_Party/LwIP/src/api/api_lib.c ****              NETCONNTYPE_GROUP(netconn_type(conn)) == NETCONN_TCP, return ERR_ARG;);
 2771              		.loc 1 784 3 is_stmt 1 discriminator 3 view .LVU811
 784:Middlewares/Third_Party/LwIP/src/api/api_lib.c ****              NETCONNTYPE_GROUP(netconn_type(conn)) == NETCONN_TCP, return ERR_ARG;);
 2772              		.loc 1 784 3 discriminator 3 view .LVU812
 2773 0016 054B     		ldr	r3, .L228
 2774 0018 4FF44472 		mov	r2, #784
 2775 001c 0449     		ldr	r1, .L228+4
 2776              	.LVL265:
 784:Middlewares/Third_Party/LwIP/src/api/api_lib.c ****              NETCONNTYPE_GROUP(netconn_type(conn)) == NETCONN_TCP, return ERR_ARG;);
 2777              		.loc 1 784 3 is_stmt 0 discriminator 3 view .LVU813
 2778 001e 0548     		ldr	r0, .L228+8
 2779              	.LVL266:
ARM GAS  /tmp/ccPDpVkS.s 			page 84


 784:Middlewares/Third_Party/LwIP/src/api/api_lib.c ****              NETCONNTYPE_GROUP(netconn_type(conn)) == NETCONN_TCP, return ERR_ARG;);
 2780              		.loc 1 784 3 discriminator 3 view .LVU814
 2781 0020 FFF7FEFF 		bl	printf
 2782              	.LVL267:
 784:Middlewares/Third_Party/LwIP/src/api/api_lib.c ****              NETCONNTYPE_GROUP(netconn_type(conn)) == NETCONN_TCP, return ERR_ARG;);
 2783              		.loc 1 784 3 is_stmt 1 discriminator 3 view .LVU815
 784:Middlewares/Third_Party/LwIP/src/api/api_lib.c ****              NETCONNTYPE_GROUP(netconn_type(conn)) == NETCONN_TCP, return ERR_ARG;);
 2784              		.loc 1 784 3 discriminator 3 view .LVU816
 2785 0024 6FF00F00 		mvn	r0, #15
 2786 0028 F4E7     		b	.L226
 2787              	.L229:
 2788 002a 00BF     		.align	2
 2789              	.L228:
 2790 002c 00000000 		.word	.LC0
 2791 0030 30000000 		.word	.LC1
 2792 0034 54000000 		.word	.LC2
 2793              		.cfi_endproc
 2794              	.LFE188:
 2796              		.section	.text.netconn_recv_tcp_pbuf_flags,"ax",%progbits
 2797              		.align	1
 2798              		.global	netconn_recv_tcp_pbuf_flags
 2799              		.syntax unified
 2800              		.thumb
 2801              		.thumb_func
 2802              		.fpu fpv5-d16
 2804              	netconn_recv_tcp_pbuf_flags:
 2805              	.LVL268:
 2806              	.LFB189:
 804:Middlewares/Third_Party/LwIP/src/api/api_lib.c ****   LWIP_ERROR("netconn_recv_tcp_pbuf: invalid conn", (conn != NULL) &&
 2807              		.loc 1 804 1 view -0
 2808              		.cfi_startproc
 2809              		@ args = 0, pretend = 0, frame = 0
 2810              		@ frame_needed = 0, uses_anonymous_args = 0
 804:Middlewares/Third_Party/LwIP/src/api/api_lib.c ****   LWIP_ERROR("netconn_recv_tcp_pbuf: invalid conn", (conn != NULL) &&
 2811              		.loc 1 804 1 is_stmt 0 view .LVU818
 2812 0000 08B5     		push	{r3, lr}
 2813              	.LCFI73:
 2814              		.cfi_def_cfa_offset 8
 2815              		.cfi_offset 3, -8
 2816              		.cfi_offset 14, -4
 805:Middlewares/Third_Party/LwIP/src/api/api_lib.c ****              NETCONNTYPE_GROUP(netconn_type(conn)) == NETCONN_TCP, return ERR_ARG;);
 2817              		.loc 1 805 3 is_stmt 1 view .LVU819
 805:Middlewares/Third_Party/LwIP/src/api/api_lib.c ****              NETCONNTYPE_GROUP(netconn_type(conn)) == NETCONN_TCP, return ERR_ARG;);
 2818              		.loc 1 805 3 view .LVU820
 2819 0002 38B1     		cbz	r0, .L231
 805:Middlewares/Third_Party/LwIP/src/api/api_lib.c ****              NETCONNTYPE_GROUP(netconn_type(conn)) == NETCONN_TCP, return ERR_ARG;);
 2820              		.loc 1 805 3 is_stmt 0 discriminator 2 view .LVU821
 2821 0004 0378     		ldrb	r3, [r0]	@ zero_extendqisi2
 2822 0006 03F0F003 		and	r3, r3, #240
 2823 000a 102B     		cmp	r3, #16
 2824 000c 02D1     		bne	.L231
 805:Middlewares/Third_Party/LwIP/src/api/api_lib.c ****              NETCONNTYPE_GROUP(netconn_type(conn)) == NETCONN_TCP, return ERR_ARG;);
 2825              		.loc 1 805 3 is_stmt 1 discriminator 4 view .LVU822
 805:Middlewares/Third_Party/LwIP/src/api/api_lib.c ****              NETCONNTYPE_GROUP(netconn_type(conn)) == NETCONN_TCP, return ERR_ARG;);
 2826              		.loc 1 805 3 discriminator 4 view .LVU823
 808:Middlewares/Third_Party/LwIP/src/api/api_lib.c **** }
 2827              		.loc 1 808 3 discriminator 4 view .LVU824
ARM GAS  /tmp/ccPDpVkS.s 			page 85


 808:Middlewares/Third_Party/LwIP/src/api/api_lib.c **** }
 2828              		.loc 1 808 10 is_stmt 0 discriminator 4 view .LVU825
 2829 000e FFF7FEFF 		bl	netconn_recv_data_tcp
 2830              	.LVL269:
 2831              	.L233:
 809:Middlewares/Third_Party/LwIP/src/api/api_lib.c **** #endif /* LWIP_TCP */
 2832              		.loc 1 809 1 view .LVU826
 2833 0012 08BD     		pop	{r3, pc}
 2834              	.LVL270:
 2835              	.L231:
 805:Middlewares/Third_Party/LwIP/src/api/api_lib.c ****              NETCONNTYPE_GROUP(netconn_type(conn)) == NETCONN_TCP, return ERR_ARG;);
 2836              		.loc 1 805 3 is_stmt 1 discriminator 3 view .LVU827
 805:Middlewares/Third_Party/LwIP/src/api/api_lib.c ****              NETCONNTYPE_GROUP(netconn_type(conn)) == NETCONN_TCP, return ERR_ARG;);
 2837              		.loc 1 805 3 discriminator 3 view .LVU828
 2838 0014 044B     		ldr	r3, .L235
 2839 0016 40F22532 		movw	r2, #805
 2840              	.LVL271:
 805:Middlewares/Third_Party/LwIP/src/api/api_lib.c ****              NETCONNTYPE_GROUP(netconn_type(conn)) == NETCONN_TCP, return ERR_ARG;);
 2841              		.loc 1 805 3 is_stmt 0 discriminator 3 view .LVU829
 2842 001a 0449     		ldr	r1, .L235+4
 2843              	.LVL272:
 805:Middlewares/Third_Party/LwIP/src/api/api_lib.c ****              NETCONNTYPE_GROUP(netconn_type(conn)) == NETCONN_TCP, return ERR_ARG;);
 2844              		.loc 1 805 3 discriminator 3 view .LVU830
 2845 001c 0448     		ldr	r0, .L235+8
 2846              	.LVL273:
 805:Middlewares/Third_Party/LwIP/src/api/api_lib.c ****              NETCONNTYPE_GROUP(netconn_type(conn)) == NETCONN_TCP, return ERR_ARG;);
 2847              		.loc 1 805 3 discriminator 3 view .LVU831
 2848 001e FFF7FEFF 		bl	printf
 2849              	.LVL274:
 805:Middlewares/Third_Party/LwIP/src/api/api_lib.c ****              NETCONNTYPE_GROUP(netconn_type(conn)) == NETCONN_TCP, return ERR_ARG;);
 2850              		.loc 1 805 3 is_stmt 1 discriminator 3 view .LVU832
 805:Middlewares/Third_Party/LwIP/src/api/api_lib.c ****              NETCONNTYPE_GROUP(netconn_type(conn)) == NETCONN_TCP, return ERR_ARG;);
 2851              		.loc 1 805 3 discriminator 3 view .LVU833
 2852 0022 6FF00F00 		mvn	r0, #15
 2853 0026 F4E7     		b	.L233
 2854              	.L236:
 2855              		.align	2
 2856              	.L235:
 2857 0028 00000000 		.word	.LC0
 2858 002c 30000000 		.word	.LC1
 2859 0030 54000000 		.word	.LC2
 2860              		.cfi_endproc
 2861              	.LFE189:
 2863              		.section	.rodata.netconn_recv.str1.4,"aMS",%progbits,1
 2864              		.align	2
 2865              	.LC26:
 2866 0000 7020213D 		.ascii	"p != NULL\000"
 2866      204E554C 
 2866      4C00
 2867              		.section	.text.netconn_recv,"ax",%progbits
 2868              		.align	1
 2869              		.global	netconn_recv
 2870              		.syntax unified
 2871              		.thumb
 2872              		.thumb_func
 2873              		.fpu fpv5-d16
 2875              	netconn_recv:
ARM GAS  /tmp/ccPDpVkS.s 			page 86


 2876              	.LVL275:
 2877              	.LFB192:
 861:Middlewares/Third_Party/LwIP/src/api/api_lib.c **** #if LWIP_TCP
 2878              		.loc 1 861 1 view -0
 2879              		.cfi_startproc
 2880              		@ args = 0, pretend = 0, frame = 8
 2881              		@ frame_needed = 0, uses_anonymous_args = 0
 861:Middlewares/Third_Party/LwIP/src/api/api_lib.c **** #if LWIP_TCP
 2882              		.loc 1 861 1 is_stmt 0 view .LVU835
 2883 0000 70B5     		push	{r4, r5, r6, lr}
 2884              	.LCFI74:
 2885              		.cfi_def_cfa_offset 16
 2886              		.cfi_offset 4, -16
 2887              		.cfi_offset 5, -12
 2888              		.cfi_offset 6, -8
 2889              		.cfi_offset 14, -4
 2890 0002 82B0     		sub	sp, sp, #8
 2891              	.LCFI75:
 2892              		.cfi_def_cfa_offset 24
 863:Middlewares/Third_Party/LwIP/src/api/api_lib.c ****   err_t err;
 2893              		.loc 1 863 3 is_stmt 1 view .LVU836
 2894              	.LVL276:
 864:Middlewares/Third_Party/LwIP/src/api/api_lib.c **** #endif /* LWIP_TCP */
 2895              		.loc 1 864 3 view .LVU837
 867:Middlewares/Third_Party/LwIP/src/api/api_lib.c ****   *new_buf = NULL;
 2896              		.loc 1 867 3 view .LVU838
 867:Middlewares/Third_Party/LwIP/src/api/api_lib.c ****   *new_buf = NULL;
 2897              		.loc 1 867 3 view .LVU839
 2898 0004 11B3     		cbz	r1, .L247
 2899 0006 0446     		mov	r4, r0
 2900 0008 0D46     		mov	r5, r1
 867:Middlewares/Third_Party/LwIP/src/api/api_lib.c ****   *new_buf = NULL;
 2901              		.loc 1 867 3 discriminator 2 view .LVU840
 867:Middlewares/Third_Party/LwIP/src/api/api_lib.c ****   *new_buf = NULL;
 2902              		.loc 1 867 3 discriminator 2 view .LVU841
 868:Middlewares/Third_Party/LwIP/src/api/api_lib.c ****   LWIP_ERROR("netconn_recv: invalid conn",    (conn != NULL),    return ERR_ARG;);
 2903              		.loc 1 868 3 discriminator 2 view .LVU842
 868:Middlewares/Third_Party/LwIP/src/api/api_lib.c ****   LWIP_ERROR("netconn_recv: invalid conn",    (conn != NULL),    return ERR_ARG;);
 2904              		.loc 1 868 12 is_stmt 0 discriminator 2 view .LVU843
 2905 000a 0023     		movs	r3, #0
 2906 000c 0B60     		str	r3, [r1]
 869:Middlewares/Third_Party/LwIP/src/api/api_lib.c **** 
 2907              		.loc 1 869 3 is_stmt 1 discriminator 2 view .LVU844
 869:Middlewares/Third_Party/LwIP/src/api/api_lib.c **** 
 2908              		.loc 1 869 3 discriminator 2 view .LVU845
 2909 000e 38B3     		cbz	r0, .L248
 869:Middlewares/Third_Party/LwIP/src/api/api_lib.c **** 
 2910              		.loc 1 869 3 discriminator 2 view .LVU846
 869:Middlewares/Third_Party/LwIP/src/api/api_lib.c **** 
 2911              		.loc 1 869 3 discriminator 2 view .LVU847
 873:Middlewares/Third_Party/LwIP/src/api/api_lib.c **** #endif /* (LWIP_UDP || LWIP_RAW) */
 2912              		.loc 1 873 3 discriminator 2 view .LVU848
 873:Middlewares/Third_Party/LwIP/src/api/api_lib.c **** #endif /* (LWIP_UDP || LWIP_RAW) */
 2913              		.loc 1 873 7 is_stmt 0 discriminator 2 view .LVU849
 2914 0010 0378     		ldrb	r3, [r0]	@ zero_extendqisi2
 873:Middlewares/Third_Party/LwIP/src/api/api_lib.c **** #endif /* (LWIP_UDP || LWIP_RAW) */
 2915              		.loc 1 873 6 discriminator 2 view .LVU850
ARM GAS  /tmp/ccPDpVkS.s 			page 87


 2916 0012 03F0F003 		and	r3, r3, #240
 2917 0016 102B     		cmp	r3, #16
 2918 0018 3CD1     		bne	.L241
 2919              	.LBB12:
 876:Middlewares/Third_Party/LwIP/src/api/api_lib.c ****     /* This is not a listening netconn, since recvmbox is set */
 2920              		.loc 1 876 5 is_stmt 1 view .LVU851
 876:Middlewares/Third_Party/LwIP/src/api/api_lib.c ****     /* This is not a listening netconn, since recvmbox is set */
 2921              		.loc 1 876 18 is_stmt 0 view .LVU852
 2922 001a 0023     		movs	r3, #0
 2923 001c 0193     		str	r3, [sp, #4]
 879:Middlewares/Third_Party/LwIP/src/api/api_lib.c ****     if (buf == NULL) {
 2924              		.loc 1 879 5 is_stmt 1 view .LVU853
 879:Middlewares/Third_Party/LwIP/src/api/api_lib.c ****     if (buf == NULL) {
 2925              		.loc 1 879 28 is_stmt 0 view .LVU854
 2926 001e 0620     		movs	r0, #6
 2927              	.LVL277:
 879:Middlewares/Third_Party/LwIP/src/api/api_lib.c ****     if (buf == NULL) {
 2928              		.loc 1 879 28 view .LVU855
 2929 0020 FFF7FEFF 		bl	memp_malloc
 2930              	.LVL278:
 880:Middlewares/Third_Party/LwIP/src/api/api_lib.c ****       return ERR_MEM;
 2931              		.loc 1 880 5 is_stmt 1 view .LVU856
 880:Middlewares/Third_Party/LwIP/src/api/api_lib.c ****       return ERR_MEM;
 2932              		.loc 1 880 8 is_stmt 0 view .LVU857
 2933 0024 0646     		mov	r6, r0
 2934 0026 0028     		cmp	r0, #0
 2935 0028 31D0     		beq	.L245
 884:Middlewares/Third_Party/LwIP/src/api/api_lib.c ****     if (err != ERR_OK) {
 2936              		.loc 1 884 5 is_stmt 1 view .LVU858
 884:Middlewares/Third_Party/LwIP/src/api/api_lib.c ****     if (err != ERR_OK) {
 2937              		.loc 1 884 11 is_stmt 0 view .LVU859
 2938 002a 0022     		movs	r2, #0
 2939 002c 01A9     		add	r1, sp, #4
 2940 002e 2046     		mov	r0, r4
 2941              	.LVL279:
 884:Middlewares/Third_Party/LwIP/src/api/api_lib.c ****     if (err != ERR_OK) {
 2942              		.loc 1 884 11 view .LVU860
 2943 0030 FFF7FEFF 		bl	netconn_recv_data_tcp
 2944              	.LVL280:
 885:Middlewares/Third_Party/LwIP/src/api/api_lib.c ****       memp_free(MEMP_NETBUF, buf);
 2945              		.loc 1 885 5 is_stmt 1 view .LVU861
 885:Middlewares/Third_Party/LwIP/src/api/api_lib.c ****       memp_free(MEMP_NETBUF, buf);
 2946              		.loc 1 885 8 is_stmt 0 view .LVU862
 2947 0034 0446     		mov	r4, r0
 2948              	.LVL281:
 885:Middlewares/Third_Party/LwIP/src/api/api_lib.c ****       memp_free(MEMP_NETBUF, buf);
 2949              		.loc 1 885 8 view .LVU863
 2950 0036 E8B9     		cbnz	r0, .L249
 889:Middlewares/Third_Party/LwIP/src/api/api_lib.c **** 
 2951              		.loc 1 889 5 is_stmt 1 view .LVU864
 889:Middlewares/Third_Party/LwIP/src/api/api_lib.c **** 
 2952              		.loc 1 889 5 view .LVU865
 2953 0038 019B     		ldr	r3, [sp, #4]
 2954 003a 03B3     		cbz	r3, .L250
 2955              	.LVL282:
 2956              	.L244:
 889:Middlewares/Third_Party/LwIP/src/api/api_lib.c **** 
ARM GAS  /tmp/ccPDpVkS.s 			page 88


 2957              		.loc 1 889 5 discriminator 3 view .LVU866
 889:Middlewares/Third_Party/LwIP/src/api/api_lib.c **** 
 2958              		.loc 1 889 5 discriminator 3 view .LVU867
 891:Middlewares/Third_Party/LwIP/src/api/api_lib.c ****     buf->ptr = p;
 2959              		.loc 1 891 5 discriminator 3 view .LVU868
 891:Middlewares/Third_Party/LwIP/src/api/api_lib.c ****     buf->ptr = p;
 2960              		.loc 1 891 12 is_stmt 0 discriminator 3 view .LVU869
 2961 003c 019B     		ldr	r3, [sp, #4]
 2962 003e 3360     		str	r3, [r6]
 892:Middlewares/Third_Party/LwIP/src/api/api_lib.c ****     buf->port = 0;
 2963              		.loc 1 892 5 is_stmt 1 discriminator 3 view .LVU870
 892:Middlewares/Third_Party/LwIP/src/api/api_lib.c ****     buf->port = 0;
 2964              		.loc 1 892 14 is_stmt 0 discriminator 3 view .LVU871
 2965 0040 7360     		str	r3, [r6, #4]
 893:Middlewares/Third_Party/LwIP/src/api/api_lib.c ****     ip_addr_set_zero(&buf->addr);
 2966              		.loc 1 893 5 is_stmt 1 discriminator 3 view .LVU872
 893:Middlewares/Third_Party/LwIP/src/api/api_lib.c ****     ip_addr_set_zero(&buf->addr);
 2967              		.loc 1 893 15 is_stmt 0 discriminator 3 view .LVU873
 2968 0042 0023     		movs	r3, #0
 2969 0044 B381     		strh	r3, [r6, #12]	@ movhi
 894:Middlewares/Third_Party/LwIP/src/api/api_lib.c ****     *new_buf = buf;
 2970              		.loc 1 894 5 is_stmt 1 discriminator 3 view .LVU874
 2971 0046 B360     		str	r3, [r6, #8]
 895:Middlewares/Third_Party/LwIP/src/api/api_lib.c ****     /* don't set conn->last_err: it's only ERR_OK, anyway */
 2972              		.loc 1 895 5 discriminator 3 view .LVU875
 895:Middlewares/Third_Party/LwIP/src/api/api_lib.c ****     /* don't set conn->last_err: it's only ERR_OK, anyway */
 2973              		.loc 1 895 14 is_stmt 0 discriminator 3 view .LVU876
 2974 0048 2E60     		str	r6, [r5]
 897:Middlewares/Third_Party/LwIP/src/api/api_lib.c ****   }
 2975              		.loc 1 897 5 is_stmt 1 discriminator 3 view .LVU877
 897:Middlewares/Third_Party/LwIP/src/api/api_lib.c ****   }
 2976              		.loc 1 897 12 is_stmt 0 discriminator 3 view .LVU878
 2977 004a 27E0     		b	.L239
 2978              	.LVL283:
 2979              	.L247:
 897:Middlewares/Third_Party/LwIP/src/api/api_lib.c ****   }
 2980              		.loc 1 897 12 discriminator 3 view .LVU879
 2981              	.LBE12:
 867:Middlewares/Third_Party/LwIP/src/api/api_lib.c ****   *new_buf = NULL;
 2982              		.loc 1 867 3 is_stmt 1 discriminator 1 view .LVU880
 867:Middlewares/Third_Party/LwIP/src/api/api_lib.c ****   *new_buf = NULL;
 2983              		.loc 1 867 3 discriminator 1 view .LVU881
 2984 004c 154B     		ldr	r3, .L251
 2985 004e 40F26332 		movw	r2, #867
 2986 0052 1549     		ldr	r1, .L251+4
 2987              	.LVL284:
 867:Middlewares/Third_Party/LwIP/src/api/api_lib.c ****   *new_buf = NULL;
 2988              		.loc 1 867 3 is_stmt 0 discriminator 1 view .LVU882
 2989 0054 1548     		ldr	r0, .L251+8
 2990              	.LVL285:
 867:Middlewares/Third_Party/LwIP/src/api/api_lib.c ****   *new_buf = NULL;
 2991              		.loc 1 867 3 discriminator 1 view .LVU883
 2992 0056 FFF7FEFF 		bl	printf
 2993              	.LVL286:
 867:Middlewares/Third_Party/LwIP/src/api/api_lib.c ****   *new_buf = NULL;
 2994              		.loc 1 867 3 is_stmt 1 discriminator 1 view .LVU884
 867:Middlewares/Third_Party/LwIP/src/api/api_lib.c ****   *new_buf = NULL;
ARM GAS  /tmp/ccPDpVkS.s 			page 89


 2995              		.loc 1 867 3 discriminator 1 view .LVU885
 2996 005a 6FF00F04 		mvn	r4, #15
 2997 005e 1DE0     		b	.L239
 2998              	.LVL287:
 2999              	.L248:
 869:Middlewares/Third_Party/LwIP/src/api/api_lib.c **** 
 3000              		.loc 1 869 3 discriminator 1 view .LVU886
 869:Middlewares/Third_Party/LwIP/src/api/api_lib.c **** 
 3001              		.loc 1 869 3 discriminator 1 view .LVU887
 3002 0060 104B     		ldr	r3, .L251
 3003 0062 40F26532 		movw	r2, #869
 3004 0066 1249     		ldr	r1, .L251+12
 3005              	.LVL288:
 869:Middlewares/Third_Party/LwIP/src/api/api_lib.c **** 
 3006              		.loc 1 869 3 is_stmt 0 discriminator 1 view .LVU888
 3007 0068 1048     		ldr	r0, .L251+8
 3008              	.LVL289:
 869:Middlewares/Third_Party/LwIP/src/api/api_lib.c **** 
 3009              		.loc 1 869 3 discriminator 1 view .LVU889
 3010 006a FFF7FEFF 		bl	printf
 3011              	.LVL290:
 869:Middlewares/Third_Party/LwIP/src/api/api_lib.c **** 
 3012              		.loc 1 869 3 is_stmt 1 discriminator 1 view .LVU890
 869:Middlewares/Third_Party/LwIP/src/api/api_lib.c **** 
 3013              		.loc 1 869 3 discriminator 1 view .LVU891
 3014 006e 6FF00F04 		mvn	r4, #15
 3015              	.LVL291:
 869:Middlewares/Third_Party/LwIP/src/api/api_lib.c **** 
 3016              		.loc 1 869 3 is_stmt 0 discriminator 1 view .LVU892
 3017 0072 13E0     		b	.L239
 3018              	.LVL292:
 3019              	.L249:
 3020              	.LBB13:
 886:Middlewares/Third_Party/LwIP/src/api/api_lib.c ****       return err;
 3021              		.loc 1 886 7 is_stmt 1 view .LVU893
 3022 0074 3146     		mov	r1, r6
 3023 0076 0620     		movs	r0, #6
 3024              	.LVL293:
 886:Middlewares/Third_Party/LwIP/src/api/api_lib.c ****       return err;
 3025              		.loc 1 886 7 is_stmt 0 view .LVU894
 3026 0078 FFF7FEFF 		bl	memp_free
 3027              	.LVL294:
 887:Middlewares/Third_Party/LwIP/src/api/api_lib.c ****     }
 3028              		.loc 1 887 7 is_stmt 1 view .LVU895
 887:Middlewares/Third_Party/LwIP/src/api/api_lib.c ****     }
 3029              		.loc 1 887 14 is_stmt 0 view .LVU896
 3030 007c 0EE0     		b	.L239
 3031              	.LVL295:
 3032              	.L250:
 889:Middlewares/Third_Party/LwIP/src/api/api_lib.c **** 
 3033              		.loc 1 889 5 is_stmt 1 discriminator 1 view .LVU897
 889:Middlewares/Third_Party/LwIP/src/api/api_lib.c **** 
 3034              		.loc 1 889 5 discriminator 1 view .LVU898
 3035 007e 094B     		ldr	r3, .L251
 3036 0080 40F27932 		movw	r2, #889
 3037 0084 0B49     		ldr	r1, .L251+16
 3038 0086 0948     		ldr	r0, .L251+8
ARM GAS  /tmp/ccPDpVkS.s 			page 90


 3039              	.LVL296:
 889:Middlewares/Third_Party/LwIP/src/api/api_lib.c **** 
 3040              		.loc 1 889 5 is_stmt 0 discriminator 1 view .LVU899
 3041 0088 FFF7FEFF 		bl	printf
 3042              	.LVL297:
 3043 008c D6E7     		b	.L244
 3044              	.LVL298:
 3045              	.L245:
 881:Middlewares/Third_Party/LwIP/src/api/api_lib.c ****     }
 3046              		.loc 1 881 14 view .LVU900
 3047 008e 4FF0FF34 		mov	r4, #-1
 3048              	.LVL299:
 881:Middlewares/Third_Party/LwIP/src/api/api_lib.c ****     }
 3049              		.loc 1 881 14 view .LVU901
 3050 0092 03E0     		b	.L239
 3051              	.LVL300:
 3052              	.L241:
 881:Middlewares/Third_Party/LwIP/src/api/api_lib.c ****     }
 3053              		.loc 1 881 14 view .LVU902
 3054              	.LBE13:
 905:Middlewares/Third_Party/LwIP/src/api/api_lib.c **** #endif /* (LWIP_UDP || LWIP_RAW) */
 3055              		.loc 1 905 5 is_stmt 1 view .LVU903
 905:Middlewares/Third_Party/LwIP/src/api/api_lib.c **** #endif /* (LWIP_UDP || LWIP_RAW) */
 3056              		.loc 1 905 12 is_stmt 0 view .LVU904
 3057 0094 0022     		movs	r2, #0
 3058 0096 FFF7FEFF 		bl	netconn_recv_data
 3059              	.LVL301:
 905:Middlewares/Third_Party/LwIP/src/api/api_lib.c **** #endif /* (LWIP_UDP || LWIP_RAW) */
 3060              		.loc 1 905 12 view .LVU905
 3061 009a 0446     		mov	r4, r0
 3062              	.LVL302:
 3063              	.L239:
 908:Middlewares/Third_Party/LwIP/src/api/api_lib.c **** 
 3064              		.loc 1 908 1 discriminator 1 view .LVU906
 3065 009c 2046     		mov	r0, r4
 3066 009e 02B0     		add	sp, sp, #8
 3067              	.LCFI76:
 3068              		.cfi_def_cfa_offset 16
 3069              		@ sp needed
 3070 00a0 70BD     		pop	{r4, r5, r6, pc}
 3071              	.L252:
 3072 00a2 00BF     		.align	2
 3073              	.L251:
 3074 00a4 00000000 		.word	.LC0
 3075 00a8 00000000 		.word	.LC22
 3076 00ac 54000000 		.word	.LC2
 3077 00b0 20000000 		.word	.LC23
 3078 00b4 00000000 		.word	.LC26
 3079              		.cfi_endproc
 3080              	.LFE192:
 3082              		.section	.text.netconn_shutdown,"ax",%progbits
 3083              		.align	1
 3084              		.global	netconn_shutdown
 3085              		.syntax unified
 3086              		.thumb
 3087              		.thumb_func
 3088              		.fpu fpv5-d16
ARM GAS  /tmp/ccPDpVkS.s 			page 91


 3090              	netconn_shutdown:
 3091              	.LVL303:
 3092              	.LFB200:
1152:Middlewares/Third_Party/LwIP/src/api/api_lib.c **** 
1153:Middlewares/Third_Party/LwIP/src/api/api_lib.c **** /**
1154:Middlewares/Third_Party/LwIP/src/api/api_lib.c ****  * @ingroup netconn_tcp
1155:Middlewares/Third_Party/LwIP/src/api/api_lib.c ****  * Shut down one or both sides of a TCP netconn (doesn't delete it).
1156:Middlewares/Third_Party/LwIP/src/api/api_lib.c ****  *
1157:Middlewares/Third_Party/LwIP/src/api/api_lib.c ****  * @param conn the TCP netconn to shut down
1158:Middlewares/Third_Party/LwIP/src/api/api_lib.c ****  * @param shut_rx shut down the RX side (no more read possible after this)
1159:Middlewares/Third_Party/LwIP/src/api/api_lib.c ****  * @param shut_tx shut down the TX side (no more write possible after this)
1160:Middlewares/Third_Party/LwIP/src/api/api_lib.c ****  * @return ERR_OK if the netconn was closed, any other err_t on error
1161:Middlewares/Third_Party/LwIP/src/api/api_lib.c ****  */
1162:Middlewares/Third_Party/LwIP/src/api/api_lib.c **** err_t
1163:Middlewares/Third_Party/LwIP/src/api/api_lib.c **** netconn_shutdown(struct netconn *conn, u8_t shut_rx, u8_t shut_tx)
1164:Middlewares/Third_Party/LwIP/src/api/api_lib.c **** {
 3093              		.loc 1 1164 1 is_stmt 1 view -0
 3094              		.cfi_startproc
 3095              		@ args = 0, pretend = 0, frame = 0
 3096              		@ frame_needed = 0, uses_anonymous_args = 0
 3097              		.loc 1 1164 1 is_stmt 0 view .LVU908
 3098 0000 08B5     		push	{r3, lr}
 3099              	.LCFI77:
 3100              		.cfi_def_cfa_offset 8
 3101              		.cfi_offset 3, -8
 3102              		.cfi_offset 14, -4
1165:Middlewares/Third_Party/LwIP/src/api/api_lib.c ****   return netconn_close_shutdown(conn, (u8_t)((shut_rx ? NETCONN_SHUT_RD : 0) | (shut_tx ? NETCONN_S
 3103              		.loc 1 1165 3 is_stmt 1 view .LVU909
 3104              		.loc 1 1165 78 is_stmt 0 view .LVU910
 3105 0002 31B1     		cbz	r1, .L256
 3106 0004 0121     		movs	r1, #1
 3107              	.LVL304:
 3108              	.L254:
 3109              		.loc 1 1165 78 discriminator 4 view .LVU911
 3110 0006 32B1     		cbz	r2, .L257
 3111              		.loc 1 1165 78 view .LVU912
 3112 0008 0223     		movs	r3, #2
 3113              	.L255:
 3114              		.loc 1 1165 10 discriminator 8 view .LVU913
 3115 000a 1943     		orrs	r1, r1, r3
 3116 000c FFF7FEFF 		bl	netconn_close_shutdown
 3117              	.LVL305:
1166:Middlewares/Third_Party/LwIP/src/api/api_lib.c **** }
 3118              		.loc 1 1166 1 discriminator 8 view .LVU914
 3119 0010 08BD     		pop	{r3, pc}
 3120              	.LVL306:
 3121              	.L256:
1165:Middlewares/Third_Party/LwIP/src/api/api_lib.c ****   return netconn_close_shutdown(conn, (u8_t)((shut_rx ? NETCONN_SHUT_RD : 0) | (shut_tx ? NETCONN_S
 3122              		.loc 1 1165 78 view .LVU915
 3123 0012 0021     		movs	r1, #0
 3124              	.LVL307:
1165:Middlewares/Third_Party/LwIP/src/api/api_lib.c ****   return netconn_close_shutdown(conn, (u8_t)((shut_rx ? NETCONN_SHUT_RD : 0) | (shut_tx ? NETCONN_S
 3125              		.loc 1 1165 78 view .LVU916
 3126 0014 F7E7     		b	.L254
 3127              	.L257:
 3128 0016 0023     		movs	r3, #0
 3129 0018 F7E7     		b	.L255
ARM GAS  /tmp/ccPDpVkS.s 			page 92


 3130              		.cfi_endproc
 3131              	.LFE200:
 3133              		.text
 3134              	.Letext0:
 3135              		.file 2 "/usr/lib/gcc/arm-none-eabi/10.3.1/include/stdint.h"
 3136              		.file 3 "/usr/lib/gcc/arm-none-eabi/10.3.1/include/stddef.h"
 3137              		.file 4 "/usr/include/newlib/sys/_types.h"
 3138              		.file 5 "/usr/include/newlib/sys/types.h"
 3139              		.file 6 "Middlewares/Third_Party/LwIP/system/arch/cc.h"
 3140              		.file 7 "Middlewares/Third_Party/LwIP/src/include/lwip/arch.h"
 3141              		.file 8 "Middlewares/Third_Party/LwIP/src/include/lwip/err.h"
 3142              		.file 9 "Middlewares/Third_Party/LwIP/src/include/lwip/pbuf.h"
 3143              		.file 10 "Middlewares/Third_Party/LwIP/src/include/lwip/ip4_addr.h"
 3144              		.file 11 "Middlewares/Third_Party/LwIP/src/include/lwip/ip_addr.h"
 3145              		.file 12 "Middlewares/Third_Party/LwIP/src/include/lwip/netbuf.h"
 3146              		.file 13 "Middlewares/Third_Party/FreeRTOS/Source/CMSIS_RTOS_V2/cmsis_os2.h"
 3147              		.file 14 "Middlewares/Third_Party/LwIP/system/arch/sys_arch.h"
 3148              		.file 15 "Middlewares/Third_Party/LwIP/src/include/lwip/api.h"
 3149              		.file 16 "Middlewares/Third_Party/LwIP/src/include/lwip/ip.h"
 3150              		.file 17 "Middlewares/Third_Party/LwIP/src/include/lwip/tcp.h"
 3151              		.file 18 "Middlewares/Third_Party/LwIP/src/include/lwip/udp.h"
 3152              		.file 19 "Middlewares/Third_Party/LwIP/src/include/lwip/priv/api_msg.h"
 3153              		.file 20 "Middlewares/Third_Party/LwIP/src/include/lwip/memp.h"
 3154              		.file 21 "Middlewares/Third_Party/LwIP/src/include/lwip/tcpip.h"
 3155              		.file 22 "Middlewares/Third_Party/LwIP/src/include/lwip/tcpbase.h"
 3156              		.file 23 "Middlewares/Third_Party/LwIP/src/include/lwip/priv/tcp_priv.h"
 3157              		.file 24 "Middlewares/Third_Party/LwIP/src/include/lwip/prot/tcp.h"
 3158              		.file 25 "Middlewares/Third_Party/LwIP/src/include/lwip/sys.h"
 3159              		.file 26 "/usr/include/newlib/stdio.h"
 3160              		.file 27 "Middlewares/Third_Party/LwIP/src/include/lwip/priv/tcpip_priv.h"
ARM GAS  /tmp/ccPDpVkS.s 			page 93


DEFINED SYMBOLS
                            *ABS*:0000000000000000 api_lib.c
     /tmp/ccPDpVkS.s:17     .text.netconn_apimsg:0000000000000000 $t
     /tmp/ccPDpVkS.s:24     .text.netconn_apimsg:0000000000000000 netconn_apimsg
     /tmp/ccPDpVkS.s:63     .rodata.netconn_tcp_recvd_msg.str1.4:0000000000000000 $d
     /tmp/ccPDpVkS.s:73     .text.netconn_tcp_recvd_msg:0000000000000000 $t
     /tmp/ccPDpVkS.s:79     .text.netconn_tcp_recvd_msg:0000000000000000 netconn_tcp_recvd_msg
     /tmp/ccPDpVkS.s:142    .text.netconn_tcp_recvd_msg:0000000000000034 $d
     /tmp/ccPDpVkS.s:150    .rodata.netconn_close_shutdown.str1.4:0000000000000000 $d
     /tmp/ccPDpVkS.s:154    .text.netconn_close_shutdown:0000000000000000 $t
     /tmp/ccPDpVkS.s:160    .text.netconn_close_shutdown:0000000000000000 netconn_close_shutdown
     /tmp/ccPDpVkS.s:237    .text.netconn_close_shutdown:0000000000000034 $d
     /tmp/ccPDpVkS.s:245    .rodata.netconn_new_with_proto_and_callback.str1.4:0000000000000000 $d
     /tmp/ccPDpVkS.s:258    .text.netconn_new_with_proto_and_callback:0000000000000000 $t
     /tmp/ccPDpVkS.s:265    .text.netconn_new_with_proto_and_callback:0000000000000000 netconn_new_with_proto_and_callback
     /tmp/ccPDpVkS.s:434    .text.netconn_new_with_proto_and_callback:000000000000009c $d
     /tmp/ccPDpVkS.s:446    .text.netconn_prepare_delete:0000000000000000 $t
     /tmp/ccPDpVkS.s:453    .text.netconn_prepare_delete:0000000000000000 netconn_prepare_delete
     /tmp/ccPDpVkS.s:510    .text.netconn_prepare_delete:0000000000000020 $d
     /tmp/ccPDpVkS.s:515    .text.netconn_delete:0000000000000000 $t
     /tmp/ccPDpVkS.s:522    .text.netconn_delete:0000000000000000 netconn_delete
     /tmp/ccPDpVkS.s:573    .rodata.netconn_getaddr.str1.4:0000000000000000 $d
     /tmp/ccPDpVkS.s:583    .text.netconn_getaddr:0000000000000000 $t
     /tmp/ccPDpVkS.s:590    .text.netconn_getaddr:0000000000000000 netconn_getaddr
     /tmp/ccPDpVkS.s:727    .text.netconn_getaddr:000000000000005c $d
     /tmp/ccPDpVkS.s:737    .rodata.netconn_bind.str1.4:0000000000000000 $d
     /tmp/ccPDpVkS.s:741    .text.netconn_bind:0000000000000000 $t
     /tmp/ccPDpVkS.s:748    .text.netconn_bind:0000000000000000 netconn_bind
     /tmp/ccPDpVkS.s:838    .text.netconn_bind:0000000000000038 $d
     /tmp/ccPDpVkS.s:847    .rodata.netconn_bind_if.str1.4:0000000000000000 $d
     /tmp/ccPDpVkS.s:851    .text.netconn_bind_if:0000000000000000 $t
     /tmp/ccPDpVkS.s:858    .text.netconn_bind_if:0000000000000000 netconn_bind_if
     /tmp/ccPDpVkS.s:930    .text.netconn_bind_if:0000000000000030 $d
     /tmp/ccPDpVkS.s:938    .rodata.netconn_connect.str1.4:0000000000000000 $d
     /tmp/ccPDpVkS.s:942    .text.netconn_connect:0000000000000000 $t
     /tmp/ccPDpVkS.s:949    .text.netconn_connect:0000000000000000 netconn_connect
     /tmp/ccPDpVkS.s:1039   .text.netconn_connect:0000000000000038 $d
     /tmp/ccPDpVkS.s:1048   .rodata.netconn_disconnect.str1.4:0000000000000000 $d
     /tmp/ccPDpVkS.s:1052   .text.netconn_disconnect:0000000000000000 $t
     /tmp/ccPDpVkS.s:1059   .text.netconn_disconnect:0000000000000000 netconn_disconnect
     /tmp/ccPDpVkS.s:1124   .text.netconn_disconnect:000000000000002c $d
     /tmp/ccPDpVkS.s:1132   .rodata.netconn_listen_with_backlog.str1.4:0000000000000000 $d
     /tmp/ccPDpVkS.s:1136   .text.netconn_listen_with_backlog:0000000000000000 $t
     /tmp/ccPDpVkS.s:1143   .text.netconn_listen_with_backlog:0000000000000000 netconn_listen_with_backlog
     /tmp/ccPDpVkS.s:1213   .text.netconn_listen_with_backlog:000000000000002c $d
     /tmp/ccPDpVkS.s:1221   .text.netconn_tcp_recvd:0000000000000000 $t
     /tmp/ccPDpVkS.s:1228   .text.netconn_tcp_recvd:0000000000000000 netconn_tcp_recvd
     /tmp/ccPDpVkS.s:1294   .text.netconn_tcp_recvd:0000000000000030 $d
     /tmp/ccPDpVkS.s:1301   .rodata.netconn_send.str1.4:0000000000000000 $d
     /tmp/ccPDpVkS.s:1305   .text.netconn_send:0000000000000000 $t
     /tmp/ccPDpVkS.s:1312   .text.netconn_send:0000000000000000 netconn_send
     /tmp/ccPDpVkS.s:1385   .text.netconn_send:000000000000002c $d
     /tmp/ccPDpVkS.s:1393   .text.netconn_sendto:0000000000000000 $t
     /tmp/ccPDpVkS.s:1400   .text.netconn_sendto:0000000000000000 netconn_sendto
     /tmp/ccPDpVkS.s:1459   .rodata.netconn_write_vectors_partly.str1.4:0000000000000000 $d
     /tmp/ccPDpVkS.s:1469   .text.netconn_write_vectors_partly:0000000000000000 $t
     /tmp/ccPDpVkS.s:1476   .text.netconn_write_vectors_partly:0000000000000000 netconn_write_vectors_partly
ARM GAS  /tmp/ccPDpVkS.s 			page 94


     /tmp/ccPDpVkS.s:1739   .text.netconn_write_vectors_partly:00000000000000e0 $d
     /tmp/ccPDpVkS.s:1750   .text.netconn_write_partly:0000000000000000 $t
     /tmp/ccPDpVkS.s:1757   .text.netconn_write_partly:0000000000000000 netconn_write_partly
     /tmp/ccPDpVkS.s:1802   .text.netconn_close:0000000000000000 $t
     /tmp/ccPDpVkS.s:1809   .text.netconn_close:0000000000000000 netconn_close
     /tmp/ccPDpVkS.s:1833   .text.netconn_err:0000000000000000 $t
     /tmp/ccPDpVkS.s:1840   .text.netconn_err:0000000000000000 netconn_err
     /tmp/ccPDpVkS.s:1889   .rodata.netconn_accept.str1.4:0000000000000000 $d
     /tmp/ccPDpVkS.s:1896   .text.netconn_accept:0000000000000000 $t
     /tmp/ccPDpVkS.s:1903   .text.netconn_accept:0000000000000000 netconn_accept
     /tmp/ccPDpVkS.s:2094   .text.netconn_accept:00000000000000bc $d
     /tmp/ccPDpVkS.s:2102   .rodata.netconn_recv_data.str1.4:0000000000000000 $d
     /tmp/ccPDpVkS.s:2112   .text.netconn_recv_data:0000000000000000 $t
     /tmp/ccPDpVkS.s:2118   .text.netconn_recv_data:0000000000000000 netconn_recv_data
     /tmp/ccPDpVkS.s:2398   .text.netconn_recv_data:0000000000000110 $d
     /tmp/ccPDpVkS.s:2408   .rodata.netconn_recv_udp_raw_netbuf.str1.4:0000000000000000 $d
     /tmp/ccPDpVkS.s:2412   .text.netconn_recv_udp_raw_netbuf:0000000000000000 $t
     /tmp/ccPDpVkS.s:2419   .text.netconn_recv_udp_raw_netbuf:0000000000000000 netconn_recv_udp_raw_netbuf
     /tmp/ccPDpVkS.s:2471   .text.netconn_recv_udp_raw_netbuf:000000000000002c $d
     /tmp/ccPDpVkS.s:2478   .text.netconn_recv_udp_raw_netbuf_flags:0000000000000000 $t
     /tmp/ccPDpVkS.s:2485   .text.netconn_recv_udp_raw_netbuf_flags:0000000000000000 netconn_recv_udp_raw_netbuf_flags
     /tmp/ccPDpVkS.s:2538   .text.netconn_recv_udp_raw_netbuf_flags:0000000000000028 $d
     /tmp/ccPDpVkS.s:2545   .text.netconn_recv_data_tcp:0000000000000000 $t
     /tmp/ccPDpVkS.s:2551   .text.netconn_recv_data_tcp:0000000000000000 netconn_recv_data_tcp
     /tmp/ccPDpVkS.s:2731   .text.netconn_recv_tcp_pbuf:0000000000000000 $t
     /tmp/ccPDpVkS.s:2738   .text.netconn_recv_tcp_pbuf:0000000000000000 netconn_recv_tcp_pbuf
     /tmp/ccPDpVkS.s:2790   .text.netconn_recv_tcp_pbuf:000000000000002c $d
     /tmp/ccPDpVkS.s:2797   .text.netconn_recv_tcp_pbuf_flags:0000000000000000 $t
     /tmp/ccPDpVkS.s:2804   .text.netconn_recv_tcp_pbuf_flags:0000000000000000 netconn_recv_tcp_pbuf_flags
     /tmp/ccPDpVkS.s:2857   .text.netconn_recv_tcp_pbuf_flags:0000000000000028 $d
     /tmp/ccPDpVkS.s:2864   .rodata.netconn_recv.str1.4:0000000000000000 $d
     /tmp/ccPDpVkS.s:2868   .text.netconn_recv:0000000000000000 $t
     /tmp/ccPDpVkS.s:2875   .text.netconn_recv:0000000000000000 netconn_recv
     /tmp/ccPDpVkS.s:3074   .text.netconn_recv:00000000000000a4 $d
     /tmp/ccPDpVkS.s:3083   .text.netconn_shutdown:0000000000000000 $t
     /tmp/ccPDpVkS.s:3090   .text.netconn_shutdown:0000000000000000 netconn_shutdown

UNDEFINED SYMBOLS
tcpip_send_msg_wait_sem
printf
lwip_netconn_do_recv
lwip_netconn_do_close
netconn_alloc
sys_mbox_valid
sys_sem_valid
sys_sem_free
sys_mbox_free
memp_free
lwip_netconn_do_newconn
lwip_netconn_do_delconn
netconn_free
lwip_netconn_do_getaddr
lwip_netconn_do_bind
ip_addr_any
lwip_netconn_do_bind_if
lwip_netconn_do_connect
lwip_netconn_do_disconnect
ARM GAS  /tmp/ccPDpVkS.s 			page 95


lwip_netconn_do_listen
lwip_netconn_do_send
lwip_netconn_do_write
sys_arch_protect
sys_arch_unprotect
sys_arch_mbox_tryfetch
sys_arch_mbox_fetch
lwip_netconn_is_err_msg
memp_malloc
