ARM GAS  /tmp/ccMZQUTk.s 			page 1


   1              		.cpu cortex-m7
   2              		.eabi_attribute 28, 1
   3              		.eabi_attribute 20, 1
   4              		.eabi_attribute 21, 1
   5              		.eabi_attribute 23, 3
   6              		.eabi_attribute 24, 1
   7              		.eabi_attribute 25, 1
   8              		.eabi_attribute 26, 1
   9              		.eabi_attribute 30, 1
  10              		.eabi_attribute 34, 1
  11              		.eabi_attribute 18, 4
  12              		.file	"api_msg.c"
  13              		.text
  14              	.Ltext0:
  15              		.cfi_sections	.debug_frame
  16              		.section	.rodata.lwip_netconn_err_to_msg.str1.4,"aMS",%progbits,1
  17              		.align	2
  18              	.LC0:
  19 0000 4D696464 		.ascii	"Middlewares/Third_Party/LwIP/src/api/api_msg.c\000"
  19      6C657761 
  19      7265732F 
  19      54686972 
  19      645F5061 
  20 002f 00       		.align	2
  21              	.LC1:
  22 0030 756E6861 		.ascii	"unhandled error\000"
  22      6E646C65 
  22      64206572 
  22      726F7200 
  23              		.align	2
  24              	.LC2:
  25 0040 41737365 		.ascii	"Assertion \"%s\" failed at line %d in %s\012\000"
  25      7274696F 
  25      6E202225 
  25      73222066 
  25      61696C65 
  26              		.section	.text.lwip_netconn_err_to_msg,"ax",%progbits
  27              		.align	1
  28              		.arch armv7e-m
  29              		.syntax unified
  30              		.thumb
  31              		.thumb_func
  32              		.fpu fpv5-d16
  34              	lwip_netconn_err_to_msg:
  35              	.LVL0:
  36              	.LFB173:
  37              		.file 1 "Middlewares/Third_Party/LwIP/src/api/api_msg.c"
   1:Middlewares/Third_Party/LwIP/src/api/api_msg.c **** /**
   2:Middlewares/Third_Party/LwIP/src/api/api_msg.c ****  * @file
   3:Middlewares/Third_Party/LwIP/src/api/api_msg.c ****  * Sequential API Internal module
   4:Middlewares/Third_Party/LwIP/src/api/api_msg.c ****  *
   5:Middlewares/Third_Party/LwIP/src/api/api_msg.c ****  */
   6:Middlewares/Third_Party/LwIP/src/api/api_msg.c **** 
   7:Middlewares/Third_Party/LwIP/src/api/api_msg.c **** /*
   8:Middlewares/Third_Party/LwIP/src/api/api_msg.c ****  * Copyright (c) 2001-2004 Swedish Institute of Computer Science.
   9:Middlewares/Third_Party/LwIP/src/api/api_msg.c ****  * All rights reserved.
  10:Middlewares/Third_Party/LwIP/src/api/api_msg.c ****  *
ARM GAS  /tmp/ccMZQUTk.s 			page 2


  11:Middlewares/Third_Party/LwIP/src/api/api_msg.c ****  * Redistribution and use in source and binary forms, with or without modification,
  12:Middlewares/Third_Party/LwIP/src/api/api_msg.c ****  * are permitted provided that the following conditions are met:
  13:Middlewares/Third_Party/LwIP/src/api/api_msg.c ****  *
  14:Middlewares/Third_Party/LwIP/src/api/api_msg.c ****  * 1. Redistributions of source code must retain the above copyright notice,
  15:Middlewares/Third_Party/LwIP/src/api/api_msg.c ****  *    this list of conditions and the following disclaimer.
  16:Middlewares/Third_Party/LwIP/src/api/api_msg.c ****  * 2. Redistributions in binary form must reproduce the above copyright notice,
  17:Middlewares/Third_Party/LwIP/src/api/api_msg.c ****  *    this list of conditions and the following disclaimer in the documentation
  18:Middlewares/Third_Party/LwIP/src/api/api_msg.c ****  *    and/or other materials provided with the distribution.
  19:Middlewares/Third_Party/LwIP/src/api/api_msg.c ****  * 3. The name of the author may not be used to endorse or promote products
  20:Middlewares/Third_Party/LwIP/src/api/api_msg.c ****  *    derived from this software without specific prior written permission.
  21:Middlewares/Third_Party/LwIP/src/api/api_msg.c ****  *
  22:Middlewares/Third_Party/LwIP/src/api/api_msg.c ****  * THIS SOFTWARE IS PROVIDED BY THE AUTHOR ``AS IS'' AND ANY EXPRESS OR IMPLIED
  23:Middlewares/Third_Party/LwIP/src/api/api_msg.c ****  * WARRANTIES, INCLUDING, BUT NOT LIMITED TO, THE IMPLIED WARRANTIES OF
  24:Middlewares/Third_Party/LwIP/src/api/api_msg.c ****  * MERCHANTABILITY AND FITNESS FOR A PARTICULAR PURPOSE ARE DISCLAIMED. IN NO EVENT
  25:Middlewares/Third_Party/LwIP/src/api/api_msg.c ****  * SHALL THE AUTHOR BE LIABLE FOR ANY DIRECT, INDIRECT, INCIDENTAL, SPECIAL,
  26:Middlewares/Third_Party/LwIP/src/api/api_msg.c ****  * EXEMPLARY, OR CONSEQUENTIAL DAMAGES (INCLUDING, BUT NOT LIMITED TO, PROCUREMENT
  27:Middlewares/Third_Party/LwIP/src/api/api_msg.c ****  * OF SUBSTITUTE GOODS OR SERVICES; LOSS OF USE, DATA, OR PROFITS; OR BUSINESS
  28:Middlewares/Third_Party/LwIP/src/api/api_msg.c ****  * INTERRUPTION) HOWEVER CAUSED AND ON ANY THEORY OF LIABILITY, WHETHER IN
  29:Middlewares/Third_Party/LwIP/src/api/api_msg.c ****  * CONTRACT, STRICT LIABILITY, OR TORT (INCLUDING NEGLIGENCE OR OTHERWISE) ARISING
  30:Middlewares/Third_Party/LwIP/src/api/api_msg.c ****  * IN ANY WAY OUT OF THE USE OF THIS SOFTWARE, EVEN IF ADVISED OF THE POSSIBILITY
  31:Middlewares/Third_Party/LwIP/src/api/api_msg.c ****  * OF SUCH DAMAGE.
  32:Middlewares/Third_Party/LwIP/src/api/api_msg.c ****  *
  33:Middlewares/Third_Party/LwIP/src/api/api_msg.c ****  * This file is part of the lwIP TCP/IP stack.
  34:Middlewares/Third_Party/LwIP/src/api/api_msg.c ****  *
  35:Middlewares/Third_Party/LwIP/src/api/api_msg.c ****  * Author: Adam Dunkels <adam@sics.se>
  36:Middlewares/Third_Party/LwIP/src/api/api_msg.c ****  *
  37:Middlewares/Third_Party/LwIP/src/api/api_msg.c ****  */
  38:Middlewares/Third_Party/LwIP/src/api/api_msg.c **** 
  39:Middlewares/Third_Party/LwIP/src/api/api_msg.c **** #include "lwip/opt.h"
  40:Middlewares/Third_Party/LwIP/src/api/api_msg.c **** 
  41:Middlewares/Third_Party/LwIP/src/api/api_msg.c **** #if LWIP_NETCONN /* don't build if not configured for use in lwipopts.h */
  42:Middlewares/Third_Party/LwIP/src/api/api_msg.c **** 
  43:Middlewares/Third_Party/LwIP/src/api/api_msg.c **** #include "lwip/priv/api_msg.h"
  44:Middlewares/Third_Party/LwIP/src/api/api_msg.c **** 
  45:Middlewares/Third_Party/LwIP/src/api/api_msg.c **** #include "lwip/ip.h"
  46:Middlewares/Third_Party/LwIP/src/api/api_msg.c **** #include "lwip/ip_addr.h"
  47:Middlewares/Third_Party/LwIP/src/api/api_msg.c **** #include "lwip/udp.h"
  48:Middlewares/Third_Party/LwIP/src/api/api_msg.c **** #include "lwip/tcp.h"
  49:Middlewares/Third_Party/LwIP/src/api/api_msg.c **** #include "lwip/raw.h"
  50:Middlewares/Third_Party/LwIP/src/api/api_msg.c **** 
  51:Middlewares/Third_Party/LwIP/src/api/api_msg.c **** #include "lwip/memp.h"
  52:Middlewares/Third_Party/LwIP/src/api/api_msg.c **** #include "lwip/igmp.h"
  53:Middlewares/Third_Party/LwIP/src/api/api_msg.c **** #include "lwip/dns.h"
  54:Middlewares/Third_Party/LwIP/src/api/api_msg.c **** #include "lwip/mld6.h"
  55:Middlewares/Third_Party/LwIP/src/api/api_msg.c **** #include "lwip/priv/tcpip_priv.h"
  56:Middlewares/Third_Party/LwIP/src/api/api_msg.c **** 
  57:Middlewares/Third_Party/LwIP/src/api/api_msg.c **** #include <string.h>
  58:Middlewares/Third_Party/LwIP/src/api/api_msg.c **** 
  59:Middlewares/Third_Party/LwIP/src/api/api_msg.c **** /* netconns are polled once per second (e.g. continue write on memory error) */
  60:Middlewares/Third_Party/LwIP/src/api/api_msg.c **** #define NETCONN_TCP_POLL_INTERVAL 2
  61:Middlewares/Third_Party/LwIP/src/api/api_msg.c **** 
  62:Middlewares/Third_Party/LwIP/src/api/api_msg.c **** #define SET_NONBLOCKING_CONNECT(conn, val)  do { if (val) { \
  63:Middlewares/Third_Party/LwIP/src/api/api_msg.c ****   netconn_set_flags(conn, NETCONN_FLAG_IN_NONBLOCKING_CONNECT); \
  64:Middlewares/Third_Party/LwIP/src/api/api_msg.c **** } else { \
  65:Middlewares/Third_Party/LwIP/src/api/api_msg.c ****   netconn_clear_flags(conn, NETCONN_FLAG_IN_NONBLOCKING_CONNECT); }} while(0)
  66:Middlewares/Third_Party/LwIP/src/api/api_msg.c **** #define IN_NONBLOCKING_CONNECT(conn) netconn_is_flag_set(conn, NETCONN_FLAG_IN_NONBLOCKING_CONNECT)
  67:Middlewares/Third_Party/LwIP/src/api/api_msg.c **** 
ARM GAS  /tmp/ccMZQUTk.s 			page 3


  68:Middlewares/Third_Party/LwIP/src/api/api_msg.c **** #if LWIP_NETCONN_FULLDUPLEX
  69:Middlewares/Third_Party/LwIP/src/api/api_msg.c **** #define NETCONN_MBOX_VALID(conn, mbox) (sys_mbox_valid(mbox) && ((conn->flags & NETCONN_FLAG_MBOXIN
  70:Middlewares/Third_Party/LwIP/src/api/api_msg.c **** #else
  71:Middlewares/Third_Party/LwIP/src/api/api_msg.c **** #define NETCONN_MBOX_VALID(conn, mbox) sys_mbox_valid(mbox)
  72:Middlewares/Third_Party/LwIP/src/api/api_msg.c **** #endif
  73:Middlewares/Third_Party/LwIP/src/api/api_msg.c **** 
  74:Middlewares/Third_Party/LwIP/src/api/api_msg.c **** /* forward declarations */
  75:Middlewares/Third_Party/LwIP/src/api/api_msg.c **** #if LWIP_TCP
  76:Middlewares/Third_Party/LwIP/src/api/api_msg.c **** #if LWIP_TCPIP_CORE_LOCKING
  77:Middlewares/Third_Party/LwIP/src/api/api_msg.c **** #define WRITE_DELAYED         , 1
  78:Middlewares/Third_Party/LwIP/src/api/api_msg.c **** #define WRITE_DELAYED_PARAM   , u8_t delayed
  79:Middlewares/Third_Party/LwIP/src/api/api_msg.c **** #else /* LWIP_TCPIP_CORE_LOCKING */
  80:Middlewares/Third_Party/LwIP/src/api/api_msg.c **** #define WRITE_DELAYED
  81:Middlewares/Third_Party/LwIP/src/api/api_msg.c **** #define WRITE_DELAYED_PARAM
  82:Middlewares/Third_Party/LwIP/src/api/api_msg.c **** #endif /* LWIP_TCPIP_CORE_LOCKING */
  83:Middlewares/Third_Party/LwIP/src/api/api_msg.c **** static err_t lwip_netconn_do_writemore(struct netconn *conn  WRITE_DELAYED_PARAM);
  84:Middlewares/Third_Party/LwIP/src/api/api_msg.c **** static err_t lwip_netconn_do_close_internal(struct netconn *conn  WRITE_DELAYED_PARAM);
  85:Middlewares/Third_Party/LwIP/src/api/api_msg.c **** #endif
  86:Middlewares/Third_Party/LwIP/src/api/api_msg.c **** 
  87:Middlewares/Third_Party/LwIP/src/api/api_msg.c **** static void netconn_drain(struct netconn *conn);
  88:Middlewares/Third_Party/LwIP/src/api/api_msg.c **** 
  89:Middlewares/Third_Party/LwIP/src/api/api_msg.c **** #if LWIP_TCPIP_CORE_LOCKING
  90:Middlewares/Third_Party/LwIP/src/api/api_msg.c **** #define TCPIP_APIMSG_ACK(m)
  91:Middlewares/Third_Party/LwIP/src/api/api_msg.c **** #else /* LWIP_TCPIP_CORE_LOCKING */
  92:Middlewares/Third_Party/LwIP/src/api/api_msg.c **** #define TCPIP_APIMSG_ACK(m)   do { sys_sem_signal(LWIP_API_MSG_SEM(m)); } while(0)
  93:Middlewares/Third_Party/LwIP/src/api/api_msg.c **** #endif /* LWIP_TCPIP_CORE_LOCKING */
  94:Middlewares/Third_Party/LwIP/src/api/api_msg.c **** 
  95:Middlewares/Third_Party/LwIP/src/api/api_msg.c **** #if LWIP_NETCONN_FULLDUPLEX
  96:Middlewares/Third_Party/LwIP/src/api/api_msg.c **** const u8_t netconn_deleted = 0;
  97:Middlewares/Third_Party/LwIP/src/api/api_msg.c **** 
  98:Middlewares/Third_Party/LwIP/src/api/api_msg.c **** int
  99:Middlewares/Third_Party/LwIP/src/api/api_msg.c **** lwip_netconn_is_deallocated_msg(void *msg)
 100:Middlewares/Third_Party/LwIP/src/api/api_msg.c **** {
 101:Middlewares/Third_Party/LwIP/src/api/api_msg.c ****   if (msg == &netconn_deleted) {
 102:Middlewares/Third_Party/LwIP/src/api/api_msg.c ****     return 1;
 103:Middlewares/Third_Party/LwIP/src/api/api_msg.c ****   }
 104:Middlewares/Third_Party/LwIP/src/api/api_msg.c ****   return 0;
 105:Middlewares/Third_Party/LwIP/src/api/api_msg.c **** }
 106:Middlewares/Third_Party/LwIP/src/api/api_msg.c **** #endif /* LWIP_NETCONN_FULLDUPLEX */
 107:Middlewares/Third_Party/LwIP/src/api/api_msg.c **** 
 108:Middlewares/Third_Party/LwIP/src/api/api_msg.c **** #if LWIP_TCP
 109:Middlewares/Third_Party/LwIP/src/api/api_msg.c **** const u8_t netconn_aborted = 0;
 110:Middlewares/Third_Party/LwIP/src/api/api_msg.c **** const u8_t netconn_reset = 0;
 111:Middlewares/Third_Party/LwIP/src/api/api_msg.c **** const u8_t netconn_closed = 0;
 112:Middlewares/Third_Party/LwIP/src/api/api_msg.c **** 
 113:Middlewares/Third_Party/LwIP/src/api/api_msg.c **** /** Translate an error to a unique void* passed via an mbox */
 114:Middlewares/Third_Party/LwIP/src/api/api_msg.c **** static void *
 115:Middlewares/Third_Party/LwIP/src/api/api_msg.c **** lwip_netconn_err_to_msg(err_t err)
 116:Middlewares/Third_Party/LwIP/src/api/api_msg.c **** {
  38              		.loc 1 116 1 view -0
  39              		.cfi_startproc
  40              		@ args = 0, pretend = 0, frame = 0
  41              		@ frame_needed = 0, uses_anonymous_args = 0
 117:Middlewares/Third_Party/LwIP/src/api/api_msg.c ****   switch (err) {
  42              		.loc 1 117 3 view .LVU1
  43 0000 10F10E0F 		cmn	r0, #14
  44 0004 11D0     		beq	.L3
ARM GAS  /tmp/ccMZQUTk.s 			page 4


  45 0006 10F10D0F 		cmn	r0, #13
  46 000a 10D0     		beq	.L4
  47 000c 10F10F0F 		cmn	r0, #15
  48 0010 0FD0     		beq	.L5
 118:Middlewares/Third_Party/LwIP/src/api/api_msg.c ****     case ERR_ABRT:
 119:Middlewares/Third_Party/LwIP/src/api/api_msg.c ****       return LWIP_CONST_CAST(void *, &netconn_aborted);
 120:Middlewares/Third_Party/LwIP/src/api/api_msg.c ****     case ERR_RST:
 121:Middlewares/Third_Party/LwIP/src/api/api_msg.c ****       return LWIP_CONST_CAST(void *, &netconn_reset);
 122:Middlewares/Third_Party/LwIP/src/api/api_msg.c ****     case ERR_CLSD:
 123:Middlewares/Third_Party/LwIP/src/api/api_msg.c ****       return LWIP_CONST_CAST(void *, &netconn_closed);
 124:Middlewares/Third_Party/LwIP/src/api/api_msg.c ****     default:
 125:Middlewares/Third_Party/LwIP/src/api/api_msg.c ****       LWIP_ASSERT("unhandled error", err == ERR_OK);
  49              		.loc 1 125 7 view .LVU2
  50              		.loc 1 125 7 view .LVU3
  51 0012 08B9     		cbnz	r0, .L11
 126:Middlewares/Third_Party/LwIP/src/api/api_msg.c ****       return NULL;
  52              		.loc 1 126 14 is_stmt 0 view .LVU4
  53 0014 0020     		movs	r0, #0
  54              	.LVL1:
 127:Middlewares/Third_Party/LwIP/src/api/api_msg.c ****   }
 128:Middlewares/Third_Party/LwIP/src/api/api_msg.c **** }
  55              		.loc 1 128 1 view .LVU5
  56 0016 7047     		bx	lr
  57              	.LVL2:
  58              	.L11:
 116:Middlewares/Third_Party/LwIP/src/api/api_msg.c ****   switch (err) {
  59              		.loc 1 116 1 discriminator 1 view .LVU6
  60 0018 08B5     		push	{r3, lr}
  61              	.LCFI0:
  62              		.cfi_def_cfa_offset 8
  63              		.cfi_offset 3, -8
  64              		.cfi_offset 14, -4
 125:Middlewares/Third_Party/LwIP/src/api/api_msg.c ****       return NULL;
  65              		.loc 1 125 7 is_stmt 1 discriminator 1 view .LVU7
 125:Middlewares/Third_Party/LwIP/src/api/api_msg.c ****       return NULL;
  66              		.loc 1 125 7 discriminator 1 view .LVU8
  67 001a 074B     		ldr	r3, .L12
  68 001c 7D22     		movs	r2, #125
  69 001e 0749     		ldr	r1, .L12+4
  70 0020 0748     		ldr	r0, .L12+8
  71              	.LVL3:
 125:Middlewares/Third_Party/LwIP/src/api/api_msg.c ****       return NULL;
  72              		.loc 1 125 7 is_stmt 0 discriminator 1 view .LVU9
  73 0022 FFF7FEFF 		bl	printf
  74              	.LVL4:
 126:Middlewares/Third_Party/LwIP/src/api/api_msg.c ****   }
  75              		.loc 1 126 14 discriminator 1 view .LVU10
  76 0026 0020     		movs	r0, #0
  77              		.loc 1 128 1 discriminator 1 view .LVU11
  78 0028 08BD     		pop	{r3, pc}
  79              	.LVL5:
  80              	.L3:
  81              	.LCFI1:
  82              		.cfi_def_cfa_offset 0
  83              		.cfi_restore 3
  84              		.cfi_restore 14
 121:Middlewares/Third_Party/LwIP/src/api/api_msg.c ****     case ERR_CLSD:
ARM GAS  /tmp/ccMZQUTk.s 			page 5


  85              		.loc 1 121 14 view .LVU12
  86 002a 0648     		ldr	r0, .L12+12
  87              	.LVL6:
 121:Middlewares/Third_Party/LwIP/src/api/api_msg.c ****     case ERR_CLSD:
  88              		.loc 1 121 14 view .LVU13
  89 002c 7047     		bx	lr
  90              	.LVL7:
  91              	.L4:
 117:Middlewares/Third_Party/LwIP/src/api/api_msg.c ****     case ERR_ABRT:
  92              		.loc 1 117 3 view .LVU14
  93 002e 0648     		ldr	r0, .L12+16
  94              	.LVL8:
 117:Middlewares/Third_Party/LwIP/src/api/api_msg.c ****     case ERR_ABRT:
  95              		.loc 1 117 3 view .LVU15
  96 0030 7047     		bx	lr
  97              	.LVL9:
  98              	.L5:
 123:Middlewares/Third_Party/LwIP/src/api/api_msg.c ****     default:
  99              		.loc 1 123 14 view .LVU16
 100 0032 0648     		ldr	r0, .L12+20
 101              	.LVL10:
 123:Middlewares/Third_Party/LwIP/src/api/api_msg.c ****     default:
 102              		.loc 1 123 14 view .LVU17
 103 0034 7047     		bx	lr
 104              	.L13:
 105 0036 00BF     		.align	2
 106              	.L12:
 107 0038 00000000 		.word	.LC0
 108 003c 30000000 		.word	.LC1
 109 0040 40000000 		.word	.LC2
 110 0044 00000000 		.word	.LANCHOR0
 111 0048 00000000 		.word	.LANCHOR2
 112 004c 00000000 		.word	.LANCHOR1
 113              		.cfi_endproc
 114              	.LFE173:
 116              		.section	.rodata.recv_udp.str1.4,"aMS",%progbits,1
 117              		.align	2
 118              	.LC3:
 119 0000 72656376 		.ascii	"recv_udp must have a pcb argument\000"
 119      5F756470 
 119      206D7573 
 119      74206861 
 119      76652061 
 120 0022 0000     		.align	2
 121              	.LC4:
 122 0024 72656376 		.ascii	"recv_udp must have an argument\000"
 122      5F756470 
 122      206D7573 
 122      74206861 
 122      76652061 
 123 0043 00       		.align	2
 124              	.LC5:
 125 0044 72656376 		.ascii	"recv_udp: recv for wrong pcb!\000"
 125      5F756470 
 125      3A207265 
 125      63762066 
 125      6F722077 
ARM GAS  /tmp/ccMZQUTk.s 			page 6


 126              		.section	.text.recv_udp,"ax",%progbits
 127              		.align	1
 128              		.syntax unified
 129              		.thumb
 130              		.thumb_func
 131              		.fpu fpv5-d16
 133              	recv_udp:
 134              	.LVL11:
 135              	.LFB175:
 129:Middlewares/Third_Party/LwIP/src/api/api_msg.c **** 
 130:Middlewares/Third_Party/LwIP/src/api/api_msg.c **** int
 131:Middlewares/Third_Party/LwIP/src/api/api_msg.c **** lwip_netconn_is_err_msg(void *msg, err_t *err)
 132:Middlewares/Third_Party/LwIP/src/api/api_msg.c **** {
 133:Middlewares/Third_Party/LwIP/src/api/api_msg.c ****   LWIP_ASSERT("err != NULL", err != NULL);
 134:Middlewares/Third_Party/LwIP/src/api/api_msg.c **** 
 135:Middlewares/Third_Party/LwIP/src/api/api_msg.c ****   if (msg == &netconn_aborted) {
 136:Middlewares/Third_Party/LwIP/src/api/api_msg.c ****     *err = ERR_ABRT;
 137:Middlewares/Third_Party/LwIP/src/api/api_msg.c ****     return 1;
 138:Middlewares/Third_Party/LwIP/src/api/api_msg.c ****   } else if (msg == &netconn_reset) {
 139:Middlewares/Third_Party/LwIP/src/api/api_msg.c ****     *err = ERR_RST;
 140:Middlewares/Third_Party/LwIP/src/api/api_msg.c ****     return 1;
 141:Middlewares/Third_Party/LwIP/src/api/api_msg.c ****   } else if (msg == &netconn_closed) {
 142:Middlewares/Third_Party/LwIP/src/api/api_msg.c ****     *err = ERR_CLSD;
 143:Middlewares/Third_Party/LwIP/src/api/api_msg.c ****     return 1;
 144:Middlewares/Third_Party/LwIP/src/api/api_msg.c ****   }
 145:Middlewares/Third_Party/LwIP/src/api/api_msg.c ****   return 0;
 146:Middlewares/Third_Party/LwIP/src/api/api_msg.c **** }
 147:Middlewares/Third_Party/LwIP/src/api/api_msg.c **** #endif /* LWIP_TCP */
 148:Middlewares/Third_Party/LwIP/src/api/api_msg.c **** 
 149:Middlewares/Third_Party/LwIP/src/api/api_msg.c **** 
 150:Middlewares/Third_Party/LwIP/src/api/api_msg.c **** #if LWIP_RAW
 151:Middlewares/Third_Party/LwIP/src/api/api_msg.c **** /**
 152:Middlewares/Third_Party/LwIP/src/api/api_msg.c ****  * Receive callback function for RAW netconns.
 153:Middlewares/Third_Party/LwIP/src/api/api_msg.c ****  * Doesn't 'eat' the packet, only copies it and sends it to
 154:Middlewares/Third_Party/LwIP/src/api/api_msg.c ****  * conn->recvmbox
 155:Middlewares/Third_Party/LwIP/src/api/api_msg.c ****  *
 156:Middlewares/Third_Party/LwIP/src/api/api_msg.c ****  * @see raw.h (struct raw_pcb.recv) for parameters and return value
 157:Middlewares/Third_Party/LwIP/src/api/api_msg.c ****  */
 158:Middlewares/Third_Party/LwIP/src/api/api_msg.c **** static u8_t
 159:Middlewares/Third_Party/LwIP/src/api/api_msg.c **** recv_raw(void *arg, struct raw_pcb *pcb, struct pbuf *p,
 160:Middlewares/Third_Party/LwIP/src/api/api_msg.c ****          const ip_addr_t *addr)
 161:Middlewares/Third_Party/LwIP/src/api/api_msg.c **** {
 162:Middlewares/Third_Party/LwIP/src/api/api_msg.c ****   struct pbuf *q;
 163:Middlewares/Third_Party/LwIP/src/api/api_msg.c ****   struct netbuf *buf;
 164:Middlewares/Third_Party/LwIP/src/api/api_msg.c ****   struct netconn *conn;
 165:Middlewares/Third_Party/LwIP/src/api/api_msg.c **** 
 166:Middlewares/Third_Party/LwIP/src/api/api_msg.c ****   LWIP_UNUSED_ARG(addr);
 167:Middlewares/Third_Party/LwIP/src/api/api_msg.c ****   conn = (struct netconn *)arg;
 168:Middlewares/Third_Party/LwIP/src/api/api_msg.c **** 
 169:Middlewares/Third_Party/LwIP/src/api/api_msg.c ****   if ((conn != NULL) && NETCONN_MBOX_VALID(conn, &conn->recvmbox)) {
 170:Middlewares/Third_Party/LwIP/src/api/api_msg.c **** #if LWIP_SO_RCVBUF
 171:Middlewares/Third_Party/LwIP/src/api/api_msg.c ****     int recv_avail;
 172:Middlewares/Third_Party/LwIP/src/api/api_msg.c ****     SYS_ARCH_GET(conn->recv_avail, recv_avail);
 173:Middlewares/Third_Party/LwIP/src/api/api_msg.c ****     if ((recv_avail + (int)(p->tot_len)) > conn->recv_bufsize) {
 174:Middlewares/Third_Party/LwIP/src/api/api_msg.c ****       return 0;
 175:Middlewares/Third_Party/LwIP/src/api/api_msg.c ****     }
 176:Middlewares/Third_Party/LwIP/src/api/api_msg.c **** #endif /* LWIP_SO_RCVBUF */
ARM GAS  /tmp/ccMZQUTk.s 			page 7


 177:Middlewares/Third_Party/LwIP/src/api/api_msg.c ****     /* copy the whole packet into new pbufs */
 178:Middlewares/Third_Party/LwIP/src/api/api_msg.c ****     q = pbuf_clone(PBUF_RAW, PBUF_RAM, p);
 179:Middlewares/Third_Party/LwIP/src/api/api_msg.c ****     if (q != NULL) {
 180:Middlewares/Third_Party/LwIP/src/api/api_msg.c ****       u16_t len;
 181:Middlewares/Third_Party/LwIP/src/api/api_msg.c ****       buf = (struct netbuf *)memp_malloc(MEMP_NETBUF);
 182:Middlewares/Third_Party/LwIP/src/api/api_msg.c ****       if (buf == NULL) {
 183:Middlewares/Third_Party/LwIP/src/api/api_msg.c ****         pbuf_free(q);
 184:Middlewares/Third_Party/LwIP/src/api/api_msg.c ****         return 0;
 185:Middlewares/Third_Party/LwIP/src/api/api_msg.c ****       }
 186:Middlewares/Third_Party/LwIP/src/api/api_msg.c **** 
 187:Middlewares/Third_Party/LwIP/src/api/api_msg.c ****       buf->p = q;
 188:Middlewares/Third_Party/LwIP/src/api/api_msg.c ****       buf->ptr = q;
 189:Middlewares/Third_Party/LwIP/src/api/api_msg.c ****       ip_addr_copy(buf->addr, *ip_current_src_addr());
 190:Middlewares/Third_Party/LwIP/src/api/api_msg.c ****       buf->port = pcb->protocol;
 191:Middlewares/Third_Party/LwIP/src/api/api_msg.c **** 
 192:Middlewares/Third_Party/LwIP/src/api/api_msg.c ****       len = q->tot_len;
 193:Middlewares/Third_Party/LwIP/src/api/api_msg.c ****       if (sys_mbox_trypost(&conn->recvmbox, buf) != ERR_OK) {
 194:Middlewares/Third_Party/LwIP/src/api/api_msg.c ****         netbuf_delete(buf);
 195:Middlewares/Third_Party/LwIP/src/api/api_msg.c ****         return 0;
 196:Middlewares/Third_Party/LwIP/src/api/api_msg.c ****       } else {
 197:Middlewares/Third_Party/LwIP/src/api/api_msg.c **** #if LWIP_SO_RCVBUF
 198:Middlewares/Third_Party/LwIP/src/api/api_msg.c ****         SYS_ARCH_INC(conn->recv_avail, len);
 199:Middlewares/Third_Party/LwIP/src/api/api_msg.c **** #endif /* LWIP_SO_RCVBUF */
 200:Middlewares/Third_Party/LwIP/src/api/api_msg.c ****         /* Register event with callback */
 201:Middlewares/Third_Party/LwIP/src/api/api_msg.c ****         API_EVENT(conn, NETCONN_EVT_RCVPLUS, len);
 202:Middlewares/Third_Party/LwIP/src/api/api_msg.c ****       }
 203:Middlewares/Third_Party/LwIP/src/api/api_msg.c ****     }
 204:Middlewares/Third_Party/LwIP/src/api/api_msg.c ****   }
 205:Middlewares/Third_Party/LwIP/src/api/api_msg.c **** 
 206:Middlewares/Third_Party/LwIP/src/api/api_msg.c ****   return 0; /* do not eat the packet */
 207:Middlewares/Third_Party/LwIP/src/api/api_msg.c **** }
 208:Middlewares/Third_Party/LwIP/src/api/api_msg.c **** #endif /* LWIP_RAW*/
 209:Middlewares/Third_Party/LwIP/src/api/api_msg.c **** 
 210:Middlewares/Third_Party/LwIP/src/api/api_msg.c **** #if LWIP_UDP
 211:Middlewares/Third_Party/LwIP/src/api/api_msg.c **** /**
 212:Middlewares/Third_Party/LwIP/src/api/api_msg.c ****  * Receive callback function for UDP netconns.
 213:Middlewares/Third_Party/LwIP/src/api/api_msg.c ****  * Posts the packet to conn->recvmbox or deletes it on memory error.
 214:Middlewares/Third_Party/LwIP/src/api/api_msg.c ****  *
 215:Middlewares/Third_Party/LwIP/src/api/api_msg.c ****  * @see udp.h (struct udp_pcb.recv) for parameters
 216:Middlewares/Third_Party/LwIP/src/api/api_msg.c ****  */
 217:Middlewares/Third_Party/LwIP/src/api/api_msg.c **** static void
 218:Middlewares/Third_Party/LwIP/src/api/api_msg.c **** recv_udp(void *arg, struct udp_pcb *pcb, struct pbuf *p,
 219:Middlewares/Third_Party/LwIP/src/api/api_msg.c ****          const ip_addr_t *addr, u16_t port)
 220:Middlewares/Third_Party/LwIP/src/api/api_msg.c **** {
 136              		.loc 1 220 1 is_stmt 1 view -0
 137              		.cfi_startproc
 138              		@ args = 4, pretend = 0, frame = 0
 139              		@ frame_needed = 0, uses_anonymous_args = 0
 140              		.loc 1 220 1 is_stmt 0 view .LVU19
 141 0000 2DE9F041 		push	{r4, r5, r6, r7, r8, lr}
 142              	.LCFI2:
 143              		.cfi_def_cfa_offset 24
 144              		.cfi_offset 4, -24
 145              		.cfi_offset 5, -20
 146              		.cfi_offset 6, -16
 147              		.cfi_offset 7, -12
 148              		.cfi_offset 8, -8
ARM GAS  /tmp/ccMZQUTk.s 			page 8


 149              		.cfi_offset 14, -4
 150 0004 0446     		mov	r4, r0
 151 0006 1546     		mov	r5, r2
 152 0008 9846     		mov	r8, r3
 221:Middlewares/Third_Party/LwIP/src/api/api_msg.c ****   struct netbuf *buf;
 153              		.loc 1 221 3 is_stmt 1 view .LVU20
 222:Middlewares/Third_Party/LwIP/src/api/api_msg.c ****   struct netconn *conn;
 154              		.loc 1 222 3 view .LVU21
 223:Middlewares/Third_Party/LwIP/src/api/api_msg.c ****   u16_t len;
 155              		.loc 1 223 3 view .LVU22
 224:Middlewares/Third_Party/LwIP/src/api/api_msg.c **** #if LWIP_SO_RCVBUF
 225:Middlewares/Third_Party/LwIP/src/api/api_msg.c ****   int recv_avail;
 226:Middlewares/Third_Party/LwIP/src/api/api_msg.c **** #endif /* LWIP_SO_RCVBUF */
 227:Middlewares/Third_Party/LwIP/src/api/api_msg.c **** 
 228:Middlewares/Third_Party/LwIP/src/api/api_msg.c ****   LWIP_UNUSED_ARG(pcb); /* only used for asserts... */
 156              		.loc 1 228 3 view .LVU23
 229:Middlewares/Third_Party/LwIP/src/api/api_msg.c ****   LWIP_ASSERT("recv_udp must have a pcb argument", pcb != NULL);
 157              		.loc 1 229 3 view .LVU24
 158              		.loc 1 229 3 view .LVU25
 159 000a 0E46     		mov	r6, r1
 160 000c 79B3     		cbz	r1, .L26
 161              	.LVL12:
 162              	.L15:
 163              		.loc 1 229 3 discriminator 3 view .LVU26
 164              		.loc 1 229 3 discriminator 3 view .LVU27
 230:Middlewares/Third_Party/LwIP/src/api/api_msg.c ****   LWIP_ASSERT("recv_udp must have an argument", arg != NULL);
 165              		.loc 1 230 3 discriminator 3 view .LVU28
 166              		.loc 1 230 3 discriminator 3 view .LVU29
 167 000e 002C     		cmp	r4, #0
 168 0010 34D0     		beq	.L27
 169              	.L16:
 170              		.loc 1 230 3 discriminator 3 view .LVU30
 171              		.loc 1 230 3 discriminator 3 view .LVU31
 231:Middlewares/Third_Party/LwIP/src/api/api_msg.c ****   conn = (struct netconn *)arg;
 172              		.loc 1 231 3 discriminator 3 view .LVU32
 173              	.LVL13:
 232:Middlewares/Third_Party/LwIP/src/api/api_msg.c **** 
 233:Middlewares/Third_Party/LwIP/src/api/api_msg.c ****   if (conn == NULL) {
 174              		.loc 1 233 3 discriminator 3 view .LVU33
 175              		.loc 1 233 6 is_stmt 0 discriminator 3 view .LVU34
 176 0012 002C     		cmp	r4, #0
 177 0014 39D0     		beq	.L28
 234:Middlewares/Third_Party/LwIP/src/api/api_msg.c ****     pbuf_free(p);
 235:Middlewares/Third_Party/LwIP/src/api/api_msg.c ****     return;
 236:Middlewares/Third_Party/LwIP/src/api/api_msg.c ****   }
 237:Middlewares/Third_Party/LwIP/src/api/api_msg.c **** 
 238:Middlewares/Third_Party/LwIP/src/api/api_msg.c ****   LWIP_ASSERT("recv_udp: recv for wrong pcb!", conn->pcb.udp == pcb);
 178              		.loc 1 238 3 is_stmt 1 view .LVU35
 179              		.loc 1 238 3 view .LVU36
 180 0016 6368     		ldr	r3, [r4, #4]
 181 0018 B342     		cmp	r3, r6
 182 001a 05D0     		beq	.L19
 183              		.loc 1 238 3 discriminator 1 view .LVU37
 184              		.loc 1 238 3 discriminator 1 view .LVU38
 185 001c 244B     		ldr	r3, .L32
 186 001e EE22     		movs	r2, #238
 187 0020 2449     		ldr	r1, .L32+4
ARM GAS  /tmp/ccMZQUTk.s 			page 9


 188 0022 2548     		ldr	r0, .L32+8
 189 0024 FFF7FEFF 		bl	printf
 190              	.LVL14:
 191              	.L19:
 192              		.loc 1 238 3 discriminator 3 view .LVU39
 193              		.loc 1 238 3 discriminator 3 view .LVU40
 239:Middlewares/Third_Party/LwIP/src/api/api_msg.c **** 
 240:Middlewares/Third_Party/LwIP/src/api/api_msg.c **** #if LWIP_SO_RCVBUF
 241:Middlewares/Third_Party/LwIP/src/api/api_msg.c ****   SYS_ARCH_GET(conn->recv_avail, recv_avail);
 242:Middlewares/Third_Party/LwIP/src/api/api_msg.c ****   if (!NETCONN_MBOX_VALID(conn, &conn->recvmbox) ||
 243:Middlewares/Third_Party/LwIP/src/api/api_msg.c ****       ((recv_avail + (int)(p->tot_len)) > conn->recv_bufsize)) {
 244:Middlewares/Third_Party/LwIP/src/api/api_msg.c **** #else  /* LWIP_SO_RCVBUF */
 245:Middlewares/Third_Party/LwIP/src/api/api_msg.c ****   if (!NETCONN_MBOX_VALID(conn, &conn->recvmbox)) {
 194              		.loc 1 245 3 discriminator 3 view .LVU41
 195              		.loc 1 245 8 is_stmt 0 discriminator 3 view .LVU42
 196 0028 04F11007 		add	r7, r4, #16
 197 002c 3846     		mov	r0, r7
 198 002e FFF7FEFF 		bl	sys_mbox_valid
 199              	.LVL15:
 200              		.loc 1 245 6 discriminator 3 view .LVU43
 201 0032 70B3     		cbz	r0, .L29
 246:Middlewares/Third_Party/LwIP/src/api/api_msg.c **** #endif /* LWIP_SO_RCVBUF */
 247:Middlewares/Third_Party/LwIP/src/api/api_msg.c ****     pbuf_free(p);
 248:Middlewares/Third_Party/LwIP/src/api/api_msg.c ****     return;
 249:Middlewares/Third_Party/LwIP/src/api/api_msg.c ****   }
 250:Middlewares/Third_Party/LwIP/src/api/api_msg.c **** 
 251:Middlewares/Third_Party/LwIP/src/api/api_msg.c ****   buf = (struct netbuf *)memp_malloc(MEMP_NETBUF);
 202              		.loc 1 251 3 is_stmt 1 view .LVU44
 203              		.loc 1 251 26 is_stmt 0 view .LVU45
 204 0034 0620     		movs	r0, #6
 205 0036 FFF7FEFF 		bl	memp_malloc
 206              	.LVL16:
 252:Middlewares/Third_Party/LwIP/src/api/api_msg.c ****   if (buf == NULL) {
 207              		.loc 1 252 3 is_stmt 1 view .LVU46
 208              		.loc 1 252 6 is_stmt 0 view .LVU47
 209 003a 0646     		mov	r6, r0
 210              	.LVL17:
 211              		.loc 1 252 6 view .LVU48
 212 003c 70B3     		cbz	r0, .L30
 253:Middlewares/Third_Party/LwIP/src/api/api_msg.c ****     pbuf_free(p);
 254:Middlewares/Third_Party/LwIP/src/api/api_msg.c ****     return;
 255:Middlewares/Third_Party/LwIP/src/api/api_msg.c ****   } else {
 256:Middlewares/Third_Party/LwIP/src/api/api_msg.c ****     buf->p = p;
 213              		.loc 1 256 5 is_stmt 1 view .LVU49
 214              		.loc 1 256 12 is_stmt 0 view .LVU50
 215 003e 0560     		str	r5, [r0]
 257:Middlewares/Third_Party/LwIP/src/api/api_msg.c ****     buf->ptr = p;
 216              		.loc 1 257 5 is_stmt 1 view .LVU51
 217              		.loc 1 257 14 is_stmt 0 view .LVU52
 218 0040 4560     		str	r5, [r0, #4]
 258:Middlewares/Third_Party/LwIP/src/api/api_msg.c ****     ip_addr_set(&buf->addr, addr);
 219              		.loc 1 258 5 is_stmt 1 view .LVU53
 220 0042 B8F1000F 		cmp	r8, #0
 221 0046 2DD0     		beq	.L24
 222              		.loc 1 258 5 is_stmt 0 discriminator 1 view .LVU54
 223 0048 D8F80030 		ldr	r3, [r8]
 224              	.L22:
ARM GAS  /tmp/ccMZQUTk.s 			page 10


 225              		.loc 1 258 5 discriminator 4 view .LVU55
 226 004c B360     		str	r3, [r6, #8]
 259:Middlewares/Third_Party/LwIP/src/api/api_msg.c ****     buf->port = port;
 227              		.loc 1 259 5 is_stmt 1 discriminator 4 view .LVU56
 228              		.loc 1 259 15 is_stmt 0 discriminator 4 view .LVU57
 229 004e BDF81830 		ldrh	r3, [sp, #24]
 230 0052 B381     		strh	r3, [r6, #12]	@ movhi
 260:Middlewares/Third_Party/LwIP/src/api/api_msg.c **** #if LWIP_NETBUF_RECVINFO
 261:Middlewares/Third_Party/LwIP/src/api/api_msg.c ****     if (conn->flags & NETCONN_FLAG_PKTINFO) {
 262:Middlewares/Third_Party/LwIP/src/api/api_msg.c ****       /* get the UDP header - always in the first pbuf, ensured by udp_input */
 263:Middlewares/Third_Party/LwIP/src/api/api_msg.c ****       const struct udp_hdr *udphdr = (const struct udp_hdr *)ip_next_header_ptr();
 264:Middlewares/Third_Party/LwIP/src/api/api_msg.c ****       buf->flags = NETBUF_FLAG_DESTADDR;
 265:Middlewares/Third_Party/LwIP/src/api/api_msg.c ****       ip_addr_set(&buf->toaddr, ip_current_dest_addr());
 266:Middlewares/Third_Party/LwIP/src/api/api_msg.c ****       buf->toport_chksum = udphdr->dest;
 267:Middlewares/Third_Party/LwIP/src/api/api_msg.c ****     }
 268:Middlewares/Third_Party/LwIP/src/api/api_msg.c **** #endif /* LWIP_NETBUF_RECVINFO */
 269:Middlewares/Third_Party/LwIP/src/api/api_msg.c ****   }
 270:Middlewares/Third_Party/LwIP/src/api/api_msg.c **** 
 271:Middlewares/Third_Party/LwIP/src/api/api_msg.c ****   len = p->tot_len;
 231              		.loc 1 271 3 is_stmt 1 discriminator 4 view .LVU58
 232              		.loc 1 271 7 is_stmt 0 discriminator 4 view .LVU59
 233 0054 2D89     		ldrh	r5, [r5, #8]
 234              	.LVL18:
 272:Middlewares/Third_Party/LwIP/src/api/api_msg.c ****   if (sys_mbox_trypost(&conn->recvmbox, buf) != ERR_OK) {
 235              		.loc 1 272 3 is_stmt 1 discriminator 4 view .LVU60
 236              		.loc 1 272 7 is_stmt 0 discriminator 4 view .LVU61
 237 0056 3146     		mov	r1, r6
 238 0058 3846     		mov	r0, r7
 239              	.LVL19:
 240              		.loc 1 272 7 discriminator 4 view .LVU62
 241 005a FFF7FEFF 		bl	sys_mbox_trypost
 242              	.LVL20:
 243              		.loc 1 272 6 discriminator 4 view .LVU63
 244 005e 18BB     		cbnz	r0, .L31
 273:Middlewares/Third_Party/LwIP/src/api/api_msg.c ****     netbuf_delete(buf);
 274:Middlewares/Third_Party/LwIP/src/api/api_msg.c ****     return;
 275:Middlewares/Third_Party/LwIP/src/api/api_msg.c ****   } else {
 276:Middlewares/Third_Party/LwIP/src/api/api_msg.c **** #if LWIP_SO_RCVBUF
 277:Middlewares/Third_Party/LwIP/src/api/api_msg.c ****     SYS_ARCH_INC(conn->recv_avail, len);
 278:Middlewares/Third_Party/LwIP/src/api/api_msg.c **** #endif /* LWIP_SO_RCVBUF */
 279:Middlewares/Third_Party/LwIP/src/api/api_msg.c ****     /* Register event with callback */
 280:Middlewares/Third_Party/LwIP/src/api/api_msg.c ****     API_EVENT(conn, NETCONN_EVT_RCVPLUS, len);
 245              		.loc 1 280 5 is_stmt 1 view .LVU64
 246 0060 636A     		ldr	r3, [r4, #36]
 247 0062 CBB1     		cbz	r3, .L14
 248              		.loc 1 280 5 discriminator 1 view .LVU65
 249 0064 2A46     		mov	r2, r5
 250 0066 0021     		movs	r1, #0
 251 0068 2046     		mov	r0, r4
 252 006a 9847     		blx	r3
 253              	.LVL21:
 254              		.loc 1 280 46 discriminator 1 view .LVU66
 255 006c 14E0     		b	.L14
 256              	.LVL22:
 257              	.L26:
 229:Middlewares/Third_Party/LwIP/src/api/api_msg.c ****   LWIP_ASSERT("recv_udp must have an argument", arg != NULL);
 258              		.loc 1 229 3 discriminator 1 view .LVU67
ARM GAS  /tmp/ccMZQUTk.s 			page 11


 229:Middlewares/Third_Party/LwIP/src/api/api_msg.c ****   LWIP_ASSERT("recv_udp must have an argument", arg != NULL);
 259              		.loc 1 229 3 discriminator 1 view .LVU68
 260 006e 104B     		ldr	r3, .L32
 261              	.LVL23:
 229:Middlewares/Third_Party/LwIP/src/api/api_msg.c ****   LWIP_ASSERT("recv_udp must have an argument", arg != NULL);
 262              		.loc 1 229 3 is_stmt 0 discriminator 1 view .LVU69
 263 0070 E522     		movs	r2, #229
 264              	.LVL24:
 229:Middlewares/Third_Party/LwIP/src/api/api_msg.c ****   LWIP_ASSERT("recv_udp must have an argument", arg != NULL);
 265              		.loc 1 229 3 discriminator 1 view .LVU70
 266 0072 1249     		ldr	r1, .L32+12
 267              	.LVL25:
 229:Middlewares/Third_Party/LwIP/src/api/api_msg.c ****   LWIP_ASSERT("recv_udp must have an argument", arg != NULL);
 268              		.loc 1 229 3 discriminator 1 view .LVU71
 269 0074 1048     		ldr	r0, .L32+8
 270              	.LVL26:
 229:Middlewares/Third_Party/LwIP/src/api/api_msg.c ****   LWIP_ASSERT("recv_udp must have an argument", arg != NULL);
 271              		.loc 1 229 3 discriminator 1 view .LVU72
 272 0076 FFF7FEFF 		bl	printf
 273              	.LVL27:
 274 007a C8E7     		b	.L15
 275              	.L27:
 230:Middlewares/Third_Party/LwIP/src/api/api_msg.c ****   conn = (struct netconn *)arg;
 276              		.loc 1 230 3 is_stmt 1 discriminator 1 view .LVU73
 230:Middlewares/Third_Party/LwIP/src/api/api_msg.c ****   conn = (struct netconn *)arg;
 277              		.loc 1 230 3 discriminator 1 view .LVU74
 278 007c 0C4B     		ldr	r3, .L32
 279 007e E622     		movs	r2, #230
 280 0080 0F49     		ldr	r1, .L32+16
 281 0082 0D48     		ldr	r0, .L32+8
 282 0084 FFF7FEFF 		bl	printf
 283              	.LVL28:
 284 0088 C3E7     		b	.L16
 285              	.LVL29:
 286              	.L28:
 234:Middlewares/Third_Party/LwIP/src/api/api_msg.c ****     return;
 287              		.loc 1 234 5 view .LVU75
 288 008a 2846     		mov	r0, r5
 289 008c FFF7FEFF 		bl	pbuf_free
 290              	.LVL30:
 235:Middlewares/Third_Party/LwIP/src/api/api_msg.c ****   }
 291              		.loc 1 235 5 view .LVU76
 292 0090 02E0     		b	.L14
 293              	.L29:
 247:Middlewares/Third_Party/LwIP/src/api/api_msg.c ****     return;
 294              		.loc 1 247 5 view .LVU77
 295 0092 2846     		mov	r0, r5
 296 0094 FFF7FEFF 		bl	pbuf_free
 297              	.LVL31:
 248:Middlewares/Third_Party/LwIP/src/api/api_msg.c ****   }
 298              		.loc 1 248 5 view .LVU78
 299              	.L14:
 281:Middlewares/Third_Party/LwIP/src/api/api_msg.c ****   }
 282:Middlewares/Third_Party/LwIP/src/api/api_msg.c **** }
 300              		.loc 1 282 1 is_stmt 0 view .LVU79
 301 0098 BDE8F081 		pop	{r4, r5, r6, r7, r8, pc}
 302              	.LVL32:
ARM GAS  /tmp/ccMZQUTk.s 			page 12


 303              	.L30:
 253:Middlewares/Third_Party/LwIP/src/api/api_msg.c ****     return;
 304              		.loc 1 253 5 is_stmt 1 view .LVU80
 305 009c 2846     		mov	r0, r5
 306              	.LVL33:
 253:Middlewares/Third_Party/LwIP/src/api/api_msg.c ****     return;
 307              		.loc 1 253 5 is_stmt 0 view .LVU81
 308 009e FFF7FEFF 		bl	pbuf_free
 309              	.LVL34:
 254:Middlewares/Third_Party/LwIP/src/api/api_msg.c ****   } else {
 310              		.loc 1 254 5 is_stmt 1 view .LVU82
 311 00a2 F9E7     		b	.L14
 312              	.LVL35:
 313              	.L24:
 258:Middlewares/Third_Party/LwIP/src/api/api_msg.c ****     buf->port = port;
 314              		.loc 1 258 5 is_stmt 0 view .LVU83
 315 00a4 0023     		movs	r3, #0
 316 00a6 D1E7     		b	.L22
 317              	.LVL36:
 318              	.L31:
 273:Middlewares/Third_Party/LwIP/src/api/api_msg.c ****     return;
 319              		.loc 1 273 5 is_stmt 1 view .LVU84
 320 00a8 3046     		mov	r0, r6
 321 00aa FFF7FEFF 		bl	netbuf_delete
 322              	.LVL37:
 274:Middlewares/Third_Party/LwIP/src/api/api_msg.c ****   } else {
 323              		.loc 1 274 5 view .LVU85
 324 00ae F3E7     		b	.L14
 325              	.L33:
 326              		.align	2
 327              	.L32:
 328 00b0 00000000 		.word	.LC0
 329 00b4 44000000 		.word	.LC5
 330 00b8 40000000 		.word	.LC2
 331 00bc 00000000 		.word	.LC3
 332 00c0 24000000 		.word	.LC4
 333              		.cfi_endproc
 334              	.LFE175:
 336              		.section	.text.setup_tcp,"ax",%progbits
 337              		.align	1
 338              		.syntax unified
 339              		.thumb
 340              		.thumb_func
 341              		.fpu fpv5-d16
 343              	setup_tcp:
 344              	.LVL38:
 345              	.LFB180:
 283:Middlewares/Third_Party/LwIP/src/api/api_msg.c **** #endif /* LWIP_UDP */
 284:Middlewares/Third_Party/LwIP/src/api/api_msg.c **** 
 285:Middlewares/Third_Party/LwIP/src/api/api_msg.c **** #if LWIP_TCP
 286:Middlewares/Third_Party/LwIP/src/api/api_msg.c **** /**
 287:Middlewares/Third_Party/LwIP/src/api/api_msg.c ****  * Receive callback function for TCP netconns.
 288:Middlewares/Third_Party/LwIP/src/api/api_msg.c ****  * Posts the packet to conn->recvmbox, but doesn't delete it on errors.
 289:Middlewares/Third_Party/LwIP/src/api/api_msg.c ****  *
 290:Middlewares/Third_Party/LwIP/src/api/api_msg.c ****  * @see tcp.h (struct tcp_pcb.recv) for parameters and return value
 291:Middlewares/Third_Party/LwIP/src/api/api_msg.c ****  */
 292:Middlewares/Third_Party/LwIP/src/api/api_msg.c **** static err_t
ARM GAS  /tmp/ccMZQUTk.s 			page 13


 293:Middlewares/Third_Party/LwIP/src/api/api_msg.c **** recv_tcp(void *arg, struct tcp_pcb *pcb, struct pbuf *p, err_t err)
 294:Middlewares/Third_Party/LwIP/src/api/api_msg.c **** {
 295:Middlewares/Third_Party/LwIP/src/api/api_msg.c ****   struct netconn *conn;
 296:Middlewares/Third_Party/LwIP/src/api/api_msg.c ****   u16_t len;
 297:Middlewares/Third_Party/LwIP/src/api/api_msg.c ****   void *msg;
 298:Middlewares/Third_Party/LwIP/src/api/api_msg.c **** 
 299:Middlewares/Third_Party/LwIP/src/api/api_msg.c ****   LWIP_UNUSED_ARG(pcb);
 300:Middlewares/Third_Party/LwIP/src/api/api_msg.c ****   LWIP_ASSERT("recv_tcp must have a pcb argument", pcb != NULL);
 301:Middlewares/Third_Party/LwIP/src/api/api_msg.c ****   LWIP_ASSERT("recv_tcp must have an argument", arg != NULL);
 302:Middlewares/Third_Party/LwIP/src/api/api_msg.c ****   LWIP_ASSERT("err != ERR_OK unhandled", err == ERR_OK);
 303:Middlewares/Third_Party/LwIP/src/api/api_msg.c ****   LWIP_UNUSED_ARG(err); /* for LWIP_NOASSERT */
 304:Middlewares/Third_Party/LwIP/src/api/api_msg.c ****   conn = (struct netconn *)arg;
 305:Middlewares/Third_Party/LwIP/src/api/api_msg.c **** 
 306:Middlewares/Third_Party/LwIP/src/api/api_msg.c ****   if (conn == NULL) {
 307:Middlewares/Third_Party/LwIP/src/api/api_msg.c ****     return ERR_VAL;
 308:Middlewares/Third_Party/LwIP/src/api/api_msg.c ****   }
 309:Middlewares/Third_Party/LwIP/src/api/api_msg.c ****   LWIP_ASSERT("recv_tcp: recv for wrong pcb!", conn->pcb.tcp == pcb);
 310:Middlewares/Third_Party/LwIP/src/api/api_msg.c **** 
 311:Middlewares/Third_Party/LwIP/src/api/api_msg.c ****   if (!NETCONN_MBOX_VALID(conn, &conn->recvmbox)) {
 312:Middlewares/Third_Party/LwIP/src/api/api_msg.c ****     /* recvmbox already deleted */
 313:Middlewares/Third_Party/LwIP/src/api/api_msg.c ****     if (p != NULL) {
 314:Middlewares/Third_Party/LwIP/src/api/api_msg.c ****       tcp_recved(pcb, p->tot_len);
 315:Middlewares/Third_Party/LwIP/src/api/api_msg.c ****       pbuf_free(p);
 316:Middlewares/Third_Party/LwIP/src/api/api_msg.c ****     }
 317:Middlewares/Third_Party/LwIP/src/api/api_msg.c ****     return ERR_OK;
 318:Middlewares/Third_Party/LwIP/src/api/api_msg.c ****   }
 319:Middlewares/Third_Party/LwIP/src/api/api_msg.c ****   /* Unlike for UDP or RAW pcbs, don't check for available space
 320:Middlewares/Third_Party/LwIP/src/api/api_msg.c ****      using recv_avail since that could break the connection
 321:Middlewares/Third_Party/LwIP/src/api/api_msg.c ****      (data is already ACKed) */
 322:Middlewares/Third_Party/LwIP/src/api/api_msg.c **** 
 323:Middlewares/Third_Party/LwIP/src/api/api_msg.c ****   if (p != NULL) {
 324:Middlewares/Third_Party/LwIP/src/api/api_msg.c ****     msg = p;
 325:Middlewares/Third_Party/LwIP/src/api/api_msg.c ****     len = p->tot_len;
 326:Middlewares/Third_Party/LwIP/src/api/api_msg.c ****   } else {
 327:Middlewares/Third_Party/LwIP/src/api/api_msg.c ****     msg = LWIP_CONST_CAST(void *, &netconn_closed);
 328:Middlewares/Third_Party/LwIP/src/api/api_msg.c ****     len = 0;
 329:Middlewares/Third_Party/LwIP/src/api/api_msg.c ****   }
 330:Middlewares/Third_Party/LwIP/src/api/api_msg.c **** 
 331:Middlewares/Third_Party/LwIP/src/api/api_msg.c ****   if (sys_mbox_trypost(&conn->recvmbox, msg) != ERR_OK) {
 332:Middlewares/Third_Party/LwIP/src/api/api_msg.c ****     /* don't deallocate p: it is presented to us later again from tcp_fasttmr! */
 333:Middlewares/Third_Party/LwIP/src/api/api_msg.c ****     return ERR_MEM;
 334:Middlewares/Third_Party/LwIP/src/api/api_msg.c ****   } else {
 335:Middlewares/Third_Party/LwIP/src/api/api_msg.c **** #if LWIP_SO_RCVBUF
 336:Middlewares/Third_Party/LwIP/src/api/api_msg.c ****     SYS_ARCH_INC(conn->recv_avail, len);
 337:Middlewares/Third_Party/LwIP/src/api/api_msg.c **** #endif /* LWIP_SO_RCVBUF */
 338:Middlewares/Third_Party/LwIP/src/api/api_msg.c ****     /* Register event with callback */
 339:Middlewares/Third_Party/LwIP/src/api/api_msg.c ****     API_EVENT(conn, NETCONN_EVT_RCVPLUS, len);
 340:Middlewares/Third_Party/LwIP/src/api/api_msg.c ****   }
 341:Middlewares/Third_Party/LwIP/src/api/api_msg.c **** 
 342:Middlewares/Third_Party/LwIP/src/api/api_msg.c ****   return ERR_OK;
 343:Middlewares/Third_Party/LwIP/src/api/api_msg.c **** }
 344:Middlewares/Third_Party/LwIP/src/api/api_msg.c **** 
 345:Middlewares/Third_Party/LwIP/src/api/api_msg.c **** /**
 346:Middlewares/Third_Party/LwIP/src/api/api_msg.c ****  * Poll callback function for TCP netconns.
 347:Middlewares/Third_Party/LwIP/src/api/api_msg.c ****  * Wakes up an application thread that waits for a connection to close
 348:Middlewares/Third_Party/LwIP/src/api/api_msg.c ****  * or data to be sent. The application thread then takes the
 349:Middlewares/Third_Party/LwIP/src/api/api_msg.c ****  * appropriate action to go on.
ARM GAS  /tmp/ccMZQUTk.s 			page 14


 350:Middlewares/Third_Party/LwIP/src/api/api_msg.c ****  *
 351:Middlewares/Third_Party/LwIP/src/api/api_msg.c ****  * Signals the conn->sem.
 352:Middlewares/Third_Party/LwIP/src/api/api_msg.c ****  * netconn_close waits for conn->sem if closing failed.
 353:Middlewares/Third_Party/LwIP/src/api/api_msg.c ****  *
 354:Middlewares/Third_Party/LwIP/src/api/api_msg.c ****  * @see tcp.h (struct tcp_pcb.poll) for parameters and return value
 355:Middlewares/Third_Party/LwIP/src/api/api_msg.c ****  */
 356:Middlewares/Third_Party/LwIP/src/api/api_msg.c **** static err_t
 357:Middlewares/Third_Party/LwIP/src/api/api_msg.c **** poll_tcp(void *arg, struct tcp_pcb *pcb)
 358:Middlewares/Third_Party/LwIP/src/api/api_msg.c **** {
 359:Middlewares/Third_Party/LwIP/src/api/api_msg.c ****   struct netconn *conn = (struct netconn *)arg;
 360:Middlewares/Third_Party/LwIP/src/api/api_msg.c **** 
 361:Middlewares/Third_Party/LwIP/src/api/api_msg.c ****   LWIP_UNUSED_ARG(pcb);
 362:Middlewares/Third_Party/LwIP/src/api/api_msg.c ****   LWIP_ASSERT("conn != NULL", (conn != NULL));
 363:Middlewares/Third_Party/LwIP/src/api/api_msg.c **** 
 364:Middlewares/Third_Party/LwIP/src/api/api_msg.c ****   if (conn->state == NETCONN_WRITE) {
 365:Middlewares/Third_Party/LwIP/src/api/api_msg.c ****     lwip_netconn_do_writemore(conn  WRITE_DELAYED);
 366:Middlewares/Third_Party/LwIP/src/api/api_msg.c ****   } else if (conn->state == NETCONN_CLOSE) {
 367:Middlewares/Third_Party/LwIP/src/api/api_msg.c **** #if !LWIP_SO_SNDTIMEO && !LWIP_SO_LINGER
 368:Middlewares/Third_Party/LwIP/src/api/api_msg.c ****     if (conn->current_msg && conn->current_msg->msg.sd.polls_left) {
 369:Middlewares/Third_Party/LwIP/src/api/api_msg.c ****       conn->current_msg->msg.sd.polls_left--;
 370:Middlewares/Third_Party/LwIP/src/api/api_msg.c ****     }
 371:Middlewares/Third_Party/LwIP/src/api/api_msg.c **** #endif /* !LWIP_SO_SNDTIMEO && !LWIP_SO_LINGER */
 372:Middlewares/Third_Party/LwIP/src/api/api_msg.c ****     lwip_netconn_do_close_internal(conn  WRITE_DELAYED);
 373:Middlewares/Third_Party/LwIP/src/api/api_msg.c ****   }
 374:Middlewares/Third_Party/LwIP/src/api/api_msg.c ****   /* @todo: implement connect timeout here? */
 375:Middlewares/Third_Party/LwIP/src/api/api_msg.c **** 
 376:Middlewares/Third_Party/LwIP/src/api/api_msg.c ****   /* Did a nonblocking write fail before? Then check available write-space. */
 377:Middlewares/Third_Party/LwIP/src/api/api_msg.c ****   if (conn->flags & NETCONN_FLAG_CHECK_WRITESPACE) {
 378:Middlewares/Third_Party/LwIP/src/api/api_msg.c ****     /* If the queued byte- or pbuf-count drops below the configured low-water limit,
 379:Middlewares/Third_Party/LwIP/src/api/api_msg.c ****        let select mark this pcb as writable again. */
 380:Middlewares/Third_Party/LwIP/src/api/api_msg.c ****     if ((conn->pcb.tcp != NULL) && (tcp_sndbuf(conn->pcb.tcp) > TCP_SNDLOWAT) &&
 381:Middlewares/Third_Party/LwIP/src/api/api_msg.c ****         (tcp_sndqueuelen(conn->pcb.tcp) < TCP_SNDQUEUELOWAT)) {
 382:Middlewares/Third_Party/LwIP/src/api/api_msg.c ****       netconn_clear_flags(conn, NETCONN_FLAG_CHECK_WRITESPACE);
 383:Middlewares/Third_Party/LwIP/src/api/api_msg.c ****       API_EVENT(conn, NETCONN_EVT_SENDPLUS, 0);
 384:Middlewares/Third_Party/LwIP/src/api/api_msg.c ****     }
 385:Middlewares/Third_Party/LwIP/src/api/api_msg.c ****   }
 386:Middlewares/Third_Party/LwIP/src/api/api_msg.c **** 
 387:Middlewares/Third_Party/LwIP/src/api/api_msg.c ****   return ERR_OK;
 388:Middlewares/Third_Party/LwIP/src/api/api_msg.c **** }
 389:Middlewares/Third_Party/LwIP/src/api/api_msg.c **** 
 390:Middlewares/Third_Party/LwIP/src/api/api_msg.c **** /**
 391:Middlewares/Third_Party/LwIP/src/api/api_msg.c ****  * Sent callback function for TCP netconns.
 392:Middlewares/Third_Party/LwIP/src/api/api_msg.c ****  * Signals the conn->sem and calls API_EVENT.
 393:Middlewares/Third_Party/LwIP/src/api/api_msg.c ****  * netconn_write waits for conn->sem if send buffer is low.
 394:Middlewares/Third_Party/LwIP/src/api/api_msg.c ****  *
 395:Middlewares/Third_Party/LwIP/src/api/api_msg.c ****  * @see tcp.h (struct tcp_pcb.sent) for parameters and return value
 396:Middlewares/Third_Party/LwIP/src/api/api_msg.c ****  */
 397:Middlewares/Third_Party/LwIP/src/api/api_msg.c **** static err_t
 398:Middlewares/Third_Party/LwIP/src/api/api_msg.c **** sent_tcp(void *arg, struct tcp_pcb *pcb, u16_t len)
 399:Middlewares/Third_Party/LwIP/src/api/api_msg.c **** {
 400:Middlewares/Third_Party/LwIP/src/api/api_msg.c ****   struct netconn *conn = (struct netconn *)arg;
 401:Middlewares/Third_Party/LwIP/src/api/api_msg.c **** 
 402:Middlewares/Third_Party/LwIP/src/api/api_msg.c ****   LWIP_UNUSED_ARG(pcb);
 403:Middlewares/Third_Party/LwIP/src/api/api_msg.c ****   LWIP_ASSERT("conn != NULL", (conn != NULL));
 404:Middlewares/Third_Party/LwIP/src/api/api_msg.c **** 
 405:Middlewares/Third_Party/LwIP/src/api/api_msg.c ****   if (conn) {
 406:Middlewares/Third_Party/LwIP/src/api/api_msg.c ****     if (conn->state == NETCONN_WRITE) {
ARM GAS  /tmp/ccMZQUTk.s 			page 15


 407:Middlewares/Third_Party/LwIP/src/api/api_msg.c ****       lwip_netconn_do_writemore(conn  WRITE_DELAYED);
 408:Middlewares/Third_Party/LwIP/src/api/api_msg.c ****     } else if (conn->state == NETCONN_CLOSE) {
 409:Middlewares/Third_Party/LwIP/src/api/api_msg.c ****       lwip_netconn_do_close_internal(conn  WRITE_DELAYED);
 410:Middlewares/Third_Party/LwIP/src/api/api_msg.c ****     }
 411:Middlewares/Third_Party/LwIP/src/api/api_msg.c **** 
 412:Middlewares/Third_Party/LwIP/src/api/api_msg.c ****     /* If the queued byte- or pbuf-count drops below the configured low-water limit,
 413:Middlewares/Third_Party/LwIP/src/api/api_msg.c ****        let select mark this pcb as writable again. */
 414:Middlewares/Third_Party/LwIP/src/api/api_msg.c ****     if ((conn->pcb.tcp != NULL) && (tcp_sndbuf(conn->pcb.tcp) > TCP_SNDLOWAT) &&
 415:Middlewares/Third_Party/LwIP/src/api/api_msg.c ****         (tcp_sndqueuelen(conn->pcb.tcp) < TCP_SNDQUEUELOWAT)) {
 416:Middlewares/Third_Party/LwIP/src/api/api_msg.c ****       netconn_clear_flags(conn, NETCONN_FLAG_CHECK_WRITESPACE);
 417:Middlewares/Third_Party/LwIP/src/api/api_msg.c ****       API_EVENT(conn, NETCONN_EVT_SENDPLUS, len);
 418:Middlewares/Third_Party/LwIP/src/api/api_msg.c ****     }
 419:Middlewares/Third_Party/LwIP/src/api/api_msg.c ****   }
 420:Middlewares/Third_Party/LwIP/src/api/api_msg.c **** 
 421:Middlewares/Third_Party/LwIP/src/api/api_msg.c ****   return ERR_OK;
 422:Middlewares/Third_Party/LwIP/src/api/api_msg.c **** }
 423:Middlewares/Third_Party/LwIP/src/api/api_msg.c **** 
 424:Middlewares/Third_Party/LwIP/src/api/api_msg.c **** /**
 425:Middlewares/Third_Party/LwIP/src/api/api_msg.c ****  * Error callback function for TCP netconns.
 426:Middlewares/Third_Party/LwIP/src/api/api_msg.c ****  * Signals conn->sem, posts to all conn mboxes and calls API_EVENT.
 427:Middlewares/Third_Party/LwIP/src/api/api_msg.c ****  * The application thread has then to decide what to do.
 428:Middlewares/Third_Party/LwIP/src/api/api_msg.c ****  *
 429:Middlewares/Third_Party/LwIP/src/api/api_msg.c ****  * @see tcp.h (struct tcp_pcb.err) for parameters
 430:Middlewares/Third_Party/LwIP/src/api/api_msg.c ****  */
 431:Middlewares/Third_Party/LwIP/src/api/api_msg.c **** static void
 432:Middlewares/Third_Party/LwIP/src/api/api_msg.c **** err_tcp(void *arg, err_t err)
 433:Middlewares/Third_Party/LwIP/src/api/api_msg.c **** {
 434:Middlewares/Third_Party/LwIP/src/api/api_msg.c ****   struct netconn *conn;
 435:Middlewares/Third_Party/LwIP/src/api/api_msg.c ****   enum netconn_state old_state;
 436:Middlewares/Third_Party/LwIP/src/api/api_msg.c ****   void *mbox_msg;
 437:Middlewares/Third_Party/LwIP/src/api/api_msg.c ****   SYS_ARCH_DECL_PROTECT(lev);
 438:Middlewares/Third_Party/LwIP/src/api/api_msg.c **** 
 439:Middlewares/Third_Party/LwIP/src/api/api_msg.c ****   conn = (struct netconn *)arg;
 440:Middlewares/Third_Party/LwIP/src/api/api_msg.c ****   LWIP_ASSERT("conn != NULL", (conn != NULL));
 441:Middlewares/Third_Party/LwIP/src/api/api_msg.c **** 
 442:Middlewares/Third_Party/LwIP/src/api/api_msg.c ****   SYS_ARCH_PROTECT(lev);
 443:Middlewares/Third_Party/LwIP/src/api/api_msg.c **** 
 444:Middlewares/Third_Party/LwIP/src/api/api_msg.c ****   /* when err is called, the pcb is deallocated, so delete the reference */
 445:Middlewares/Third_Party/LwIP/src/api/api_msg.c ****   conn->pcb.tcp = NULL;
 446:Middlewares/Third_Party/LwIP/src/api/api_msg.c ****   /* store pending error */
 447:Middlewares/Third_Party/LwIP/src/api/api_msg.c ****   conn->pending_err = err;
 448:Middlewares/Third_Party/LwIP/src/api/api_msg.c ****   /* prevent application threads from blocking on 'recvmbox'/'acceptmbox' */
 449:Middlewares/Third_Party/LwIP/src/api/api_msg.c ****   conn->flags |= NETCONN_FLAG_MBOXCLOSED;
 450:Middlewares/Third_Party/LwIP/src/api/api_msg.c **** 
 451:Middlewares/Third_Party/LwIP/src/api/api_msg.c ****   /* reset conn->state now before waking up other threads */
 452:Middlewares/Third_Party/LwIP/src/api/api_msg.c ****   old_state = conn->state;
 453:Middlewares/Third_Party/LwIP/src/api/api_msg.c ****   conn->state = NETCONN_NONE;
 454:Middlewares/Third_Party/LwIP/src/api/api_msg.c **** 
 455:Middlewares/Third_Party/LwIP/src/api/api_msg.c ****   SYS_ARCH_UNPROTECT(lev);
 456:Middlewares/Third_Party/LwIP/src/api/api_msg.c **** 
 457:Middlewares/Third_Party/LwIP/src/api/api_msg.c ****   /* Notify the user layer about a connection error. Used to signal select. */
 458:Middlewares/Third_Party/LwIP/src/api/api_msg.c ****   API_EVENT(conn, NETCONN_EVT_ERROR, 0);
 459:Middlewares/Third_Party/LwIP/src/api/api_msg.c ****   /* Try to release selects pending on 'read' or 'write', too.
 460:Middlewares/Third_Party/LwIP/src/api/api_msg.c ****      They will get an error if they actually try to read or write. */
 461:Middlewares/Third_Party/LwIP/src/api/api_msg.c ****   API_EVENT(conn, NETCONN_EVT_RCVPLUS, 0);
 462:Middlewares/Third_Party/LwIP/src/api/api_msg.c ****   API_EVENT(conn, NETCONN_EVT_SENDPLUS, 0);
 463:Middlewares/Third_Party/LwIP/src/api/api_msg.c **** 
ARM GAS  /tmp/ccMZQUTk.s 			page 16


 464:Middlewares/Third_Party/LwIP/src/api/api_msg.c ****   mbox_msg = lwip_netconn_err_to_msg(err);
 465:Middlewares/Third_Party/LwIP/src/api/api_msg.c ****   /* pass error message to recvmbox to wake up pending recv */
 466:Middlewares/Third_Party/LwIP/src/api/api_msg.c ****   if (NETCONN_MBOX_VALID(conn, &conn->recvmbox)) {
 467:Middlewares/Third_Party/LwIP/src/api/api_msg.c ****     /* use trypost to prevent deadlock */
 468:Middlewares/Third_Party/LwIP/src/api/api_msg.c ****     sys_mbox_trypost(&conn->recvmbox, mbox_msg);
 469:Middlewares/Third_Party/LwIP/src/api/api_msg.c ****   }
 470:Middlewares/Third_Party/LwIP/src/api/api_msg.c ****   /* pass error message to acceptmbox to wake up pending accept */
 471:Middlewares/Third_Party/LwIP/src/api/api_msg.c ****   if (NETCONN_MBOX_VALID(conn, &conn->acceptmbox)) {
 472:Middlewares/Third_Party/LwIP/src/api/api_msg.c ****     /* use trypost to preven deadlock */
 473:Middlewares/Third_Party/LwIP/src/api/api_msg.c ****     sys_mbox_trypost(&conn->acceptmbox, mbox_msg);
 474:Middlewares/Third_Party/LwIP/src/api/api_msg.c ****   }
 475:Middlewares/Third_Party/LwIP/src/api/api_msg.c **** 
 476:Middlewares/Third_Party/LwIP/src/api/api_msg.c ****   if ((old_state == NETCONN_WRITE) || (old_state == NETCONN_CLOSE) ||
 477:Middlewares/Third_Party/LwIP/src/api/api_msg.c ****       (old_state == NETCONN_CONNECT)) {
 478:Middlewares/Third_Party/LwIP/src/api/api_msg.c ****     /* calling lwip_netconn_do_writemore/lwip_netconn_do_close_internal is not necessary
 479:Middlewares/Third_Party/LwIP/src/api/api_msg.c ****        since the pcb has already been deleted! */
 480:Middlewares/Third_Party/LwIP/src/api/api_msg.c ****     int was_nonblocking_connect = IN_NONBLOCKING_CONNECT(conn);
 481:Middlewares/Third_Party/LwIP/src/api/api_msg.c ****     SET_NONBLOCKING_CONNECT(conn, 0);
 482:Middlewares/Third_Party/LwIP/src/api/api_msg.c **** 
 483:Middlewares/Third_Party/LwIP/src/api/api_msg.c ****     if (!was_nonblocking_connect) {
 484:Middlewares/Third_Party/LwIP/src/api/api_msg.c ****       sys_sem_t *op_completed_sem;
 485:Middlewares/Third_Party/LwIP/src/api/api_msg.c ****       /* set error return code */
 486:Middlewares/Third_Party/LwIP/src/api/api_msg.c ****       LWIP_ASSERT("conn->current_msg != NULL", conn->current_msg != NULL);
 487:Middlewares/Third_Party/LwIP/src/api/api_msg.c ****       if (old_state == NETCONN_CLOSE) {
 488:Middlewares/Third_Party/LwIP/src/api/api_msg.c ****         /* let close succeed: the connection is closed after all... */
 489:Middlewares/Third_Party/LwIP/src/api/api_msg.c ****         conn->current_msg->err = ERR_OK;
 490:Middlewares/Third_Party/LwIP/src/api/api_msg.c ****       } else {
 491:Middlewares/Third_Party/LwIP/src/api/api_msg.c ****         /* Write and connect fail */
 492:Middlewares/Third_Party/LwIP/src/api/api_msg.c ****         conn->current_msg->err = err;
 493:Middlewares/Third_Party/LwIP/src/api/api_msg.c ****       }
 494:Middlewares/Third_Party/LwIP/src/api/api_msg.c ****       op_completed_sem = LWIP_API_MSG_SEM(conn->current_msg);
 495:Middlewares/Third_Party/LwIP/src/api/api_msg.c ****       LWIP_ASSERT("inavlid op_completed_sem", sys_sem_valid(op_completed_sem));
 496:Middlewares/Third_Party/LwIP/src/api/api_msg.c ****       conn->current_msg = NULL;
 497:Middlewares/Third_Party/LwIP/src/api/api_msg.c ****       /* wake up the waiting task */
 498:Middlewares/Third_Party/LwIP/src/api/api_msg.c ****       sys_sem_signal(op_completed_sem);
 499:Middlewares/Third_Party/LwIP/src/api/api_msg.c ****     } else {
 500:Middlewares/Third_Party/LwIP/src/api/api_msg.c ****       /* @todo: test what happens for error on nonblocking connect */
 501:Middlewares/Third_Party/LwIP/src/api/api_msg.c ****     }
 502:Middlewares/Third_Party/LwIP/src/api/api_msg.c ****   } else {
 503:Middlewares/Third_Party/LwIP/src/api/api_msg.c ****     LWIP_ASSERT("conn->current_msg == NULL", conn->current_msg == NULL);
 504:Middlewares/Third_Party/LwIP/src/api/api_msg.c ****   }
 505:Middlewares/Third_Party/LwIP/src/api/api_msg.c **** }
 506:Middlewares/Third_Party/LwIP/src/api/api_msg.c **** 
 507:Middlewares/Third_Party/LwIP/src/api/api_msg.c **** /**
 508:Middlewares/Third_Party/LwIP/src/api/api_msg.c ****  * Setup a tcp_pcb with the correct callback function pointers
 509:Middlewares/Third_Party/LwIP/src/api/api_msg.c ****  * and their arguments.
 510:Middlewares/Third_Party/LwIP/src/api/api_msg.c ****  *
 511:Middlewares/Third_Party/LwIP/src/api/api_msg.c ****  * @param conn the TCP netconn to setup
 512:Middlewares/Third_Party/LwIP/src/api/api_msg.c ****  */
 513:Middlewares/Third_Party/LwIP/src/api/api_msg.c **** static void
 514:Middlewares/Third_Party/LwIP/src/api/api_msg.c **** setup_tcp(struct netconn *conn)
 515:Middlewares/Third_Party/LwIP/src/api/api_msg.c **** {
 346              		.loc 1 515 1 view -0
 347              		.cfi_startproc
 348              		@ args = 0, pretend = 0, frame = 0
 349              		@ frame_needed = 0, uses_anonymous_args = 0
 350              		.loc 1 515 1 is_stmt 0 view .LVU87
ARM GAS  /tmp/ccMZQUTk.s 			page 17


 351 0000 10B5     		push	{r4, lr}
 352              	.LCFI3:
 353              		.cfi_def_cfa_offset 8
 354              		.cfi_offset 4, -8
 355              		.cfi_offset 14, -4
 356 0002 0146     		mov	r1, r0
 516:Middlewares/Third_Party/LwIP/src/api/api_msg.c ****   struct tcp_pcb *pcb;
 357              		.loc 1 516 3 is_stmt 1 view .LVU88
 517:Middlewares/Third_Party/LwIP/src/api/api_msg.c **** 
 518:Middlewares/Third_Party/LwIP/src/api/api_msg.c ****   pcb = conn->pcb.tcp;
 358              		.loc 1 518 3 view .LVU89
 359              		.loc 1 518 7 is_stmt 0 view .LVU90
 360 0004 4468     		ldr	r4, [r0, #4]
 361              	.LVL39:
 519:Middlewares/Third_Party/LwIP/src/api/api_msg.c ****   tcp_arg(pcb, conn);
 362              		.loc 1 519 3 is_stmt 1 view .LVU91
 363 0006 2046     		mov	r0, r4
 364              	.LVL40:
 365              		.loc 1 519 3 is_stmt 0 view .LVU92
 366 0008 FFF7FEFF 		bl	tcp_arg
 367              	.LVL41:
 520:Middlewares/Third_Party/LwIP/src/api/api_msg.c ****   tcp_recv(pcb, recv_tcp);
 368              		.loc 1 520 3 is_stmt 1 view .LVU93
 369 000c 0849     		ldr	r1, .L36
 370 000e 2046     		mov	r0, r4
 371 0010 FFF7FEFF 		bl	tcp_recv
 372              	.LVL42:
 521:Middlewares/Third_Party/LwIP/src/api/api_msg.c ****   tcp_sent(pcb, sent_tcp);
 373              		.loc 1 521 3 view .LVU94
 374 0014 0749     		ldr	r1, .L36+4
 375 0016 2046     		mov	r0, r4
 376 0018 FFF7FEFF 		bl	tcp_sent
 377              	.LVL43:
 522:Middlewares/Third_Party/LwIP/src/api/api_msg.c ****   tcp_poll(pcb, poll_tcp, NETCONN_TCP_POLL_INTERVAL);
 378              		.loc 1 522 3 view .LVU95
 379 001c 0222     		movs	r2, #2
 380 001e 0649     		ldr	r1, .L36+8
 381 0020 2046     		mov	r0, r4
 382 0022 FFF7FEFF 		bl	tcp_poll
 383              	.LVL44:
 523:Middlewares/Third_Party/LwIP/src/api/api_msg.c ****   tcp_err(pcb, err_tcp);
 384              		.loc 1 523 3 view .LVU96
 385 0026 0549     		ldr	r1, .L36+12
 386 0028 2046     		mov	r0, r4
 387 002a FFF7FEFF 		bl	tcp_err
 388              	.LVL45:
 524:Middlewares/Third_Party/LwIP/src/api/api_msg.c **** }
 389              		.loc 1 524 1 is_stmt 0 view .LVU97
 390 002e 10BD     		pop	{r4, pc}
 391              	.LVL46:
 392              	.L37:
 393              		.loc 1 524 1 view .LVU98
 394              		.align	2
 395              	.L36:
 396 0030 00000000 		.word	recv_tcp
 397 0034 00000000 		.word	sent_tcp
 398 0038 00000000 		.word	poll_tcp
ARM GAS  /tmp/ccMZQUTk.s 			page 18


 399 003c 00000000 		.word	err_tcp
 400              		.cfi_endproc
 401              	.LFE180:
 403              		.section	.rodata.pcb_new.str1.4,"aMS",%progbits,1
 404              		.align	2
 405              	.LC6:
 406 0000 7063625F 		.ascii	"pcb_new: pcb already allocated\000"
 406      6E65773A 
 406      20706362 
 406      20616C72 
 406      65616479 
 407              		.section	.text.pcb_new,"ax",%progbits
 408              		.align	1
 409              		.syntax unified
 410              		.thumb
 411              		.thumb_func
 412              		.fpu fpv5-d16
 414              	pcb_new:
 415              	.LVL47:
 416              	.LFB182:
 525:Middlewares/Third_Party/LwIP/src/api/api_msg.c **** 
 526:Middlewares/Third_Party/LwIP/src/api/api_msg.c **** /**
 527:Middlewares/Third_Party/LwIP/src/api/api_msg.c ****  * Accept callback function for TCP netconns.
 528:Middlewares/Third_Party/LwIP/src/api/api_msg.c ****  * Allocates a new netconn and posts that to conn->acceptmbox.
 529:Middlewares/Third_Party/LwIP/src/api/api_msg.c ****  *
 530:Middlewares/Third_Party/LwIP/src/api/api_msg.c ****  * @see tcp.h (struct tcp_pcb_listen.accept) for parameters and return value
 531:Middlewares/Third_Party/LwIP/src/api/api_msg.c ****  */
 532:Middlewares/Third_Party/LwIP/src/api/api_msg.c **** static err_t
 533:Middlewares/Third_Party/LwIP/src/api/api_msg.c **** accept_function(void *arg, struct tcp_pcb *newpcb, err_t err)
 534:Middlewares/Third_Party/LwIP/src/api/api_msg.c **** {
 535:Middlewares/Third_Party/LwIP/src/api/api_msg.c ****   struct netconn *newconn;
 536:Middlewares/Third_Party/LwIP/src/api/api_msg.c ****   struct netconn *conn = (struct netconn *)arg;
 537:Middlewares/Third_Party/LwIP/src/api/api_msg.c **** 
 538:Middlewares/Third_Party/LwIP/src/api/api_msg.c ****   if (conn == NULL) {
 539:Middlewares/Third_Party/LwIP/src/api/api_msg.c ****     return ERR_VAL;
 540:Middlewares/Third_Party/LwIP/src/api/api_msg.c ****   }
 541:Middlewares/Third_Party/LwIP/src/api/api_msg.c ****   if (!NETCONN_MBOX_VALID(conn, &conn->acceptmbox)) {
 542:Middlewares/Third_Party/LwIP/src/api/api_msg.c ****     LWIP_DEBUGF(API_MSG_DEBUG, ("accept_function: acceptmbox already deleted\n"));
 543:Middlewares/Third_Party/LwIP/src/api/api_msg.c ****     return ERR_VAL;
 544:Middlewares/Third_Party/LwIP/src/api/api_msg.c ****   }
 545:Middlewares/Third_Party/LwIP/src/api/api_msg.c **** 
 546:Middlewares/Third_Party/LwIP/src/api/api_msg.c ****   if (newpcb == NULL) {
 547:Middlewares/Third_Party/LwIP/src/api/api_msg.c ****     /* out-of-pcbs during connect: pass on this error to the application */
 548:Middlewares/Third_Party/LwIP/src/api/api_msg.c ****     if (sys_mbox_trypost(&conn->acceptmbox, lwip_netconn_err_to_msg(ERR_ABRT)) == ERR_OK) {
 549:Middlewares/Third_Party/LwIP/src/api/api_msg.c ****       /* Register event with callback */
 550:Middlewares/Third_Party/LwIP/src/api/api_msg.c ****       API_EVENT(conn, NETCONN_EVT_RCVPLUS, 0);
 551:Middlewares/Third_Party/LwIP/src/api/api_msg.c ****     }
 552:Middlewares/Third_Party/LwIP/src/api/api_msg.c ****     return ERR_VAL;
 553:Middlewares/Third_Party/LwIP/src/api/api_msg.c ****   }
 554:Middlewares/Third_Party/LwIP/src/api/api_msg.c ****   LWIP_ASSERT("expect newpcb == NULL or err == ERR_OK", err == ERR_OK);
 555:Middlewares/Third_Party/LwIP/src/api/api_msg.c ****   LWIP_UNUSED_ARG(err); /* for LWIP_NOASSERT */
 556:Middlewares/Third_Party/LwIP/src/api/api_msg.c **** 
 557:Middlewares/Third_Party/LwIP/src/api/api_msg.c ****   LWIP_DEBUGF(API_MSG_DEBUG, ("accept_function: newpcb->state: %s\n", tcp_debug_state_str(newpcb->s
 558:Middlewares/Third_Party/LwIP/src/api/api_msg.c **** 
 559:Middlewares/Third_Party/LwIP/src/api/api_msg.c ****   /* We have to set the callback here even though
 560:Middlewares/Third_Party/LwIP/src/api/api_msg.c ****    * the new socket is unknown. newconn->socket is marked as -1. */
 561:Middlewares/Third_Party/LwIP/src/api/api_msg.c ****   newconn = netconn_alloc(conn->type, conn->callback);
ARM GAS  /tmp/ccMZQUTk.s 			page 19


 562:Middlewares/Third_Party/LwIP/src/api/api_msg.c ****   if (newconn == NULL) {
 563:Middlewares/Third_Party/LwIP/src/api/api_msg.c ****     /* outof netconns: pass on this error to the application */
 564:Middlewares/Third_Party/LwIP/src/api/api_msg.c ****     if (sys_mbox_trypost(&conn->acceptmbox, lwip_netconn_err_to_msg(ERR_ABRT)) == ERR_OK) {
 565:Middlewares/Third_Party/LwIP/src/api/api_msg.c ****       /* Register event with callback */
 566:Middlewares/Third_Party/LwIP/src/api/api_msg.c ****       API_EVENT(conn, NETCONN_EVT_RCVPLUS, 0);
 567:Middlewares/Third_Party/LwIP/src/api/api_msg.c ****     }
 568:Middlewares/Third_Party/LwIP/src/api/api_msg.c ****     return ERR_MEM;
 569:Middlewares/Third_Party/LwIP/src/api/api_msg.c ****   }
 570:Middlewares/Third_Party/LwIP/src/api/api_msg.c ****   newconn->pcb.tcp = newpcb;
 571:Middlewares/Third_Party/LwIP/src/api/api_msg.c ****   setup_tcp(newconn);
 572:Middlewares/Third_Party/LwIP/src/api/api_msg.c **** 
 573:Middlewares/Third_Party/LwIP/src/api/api_msg.c ****   /* handle backlog counter */
 574:Middlewares/Third_Party/LwIP/src/api/api_msg.c ****   tcp_backlog_delayed(newpcb);
 575:Middlewares/Third_Party/LwIP/src/api/api_msg.c **** 
 576:Middlewares/Third_Party/LwIP/src/api/api_msg.c ****   if (sys_mbox_trypost(&conn->acceptmbox, newconn) != ERR_OK) {
 577:Middlewares/Third_Party/LwIP/src/api/api_msg.c ****     /* When returning != ERR_OK, the pcb is aborted in tcp_process(),
 578:Middlewares/Third_Party/LwIP/src/api/api_msg.c ****        so do nothing here! */
 579:Middlewares/Third_Party/LwIP/src/api/api_msg.c ****     /* remove all references to this netconn from the pcb */
 580:Middlewares/Third_Party/LwIP/src/api/api_msg.c ****     struct tcp_pcb *pcb = newconn->pcb.tcp;
 581:Middlewares/Third_Party/LwIP/src/api/api_msg.c ****     tcp_arg(pcb, NULL);
 582:Middlewares/Third_Party/LwIP/src/api/api_msg.c ****     tcp_recv(pcb, NULL);
 583:Middlewares/Third_Party/LwIP/src/api/api_msg.c ****     tcp_sent(pcb, NULL);
 584:Middlewares/Third_Party/LwIP/src/api/api_msg.c ****     tcp_poll(pcb, NULL, 0);
 585:Middlewares/Third_Party/LwIP/src/api/api_msg.c ****     tcp_err(pcb, NULL);
 586:Middlewares/Third_Party/LwIP/src/api/api_msg.c ****     /* remove reference from to the pcb from this netconn */
 587:Middlewares/Third_Party/LwIP/src/api/api_msg.c ****     newconn->pcb.tcp = NULL;
 588:Middlewares/Third_Party/LwIP/src/api/api_msg.c ****     /* no need to drain since we know the recvmbox is empty. */
 589:Middlewares/Third_Party/LwIP/src/api/api_msg.c ****     sys_mbox_free(&newconn->recvmbox);
 590:Middlewares/Third_Party/LwIP/src/api/api_msg.c ****     sys_mbox_set_invalid(&newconn->recvmbox);
 591:Middlewares/Third_Party/LwIP/src/api/api_msg.c ****     netconn_free(newconn);
 592:Middlewares/Third_Party/LwIP/src/api/api_msg.c ****     return ERR_MEM;
 593:Middlewares/Third_Party/LwIP/src/api/api_msg.c ****   } else {
 594:Middlewares/Third_Party/LwIP/src/api/api_msg.c ****     /* Register event with callback */
 595:Middlewares/Third_Party/LwIP/src/api/api_msg.c ****     API_EVENT(conn, NETCONN_EVT_RCVPLUS, 0);
 596:Middlewares/Third_Party/LwIP/src/api/api_msg.c ****   }
 597:Middlewares/Third_Party/LwIP/src/api/api_msg.c **** 
 598:Middlewares/Third_Party/LwIP/src/api/api_msg.c ****   return ERR_OK;
 599:Middlewares/Third_Party/LwIP/src/api/api_msg.c **** }
 600:Middlewares/Third_Party/LwIP/src/api/api_msg.c **** #endif /* LWIP_TCP */
 601:Middlewares/Third_Party/LwIP/src/api/api_msg.c **** 
 602:Middlewares/Third_Party/LwIP/src/api/api_msg.c **** /**
 603:Middlewares/Third_Party/LwIP/src/api/api_msg.c ****  * Create a new pcb of a specific type.
 604:Middlewares/Third_Party/LwIP/src/api/api_msg.c ****  * Called from lwip_netconn_do_newconn().
 605:Middlewares/Third_Party/LwIP/src/api/api_msg.c ****  *
 606:Middlewares/Third_Party/LwIP/src/api/api_msg.c ****  * @param msg the api_msg describing the connection type
 607:Middlewares/Third_Party/LwIP/src/api/api_msg.c ****  */
 608:Middlewares/Third_Party/LwIP/src/api/api_msg.c **** static void
 609:Middlewares/Third_Party/LwIP/src/api/api_msg.c **** pcb_new(struct api_msg *msg)
 610:Middlewares/Third_Party/LwIP/src/api/api_msg.c **** {
 417              		.loc 1 610 1 is_stmt 1 view -0
 418              		.cfi_startproc
 419              		@ args = 0, pretend = 0, frame = 0
 420              		@ frame_needed = 0, uses_anonymous_args = 0
 421              		.loc 1 610 1 is_stmt 0 view .LVU100
 422 0000 38B5     		push	{r3, r4, r5, lr}
 423              	.LCFI4:
 424              		.cfi_def_cfa_offset 16
ARM GAS  /tmp/ccMZQUTk.s 			page 20


 425              		.cfi_offset 3, -16
 426              		.cfi_offset 4, -12
 427              		.cfi_offset 5, -8
 428              		.cfi_offset 14, -4
 429 0002 0446     		mov	r4, r0
 611:Middlewares/Third_Party/LwIP/src/api/api_msg.c ****   enum lwip_ip_addr_type iptype = IPADDR_TYPE_V4;
 430              		.loc 1 611 3 is_stmt 1 view .LVU101
 431              	.LVL48:
 612:Middlewares/Third_Party/LwIP/src/api/api_msg.c **** 
 613:Middlewares/Third_Party/LwIP/src/api/api_msg.c ****   LWIP_ASSERT("pcb_new: pcb already allocated", msg->conn->pcb.tcp == NULL);
 432              		.loc 1 613 3 view .LVU102
 433              		.loc 1 613 3 view .LVU103
 434 0004 0368     		ldr	r3, [r0]
 435 0006 5B68     		ldr	r3, [r3, #4]
 436 0008 33B1     		cbz	r3, .L39
 437              		.loc 1 613 3 discriminator 1 view .LVU104
 438              		.loc 1 613 3 discriminator 1 view .LVU105
 439 000a 1B4B     		ldr	r3, .L48
 440 000c 40F26522 		movw	r2, #613
 441 0010 1A49     		ldr	r1, .L48+4
 442 0012 1B48     		ldr	r0, .L48+8
 443              	.LVL49:
 444              		.loc 1 613 3 is_stmt 0 discriminator 1 view .LVU106
 445 0014 FFF7FEFF 		bl	printf
 446              	.LVL50:
 447              	.L39:
 448              		.loc 1 613 3 is_stmt 1 discriminator 3 view .LVU107
 449              		.loc 1 613 3 discriminator 3 view .LVU108
 614:Middlewares/Third_Party/LwIP/src/api/api_msg.c **** 
 615:Middlewares/Third_Party/LwIP/src/api/api_msg.c **** #if LWIP_IPV6 && LWIP_IPV4
 616:Middlewares/Third_Party/LwIP/src/api/api_msg.c ****   /* IPv6: Dual-stack by default, unless netconn_set_ipv6only() is called */
 617:Middlewares/Third_Party/LwIP/src/api/api_msg.c ****   if (NETCONNTYPE_ISIPV6(netconn_type(msg->conn))) {
 618:Middlewares/Third_Party/LwIP/src/api/api_msg.c ****     iptype = IPADDR_TYPE_ANY;
 619:Middlewares/Third_Party/LwIP/src/api/api_msg.c ****   }
 620:Middlewares/Third_Party/LwIP/src/api/api_msg.c **** #endif
 621:Middlewares/Third_Party/LwIP/src/api/api_msg.c **** 
 622:Middlewares/Third_Party/LwIP/src/api/api_msg.c ****   /* Allocate a PCB for this connection */
 623:Middlewares/Third_Party/LwIP/src/api/api_msg.c ****   switch (NETCONNTYPE_GROUP(msg->conn->type)) {
 450              		.loc 1 623 3 discriminator 3 view .LVU109
 451              		.loc 1 623 11 is_stmt 0 discriminator 3 view .LVU110
 452 0018 2568     		ldr	r5, [r4]
 453 001a 2B78     		ldrb	r3, [r5]	@ zero_extendqisi2
 454 001c 03F0F003 		and	r3, r3, #240
 455              		.loc 1 623 3 discriminator 3 view .LVU111
 456 0020 102B     		cmp	r3, #16
 457 0022 17D0     		beq	.L40
 458              		.loc 1 623 3 view .LVU112
 459 0024 202B     		cmp	r3, #32
 460 0026 20D1     		bne	.L41
 624:Middlewares/Third_Party/LwIP/src/api/api_msg.c **** #if LWIP_RAW
 625:Middlewares/Third_Party/LwIP/src/api/api_msg.c ****     case NETCONN_RAW:
 626:Middlewares/Third_Party/LwIP/src/api/api_msg.c ****       msg->conn->pcb.raw = raw_new_ip_type(iptype, msg->msg.n.proto);
 627:Middlewares/Third_Party/LwIP/src/api/api_msg.c ****       if (msg->conn->pcb.raw != NULL) {
 628:Middlewares/Third_Party/LwIP/src/api/api_msg.c **** #if LWIP_IPV6
 629:Middlewares/Third_Party/LwIP/src/api/api_msg.c ****         /* ICMPv6 packets should always have checksum calculated by the stack as per RFC 3542 chapt
 630:Middlewares/Third_Party/LwIP/src/api/api_msg.c ****         if (NETCONNTYPE_ISIPV6(msg->conn->type) && msg->conn->pcb.raw->protocol == IP6_NEXTH_ICMP6)
 631:Middlewares/Third_Party/LwIP/src/api/api_msg.c ****           msg->conn->pcb.raw->chksum_reqd = 1;
ARM GAS  /tmp/ccMZQUTk.s 			page 21


 632:Middlewares/Third_Party/LwIP/src/api/api_msg.c ****           msg->conn->pcb.raw->chksum_offset = 2;
 633:Middlewares/Third_Party/LwIP/src/api/api_msg.c ****         }
 634:Middlewares/Third_Party/LwIP/src/api/api_msg.c **** #endif /* LWIP_IPV6 */
 635:Middlewares/Third_Party/LwIP/src/api/api_msg.c ****         raw_recv(msg->conn->pcb.raw, recv_raw, msg->conn);
 636:Middlewares/Third_Party/LwIP/src/api/api_msg.c ****       }
 637:Middlewares/Third_Party/LwIP/src/api/api_msg.c ****       break;
 638:Middlewares/Third_Party/LwIP/src/api/api_msg.c **** #endif /* LWIP_RAW */
 639:Middlewares/Third_Party/LwIP/src/api/api_msg.c **** #if LWIP_UDP
 640:Middlewares/Third_Party/LwIP/src/api/api_msg.c ****     case NETCONN_UDP:
 641:Middlewares/Third_Party/LwIP/src/api/api_msg.c ****       msg->conn->pcb.udp = udp_new_ip_type(iptype);
 461              		.loc 1 641 7 is_stmt 1 view .LVU113
 462              		.loc 1 641 28 is_stmt 0 view .LVU114
 463 0028 0020     		movs	r0, #0
 464 002a FFF7FEFF 		bl	udp_new_ip_type
 465              	.LVL51:
 466              		.loc 1 641 26 view .LVU115
 467 002e 6860     		str	r0, [r5, #4]
 642:Middlewares/Third_Party/LwIP/src/api/api_msg.c ****       if (msg->conn->pcb.udp != NULL) {
 468              		.loc 1 642 7 is_stmt 1 view .LVU116
 469              		.loc 1 642 14 is_stmt 0 view .LVU117
 470 0030 2368     		ldr	r3, [r4]
 471              		.loc 1 642 25 view .LVU118
 472 0032 5A68     		ldr	r2, [r3, #4]
 473              		.loc 1 642 10 view .LVU119
 474 0034 3AB1     		cbz	r2, .L42
 643:Middlewares/Third_Party/LwIP/src/api/api_msg.c **** #if LWIP_UDPLITE
 644:Middlewares/Third_Party/LwIP/src/api/api_msg.c ****         if (NETCONNTYPE_ISUDPLITE(msg->conn->type)) {
 645:Middlewares/Third_Party/LwIP/src/api/api_msg.c ****           udp_setflags(msg->conn->pcb.udp, UDP_FLAGS_UDPLITE);
 646:Middlewares/Third_Party/LwIP/src/api/api_msg.c ****         }
 647:Middlewares/Third_Party/LwIP/src/api/api_msg.c **** #endif /* LWIP_UDPLITE */
 648:Middlewares/Third_Party/LwIP/src/api/api_msg.c ****         if (NETCONNTYPE_ISUDPNOCHKSUM(msg->conn->type)) {
 475              		.loc 1 648 9 is_stmt 1 view .LVU120
 476              		.loc 1 648 13 is_stmt 0 view .LVU121
 477 0036 1B78     		ldrb	r3, [r3]	@ zero_extendqisi2
 478              		.loc 1 648 12 view .LVU122
 479 0038 222B     		cmp	r3, #34
 480 003a 08D0     		beq	.L46
 481              	.L43:
 649:Middlewares/Third_Party/LwIP/src/api/api_msg.c ****           udp_setflags(msg->conn->pcb.udp, UDP_FLAGS_NOCHKSUM);
 650:Middlewares/Third_Party/LwIP/src/api/api_msg.c ****         }
 651:Middlewares/Third_Party/LwIP/src/api/api_msg.c ****         udp_recv(msg->conn->pcb.udp, recv_udp, msg->conn);
 482              		.loc 1 651 9 is_stmt 1 view .LVU123
 483              		.loc 1 651 21 is_stmt 0 view .LVU124
 484 003c 2268     		ldr	r2, [r4]
 485              		.loc 1 651 9 view .LVU125
 486 003e 1149     		ldr	r1, .L48+12
 487 0040 5068     		ldr	r0, [r2, #4]
 488 0042 FFF7FEFF 		bl	udp_recv
 489              	.LVL52:
 490              	.L42:
 652:Middlewares/Third_Party/LwIP/src/api/api_msg.c ****       }
 653:Middlewares/Third_Party/LwIP/src/api/api_msg.c ****       break;
 654:Middlewares/Third_Party/LwIP/src/api/api_msg.c **** #endif /* LWIP_UDP */
 655:Middlewares/Third_Party/LwIP/src/api/api_msg.c **** #if LWIP_TCP
 656:Middlewares/Third_Party/LwIP/src/api/api_msg.c ****     case NETCONN_TCP:
 657:Middlewares/Third_Party/LwIP/src/api/api_msg.c ****       msg->conn->pcb.tcp = tcp_new_ip_type(iptype);
 658:Middlewares/Third_Party/LwIP/src/api/api_msg.c ****       if (msg->conn->pcb.tcp != NULL) {
ARM GAS  /tmp/ccMZQUTk.s 			page 22


 659:Middlewares/Third_Party/LwIP/src/api/api_msg.c ****         setup_tcp(msg->conn);
 660:Middlewares/Third_Party/LwIP/src/api/api_msg.c ****       }
 661:Middlewares/Third_Party/LwIP/src/api/api_msg.c ****       break;
 662:Middlewares/Third_Party/LwIP/src/api/api_msg.c **** #endif /* LWIP_TCP */
 663:Middlewares/Third_Party/LwIP/src/api/api_msg.c ****     default:
 664:Middlewares/Third_Party/LwIP/src/api/api_msg.c ****       /* Unsupported netconn type, e.g. protocol disabled */
 665:Middlewares/Third_Party/LwIP/src/api/api_msg.c ****       msg->err = ERR_VAL;
 666:Middlewares/Third_Party/LwIP/src/api/api_msg.c ****       return;
 667:Middlewares/Third_Party/LwIP/src/api/api_msg.c ****   }
 668:Middlewares/Third_Party/LwIP/src/api/api_msg.c ****   if (msg->conn->pcb.ip == NULL) {
 491              		.loc 1 668 3 is_stmt 1 view .LVU126
 492              		.loc 1 668 10 is_stmt 0 view .LVU127
 493 0046 2368     		ldr	r3, [r4]
 494              		.loc 1 668 21 view .LVU128
 495 0048 5B68     		ldr	r3, [r3, #4]
 496              		.loc 1 668 6 view .LVU129
 497 004a 8BB1     		cbz	r3, .L47
 498              	.L38:
 669:Middlewares/Third_Party/LwIP/src/api/api_msg.c ****     msg->err = ERR_MEM;
 670:Middlewares/Third_Party/LwIP/src/api/api_msg.c ****   }
 671:Middlewares/Third_Party/LwIP/src/api/api_msg.c **** }
 499              		.loc 1 671 1 view .LVU130
 500 004c 38BD     		pop	{r3, r4, r5, pc}
 501              	.LVL53:
 502              	.L46:
 649:Middlewares/Third_Party/LwIP/src/api/api_msg.c ****         }
 503              		.loc 1 649 11 is_stmt 1 view .LVU131
 504 004e 0123     		movs	r3, #1
 505 0050 1374     		strb	r3, [r2, #16]
 506 0052 F3E7     		b	.L43
 507              	.L40:
 657:Middlewares/Third_Party/LwIP/src/api/api_msg.c ****       if (msg->conn->pcb.tcp != NULL) {
 508              		.loc 1 657 7 view .LVU132
 657:Middlewares/Third_Party/LwIP/src/api/api_msg.c ****       if (msg->conn->pcb.tcp != NULL) {
 509              		.loc 1 657 28 is_stmt 0 view .LVU133
 510 0054 0020     		movs	r0, #0
 511 0056 FFF7FEFF 		bl	tcp_new_ip_type
 512              	.LVL54:
 657:Middlewares/Third_Party/LwIP/src/api/api_msg.c ****       if (msg->conn->pcb.tcp != NULL) {
 513              		.loc 1 657 26 view .LVU134
 514 005a 6860     		str	r0, [r5, #4]
 658:Middlewares/Third_Party/LwIP/src/api/api_msg.c ****         setup_tcp(msg->conn);
 515              		.loc 1 658 7 is_stmt 1 view .LVU135
 658:Middlewares/Third_Party/LwIP/src/api/api_msg.c ****         setup_tcp(msg->conn);
 516              		.loc 1 658 14 is_stmt 0 view .LVU136
 517 005c 2068     		ldr	r0, [r4]
 658:Middlewares/Third_Party/LwIP/src/api/api_msg.c ****         setup_tcp(msg->conn);
 518              		.loc 1 658 25 view .LVU137
 519 005e 4368     		ldr	r3, [r0, #4]
 658:Middlewares/Third_Party/LwIP/src/api/api_msg.c ****         setup_tcp(msg->conn);
 520              		.loc 1 658 10 view .LVU138
 521 0060 002B     		cmp	r3, #0
 522 0062 F0D0     		beq	.L42
 659:Middlewares/Third_Party/LwIP/src/api/api_msg.c ****       }
 523              		.loc 1 659 9 is_stmt 1 view .LVU139
 524 0064 FFF7FEFF 		bl	setup_tcp
 525              	.LVL55:
ARM GAS  /tmp/ccMZQUTk.s 			page 23


 526 0068 EDE7     		b	.L42
 527              	.L41:
 665:Middlewares/Third_Party/LwIP/src/api/api_msg.c ****       return;
 528              		.loc 1 665 7 view .LVU140
 665:Middlewares/Third_Party/LwIP/src/api/api_msg.c ****       return;
 529              		.loc 1 665 16 is_stmt 0 view .LVU141
 530 006a FA23     		movs	r3, #250
 531 006c 2371     		strb	r3, [r4, #4]
 666:Middlewares/Third_Party/LwIP/src/api/api_msg.c ****   }
 532              		.loc 1 666 7 is_stmt 1 view .LVU142
 533 006e EDE7     		b	.L38
 534              	.L47:
 669:Middlewares/Third_Party/LwIP/src/api/api_msg.c ****   }
 535              		.loc 1 669 5 view .LVU143
 669:Middlewares/Third_Party/LwIP/src/api/api_msg.c ****   }
 536              		.loc 1 669 14 is_stmt 0 view .LVU144
 537 0070 FF23     		movs	r3, #255
 538 0072 2371     		strb	r3, [r4, #4]
 539 0074 EAE7     		b	.L38
 540              	.L49:
 541 0076 00BF     		.align	2
 542              	.L48:
 543 0078 00000000 		.word	.LC0
 544 007c 00000000 		.word	.LC6
 545 0080 40000000 		.word	.LC2
 546 0084 00000000 		.word	recv_udp
 547              		.cfi_endproc
 548              	.LFE182:
 550              		.section	.rodata.err_tcp.str1.4,"aMS",%progbits,1
 551              		.align	2
 552              	.LC7:
 553 0000 636F6E6E 		.ascii	"conn != NULL\000"
 553      20213D20 
 553      4E554C4C 
 553      00
 554 000d 000000   		.align	2
 555              	.LC8:
 556 0010 636F6E6E 		.ascii	"conn->current_msg != NULL\000"
 556      2D3E6375 
 556      7272656E 
 556      745F6D73 
 556      6720213D 
 557 002a 0000     		.align	2
 558              	.LC9:
 559 002c 696E6176 		.ascii	"inavlid op_completed_sem\000"
 559      6C696420 
 559      6F705F63 
 559      6F6D706C 
 559      65746564 
 560 0045 000000   		.align	2
 561              	.LC10:
 562 0048 636F6E6E 		.ascii	"conn->current_msg == NULL\000"
 562      2D3E6375 
 562      7272656E 
 562      745F6D73 
 562      67203D3D 
 563              		.section	.text.err_tcp,"ax",%progbits
ARM GAS  /tmp/ccMZQUTk.s 			page 24


 564              		.align	1
 565              		.syntax unified
 566              		.thumb
 567              		.thumb_func
 568              		.fpu fpv5-d16
 570              	err_tcp:
 571              	.LVL56:
 572              	.LFB179:
 433:Middlewares/Third_Party/LwIP/src/api/api_msg.c ****   struct netconn *conn;
 573              		.loc 1 433 1 is_stmt 1 view -0
 574              		.cfi_startproc
 575              		@ args = 0, pretend = 0, frame = 0
 576              		@ frame_needed = 0, uses_anonymous_args = 0
 433:Middlewares/Third_Party/LwIP/src/api/api_msg.c ****   struct netconn *conn;
 577              		.loc 1 433 1 is_stmt 0 view .LVU146
 578 0000 2DE9F041 		push	{r4, r5, r6, r7, r8, lr}
 579              	.LCFI5:
 580              		.cfi_def_cfa_offset 24
 581              		.cfi_offset 4, -24
 582              		.cfi_offset 5, -20
 583              		.cfi_offset 6, -16
 584              		.cfi_offset 7, -12
 585              		.cfi_offset 8, -8
 586              		.cfi_offset 14, -4
 587 0004 0D46     		mov	r5, r1
 434:Middlewares/Third_Party/LwIP/src/api/api_msg.c ****   enum netconn_state old_state;
 588              		.loc 1 434 3 is_stmt 1 view .LVU147
 435:Middlewares/Third_Party/LwIP/src/api/api_msg.c ****   void *mbox_msg;
 589              		.loc 1 435 3 view .LVU148
 436:Middlewares/Third_Party/LwIP/src/api/api_msg.c ****   SYS_ARCH_DECL_PROTECT(lev);
 590              		.loc 1 436 3 view .LVU149
 437:Middlewares/Third_Party/LwIP/src/api/api_msg.c **** 
 591              		.loc 1 437 3 view .LVU150
 439:Middlewares/Third_Party/LwIP/src/api/api_msg.c ****   LWIP_ASSERT("conn != NULL", (conn != NULL));
 592              		.loc 1 439 3 view .LVU151
 593              	.LVL57:
 440:Middlewares/Third_Party/LwIP/src/api/api_msg.c **** 
 594              		.loc 1 440 3 view .LVU152
 440:Middlewares/Third_Party/LwIP/src/api/api_msg.c **** 
 595              		.loc 1 440 3 view .LVU153
 596 0006 0446     		mov	r4, r0
 597 0008 0028     		cmp	r0, #0
 598 000a 3ED0     		beq	.L65
 599              	.LVL58:
 600              	.L51:
 440:Middlewares/Third_Party/LwIP/src/api/api_msg.c **** 
 601              		.loc 1 440 3 discriminator 3 view .LVU154
 440:Middlewares/Third_Party/LwIP/src/api/api_msg.c **** 
 602              		.loc 1 440 3 discriminator 3 view .LVU155
 442:Middlewares/Third_Party/LwIP/src/api/api_msg.c **** 
 603              		.loc 1 442 3 discriminator 3 view .LVU156
 604 000c FFF7FEFF 		bl	sys_arch_protect
 605              	.LVL59:
 445:Middlewares/Third_Party/LwIP/src/api/api_msg.c ****   /* store pending error */
 606              		.loc 1 445 3 discriminator 3 view .LVU157
 445:Middlewares/Third_Party/LwIP/src/api/api_msg.c ****   /* store pending error */
 607              		.loc 1 445 17 is_stmt 0 discriminator 3 view .LVU158
ARM GAS  /tmp/ccMZQUTk.s 			page 25


 608 0010 0022     		movs	r2, #0
 609 0012 6260     		str	r2, [r4, #4]
 447:Middlewares/Third_Party/LwIP/src/api/api_msg.c ****   /* prevent application threads from blocking on 'recvmbox'/'acceptmbox' */
 610              		.loc 1 447 3 is_stmt 1 discriminator 3 view .LVU159
 447:Middlewares/Third_Party/LwIP/src/api/api_msg.c ****   /* prevent application threads from blocking on 'recvmbox'/'acceptmbox' */
 611              		.loc 1 447 21 is_stmt 0 discriminator 3 view .LVU160
 612 0014 2572     		strb	r5, [r4, #8]
 449:Middlewares/Third_Party/LwIP/src/api/api_msg.c **** 
 613              		.loc 1 449 3 is_stmt 1 discriminator 3 view .LVU161
 449:Middlewares/Third_Party/LwIP/src/api/api_msg.c **** 
 614              		.loc 1 449 15 is_stmt 0 discriminator 3 view .LVU162
 615 0016 237F     		ldrb	r3, [r4, #28]	@ zero_extendqisi2
 616 0018 43F00103 		orr	r3, r3, #1
 617 001c 2377     		strb	r3, [r4, #28]
 452:Middlewares/Third_Party/LwIP/src/api/api_msg.c ****   conn->state = NETCONN_NONE;
 618              		.loc 1 452 3 is_stmt 1 discriminator 3 view .LVU163
 452:Middlewares/Third_Party/LwIP/src/api/api_msg.c ****   conn->state = NETCONN_NONE;
 619              		.loc 1 452 13 is_stmt 0 discriminator 3 view .LVU164
 620 001e 6678     		ldrb	r6, [r4, #1]	@ zero_extendqisi2
 621              	.LVL60:
 453:Middlewares/Third_Party/LwIP/src/api/api_msg.c **** 
 622              		.loc 1 453 3 is_stmt 1 discriminator 3 view .LVU165
 453:Middlewares/Third_Party/LwIP/src/api/api_msg.c **** 
 623              		.loc 1 453 15 is_stmt 0 discriminator 3 view .LVU166
 624 0020 6270     		strb	r2, [r4, #1]
 455:Middlewares/Third_Party/LwIP/src/api/api_msg.c **** 
 625              		.loc 1 455 3 is_stmt 1 discriminator 3 view .LVU167
 626 0022 FFF7FEFF 		bl	sys_arch_unprotect
 627              	.LVL61:
 458:Middlewares/Third_Party/LwIP/src/api/api_msg.c ****   /* Try to release selects pending on 'read' or 'write', too.
 628              		.loc 1 458 3 discriminator 3 view .LVU168
 629 0026 636A     		ldr	r3, [r4, #36]
 630 0028 1BB1     		cbz	r3, .L52
 458:Middlewares/Third_Party/LwIP/src/api/api_msg.c ****   /* Try to release selects pending on 'read' or 'write', too.
 631              		.loc 1 458 3 discriminator 1 view .LVU169
 632 002a 0022     		movs	r2, #0
 633 002c 0421     		movs	r1, #4
 634 002e 2046     		mov	r0, r4
 635 0030 9847     		blx	r3
 636              	.LVL62:
 637              	.L52:
 458:Middlewares/Third_Party/LwIP/src/api/api_msg.c ****   /* Try to release selects pending on 'read' or 'write', too.
 638              		.loc 1 458 40 discriminator 3 view .LVU170
 461:Middlewares/Third_Party/LwIP/src/api/api_msg.c ****   API_EVENT(conn, NETCONN_EVT_SENDPLUS, 0);
 639              		.loc 1 461 3 discriminator 3 view .LVU171
 640 0032 636A     		ldr	r3, [r4, #36]
 641 0034 1BB1     		cbz	r3, .L53
 461:Middlewares/Third_Party/LwIP/src/api/api_msg.c ****   API_EVENT(conn, NETCONN_EVT_SENDPLUS, 0);
 642              		.loc 1 461 3 discriminator 1 view .LVU172
 643 0036 0022     		movs	r2, #0
 644 0038 1146     		mov	r1, r2
 645 003a 2046     		mov	r0, r4
 646 003c 9847     		blx	r3
 647              	.LVL63:
 648              	.L53:
 461:Middlewares/Third_Party/LwIP/src/api/api_msg.c ****   API_EVENT(conn, NETCONN_EVT_SENDPLUS, 0);
 649              		.loc 1 461 42 discriminator 3 view .LVU173
ARM GAS  /tmp/ccMZQUTk.s 			page 26


 462:Middlewares/Third_Party/LwIP/src/api/api_msg.c **** 
 650              		.loc 1 462 3 discriminator 3 view .LVU174
 651 003e 636A     		ldr	r3, [r4, #36]
 652 0040 1BB1     		cbz	r3, .L54
 462:Middlewares/Third_Party/LwIP/src/api/api_msg.c **** 
 653              		.loc 1 462 3 discriminator 1 view .LVU175
 654 0042 0022     		movs	r2, #0
 655 0044 0221     		movs	r1, #2
 656 0046 2046     		mov	r0, r4
 657 0048 9847     		blx	r3
 658              	.LVL64:
 659              	.L54:
 462:Middlewares/Third_Party/LwIP/src/api/api_msg.c **** 
 660              		.loc 1 462 43 discriminator 3 view .LVU176
 464:Middlewares/Third_Party/LwIP/src/api/api_msg.c ****   /* pass error message to recvmbox to wake up pending recv */
 661              		.loc 1 464 3 discriminator 3 view .LVU177
 464:Middlewares/Third_Party/LwIP/src/api/api_msg.c ****   /* pass error message to recvmbox to wake up pending recv */
 662              		.loc 1 464 14 is_stmt 0 discriminator 3 view .LVU178
 663 004a 2846     		mov	r0, r5
 664 004c FFF7FEFF 		bl	lwip_netconn_err_to_msg
 665              	.LVL65:
 666 0050 0746     		mov	r7, r0
 667              	.LVL66:
 466:Middlewares/Third_Party/LwIP/src/api/api_msg.c ****     /* use trypost to prevent deadlock */
 668              		.loc 1 466 3 is_stmt 1 discriminator 3 view .LVU179
 466:Middlewares/Third_Party/LwIP/src/api/api_msg.c ****     /* use trypost to prevent deadlock */
 669              		.loc 1 466 7 is_stmt 0 discriminator 3 view .LVU180
 670 0052 04F11008 		add	r8, r4, #16
 671 0056 4046     		mov	r0, r8
 672              	.LVL67:
 466:Middlewares/Third_Party/LwIP/src/api/api_msg.c ****     /* use trypost to prevent deadlock */
 673              		.loc 1 466 7 discriminator 3 view .LVU181
 674 0058 FFF7FEFF 		bl	sys_mbox_valid
 675              	.LVL68:
 466:Middlewares/Third_Party/LwIP/src/api/api_msg.c ****     /* use trypost to prevent deadlock */
 676              		.loc 1 466 6 discriminator 3 view .LVU182
 677 005c E8B9     		cbnz	r0, .L66
 678              	.L55:
 471:Middlewares/Third_Party/LwIP/src/api/api_msg.c ****     /* use trypost to preven deadlock */
 679              		.loc 1 471 3 is_stmt 1 view .LVU183
 471:Middlewares/Third_Party/LwIP/src/api/api_msg.c ****     /* use trypost to preven deadlock */
 680              		.loc 1 471 7 is_stmt 0 view .LVU184
 681 005e 04F11408 		add	r8, r4, #20
 682 0062 4046     		mov	r0, r8
 683 0064 FFF7FEFF 		bl	sys_mbox_valid
 684              	.LVL69:
 471:Middlewares/Third_Party/LwIP/src/api/api_msg.c ****     /* use trypost to preven deadlock */
 685              		.loc 1 471 6 view .LVU185
 686 0068 E0B9     		cbnz	r0, .L67
 687              	.L56:
 476:Middlewares/Third_Party/LwIP/src/api/api_msg.c ****       (old_state == NETCONN_CONNECT)) {
 688              		.loc 1 476 3 is_stmt 1 view .LVU186
 476:Middlewares/Third_Party/LwIP/src/api/api_msg.c ****       (old_state == NETCONN_CONNECT)) {
 689              		.loc 1 476 6 is_stmt 0 view .LVU187
 690 006a 042E     		cmp	r6, #4
 691 006c 18BF     		it	ne
 692 006e 012E     		cmpne	r6, #1
ARM GAS  /tmp/ccMZQUTk.s 			page 27


 693 0070 1DD0     		beq	.L57
 476:Middlewares/Third_Party/LwIP/src/api/api_msg.c ****       (old_state == NETCONN_CONNECT)) {
 694              		.loc 1 476 68 discriminator 1 view .LVU188
 695 0072 032E     		cmp	r6, #3
 696 0074 1BD0     		beq	.L57
 503:Middlewares/Third_Party/LwIP/src/api/api_msg.c ****   }
 697              		.loc 1 503 5 is_stmt 1 view .LVU189
 503:Middlewares/Third_Party/LwIP/src/api/api_msg.c ****   }
 698              		.loc 1 503 5 view .LVU190
 699 0076 236A     		ldr	r3, [r4, #32]
 700 0078 93B3     		cbz	r3, .L50
 503:Middlewares/Third_Party/LwIP/src/api/api_msg.c ****   }
 701              		.loc 1 503 5 discriminator 1 view .LVU191
 503:Middlewares/Third_Party/LwIP/src/api/api_msg.c ****   }
 702              		.loc 1 503 5 discriminator 1 view .LVU192
 703 007a 244B     		ldr	r3, .L71
 704 007c 40F2F712 		movw	r2, #503
 705 0080 2349     		ldr	r1, .L71+4
 706 0082 2448     		ldr	r0, .L71+8
 707 0084 FFF7FEFF 		bl	printf
 708              	.LVL70:
 503:Middlewares/Third_Party/LwIP/src/api/api_msg.c ****   }
 709              		.loc 1 503 5 discriminator 1 view .LVU193
 503:Middlewares/Third_Party/LwIP/src/api/api_msg.c ****   }
 710              		.loc 1 503 5 discriminator 1 view .LVU194
 505:Middlewares/Third_Party/LwIP/src/api/api_msg.c **** 
 711              		.loc 1 505 1 is_stmt 0 discriminator 1 view .LVU195
 712 0088 2AE0     		b	.L50
 713              	.LVL71:
 714              	.L65:
 440:Middlewares/Third_Party/LwIP/src/api/api_msg.c **** 
 715              		.loc 1 440 3 is_stmt 1 discriminator 1 view .LVU196
 440:Middlewares/Third_Party/LwIP/src/api/api_msg.c **** 
 716              		.loc 1 440 3 discriminator 1 view .LVU197
 717 008a 204B     		ldr	r3, .L71
 718 008c 4FF4DC72 		mov	r2, #440
 719 0090 2149     		ldr	r1, .L71+12
 720              	.LVL72:
 440:Middlewares/Third_Party/LwIP/src/api/api_msg.c **** 
 721              		.loc 1 440 3 is_stmt 0 discriminator 1 view .LVU198
 722 0092 2048     		ldr	r0, .L71+8
 723              	.LVL73:
 440:Middlewares/Third_Party/LwIP/src/api/api_msg.c **** 
 724              		.loc 1 440 3 discriminator 1 view .LVU199
 725 0094 FFF7FEFF 		bl	printf
 726              	.LVL74:
 727 0098 B8E7     		b	.L51
 728              	.LVL75:
 729              	.L66:
 468:Middlewares/Third_Party/LwIP/src/api/api_msg.c ****   }
 730              		.loc 1 468 5 is_stmt 1 view .LVU200
 731 009a 3946     		mov	r1, r7
 732 009c 4046     		mov	r0, r8
 733 009e FFF7FEFF 		bl	sys_mbox_trypost
 734              	.LVL76:
 735 00a2 DCE7     		b	.L55
 736              	.L67:
ARM GAS  /tmp/ccMZQUTk.s 			page 28


 473:Middlewares/Third_Party/LwIP/src/api/api_msg.c ****   }
 737              		.loc 1 473 5 view .LVU201
 738 00a4 3946     		mov	r1, r7
 739 00a6 4046     		mov	r0, r8
 740 00a8 FFF7FEFF 		bl	sys_mbox_trypost
 741              	.LVL77:
 742 00ac DDE7     		b	.L56
 743              	.L57:
 744              	.LBB2:
 480:Middlewares/Third_Party/LwIP/src/api/api_msg.c ****     SET_NONBLOCKING_CONNECT(conn, 0);
 745              		.loc 1 480 5 view .LVU202
 480:Middlewares/Third_Party/LwIP/src/api/api_msg.c ****     SET_NONBLOCKING_CONNECT(conn, 0);
 746              		.loc 1 480 35 is_stmt 0 view .LVU203
 747 00ae 237F     		ldrb	r3, [r4, #28]	@ zero_extendqisi2
 748              	.LVL78:
 481:Middlewares/Third_Party/LwIP/src/api/api_msg.c **** 
 749              		.loc 1 481 5 is_stmt 1 view .LVU204
 481:Middlewares/Third_Party/LwIP/src/api/api_msg.c **** 
 750              		.loc 1 481 5 view .LVU205
 481:Middlewares/Third_Party/LwIP/src/api/api_msg.c **** 
 751              		.loc 1 481 5 view .LVU206
 481:Middlewares/Third_Party/LwIP/src/api/api_msg.c **** 
 752              		.loc 1 481 5 view .LVU207
 753 00b0 03F0FB02 		and	r2, r3, #251
 754 00b4 2277     		strb	r2, [r4, #28]
 481:Middlewares/Third_Party/LwIP/src/api/api_msg.c **** 
 755              		.loc 1 481 5 view .LVU208
 481:Middlewares/Third_Party/LwIP/src/api/api_msg.c **** 
 756              		.loc 1 481 5 view .LVU209
 483:Middlewares/Third_Party/LwIP/src/api/api_msg.c ****       sys_sem_t *op_completed_sem;
 757              		.loc 1 483 5 view .LVU210
 483:Middlewares/Third_Party/LwIP/src/api/api_msg.c ****       sys_sem_t *op_completed_sem;
 758              		.loc 1 483 8 is_stmt 0 view .LVU211
 759 00b6 13F0040F 		tst	r3, #4
 760 00ba 11D1     		bne	.L50
 761              	.LBB3:
 484:Middlewares/Third_Party/LwIP/src/api/api_msg.c ****       /* set error return code */
 762              		.loc 1 484 7 is_stmt 1 view .LVU212
 486:Middlewares/Third_Party/LwIP/src/api/api_msg.c ****       if (old_state == NETCONN_CLOSE) {
 763              		.loc 1 486 7 view .LVU213
 486:Middlewares/Third_Party/LwIP/src/api/api_msg.c ****       if (old_state == NETCONN_CLOSE) {
 764              		.loc 1 486 7 view .LVU214
 765 00bc 236A     		ldr	r3, [r4, #32]
 766              	.LVL79:
 486:Middlewares/Third_Party/LwIP/src/api/api_msg.c ****       if (old_state == NETCONN_CLOSE) {
 767              		.loc 1 486 7 is_stmt 0 view .LVU215
 768 00be 8BB1     		cbz	r3, .L68
 769              	.L60:
 486:Middlewares/Third_Party/LwIP/src/api/api_msg.c ****       if (old_state == NETCONN_CLOSE) {
 770              		.loc 1 486 7 is_stmt 1 discriminator 3 view .LVU216
 486:Middlewares/Third_Party/LwIP/src/api/api_msg.c ****       if (old_state == NETCONN_CLOSE) {
 771              		.loc 1 486 7 discriminator 3 view .LVU217
 487:Middlewares/Third_Party/LwIP/src/api/api_msg.c ****         /* let close succeed: the connection is closed after all... */
 772              		.loc 1 487 7 discriminator 3 view .LVU218
 487:Middlewares/Third_Party/LwIP/src/api/api_msg.c ****         /* let close succeed: the connection is closed after all... */
 773              		.loc 1 487 10 is_stmt 0 discriminator 3 view .LVU219
 774 00c0 042E     		cmp	r6, #4
ARM GAS  /tmp/ccMZQUTk.s 			page 29


 775 00c2 17D0     		beq	.L69
 492:Middlewares/Third_Party/LwIP/src/api/api_msg.c ****       }
 776              		.loc 1 492 9 is_stmt 1 view .LVU220
 492:Middlewares/Third_Party/LwIP/src/api/api_msg.c ****       }
 777              		.loc 1 492 13 is_stmt 0 view .LVU221
 778 00c4 236A     		ldr	r3, [r4, #32]
 492:Middlewares/Third_Party/LwIP/src/api/api_msg.c ****       }
 779              		.loc 1 492 32 view .LVU222
 780 00c6 1D71     		strb	r5, [r3, #4]
 781              	.L62:
 494:Middlewares/Third_Party/LwIP/src/api/api_msg.c ****       LWIP_ASSERT("inavlid op_completed_sem", sys_sem_valid(op_completed_sem));
 782              		.loc 1 494 7 is_stmt 1 view .LVU223
 494:Middlewares/Third_Party/LwIP/src/api/api_msg.c ****       LWIP_ASSERT("inavlid op_completed_sem", sys_sem_valid(op_completed_sem));
 783              		.loc 1 494 26 is_stmt 0 view .LVU224
 784 00c8 236A     		ldr	r3, [r4, #32]
 785 00ca 1D68     		ldr	r5, [r3]
 494:Middlewares/Third_Party/LwIP/src/api/api_msg.c ****       LWIP_ASSERT("inavlid op_completed_sem", sys_sem_valid(op_completed_sem));
 786              		.loc 1 494 24 view .LVU225
 787 00cc 0C35     		adds	r5, r5, #12
 788              	.LVL80:
 495:Middlewares/Third_Party/LwIP/src/api/api_msg.c ****       conn->current_msg = NULL;
 789              		.loc 1 495 7 is_stmt 1 view .LVU226
 495:Middlewares/Third_Party/LwIP/src/api/api_msg.c ****       conn->current_msg = NULL;
 790              		.loc 1 495 7 view .LVU227
 791 00ce 2846     		mov	r0, r5
 792 00d0 FFF7FEFF 		bl	sys_sem_valid
 793              	.LVL81:
 794 00d4 90B1     		cbz	r0, .L70
 795              	.L63:
 495:Middlewares/Third_Party/LwIP/src/api/api_msg.c ****       conn->current_msg = NULL;
 796              		.loc 1 495 7 discriminator 3 view .LVU228
 495:Middlewares/Third_Party/LwIP/src/api/api_msg.c ****       conn->current_msg = NULL;
 797              		.loc 1 495 7 discriminator 3 view .LVU229
 496:Middlewares/Third_Party/LwIP/src/api/api_msg.c ****       /* wake up the waiting task */
 798              		.loc 1 496 7 discriminator 3 view .LVU230
 496:Middlewares/Third_Party/LwIP/src/api/api_msg.c ****       /* wake up the waiting task */
 799              		.loc 1 496 25 is_stmt 0 discriminator 3 view .LVU231
 800 00d6 0023     		movs	r3, #0
 801 00d8 2362     		str	r3, [r4, #32]
 498:Middlewares/Third_Party/LwIP/src/api/api_msg.c ****     } else {
 802              		.loc 1 498 7 is_stmt 1 discriminator 3 view .LVU232
 803 00da 2846     		mov	r0, r5
 804 00dc FFF7FEFF 		bl	sys_sem_signal
 805              	.LVL82:
 806              	.L50:
 498:Middlewares/Third_Party/LwIP/src/api/api_msg.c ****     } else {
 807              		.loc 1 498 7 is_stmt 0 discriminator 3 view .LVU233
 808              	.LBE3:
 809              	.LBE2:
 505:Middlewares/Third_Party/LwIP/src/api/api_msg.c **** 
 810              		.loc 1 505 1 view .LVU234
 811 00e0 BDE8F081 		pop	{r4, r5, r6, r7, r8, pc}
 812              	.LVL83:
 813              	.L68:
 814              	.LBB5:
 815              	.LBB4:
 486:Middlewares/Third_Party/LwIP/src/api/api_msg.c ****       if (old_state == NETCONN_CLOSE) {
ARM GAS  /tmp/ccMZQUTk.s 			page 30


 816              		.loc 1 486 7 is_stmt 1 discriminator 1 view .LVU235
 486:Middlewares/Third_Party/LwIP/src/api/api_msg.c ****       if (old_state == NETCONN_CLOSE) {
 817              		.loc 1 486 7 discriminator 1 view .LVU236
 818 00e4 094B     		ldr	r3, .L71
 819 00e6 4FF4F372 		mov	r2, #486
 820 00ea 0C49     		ldr	r1, .L71+16
 821 00ec 0948     		ldr	r0, .L71+8
 822 00ee FFF7FEFF 		bl	printf
 823              	.LVL84:
 824 00f2 E5E7     		b	.L60
 825              	.L69:
 489:Middlewares/Third_Party/LwIP/src/api/api_msg.c ****       } else {
 826              		.loc 1 489 9 view .LVU237
 489:Middlewares/Third_Party/LwIP/src/api/api_msg.c ****       } else {
 827              		.loc 1 489 13 is_stmt 0 view .LVU238
 828 00f4 236A     		ldr	r3, [r4, #32]
 489:Middlewares/Third_Party/LwIP/src/api/api_msg.c ****       } else {
 829              		.loc 1 489 32 view .LVU239
 830 00f6 0022     		movs	r2, #0
 831 00f8 1A71     		strb	r2, [r3, #4]
 832 00fa E5E7     		b	.L62
 833              	.LVL85:
 834              	.L70:
 495:Middlewares/Third_Party/LwIP/src/api/api_msg.c ****       conn->current_msg = NULL;
 835              		.loc 1 495 7 is_stmt 1 discriminator 1 view .LVU240
 495:Middlewares/Third_Party/LwIP/src/api/api_msg.c ****       conn->current_msg = NULL;
 836              		.loc 1 495 7 discriminator 1 view .LVU241
 837 00fc 034B     		ldr	r3, .L71
 838 00fe 40F2EF12 		movw	r2, #495
 839 0102 0749     		ldr	r1, .L71+20
 840 0104 0348     		ldr	r0, .L71+8
 841 0106 FFF7FEFF 		bl	printf
 842              	.LVL86:
 843 010a E4E7     		b	.L63
 844              	.L72:
 845              		.align	2
 846              	.L71:
 847 010c 00000000 		.word	.LC0
 848 0110 48000000 		.word	.LC10
 849 0114 40000000 		.word	.LC2
 850 0118 00000000 		.word	.LC7
 851 011c 10000000 		.word	.LC8
 852 0120 2C000000 		.word	.LC9
 853              	.LBE4:
 854              	.LBE5:
 855              		.cfi_endproc
 856              	.LFE179:
 858              		.section	.rodata.lwip_netconn_do_connected.str1.4,"aMS",%progbits,1
 859              		.align	2
 860              	.LC11:
 861 0000 636F6E6E 		.ascii	"conn->state == NETCONN_CONNECT\000"
 861      2D3E7374 
 861      61746520 
 861      3D3D204E 
 861      4554434F 
 862 001f 00       		.align	2
 863              	.LC12:
ARM GAS  /tmp/ccMZQUTk.s 			page 31


 864 0020 28636F6E 		.ascii	"(conn->current_msg != NULL) || conn->in_non_blockin"
 864      6E2D3E63 
 864      75727265 
 864      6E745F6D 
 864      73672021 
 865 0053 675F636F 		.ascii	"g_connect\000"
 865      6E6E6563 
 865      7400
 866 005d 000000   		.align	2
 867              	.LC13:
 868 0060 626C6F63 		.ascii	"blocking connect state error\000"
 868      6B696E67 
 868      20636F6E 
 868      6E656374 
 868      20737461 
 869              		.section	.text.lwip_netconn_do_connected,"ax",%progbits
 870              		.align	1
 871              		.syntax unified
 872              		.thumb
 873              		.thumb_func
 874              		.fpu fpv5-d16
 876              	lwip_netconn_do_connected:
 877              	.LVL87:
 878              	.LFB191:
 672:Middlewares/Third_Party/LwIP/src/api/api_msg.c **** 
 673:Middlewares/Third_Party/LwIP/src/api/api_msg.c **** /**
 674:Middlewares/Third_Party/LwIP/src/api/api_msg.c ****  * Create a new pcb of a specific type inside a netconn.
 675:Middlewares/Third_Party/LwIP/src/api/api_msg.c ****  * Called from netconn_new_with_proto_and_callback.
 676:Middlewares/Third_Party/LwIP/src/api/api_msg.c ****  *
 677:Middlewares/Third_Party/LwIP/src/api/api_msg.c ****  * @param m the api_msg describing the connection type
 678:Middlewares/Third_Party/LwIP/src/api/api_msg.c ****  */
 679:Middlewares/Third_Party/LwIP/src/api/api_msg.c **** void
 680:Middlewares/Third_Party/LwIP/src/api/api_msg.c **** lwip_netconn_do_newconn(void *m)
 681:Middlewares/Third_Party/LwIP/src/api/api_msg.c **** {
 682:Middlewares/Third_Party/LwIP/src/api/api_msg.c ****   struct api_msg *msg = (struct api_msg *)m;
 683:Middlewares/Third_Party/LwIP/src/api/api_msg.c **** 
 684:Middlewares/Third_Party/LwIP/src/api/api_msg.c ****   msg->err = ERR_OK;
 685:Middlewares/Third_Party/LwIP/src/api/api_msg.c ****   if (msg->conn->pcb.tcp == NULL) {
 686:Middlewares/Third_Party/LwIP/src/api/api_msg.c ****     pcb_new(msg);
 687:Middlewares/Third_Party/LwIP/src/api/api_msg.c ****   }
 688:Middlewares/Third_Party/LwIP/src/api/api_msg.c ****   /* Else? This "new" connection already has a PCB allocated. */
 689:Middlewares/Third_Party/LwIP/src/api/api_msg.c ****   /* Is this an error condition? Should it be deleted? */
 690:Middlewares/Third_Party/LwIP/src/api/api_msg.c ****   /* We currently just are happy and return. */
 691:Middlewares/Third_Party/LwIP/src/api/api_msg.c **** 
 692:Middlewares/Third_Party/LwIP/src/api/api_msg.c ****   TCPIP_APIMSG_ACK(msg);
 693:Middlewares/Third_Party/LwIP/src/api/api_msg.c **** }
 694:Middlewares/Third_Party/LwIP/src/api/api_msg.c **** 
 695:Middlewares/Third_Party/LwIP/src/api/api_msg.c **** /**
 696:Middlewares/Third_Party/LwIP/src/api/api_msg.c ****  * Create a new netconn (of a specific type) that has a callback function.
 697:Middlewares/Third_Party/LwIP/src/api/api_msg.c ****  * The corresponding pcb is NOT created!
 698:Middlewares/Third_Party/LwIP/src/api/api_msg.c ****  *
 699:Middlewares/Third_Party/LwIP/src/api/api_msg.c ****  * @param t the type of 'connection' to create (@see enum netconn_type)
 700:Middlewares/Third_Party/LwIP/src/api/api_msg.c ****  * @param callback a function to call on status changes (RX available, TX'ed)
 701:Middlewares/Third_Party/LwIP/src/api/api_msg.c ****  * @return a newly allocated struct netconn or
 702:Middlewares/Third_Party/LwIP/src/api/api_msg.c ****  *         NULL on memory error
 703:Middlewares/Third_Party/LwIP/src/api/api_msg.c ****  */
 704:Middlewares/Third_Party/LwIP/src/api/api_msg.c **** struct netconn *
ARM GAS  /tmp/ccMZQUTk.s 			page 32


 705:Middlewares/Third_Party/LwIP/src/api/api_msg.c **** netconn_alloc(enum netconn_type t, netconn_callback callback)
 706:Middlewares/Third_Party/LwIP/src/api/api_msg.c **** {
 707:Middlewares/Third_Party/LwIP/src/api/api_msg.c ****   struct netconn *conn;
 708:Middlewares/Third_Party/LwIP/src/api/api_msg.c ****   int size;
 709:Middlewares/Third_Party/LwIP/src/api/api_msg.c ****   u8_t init_flags = 0;
 710:Middlewares/Third_Party/LwIP/src/api/api_msg.c **** 
 711:Middlewares/Third_Party/LwIP/src/api/api_msg.c ****   conn = (struct netconn *)memp_malloc(MEMP_NETCONN);
 712:Middlewares/Third_Party/LwIP/src/api/api_msg.c ****   if (conn == NULL) {
 713:Middlewares/Third_Party/LwIP/src/api/api_msg.c ****     return NULL;
 714:Middlewares/Third_Party/LwIP/src/api/api_msg.c ****   }
 715:Middlewares/Third_Party/LwIP/src/api/api_msg.c **** 
 716:Middlewares/Third_Party/LwIP/src/api/api_msg.c ****   conn->pending_err = ERR_OK;
 717:Middlewares/Third_Party/LwIP/src/api/api_msg.c ****   conn->type = t;
 718:Middlewares/Third_Party/LwIP/src/api/api_msg.c ****   conn->pcb.tcp = NULL;
 719:Middlewares/Third_Party/LwIP/src/api/api_msg.c **** 
 720:Middlewares/Third_Party/LwIP/src/api/api_msg.c ****   /* If all sizes are the same, every compiler should optimize this switch to nothing */
 721:Middlewares/Third_Party/LwIP/src/api/api_msg.c ****   switch (NETCONNTYPE_GROUP(t)) {
 722:Middlewares/Third_Party/LwIP/src/api/api_msg.c **** #if LWIP_RAW
 723:Middlewares/Third_Party/LwIP/src/api/api_msg.c ****     case NETCONN_RAW:
 724:Middlewares/Third_Party/LwIP/src/api/api_msg.c ****       size = DEFAULT_RAW_RECVMBOX_SIZE;
 725:Middlewares/Third_Party/LwIP/src/api/api_msg.c ****       break;
 726:Middlewares/Third_Party/LwIP/src/api/api_msg.c **** #endif /* LWIP_RAW */
 727:Middlewares/Third_Party/LwIP/src/api/api_msg.c **** #if LWIP_UDP
 728:Middlewares/Third_Party/LwIP/src/api/api_msg.c ****     case NETCONN_UDP:
 729:Middlewares/Third_Party/LwIP/src/api/api_msg.c ****       size = DEFAULT_UDP_RECVMBOX_SIZE;
 730:Middlewares/Third_Party/LwIP/src/api/api_msg.c **** #if LWIP_NETBUF_RECVINFO
 731:Middlewares/Third_Party/LwIP/src/api/api_msg.c ****       init_flags |= NETCONN_FLAG_PKTINFO;
 732:Middlewares/Third_Party/LwIP/src/api/api_msg.c **** #endif /* LWIP_NETBUF_RECVINFO */
 733:Middlewares/Third_Party/LwIP/src/api/api_msg.c ****       break;
 734:Middlewares/Third_Party/LwIP/src/api/api_msg.c **** #endif /* LWIP_UDP */
 735:Middlewares/Third_Party/LwIP/src/api/api_msg.c **** #if LWIP_TCP
 736:Middlewares/Third_Party/LwIP/src/api/api_msg.c ****     case NETCONN_TCP:
 737:Middlewares/Third_Party/LwIP/src/api/api_msg.c ****       size = DEFAULT_TCP_RECVMBOX_SIZE;
 738:Middlewares/Third_Party/LwIP/src/api/api_msg.c ****       break;
 739:Middlewares/Third_Party/LwIP/src/api/api_msg.c **** #endif /* LWIP_TCP */
 740:Middlewares/Third_Party/LwIP/src/api/api_msg.c ****     default:
 741:Middlewares/Third_Party/LwIP/src/api/api_msg.c ****       LWIP_ASSERT("netconn_alloc: undefined netconn_type", 0);
 742:Middlewares/Third_Party/LwIP/src/api/api_msg.c ****       goto free_and_return;
 743:Middlewares/Third_Party/LwIP/src/api/api_msg.c ****   }
 744:Middlewares/Third_Party/LwIP/src/api/api_msg.c **** 
 745:Middlewares/Third_Party/LwIP/src/api/api_msg.c ****   if (sys_mbox_new(&conn->recvmbox, size) != ERR_OK) {
 746:Middlewares/Third_Party/LwIP/src/api/api_msg.c ****     goto free_and_return;
 747:Middlewares/Third_Party/LwIP/src/api/api_msg.c ****   }
 748:Middlewares/Third_Party/LwIP/src/api/api_msg.c **** #if !LWIP_NETCONN_SEM_PER_THREAD
 749:Middlewares/Third_Party/LwIP/src/api/api_msg.c ****   if (sys_sem_new(&conn->op_completed, 0) != ERR_OK) {
 750:Middlewares/Third_Party/LwIP/src/api/api_msg.c ****     sys_mbox_free(&conn->recvmbox);
 751:Middlewares/Third_Party/LwIP/src/api/api_msg.c ****     goto free_and_return;
 752:Middlewares/Third_Party/LwIP/src/api/api_msg.c ****   }
 753:Middlewares/Third_Party/LwIP/src/api/api_msg.c **** #endif
 754:Middlewares/Third_Party/LwIP/src/api/api_msg.c **** 
 755:Middlewares/Third_Party/LwIP/src/api/api_msg.c **** #if LWIP_TCP
 756:Middlewares/Third_Party/LwIP/src/api/api_msg.c ****   sys_mbox_set_invalid(&conn->acceptmbox);
 757:Middlewares/Third_Party/LwIP/src/api/api_msg.c **** #endif
 758:Middlewares/Third_Party/LwIP/src/api/api_msg.c ****   conn->state        = NETCONN_NONE;
 759:Middlewares/Third_Party/LwIP/src/api/api_msg.c **** #if LWIP_SOCKET
 760:Middlewares/Third_Party/LwIP/src/api/api_msg.c ****   /* initialize socket to -1 since 0 is a valid socket */
 761:Middlewares/Third_Party/LwIP/src/api/api_msg.c ****   conn->socket       = -1;
ARM GAS  /tmp/ccMZQUTk.s 			page 33


 762:Middlewares/Third_Party/LwIP/src/api/api_msg.c **** #endif /* LWIP_SOCKET */
 763:Middlewares/Third_Party/LwIP/src/api/api_msg.c ****   conn->callback     = callback;
 764:Middlewares/Third_Party/LwIP/src/api/api_msg.c **** #if LWIP_TCP
 765:Middlewares/Third_Party/LwIP/src/api/api_msg.c ****   conn->current_msg  = NULL;
 766:Middlewares/Third_Party/LwIP/src/api/api_msg.c **** #endif /* LWIP_TCP */
 767:Middlewares/Third_Party/LwIP/src/api/api_msg.c **** #if LWIP_SO_SNDTIMEO
 768:Middlewares/Third_Party/LwIP/src/api/api_msg.c ****   conn->send_timeout = 0;
 769:Middlewares/Third_Party/LwIP/src/api/api_msg.c **** #endif /* LWIP_SO_SNDTIMEO */
 770:Middlewares/Third_Party/LwIP/src/api/api_msg.c **** #if LWIP_SO_RCVTIMEO
 771:Middlewares/Third_Party/LwIP/src/api/api_msg.c ****   conn->recv_timeout = 0;
 772:Middlewares/Third_Party/LwIP/src/api/api_msg.c **** #endif /* LWIP_SO_RCVTIMEO */
 773:Middlewares/Third_Party/LwIP/src/api/api_msg.c **** #if LWIP_SO_RCVBUF
 774:Middlewares/Third_Party/LwIP/src/api/api_msg.c ****   conn->recv_bufsize = RECV_BUFSIZE_DEFAULT;
 775:Middlewares/Third_Party/LwIP/src/api/api_msg.c ****   conn->recv_avail   = 0;
 776:Middlewares/Third_Party/LwIP/src/api/api_msg.c **** #endif /* LWIP_SO_RCVBUF */
 777:Middlewares/Third_Party/LwIP/src/api/api_msg.c **** #if LWIP_SO_LINGER
 778:Middlewares/Third_Party/LwIP/src/api/api_msg.c ****   conn->linger = -1;
 779:Middlewares/Third_Party/LwIP/src/api/api_msg.c **** #endif /* LWIP_SO_LINGER */
 780:Middlewares/Third_Party/LwIP/src/api/api_msg.c ****   conn->flags = init_flags;
 781:Middlewares/Third_Party/LwIP/src/api/api_msg.c ****   return conn;
 782:Middlewares/Third_Party/LwIP/src/api/api_msg.c **** free_and_return:
 783:Middlewares/Third_Party/LwIP/src/api/api_msg.c ****   memp_free(MEMP_NETCONN, conn);
 784:Middlewares/Third_Party/LwIP/src/api/api_msg.c ****   return NULL;
 785:Middlewares/Third_Party/LwIP/src/api/api_msg.c **** }
 786:Middlewares/Third_Party/LwIP/src/api/api_msg.c **** 
 787:Middlewares/Third_Party/LwIP/src/api/api_msg.c **** /**
 788:Middlewares/Third_Party/LwIP/src/api/api_msg.c ****  * Delete a netconn and all its resources.
 789:Middlewares/Third_Party/LwIP/src/api/api_msg.c ****  * The pcb is NOT freed (since we might not be in the right thread context do this).
 790:Middlewares/Third_Party/LwIP/src/api/api_msg.c ****  *
 791:Middlewares/Third_Party/LwIP/src/api/api_msg.c ****  * @param conn the netconn to free
 792:Middlewares/Third_Party/LwIP/src/api/api_msg.c ****  */
 793:Middlewares/Third_Party/LwIP/src/api/api_msg.c **** void
 794:Middlewares/Third_Party/LwIP/src/api/api_msg.c **** netconn_free(struct netconn *conn)
 795:Middlewares/Third_Party/LwIP/src/api/api_msg.c **** {
 796:Middlewares/Third_Party/LwIP/src/api/api_msg.c ****   LWIP_ASSERT("PCB must be deallocated outside this function", conn->pcb.tcp == NULL);
 797:Middlewares/Third_Party/LwIP/src/api/api_msg.c **** 
 798:Middlewares/Third_Party/LwIP/src/api/api_msg.c **** #if LWIP_NETCONN_FULLDUPLEX
 799:Middlewares/Third_Party/LwIP/src/api/api_msg.c ****   /* in fullduplex, netconn is drained here */
 800:Middlewares/Third_Party/LwIP/src/api/api_msg.c ****   netconn_drain(conn);
 801:Middlewares/Third_Party/LwIP/src/api/api_msg.c **** #endif /* LWIP_NETCONN_FULLDUPLEX */
 802:Middlewares/Third_Party/LwIP/src/api/api_msg.c **** 
 803:Middlewares/Third_Party/LwIP/src/api/api_msg.c ****   LWIP_ASSERT("recvmbox must be deallocated before calling this function",
 804:Middlewares/Third_Party/LwIP/src/api/api_msg.c ****               !sys_mbox_valid(&conn->recvmbox));
 805:Middlewares/Third_Party/LwIP/src/api/api_msg.c **** #if LWIP_TCP
 806:Middlewares/Third_Party/LwIP/src/api/api_msg.c ****   LWIP_ASSERT("acceptmbox must be deallocated before calling this function",
 807:Middlewares/Third_Party/LwIP/src/api/api_msg.c ****               !sys_mbox_valid(&conn->acceptmbox));
 808:Middlewares/Third_Party/LwIP/src/api/api_msg.c **** #endif /* LWIP_TCP */
 809:Middlewares/Third_Party/LwIP/src/api/api_msg.c **** 
 810:Middlewares/Third_Party/LwIP/src/api/api_msg.c **** #if !LWIP_NETCONN_SEM_PER_THREAD
 811:Middlewares/Third_Party/LwIP/src/api/api_msg.c ****   sys_sem_free(&conn->op_completed);
 812:Middlewares/Third_Party/LwIP/src/api/api_msg.c ****   sys_sem_set_invalid(&conn->op_completed);
 813:Middlewares/Third_Party/LwIP/src/api/api_msg.c **** #endif
 814:Middlewares/Third_Party/LwIP/src/api/api_msg.c **** 
 815:Middlewares/Third_Party/LwIP/src/api/api_msg.c ****   memp_free(MEMP_NETCONN, conn);
 816:Middlewares/Third_Party/LwIP/src/api/api_msg.c **** }
 817:Middlewares/Third_Party/LwIP/src/api/api_msg.c **** 
 818:Middlewares/Third_Party/LwIP/src/api/api_msg.c **** /**
ARM GAS  /tmp/ccMZQUTk.s 			page 34


 819:Middlewares/Third_Party/LwIP/src/api/api_msg.c ****  * Delete rcvmbox and acceptmbox of a netconn and free the left-over data in
 820:Middlewares/Third_Party/LwIP/src/api/api_msg.c ****  * these mboxes
 821:Middlewares/Third_Party/LwIP/src/api/api_msg.c ****  *
 822:Middlewares/Third_Party/LwIP/src/api/api_msg.c ****  * @param conn the netconn to free
 823:Middlewares/Third_Party/LwIP/src/api/api_msg.c ****  * @bytes_drained bytes drained from recvmbox
 824:Middlewares/Third_Party/LwIP/src/api/api_msg.c ****  * @accepts_drained pending connections drained from acceptmbox
 825:Middlewares/Third_Party/LwIP/src/api/api_msg.c ****  */
 826:Middlewares/Third_Party/LwIP/src/api/api_msg.c **** static void
 827:Middlewares/Third_Party/LwIP/src/api/api_msg.c **** netconn_drain(struct netconn *conn)
 828:Middlewares/Third_Party/LwIP/src/api/api_msg.c **** {
 829:Middlewares/Third_Party/LwIP/src/api/api_msg.c ****   void *mem;
 830:Middlewares/Third_Party/LwIP/src/api/api_msg.c **** 
 831:Middlewares/Third_Party/LwIP/src/api/api_msg.c ****   /* This runs when mbox and netconn are marked as closed,
 832:Middlewares/Third_Party/LwIP/src/api/api_msg.c ****      so we don't need to lock against rx packets */
 833:Middlewares/Third_Party/LwIP/src/api/api_msg.c **** #if LWIP_NETCONN_FULLDUPLEX
 834:Middlewares/Third_Party/LwIP/src/api/api_msg.c ****   LWIP_ASSERT("netconn marked closed", conn->flags & NETCONN_FLAG_MBOXINVALID);
 835:Middlewares/Third_Party/LwIP/src/api/api_msg.c **** #endif /* LWIP_NETCONN_FULLDUPLEX */
 836:Middlewares/Third_Party/LwIP/src/api/api_msg.c **** 
 837:Middlewares/Third_Party/LwIP/src/api/api_msg.c ****   /* Delete and drain the recvmbox. */
 838:Middlewares/Third_Party/LwIP/src/api/api_msg.c ****   if (sys_mbox_valid(&conn->recvmbox)) {
 839:Middlewares/Third_Party/LwIP/src/api/api_msg.c ****     while (sys_mbox_tryfetch(&conn->recvmbox, &mem) != SYS_MBOX_EMPTY) {
 840:Middlewares/Third_Party/LwIP/src/api/api_msg.c **** #if LWIP_NETCONN_FULLDUPLEX
 841:Middlewares/Third_Party/LwIP/src/api/api_msg.c ****       if (!lwip_netconn_is_deallocated_msg(mem))
 842:Middlewares/Third_Party/LwIP/src/api/api_msg.c **** #endif /* LWIP_NETCONN_FULLDUPLEX */
 843:Middlewares/Third_Party/LwIP/src/api/api_msg.c ****       {
 844:Middlewares/Third_Party/LwIP/src/api/api_msg.c **** #if LWIP_TCP
 845:Middlewares/Third_Party/LwIP/src/api/api_msg.c ****         if (NETCONNTYPE_GROUP(conn->type) == NETCONN_TCP) {
 846:Middlewares/Third_Party/LwIP/src/api/api_msg.c ****           err_t err;
 847:Middlewares/Third_Party/LwIP/src/api/api_msg.c ****           if (!lwip_netconn_is_err_msg(mem, &err)) {
 848:Middlewares/Third_Party/LwIP/src/api/api_msg.c ****             pbuf_free((struct pbuf *)mem);
 849:Middlewares/Third_Party/LwIP/src/api/api_msg.c ****           }
 850:Middlewares/Third_Party/LwIP/src/api/api_msg.c ****         } else
 851:Middlewares/Third_Party/LwIP/src/api/api_msg.c **** #endif /* LWIP_TCP */
 852:Middlewares/Third_Party/LwIP/src/api/api_msg.c ****         {
 853:Middlewares/Third_Party/LwIP/src/api/api_msg.c ****           netbuf_delete((struct netbuf *)mem);
 854:Middlewares/Third_Party/LwIP/src/api/api_msg.c ****         }
 855:Middlewares/Third_Party/LwIP/src/api/api_msg.c ****       }
 856:Middlewares/Third_Party/LwIP/src/api/api_msg.c ****     }
 857:Middlewares/Third_Party/LwIP/src/api/api_msg.c ****     sys_mbox_free(&conn->recvmbox);
 858:Middlewares/Third_Party/LwIP/src/api/api_msg.c ****     sys_mbox_set_invalid(&conn->recvmbox);
 859:Middlewares/Third_Party/LwIP/src/api/api_msg.c ****   }
 860:Middlewares/Third_Party/LwIP/src/api/api_msg.c **** 
 861:Middlewares/Third_Party/LwIP/src/api/api_msg.c ****   /* Delete and drain the acceptmbox. */
 862:Middlewares/Third_Party/LwIP/src/api/api_msg.c **** #if LWIP_TCP
 863:Middlewares/Third_Party/LwIP/src/api/api_msg.c ****   if (sys_mbox_valid(&conn->acceptmbox)) {
 864:Middlewares/Third_Party/LwIP/src/api/api_msg.c ****     while (sys_mbox_tryfetch(&conn->acceptmbox, &mem) != SYS_MBOX_EMPTY) {
 865:Middlewares/Third_Party/LwIP/src/api/api_msg.c **** #if LWIP_NETCONN_FULLDUPLEX
 866:Middlewares/Third_Party/LwIP/src/api/api_msg.c ****       if (!lwip_netconn_is_deallocated_msg(mem))
 867:Middlewares/Third_Party/LwIP/src/api/api_msg.c **** #endif /* LWIP_NETCONN_FULLDUPLEX */
 868:Middlewares/Third_Party/LwIP/src/api/api_msg.c ****       {
 869:Middlewares/Third_Party/LwIP/src/api/api_msg.c ****         err_t err;
 870:Middlewares/Third_Party/LwIP/src/api/api_msg.c ****         if (!lwip_netconn_is_err_msg(mem, &err)) {
 871:Middlewares/Third_Party/LwIP/src/api/api_msg.c ****           struct netconn *newconn = (struct netconn *)mem;
 872:Middlewares/Third_Party/LwIP/src/api/api_msg.c ****           /* Only tcp pcbs have an acceptmbox, so no need to check conn->type */
 873:Middlewares/Third_Party/LwIP/src/api/api_msg.c ****           /* pcb might be set to NULL already by err_tcp() */
 874:Middlewares/Third_Party/LwIP/src/api/api_msg.c ****           /* drain recvmbox */
 875:Middlewares/Third_Party/LwIP/src/api/api_msg.c ****           netconn_drain(newconn);
ARM GAS  /tmp/ccMZQUTk.s 			page 35


 876:Middlewares/Third_Party/LwIP/src/api/api_msg.c ****           if (newconn->pcb.tcp != NULL) {
 877:Middlewares/Third_Party/LwIP/src/api/api_msg.c ****             tcp_abort(newconn->pcb.tcp);
 878:Middlewares/Third_Party/LwIP/src/api/api_msg.c ****             newconn->pcb.tcp = NULL;
 879:Middlewares/Third_Party/LwIP/src/api/api_msg.c ****           }
 880:Middlewares/Third_Party/LwIP/src/api/api_msg.c ****           netconn_free(newconn);
 881:Middlewares/Third_Party/LwIP/src/api/api_msg.c ****         }
 882:Middlewares/Third_Party/LwIP/src/api/api_msg.c ****       }
 883:Middlewares/Third_Party/LwIP/src/api/api_msg.c ****     }
 884:Middlewares/Third_Party/LwIP/src/api/api_msg.c ****     sys_mbox_free(&conn->acceptmbox);
 885:Middlewares/Third_Party/LwIP/src/api/api_msg.c ****     sys_mbox_set_invalid(&conn->acceptmbox);
 886:Middlewares/Third_Party/LwIP/src/api/api_msg.c ****   }
 887:Middlewares/Third_Party/LwIP/src/api/api_msg.c **** #endif /* LWIP_TCP */
 888:Middlewares/Third_Party/LwIP/src/api/api_msg.c **** }
 889:Middlewares/Third_Party/LwIP/src/api/api_msg.c **** 
 890:Middlewares/Third_Party/LwIP/src/api/api_msg.c **** #if LWIP_NETCONN_FULLDUPLEX
 891:Middlewares/Third_Party/LwIP/src/api/api_msg.c **** static void
 892:Middlewares/Third_Party/LwIP/src/api/api_msg.c **** netconn_mark_mbox_invalid(struct netconn *conn)
 893:Middlewares/Third_Party/LwIP/src/api/api_msg.c **** {
 894:Middlewares/Third_Party/LwIP/src/api/api_msg.c ****   int i, num_waiting;
 895:Middlewares/Third_Party/LwIP/src/api/api_msg.c ****   void *msg = LWIP_CONST_CAST(void *, &netconn_deleted);
 896:Middlewares/Third_Party/LwIP/src/api/api_msg.c **** 
 897:Middlewares/Third_Party/LwIP/src/api/api_msg.c ****   /* Prevent new calls/threads from reading from the mbox */
 898:Middlewares/Third_Party/LwIP/src/api/api_msg.c ****   conn->flags |= NETCONN_FLAG_MBOXINVALID;
 899:Middlewares/Third_Party/LwIP/src/api/api_msg.c **** 
 900:Middlewares/Third_Party/LwIP/src/api/api_msg.c ****   SYS_ARCH_LOCKED(num_waiting = conn->mbox_threads_waiting);
 901:Middlewares/Third_Party/LwIP/src/api/api_msg.c ****   for (i = 0; i < num_waiting; i++) {
 902:Middlewares/Third_Party/LwIP/src/api/api_msg.c ****     if (sys_mbox_valid_val(conn->recvmbox)) {
 903:Middlewares/Third_Party/LwIP/src/api/api_msg.c ****       sys_mbox_trypost(&conn->recvmbox, msg);
 904:Middlewares/Third_Party/LwIP/src/api/api_msg.c ****     } else {
 905:Middlewares/Third_Party/LwIP/src/api/api_msg.c ****       sys_mbox_trypost(&conn->acceptmbox, msg);
 906:Middlewares/Third_Party/LwIP/src/api/api_msg.c ****     }
 907:Middlewares/Third_Party/LwIP/src/api/api_msg.c ****   }
 908:Middlewares/Third_Party/LwIP/src/api/api_msg.c **** }
 909:Middlewares/Third_Party/LwIP/src/api/api_msg.c **** #endif /* LWIP_NETCONN_FULLDUPLEX */
 910:Middlewares/Third_Party/LwIP/src/api/api_msg.c **** 
 911:Middlewares/Third_Party/LwIP/src/api/api_msg.c **** #if LWIP_TCP
 912:Middlewares/Third_Party/LwIP/src/api/api_msg.c **** /**
 913:Middlewares/Third_Party/LwIP/src/api/api_msg.c ****  * Internal helper function to close a TCP netconn: since this sometimes
 914:Middlewares/Third_Party/LwIP/src/api/api_msg.c ****  * doesn't work at the first attempt, this function is called from multiple
 915:Middlewares/Third_Party/LwIP/src/api/api_msg.c ****  * places.
 916:Middlewares/Third_Party/LwIP/src/api/api_msg.c ****  *
 917:Middlewares/Third_Party/LwIP/src/api/api_msg.c ****  * @param conn the TCP netconn to close
 918:Middlewares/Third_Party/LwIP/src/api/api_msg.c ****  */
 919:Middlewares/Third_Party/LwIP/src/api/api_msg.c **** static err_t
 920:Middlewares/Third_Party/LwIP/src/api/api_msg.c **** lwip_netconn_do_close_internal(struct netconn *conn  WRITE_DELAYED_PARAM)
 921:Middlewares/Third_Party/LwIP/src/api/api_msg.c **** {
 922:Middlewares/Third_Party/LwIP/src/api/api_msg.c ****   err_t err;
 923:Middlewares/Third_Party/LwIP/src/api/api_msg.c ****   u8_t shut, shut_rx, shut_tx, shut_close;
 924:Middlewares/Third_Party/LwIP/src/api/api_msg.c ****   u8_t close_finished = 0;
 925:Middlewares/Third_Party/LwIP/src/api/api_msg.c ****   struct tcp_pcb *tpcb;
 926:Middlewares/Third_Party/LwIP/src/api/api_msg.c **** #if LWIP_SO_LINGER
 927:Middlewares/Third_Party/LwIP/src/api/api_msg.c ****   u8_t linger_wait_required = 0;
 928:Middlewares/Third_Party/LwIP/src/api/api_msg.c **** #endif /* LWIP_SO_LINGER */
 929:Middlewares/Third_Party/LwIP/src/api/api_msg.c **** 
 930:Middlewares/Third_Party/LwIP/src/api/api_msg.c ****   LWIP_ASSERT("invalid conn", (conn != NULL));
 931:Middlewares/Third_Party/LwIP/src/api/api_msg.c ****   LWIP_ASSERT("this is for tcp netconns only", (NETCONNTYPE_GROUP(conn->type) == NETCONN_TCP));
 932:Middlewares/Third_Party/LwIP/src/api/api_msg.c ****   LWIP_ASSERT("conn must be in state NETCONN_CLOSE", (conn->state == NETCONN_CLOSE));
ARM GAS  /tmp/ccMZQUTk.s 			page 36


 933:Middlewares/Third_Party/LwIP/src/api/api_msg.c ****   LWIP_ASSERT("pcb already closed", (conn->pcb.tcp != NULL));
 934:Middlewares/Third_Party/LwIP/src/api/api_msg.c ****   LWIP_ASSERT("conn->current_msg != NULL", conn->current_msg != NULL);
 935:Middlewares/Third_Party/LwIP/src/api/api_msg.c **** 
 936:Middlewares/Third_Party/LwIP/src/api/api_msg.c ****   tpcb = conn->pcb.tcp;
 937:Middlewares/Third_Party/LwIP/src/api/api_msg.c ****   shut = conn->current_msg->msg.sd.shut;
 938:Middlewares/Third_Party/LwIP/src/api/api_msg.c ****   shut_rx = shut & NETCONN_SHUT_RD;
 939:Middlewares/Third_Party/LwIP/src/api/api_msg.c ****   shut_tx = shut & NETCONN_SHUT_WR;
 940:Middlewares/Third_Party/LwIP/src/api/api_msg.c ****   /* shutting down both ends is the same as closing
 941:Middlewares/Third_Party/LwIP/src/api/api_msg.c ****      (also if RD or WR side was shut down before already) */
 942:Middlewares/Third_Party/LwIP/src/api/api_msg.c ****   if (shut == NETCONN_SHUT_RDWR) {
 943:Middlewares/Third_Party/LwIP/src/api/api_msg.c ****     shut_close = 1;
 944:Middlewares/Third_Party/LwIP/src/api/api_msg.c ****   } else if (shut_rx &&
 945:Middlewares/Third_Party/LwIP/src/api/api_msg.c ****              ((tpcb->state == FIN_WAIT_1) ||
 946:Middlewares/Third_Party/LwIP/src/api/api_msg.c ****               (tpcb->state == FIN_WAIT_2) ||
 947:Middlewares/Third_Party/LwIP/src/api/api_msg.c ****               (tpcb->state == CLOSING))) {
 948:Middlewares/Third_Party/LwIP/src/api/api_msg.c ****     shut_close = 1;
 949:Middlewares/Third_Party/LwIP/src/api/api_msg.c ****   } else if (shut_tx && ((tpcb->flags & TF_RXCLOSED) != 0)) {
 950:Middlewares/Third_Party/LwIP/src/api/api_msg.c ****     shut_close = 1;
 951:Middlewares/Third_Party/LwIP/src/api/api_msg.c ****   } else {
 952:Middlewares/Third_Party/LwIP/src/api/api_msg.c ****     shut_close = 0;
 953:Middlewares/Third_Party/LwIP/src/api/api_msg.c ****   }
 954:Middlewares/Third_Party/LwIP/src/api/api_msg.c **** 
 955:Middlewares/Third_Party/LwIP/src/api/api_msg.c ****   /* Set back some callback pointers */
 956:Middlewares/Third_Party/LwIP/src/api/api_msg.c ****   if (shut_close) {
 957:Middlewares/Third_Party/LwIP/src/api/api_msg.c ****     tcp_arg(tpcb, NULL);
 958:Middlewares/Third_Party/LwIP/src/api/api_msg.c ****   }
 959:Middlewares/Third_Party/LwIP/src/api/api_msg.c ****   if (tpcb->state == LISTEN) {
 960:Middlewares/Third_Party/LwIP/src/api/api_msg.c ****     tcp_accept(tpcb, NULL);
 961:Middlewares/Third_Party/LwIP/src/api/api_msg.c ****   } else {
 962:Middlewares/Third_Party/LwIP/src/api/api_msg.c ****     /* some callbacks have to be reset if tcp_close is not successful */
 963:Middlewares/Third_Party/LwIP/src/api/api_msg.c ****     if (shut_rx) {
 964:Middlewares/Third_Party/LwIP/src/api/api_msg.c ****       tcp_recv(tpcb, NULL);
 965:Middlewares/Third_Party/LwIP/src/api/api_msg.c ****       tcp_accept(tpcb, NULL);
 966:Middlewares/Third_Party/LwIP/src/api/api_msg.c ****     }
 967:Middlewares/Third_Party/LwIP/src/api/api_msg.c ****     if (shut_tx) {
 968:Middlewares/Third_Party/LwIP/src/api/api_msg.c ****       tcp_sent(tpcb, NULL);
 969:Middlewares/Third_Party/LwIP/src/api/api_msg.c ****     }
 970:Middlewares/Third_Party/LwIP/src/api/api_msg.c ****     if (shut_close) {
 971:Middlewares/Third_Party/LwIP/src/api/api_msg.c ****       tcp_poll(tpcb, NULL, 0);
 972:Middlewares/Third_Party/LwIP/src/api/api_msg.c ****       tcp_err(tpcb, NULL);
 973:Middlewares/Third_Party/LwIP/src/api/api_msg.c ****     }
 974:Middlewares/Third_Party/LwIP/src/api/api_msg.c ****   }
 975:Middlewares/Third_Party/LwIP/src/api/api_msg.c ****   /* Try to close the connection */
 976:Middlewares/Third_Party/LwIP/src/api/api_msg.c ****   if (shut_close) {
 977:Middlewares/Third_Party/LwIP/src/api/api_msg.c **** #if LWIP_SO_LINGER
 978:Middlewares/Third_Party/LwIP/src/api/api_msg.c ****     /* check linger possibilites before calling tcp_close */
 979:Middlewares/Third_Party/LwIP/src/api/api_msg.c ****     err = ERR_OK;
 980:Middlewares/Third_Party/LwIP/src/api/api_msg.c ****     /* linger enabled/required at all? (i.e. is there untransmitted data left?) */
 981:Middlewares/Third_Party/LwIP/src/api/api_msg.c ****     if ((conn->linger >= 0) && (conn->pcb.tcp->unsent || conn->pcb.tcp->unacked)) {
 982:Middlewares/Third_Party/LwIP/src/api/api_msg.c ****       if ((conn->linger == 0)) {
 983:Middlewares/Third_Party/LwIP/src/api/api_msg.c ****         /* data left but linger prevents waiting */
 984:Middlewares/Third_Party/LwIP/src/api/api_msg.c ****         tcp_abort(tpcb);
 985:Middlewares/Third_Party/LwIP/src/api/api_msg.c ****         tpcb = NULL;
 986:Middlewares/Third_Party/LwIP/src/api/api_msg.c ****       } else if (conn->linger > 0) {
 987:Middlewares/Third_Party/LwIP/src/api/api_msg.c ****         /* data left and linger says we should wait */
 988:Middlewares/Third_Party/LwIP/src/api/api_msg.c ****         if (netconn_is_nonblocking(conn)) {
 989:Middlewares/Third_Party/LwIP/src/api/api_msg.c ****           /* data left on a nonblocking netconn -> cannot linger */
ARM GAS  /tmp/ccMZQUTk.s 			page 37


 990:Middlewares/Third_Party/LwIP/src/api/api_msg.c ****           err = ERR_WOULDBLOCK;
 991:Middlewares/Third_Party/LwIP/src/api/api_msg.c ****         } else if ((s32_t)(sys_now() - conn->current_msg->msg.sd.time_started) >=
 992:Middlewares/Third_Party/LwIP/src/api/api_msg.c ****                    (conn->linger * 1000)) {
 993:Middlewares/Third_Party/LwIP/src/api/api_msg.c ****           /* data left but linger timeout has expired (this happens on further
 994:Middlewares/Third_Party/LwIP/src/api/api_msg.c ****              calls to this function through poll_tcp */
 995:Middlewares/Third_Party/LwIP/src/api/api_msg.c ****           tcp_abort(tpcb);
 996:Middlewares/Third_Party/LwIP/src/api/api_msg.c ****           tpcb = NULL;
 997:Middlewares/Third_Party/LwIP/src/api/api_msg.c ****         } else {
 998:Middlewares/Third_Party/LwIP/src/api/api_msg.c ****           /* data left -> need to wait for ACK after successful close */
 999:Middlewares/Third_Party/LwIP/src/api/api_msg.c ****           linger_wait_required = 1;
1000:Middlewares/Third_Party/LwIP/src/api/api_msg.c ****         }
1001:Middlewares/Third_Party/LwIP/src/api/api_msg.c ****       }
1002:Middlewares/Third_Party/LwIP/src/api/api_msg.c ****     }
1003:Middlewares/Third_Party/LwIP/src/api/api_msg.c ****     if ((err == ERR_OK) && (tpcb != NULL))
1004:Middlewares/Third_Party/LwIP/src/api/api_msg.c **** #endif /* LWIP_SO_LINGER */
1005:Middlewares/Third_Party/LwIP/src/api/api_msg.c ****     {
1006:Middlewares/Third_Party/LwIP/src/api/api_msg.c ****       err = tcp_close(tpcb);
1007:Middlewares/Third_Party/LwIP/src/api/api_msg.c ****     }
1008:Middlewares/Third_Party/LwIP/src/api/api_msg.c ****   } else {
1009:Middlewares/Third_Party/LwIP/src/api/api_msg.c ****     err = tcp_shutdown(tpcb, shut_rx, shut_tx);
1010:Middlewares/Third_Party/LwIP/src/api/api_msg.c ****   }
1011:Middlewares/Third_Party/LwIP/src/api/api_msg.c ****   if (err == ERR_OK) {
1012:Middlewares/Third_Party/LwIP/src/api/api_msg.c ****     close_finished = 1;
1013:Middlewares/Third_Party/LwIP/src/api/api_msg.c **** #if LWIP_SO_LINGER
1014:Middlewares/Third_Party/LwIP/src/api/api_msg.c ****     if (linger_wait_required) {
1015:Middlewares/Third_Party/LwIP/src/api/api_msg.c ****       /* wait for ACK of all unsent/unacked data by just getting called again */
1016:Middlewares/Third_Party/LwIP/src/api/api_msg.c ****       close_finished = 0;
1017:Middlewares/Third_Party/LwIP/src/api/api_msg.c ****       err = ERR_INPROGRESS;
1018:Middlewares/Third_Party/LwIP/src/api/api_msg.c ****     }
1019:Middlewares/Third_Party/LwIP/src/api/api_msg.c **** #endif /* LWIP_SO_LINGER */
1020:Middlewares/Third_Party/LwIP/src/api/api_msg.c ****   } else {
1021:Middlewares/Third_Party/LwIP/src/api/api_msg.c ****     if (err == ERR_MEM) {
1022:Middlewares/Third_Party/LwIP/src/api/api_msg.c ****       /* Closing failed because of memory shortage, try again later. Even for
1023:Middlewares/Third_Party/LwIP/src/api/api_msg.c ****          nonblocking netconns, we have to wait since no standard socket application
1024:Middlewares/Third_Party/LwIP/src/api/api_msg.c ****          is prepared for close failing because of resource shortage.
1025:Middlewares/Third_Party/LwIP/src/api/api_msg.c ****          Check the timeout: this is kind of an lwip addition to the standard sockets:
1026:Middlewares/Third_Party/LwIP/src/api/api_msg.c ****          we wait for some time when failing to allocate a segment for the FIN */
1027:Middlewares/Third_Party/LwIP/src/api/api_msg.c **** #if LWIP_SO_SNDTIMEO || LWIP_SO_LINGER
1028:Middlewares/Third_Party/LwIP/src/api/api_msg.c ****       s32_t close_timeout = LWIP_TCP_CLOSE_TIMEOUT_MS_DEFAULT;
1029:Middlewares/Third_Party/LwIP/src/api/api_msg.c **** #if LWIP_SO_SNDTIMEO
1030:Middlewares/Third_Party/LwIP/src/api/api_msg.c ****       if (conn->send_timeout > 0) {
1031:Middlewares/Third_Party/LwIP/src/api/api_msg.c ****         close_timeout = conn->send_timeout;
1032:Middlewares/Third_Party/LwIP/src/api/api_msg.c ****       }
1033:Middlewares/Third_Party/LwIP/src/api/api_msg.c **** #endif /* LWIP_SO_SNDTIMEO */
1034:Middlewares/Third_Party/LwIP/src/api/api_msg.c **** #if LWIP_SO_LINGER
1035:Middlewares/Third_Party/LwIP/src/api/api_msg.c ****       if (conn->linger >= 0) {
1036:Middlewares/Third_Party/LwIP/src/api/api_msg.c ****         /* use linger timeout (seconds) */
1037:Middlewares/Third_Party/LwIP/src/api/api_msg.c ****         close_timeout = conn->linger * 1000U;
1038:Middlewares/Third_Party/LwIP/src/api/api_msg.c ****       }
1039:Middlewares/Third_Party/LwIP/src/api/api_msg.c **** #endif
1040:Middlewares/Third_Party/LwIP/src/api/api_msg.c ****       if ((s32_t)(sys_now() - conn->current_msg->msg.sd.time_started) >= close_timeout) {
1041:Middlewares/Third_Party/LwIP/src/api/api_msg.c **** #else /* LWIP_SO_SNDTIMEO || LWIP_SO_LINGER */
1042:Middlewares/Third_Party/LwIP/src/api/api_msg.c ****       if (conn->current_msg->msg.sd.polls_left == 0) {
1043:Middlewares/Third_Party/LwIP/src/api/api_msg.c **** #endif /* LWIP_SO_SNDTIMEO || LWIP_SO_LINGER */
1044:Middlewares/Third_Party/LwIP/src/api/api_msg.c ****         close_finished = 1;
1045:Middlewares/Third_Party/LwIP/src/api/api_msg.c ****         if (shut_close) {
1046:Middlewares/Third_Party/LwIP/src/api/api_msg.c ****           /* in this case, we want to RST the connection */
ARM GAS  /tmp/ccMZQUTk.s 			page 38


1047:Middlewares/Third_Party/LwIP/src/api/api_msg.c ****           tcp_abort(tpcb);
1048:Middlewares/Third_Party/LwIP/src/api/api_msg.c ****           err = ERR_OK;
1049:Middlewares/Third_Party/LwIP/src/api/api_msg.c ****         }
1050:Middlewares/Third_Party/LwIP/src/api/api_msg.c ****       }
1051:Middlewares/Third_Party/LwIP/src/api/api_msg.c ****     } else {
1052:Middlewares/Third_Party/LwIP/src/api/api_msg.c ****       /* Closing failed for a non-memory error: give up */
1053:Middlewares/Third_Party/LwIP/src/api/api_msg.c ****       close_finished = 1;
1054:Middlewares/Third_Party/LwIP/src/api/api_msg.c ****     }
1055:Middlewares/Third_Party/LwIP/src/api/api_msg.c ****   }
1056:Middlewares/Third_Party/LwIP/src/api/api_msg.c ****   if (close_finished) {
1057:Middlewares/Third_Party/LwIP/src/api/api_msg.c ****     /* Closing done (succeeded, non-memory error, nonblocking error or timeout) */
1058:Middlewares/Third_Party/LwIP/src/api/api_msg.c ****     sys_sem_t *op_completed_sem = LWIP_API_MSG_SEM(conn->current_msg);
1059:Middlewares/Third_Party/LwIP/src/api/api_msg.c ****     conn->current_msg->err = err;
1060:Middlewares/Third_Party/LwIP/src/api/api_msg.c ****     conn->current_msg = NULL;
1061:Middlewares/Third_Party/LwIP/src/api/api_msg.c ****     conn->state = NETCONN_NONE;
1062:Middlewares/Third_Party/LwIP/src/api/api_msg.c ****     if (err == ERR_OK) {
1063:Middlewares/Third_Party/LwIP/src/api/api_msg.c ****       if (shut_close) {
1064:Middlewares/Third_Party/LwIP/src/api/api_msg.c ****         /* Set back some callback pointers as conn is going away */
1065:Middlewares/Third_Party/LwIP/src/api/api_msg.c ****         conn->pcb.tcp = NULL;
1066:Middlewares/Third_Party/LwIP/src/api/api_msg.c ****         /* Trigger select() in socket layer. Make sure everybody notices activity
1067:Middlewares/Third_Party/LwIP/src/api/api_msg.c ****          on the connection, error first! */
1068:Middlewares/Third_Party/LwIP/src/api/api_msg.c ****         API_EVENT(conn, NETCONN_EVT_ERROR, 0);
1069:Middlewares/Third_Party/LwIP/src/api/api_msg.c ****       }
1070:Middlewares/Third_Party/LwIP/src/api/api_msg.c ****       if (shut_rx) {
1071:Middlewares/Third_Party/LwIP/src/api/api_msg.c ****         API_EVENT(conn, NETCONN_EVT_RCVPLUS, 0);
1072:Middlewares/Third_Party/LwIP/src/api/api_msg.c ****       }
1073:Middlewares/Third_Party/LwIP/src/api/api_msg.c ****       if (shut_tx) {
1074:Middlewares/Third_Party/LwIP/src/api/api_msg.c ****         API_EVENT(conn, NETCONN_EVT_SENDPLUS, 0);
1075:Middlewares/Third_Party/LwIP/src/api/api_msg.c ****       }
1076:Middlewares/Third_Party/LwIP/src/api/api_msg.c ****     }
1077:Middlewares/Third_Party/LwIP/src/api/api_msg.c **** #if LWIP_TCPIP_CORE_LOCKING
1078:Middlewares/Third_Party/LwIP/src/api/api_msg.c ****     if (delayed)
1079:Middlewares/Third_Party/LwIP/src/api/api_msg.c **** #endif
1080:Middlewares/Third_Party/LwIP/src/api/api_msg.c ****     {
1081:Middlewares/Third_Party/LwIP/src/api/api_msg.c ****       /* wake up the application task */
1082:Middlewares/Third_Party/LwIP/src/api/api_msg.c ****       sys_sem_signal(op_completed_sem);
1083:Middlewares/Third_Party/LwIP/src/api/api_msg.c ****     }
1084:Middlewares/Third_Party/LwIP/src/api/api_msg.c ****     return ERR_OK;
1085:Middlewares/Third_Party/LwIP/src/api/api_msg.c ****   }
1086:Middlewares/Third_Party/LwIP/src/api/api_msg.c ****   if (!close_finished) {
1087:Middlewares/Third_Party/LwIP/src/api/api_msg.c ****     /* Closing failed and we want to wait: restore some of the callbacks */
1088:Middlewares/Third_Party/LwIP/src/api/api_msg.c ****     /* Closing of listen pcb will never fail! */
1089:Middlewares/Third_Party/LwIP/src/api/api_msg.c ****     LWIP_ASSERT("Closing a listen pcb may not fail!", (tpcb->state != LISTEN));
1090:Middlewares/Third_Party/LwIP/src/api/api_msg.c ****     if (shut_tx) {
1091:Middlewares/Third_Party/LwIP/src/api/api_msg.c ****       tcp_sent(tpcb, sent_tcp);
1092:Middlewares/Third_Party/LwIP/src/api/api_msg.c ****     }
1093:Middlewares/Third_Party/LwIP/src/api/api_msg.c ****     /* when waiting for close, set up poll interval to 500ms */
1094:Middlewares/Third_Party/LwIP/src/api/api_msg.c ****     tcp_poll(tpcb, poll_tcp, 1);
1095:Middlewares/Third_Party/LwIP/src/api/api_msg.c ****     tcp_err(tpcb, err_tcp);
1096:Middlewares/Third_Party/LwIP/src/api/api_msg.c ****     tcp_arg(tpcb, conn);
1097:Middlewares/Third_Party/LwIP/src/api/api_msg.c ****     /* don't restore recv callback: we don't want to receive any more data */
1098:Middlewares/Third_Party/LwIP/src/api/api_msg.c ****   }
1099:Middlewares/Third_Party/LwIP/src/api/api_msg.c ****   /* If closing didn't succeed, we get called again either
1100:Middlewares/Third_Party/LwIP/src/api/api_msg.c ****      from poll_tcp or from sent_tcp */
1101:Middlewares/Third_Party/LwIP/src/api/api_msg.c ****   LWIP_ASSERT("err != ERR_OK", err != ERR_OK);
1102:Middlewares/Third_Party/LwIP/src/api/api_msg.c ****   return err;
1103:Middlewares/Third_Party/LwIP/src/api/api_msg.c **** }
ARM GAS  /tmp/ccMZQUTk.s 			page 39


1104:Middlewares/Third_Party/LwIP/src/api/api_msg.c **** #endif /* LWIP_TCP */
1105:Middlewares/Third_Party/LwIP/src/api/api_msg.c **** 
1106:Middlewares/Third_Party/LwIP/src/api/api_msg.c **** /**
1107:Middlewares/Third_Party/LwIP/src/api/api_msg.c ****  * Delete the pcb inside a netconn.
1108:Middlewares/Third_Party/LwIP/src/api/api_msg.c ****  * Called from netconn_delete.
1109:Middlewares/Third_Party/LwIP/src/api/api_msg.c ****  *
1110:Middlewares/Third_Party/LwIP/src/api/api_msg.c ****  * @param m the api_msg pointing to the connection
1111:Middlewares/Third_Party/LwIP/src/api/api_msg.c ****  */
1112:Middlewares/Third_Party/LwIP/src/api/api_msg.c **** void
1113:Middlewares/Third_Party/LwIP/src/api/api_msg.c **** lwip_netconn_do_delconn(void *m)
1114:Middlewares/Third_Party/LwIP/src/api/api_msg.c **** {
1115:Middlewares/Third_Party/LwIP/src/api/api_msg.c ****   struct api_msg *msg = (struct api_msg *)m;
1116:Middlewares/Third_Party/LwIP/src/api/api_msg.c **** 
1117:Middlewares/Third_Party/LwIP/src/api/api_msg.c ****   enum netconn_state state = msg->conn->state;
1118:Middlewares/Third_Party/LwIP/src/api/api_msg.c ****   LWIP_ASSERT("netconn state error", /* this only happens for TCP netconns */
1119:Middlewares/Third_Party/LwIP/src/api/api_msg.c ****               (state == NETCONN_NONE) || (NETCONNTYPE_GROUP(msg->conn->type) == NETCONN_TCP));
1120:Middlewares/Third_Party/LwIP/src/api/api_msg.c **** #if LWIP_NETCONN_FULLDUPLEX
1121:Middlewares/Third_Party/LwIP/src/api/api_msg.c ****   /* In full duplex mode, blocking write/connect is aborted with ERR_CLSD */
1122:Middlewares/Third_Party/LwIP/src/api/api_msg.c ****   if (state != NETCONN_NONE) {
1123:Middlewares/Third_Party/LwIP/src/api/api_msg.c ****     if ((state == NETCONN_WRITE) ||
1124:Middlewares/Third_Party/LwIP/src/api/api_msg.c ****         ((state == NETCONN_CONNECT) && !IN_NONBLOCKING_CONNECT(msg->conn))) {
1125:Middlewares/Third_Party/LwIP/src/api/api_msg.c ****       /* close requested, abort running write/connect */
1126:Middlewares/Third_Party/LwIP/src/api/api_msg.c ****       sys_sem_t *op_completed_sem;
1127:Middlewares/Third_Party/LwIP/src/api/api_msg.c ****       LWIP_ASSERT("msg->conn->current_msg != NULL", msg->conn->current_msg != NULL);
1128:Middlewares/Third_Party/LwIP/src/api/api_msg.c ****       op_completed_sem = LWIP_API_MSG_SEM(msg->conn->current_msg);
1129:Middlewares/Third_Party/LwIP/src/api/api_msg.c ****       msg->conn->current_msg->err = ERR_CLSD;
1130:Middlewares/Third_Party/LwIP/src/api/api_msg.c ****       msg->conn->current_msg = NULL;
1131:Middlewares/Third_Party/LwIP/src/api/api_msg.c ****       msg->conn->state = NETCONN_NONE;
1132:Middlewares/Third_Party/LwIP/src/api/api_msg.c ****       sys_sem_signal(op_completed_sem);
1133:Middlewares/Third_Party/LwIP/src/api/api_msg.c ****     }
1134:Middlewares/Third_Party/LwIP/src/api/api_msg.c ****   }
1135:Middlewares/Third_Party/LwIP/src/api/api_msg.c **** #else /* LWIP_NETCONN_FULLDUPLEX */
1136:Middlewares/Third_Party/LwIP/src/api/api_msg.c ****   if (((state != NETCONN_NONE) &&
1137:Middlewares/Third_Party/LwIP/src/api/api_msg.c ****        (state != NETCONN_LISTEN) &&
1138:Middlewares/Third_Party/LwIP/src/api/api_msg.c ****        (state != NETCONN_CONNECT)) ||
1139:Middlewares/Third_Party/LwIP/src/api/api_msg.c ****       ((state == NETCONN_CONNECT) && !IN_NONBLOCKING_CONNECT(msg->conn))) {
1140:Middlewares/Third_Party/LwIP/src/api/api_msg.c ****     /* This means either a blocking write or blocking connect is running
1141:Middlewares/Third_Party/LwIP/src/api/api_msg.c ****        (nonblocking write returns and sets state to NONE) */
1142:Middlewares/Third_Party/LwIP/src/api/api_msg.c ****     msg->err = ERR_INPROGRESS;
1143:Middlewares/Third_Party/LwIP/src/api/api_msg.c ****   } else
1144:Middlewares/Third_Party/LwIP/src/api/api_msg.c **** #endif /* LWIP_NETCONN_FULLDUPLEX */
1145:Middlewares/Third_Party/LwIP/src/api/api_msg.c ****   {
1146:Middlewares/Third_Party/LwIP/src/api/api_msg.c ****     LWIP_ASSERT("blocking connect in progress",
1147:Middlewares/Third_Party/LwIP/src/api/api_msg.c ****                 (state != NETCONN_CONNECT) || IN_NONBLOCKING_CONNECT(msg->conn));
1148:Middlewares/Third_Party/LwIP/src/api/api_msg.c ****     msg->err = ERR_OK;
1149:Middlewares/Third_Party/LwIP/src/api/api_msg.c **** #if LWIP_NETCONN_FULLDUPLEX
1150:Middlewares/Third_Party/LwIP/src/api/api_msg.c ****     /* Mark mboxes invalid */
1151:Middlewares/Third_Party/LwIP/src/api/api_msg.c ****     netconn_mark_mbox_invalid(msg->conn);
1152:Middlewares/Third_Party/LwIP/src/api/api_msg.c **** #else /* LWIP_NETCONN_FULLDUPLEX */
1153:Middlewares/Third_Party/LwIP/src/api/api_msg.c ****     netconn_drain(msg->conn);
1154:Middlewares/Third_Party/LwIP/src/api/api_msg.c **** #endif /* LWIP_NETCONN_FULLDUPLEX */
1155:Middlewares/Third_Party/LwIP/src/api/api_msg.c **** 
1156:Middlewares/Third_Party/LwIP/src/api/api_msg.c ****     if (msg->conn->pcb.tcp != NULL) {
1157:Middlewares/Third_Party/LwIP/src/api/api_msg.c **** 
1158:Middlewares/Third_Party/LwIP/src/api/api_msg.c ****       switch (NETCONNTYPE_GROUP(msg->conn->type)) {
1159:Middlewares/Third_Party/LwIP/src/api/api_msg.c **** #if LWIP_RAW
1160:Middlewares/Third_Party/LwIP/src/api/api_msg.c ****         case NETCONN_RAW:
ARM GAS  /tmp/ccMZQUTk.s 			page 40


1161:Middlewares/Third_Party/LwIP/src/api/api_msg.c ****           raw_remove(msg->conn->pcb.raw);
1162:Middlewares/Third_Party/LwIP/src/api/api_msg.c ****           break;
1163:Middlewares/Third_Party/LwIP/src/api/api_msg.c **** #endif /* LWIP_RAW */
1164:Middlewares/Third_Party/LwIP/src/api/api_msg.c **** #if LWIP_UDP
1165:Middlewares/Third_Party/LwIP/src/api/api_msg.c ****         case NETCONN_UDP:
1166:Middlewares/Third_Party/LwIP/src/api/api_msg.c ****           msg->conn->pcb.udp->recv_arg = NULL;
1167:Middlewares/Third_Party/LwIP/src/api/api_msg.c ****           udp_remove(msg->conn->pcb.udp);
1168:Middlewares/Third_Party/LwIP/src/api/api_msg.c ****           break;
1169:Middlewares/Third_Party/LwIP/src/api/api_msg.c **** #endif /* LWIP_UDP */
1170:Middlewares/Third_Party/LwIP/src/api/api_msg.c **** #if LWIP_TCP
1171:Middlewares/Third_Party/LwIP/src/api/api_msg.c ****         case NETCONN_TCP:
1172:Middlewares/Third_Party/LwIP/src/api/api_msg.c ****           LWIP_ASSERT("already writing or closing", msg->conn->current_msg == NULL);
1173:Middlewares/Third_Party/LwIP/src/api/api_msg.c ****           msg->conn->state = NETCONN_CLOSE;
1174:Middlewares/Third_Party/LwIP/src/api/api_msg.c ****           msg->msg.sd.shut = NETCONN_SHUT_RDWR;
1175:Middlewares/Third_Party/LwIP/src/api/api_msg.c ****           msg->conn->current_msg = msg;
1176:Middlewares/Third_Party/LwIP/src/api/api_msg.c **** #if LWIP_TCPIP_CORE_LOCKING
1177:Middlewares/Third_Party/LwIP/src/api/api_msg.c ****           if (lwip_netconn_do_close_internal(msg->conn, 0) != ERR_OK) {
1178:Middlewares/Third_Party/LwIP/src/api/api_msg.c ****             LWIP_ASSERT("state!", msg->conn->state == NETCONN_CLOSE);
1179:Middlewares/Third_Party/LwIP/src/api/api_msg.c ****             UNLOCK_TCPIP_CORE();
1180:Middlewares/Third_Party/LwIP/src/api/api_msg.c ****             sys_arch_sem_wait(LWIP_API_MSG_SEM(msg), 0);
1181:Middlewares/Third_Party/LwIP/src/api/api_msg.c ****             LOCK_TCPIP_CORE();
1182:Middlewares/Third_Party/LwIP/src/api/api_msg.c ****             LWIP_ASSERT("state!", msg->conn->state == NETCONN_NONE);
1183:Middlewares/Third_Party/LwIP/src/api/api_msg.c ****           }
1184:Middlewares/Third_Party/LwIP/src/api/api_msg.c **** #else /* LWIP_TCPIP_CORE_LOCKING */
1185:Middlewares/Third_Party/LwIP/src/api/api_msg.c ****           lwip_netconn_do_close_internal(msg->conn);
1186:Middlewares/Third_Party/LwIP/src/api/api_msg.c **** #endif /* LWIP_TCPIP_CORE_LOCKING */
1187:Middlewares/Third_Party/LwIP/src/api/api_msg.c ****           /* API_EVENT is called inside lwip_netconn_do_close_internal, before releasing
1188:Middlewares/Third_Party/LwIP/src/api/api_msg.c ****              the application thread, so we can return at this point! */
1189:Middlewares/Third_Party/LwIP/src/api/api_msg.c ****           return;
1190:Middlewares/Third_Party/LwIP/src/api/api_msg.c **** #endif /* LWIP_TCP */
1191:Middlewares/Third_Party/LwIP/src/api/api_msg.c ****         default:
1192:Middlewares/Third_Party/LwIP/src/api/api_msg.c ****           break;
1193:Middlewares/Third_Party/LwIP/src/api/api_msg.c ****       }
1194:Middlewares/Third_Party/LwIP/src/api/api_msg.c ****       msg->conn->pcb.tcp = NULL;
1195:Middlewares/Third_Party/LwIP/src/api/api_msg.c ****     }
1196:Middlewares/Third_Party/LwIP/src/api/api_msg.c ****     /* tcp netconns don't come here! */
1197:Middlewares/Third_Party/LwIP/src/api/api_msg.c **** 
1198:Middlewares/Third_Party/LwIP/src/api/api_msg.c ****     /* @todo: this lets select make the socket readable and writable,
1199:Middlewares/Third_Party/LwIP/src/api/api_msg.c ****        which is wrong! errfd instead? */
1200:Middlewares/Third_Party/LwIP/src/api/api_msg.c ****     API_EVENT(msg->conn, NETCONN_EVT_RCVPLUS, 0);
1201:Middlewares/Third_Party/LwIP/src/api/api_msg.c ****     API_EVENT(msg->conn, NETCONN_EVT_SENDPLUS, 0);
1202:Middlewares/Third_Party/LwIP/src/api/api_msg.c ****   }
1203:Middlewares/Third_Party/LwIP/src/api/api_msg.c ****   if (sys_sem_valid(LWIP_API_MSG_SEM(msg))) {
1204:Middlewares/Third_Party/LwIP/src/api/api_msg.c ****     TCPIP_APIMSG_ACK(msg);
1205:Middlewares/Third_Party/LwIP/src/api/api_msg.c ****   }
1206:Middlewares/Third_Party/LwIP/src/api/api_msg.c **** }
1207:Middlewares/Third_Party/LwIP/src/api/api_msg.c **** 
1208:Middlewares/Third_Party/LwIP/src/api/api_msg.c **** /**
1209:Middlewares/Third_Party/LwIP/src/api/api_msg.c ****  * Bind a pcb contained in a netconn
1210:Middlewares/Third_Party/LwIP/src/api/api_msg.c ****  * Called from netconn_bind.
1211:Middlewares/Third_Party/LwIP/src/api/api_msg.c ****  *
1212:Middlewares/Third_Party/LwIP/src/api/api_msg.c ****  * @param m the api_msg pointing to the connection and containing
1213:Middlewares/Third_Party/LwIP/src/api/api_msg.c ****  *          the IP address and port to bind to
1214:Middlewares/Third_Party/LwIP/src/api/api_msg.c ****  */
1215:Middlewares/Third_Party/LwIP/src/api/api_msg.c **** void
1216:Middlewares/Third_Party/LwIP/src/api/api_msg.c **** lwip_netconn_do_bind(void *m)
1217:Middlewares/Third_Party/LwIP/src/api/api_msg.c **** {
ARM GAS  /tmp/ccMZQUTk.s 			page 41


1218:Middlewares/Third_Party/LwIP/src/api/api_msg.c ****   struct api_msg *msg = (struct api_msg *)m;
1219:Middlewares/Third_Party/LwIP/src/api/api_msg.c ****   err_t err;
1220:Middlewares/Third_Party/LwIP/src/api/api_msg.c **** 
1221:Middlewares/Third_Party/LwIP/src/api/api_msg.c ****   if (msg->conn->pcb.tcp != NULL) {
1222:Middlewares/Third_Party/LwIP/src/api/api_msg.c ****     switch (NETCONNTYPE_GROUP(msg->conn->type)) {
1223:Middlewares/Third_Party/LwIP/src/api/api_msg.c **** #if LWIP_RAW
1224:Middlewares/Third_Party/LwIP/src/api/api_msg.c ****       case NETCONN_RAW:
1225:Middlewares/Third_Party/LwIP/src/api/api_msg.c ****         err = raw_bind(msg->conn->pcb.raw, API_EXPR_REF(msg->msg.bc.ipaddr));
1226:Middlewares/Third_Party/LwIP/src/api/api_msg.c ****         break;
1227:Middlewares/Third_Party/LwIP/src/api/api_msg.c **** #endif /* LWIP_RAW */
1228:Middlewares/Third_Party/LwIP/src/api/api_msg.c **** #if LWIP_UDP
1229:Middlewares/Third_Party/LwIP/src/api/api_msg.c ****       case NETCONN_UDP:
1230:Middlewares/Third_Party/LwIP/src/api/api_msg.c ****         err = udp_bind(msg->conn->pcb.udp, API_EXPR_REF(msg->msg.bc.ipaddr), msg->msg.bc.port);
1231:Middlewares/Third_Party/LwIP/src/api/api_msg.c ****         break;
1232:Middlewares/Third_Party/LwIP/src/api/api_msg.c **** #endif /* LWIP_UDP */
1233:Middlewares/Third_Party/LwIP/src/api/api_msg.c **** #if LWIP_TCP
1234:Middlewares/Third_Party/LwIP/src/api/api_msg.c ****       case NETCONN_TCP:
1235:Middlewares/Third_Party/LwIP/src/api/api_msg.c ****         err = tcp_bind(msg->conn->pcb.tcp, API_EXPR_REF(msg->msg.bc.ipaddr), msg->msg.bc.port);
1236:Middlewares/Third_Party/LwIP/src/api/api_msg.c ****         break;
1237:Middlewares/Third_Party/LwIP/src/api/api_msg.c **** #endif /* LWIP_TCP */
1238:Middlewares/Third_Party/LwIP/src/api/api_msg.c ****       default:
1239:Middlewares/Third_Party/LwIP/src/api/api_msg.c ****         err = ERR_VAL;
1240:Middlewares/Third_Party/LwIP/src/api/api_msg.c ****         break;
1241:Middlewares/Third_Party/LwIP/src/api/api_msg.c ****     }
1242:Middlewares/Third_Party/LwIP/src/api/api_msg.c ****   } else {
1243:Middlewares/Third_Party/LwIP/src/api/api_msg.c ****     err = ERR_VAL;
1244:Middlewares/Third_Party/LwIP/src/api/api_msg.c ****   }
1245:Middlewares/Third_Party/LwIP/src/api/api_msg.c ****   msg->err = err;
1246:Middlewares/Third_Party/LwIP/src/api/api_msg.c ****   TCPIP_APIMSG_ACK(msg);
1247:Middlewares/Third_Party/LwIP/src/api/api_msg.c **** }
1248:Middlewares/Third_Party/LwIP/src/api/api_msg.c **** /**
1249:Middlewares/Third_Party/LwIP/src/api/api_msg.c ****  * Bind a pcb contained in a netconn to an interface
1250:Middlewares/Third_Party/LwIP/src/api/api_msg.c ****  * Called from netconn_bind_if.
1251:Middlewares/Third_Party/LwIP/src/api/api_msg.c ****  *
1252:Middlewares/Third_Party/LwIP/src/api/api_msg.c ****  * @param m the api_msg pointing to the connection and containing
1253:Middlewares/Third_Party/LwIP/src/api/api_msg.c ****  *          the IP address and port to bind to
1254:Middlewares/Third_Party/LwIP/src/api/api_msg.c ****  */
1255:Middlewares/Third_Party/LwIP/src/api/api_msg.c **** void
1256:Middlewares/Third_Party/LwIP/src/api/api_msg.c **** lwip_netconn_do_bind_if(void *m)
1257:Middlewares/Third_Party/LwIP/src/api/api_msg.c **** {
1258:Middlewares/Third_Party/LwIP/src/api/api_msg.c ****   struct netif *netif;
1259:Middlewares/Third_Party/LwIP/src/api/api_msg.c ****   struct api_msg *msg = (struct api_msg *)m;
1260:Middlewares/Third_Party/LwIP/src/api/api_msg.c ****   err_t err;
1261:Middlewares/Third_Party/LwIP/src/api/api_msg.c **** 
1262:Middlewares/Third_Party/LwIP/src/api/api_msg.c ****   netif = netif_get_by_index(msg->msg.bc.if_idx);
1263:Middlewares/Third_Party/LwIP/src/api/api_msg.c **** 
1264:Middlewares/Third_Party/LwIP/src/api/api_msg.c ****   if ((netif != NULL) && (msg->conn->pcb.tcp != NULL)) {
1265:Middlewares/Third_Party/LwIP/src/api/api_msg.c ****     err = ERR_OK;
1266:Middlewares/Third_Party/LwIP/src/api/api_msg.c ****     switch (NETCONNTYPE_GROUP(msg->conn->type)) {
1267:Middlewares/Third_Party/LwIP/src/api/api_msg.c **** #if LWIP_RAW
1268:Middlewares/Third_Party/LwIP/src/api/api_msg.c ****       case NETCONN_RAW:
1269:Middlewares/Third_Party/LwIP/src/api/api_msg.c ****         raw_bind_netif(msg->conn->pcb.raw, netif);
1270:Middlewares/Third_Party/LwIP/src/api/api_msg.c ****         break;
1271:Middlewares/Third_Party/LwIP/src/api/api_msg.c **** #endif /* LWIP_RAW */
1272:Middlewares/Third_Party/LwIP/src/api/api_msg.c **** #if LWIP_UDP
1273:Middlewares/Third_Party/LwIP/src/api/api_msg.c ****       case NETCONN_UDP:
1274:Middlewares/Third_Party/LwIP/src/api/api_msg.c ****         udp_bind_netif(msg->conn->pcb.udp, netif);
ARM GAS  /tmp/ccMZQUTk.s 			page 42


1275:Middlewares/Third_Party/LwIP/src/api/api_msg.c ****         break;
1276:Middlewares/Third_Party/LwIP/src/api/api_msg.c **** #endif /* LWIP_UDP */
1277:Middlewares/Third_Party/LwIP/src/api/api_msg.c **** #if LWIP_TCP
1278:Middlewares/Third_Party/LwIP/src/api/api_msg.c ****       case NETCONN_TCP:
1279:Middlewares/Third_Party/LwIP/src/api/api_msg.c ****         tcp_bind_netif(msg->conn->pcb.tcp, netif);
1280:Middlewares/Third_Party/LwIP/src/api/api_msg.c ****         break;
1281:Middlewares/Third_Party/LwIP/src/api/api_msg.c **** #endif /* LWIP_TCP */
1282:Middlewares/Third_Party/LwIP/src/api/api_msg.c ****       default:
1283:Middlewares/Third_Party/LwIP/src/api/api_msg.c ****         err = ERR_VAL;
1284:Middlewares/Third_Party/LwIP/src/api/api_msg.c ****         break;
1285:Middlewares/Third_Party/LwIP/src/api/api_msg.c ****     }
1286:Middlewares/Third_Party/LwIP/src/api/api_msg.c ****   } else {
1287:Middlewares/Third_Party/LwIP/src/api/api_msg.c ****     err = ERR_VAL;
1288:Middlewares/Third_Party/LwIP/src/api/api_msg.c ****   }
1289:Middlewares/Third_Party/LwIP/src/api/api_msg.c ****   msg->err = err;
1290:Middlewares/Third_Party/LwIP/src/api/api_msg.c ****   TCPIP_APIMSG_ACK(msg);
1291:Middlewares/Third_Party/LwIP/src/api/api_msg.c **** }
1292:Middlewares/Third_Party/LwIP/src/api/api_msg.c **** 
1293:Middlewares/Third_Party/LwIP/src/api/api_msg.c **** #if LWIP_TCP
1294:Middlewares/Third_Party/LwIP/src/api/api_msg.c **** /**
1295:Middlewares/Third_Party/LwIP/src/api/api_msg.c ****  * TCP callback function if a connection (opened by tcp_connect/lwip_netconn_do_connect) has
1296:Middlewares/Third_Party/LwIP/src/api/api_msg.c ****  * been established (or reset by the remote host).
1297:Middlewares/Third_Party/LwIP/src/api/api_msg.c ****  *
1298:Middlewares/Third_Party/LwIP/src/api/api_msg.c ****  * @see tcp.h (struct tcp_pcb.connected) for parameters and return values
1299:Middlewares/Third_Party/LwIP/src/api/api_msg.c ****  */
1300:Middlewares/Third_Party/LwIP/src/api/api_msg.c **** static err_t
1301:Middlewares/Third_Party/LwIP/src/api/api_msg.c **** lwip_netconn_do_connected(void *arg, struct tcp_pcb *pcb, err_t err)
1302:Middlewares/Third_Party/LwIP/src/api/api_msg.c **** {
 879              		.loc 1 1302 1 view -0
 880              		.cfi_startproc
 881              		@ args = 0, pretend = 0, frame = 0
 882              		@ frame_needed = 0, uses_anonymous_args = 0
1303:Middlewares/Third_Party/LwIP/src/api/api_msg.c ****   struct netconn *conn;
 883              		.loc 1 1303 3 view .LVU243
1304:Middlewares/Third_Party/LwIP/src/api/api_msg.c ****   int was_blocking;
 884              		.loc 1 1304 3 view .LVU244
1305:Middlewares/Third_Party/LwIP/src/api/api_msg.c ****   sys_sem_t *op_completed_sem = NULL;
 885              		.loc 1 1305 3 view .LVU245
1306:Middlewares/Third_Party/LwIP/src/api/api_msg.c **** 
1307:Middlewares/Third_Party/LwIP/src/api/api_msg.c ****   LWIP_UNUSED_ARG(pcb);
 886              		.loc 1 1307 3 view .LVU246
1308:Middlewares/Third_Party/LwIP/src/api/api_msg.c **** 
1309:Middlewares/Third_Party/LwIP/src/api/api_msg.c ****   conn = (struct netconn *)arg;
 887              		.loc 1 1309 3 view .LVU247
1310:Middlewares/Third_Party/LwIP/src/api/api_msg.c **** 
1311:Middlewares/Third_Party/LwIP/src/api/api_msg.c ****   if (conn == NULL) {
 888              		.loc 1 1311 3 view .LVU248
 889              		.loc 1 1311 6 is_stmt 0 view .LVU249
 890 0000 0028     		cmp	r0, #0
 891 0002 5DD0     		beq	.L81
1302:Middlewares/Third_Party/LwIP/src/api/api_msg.c ****   struct netconn *conn;
 892              		.loc 1 1302 1 view .LVU250
 893 0004 70B5     		push	{r4, r5, r6, lr}
 894              	.LCFI6:
 895              		.cfi_def_cfa_offset 16
 896              		.cfi_offset 4, -16
 897              		.cfi_offset 5, -12
ARM GAS  /tmp/ccMZQUTk.s 			page 43


 898              		.cfi_offset 6, -8
 899              		.cfi_offset 14, -4
 900 0006 1646     		mov	r6, r2
 901 0008 0446     		mov	r4, r0
1312:Middlewares/Third_Party/LwIP/src/api/api_msg.c ****     return ERR_VAL;
1313:Middlewares/Third_Party/LwIP/src/api/api_msg.c ****   }
1314:Middlewares/Third_Party/LwIP/src/api/api_msg.c **** 
1315:Middlewares/Third_Party/LwIP/src/api/api_msg.c ****   LWIP_ASSERT("conn->state == NETCONN_CONNECT", conn->state == NETCONN_CONNECT);
 902              		.loc 1 1315 3 is_stmt 1 view .LVU251
 903              		.loc 1 1315 3 view .LVU252
 904 000a 4378     		ldrb	r3, [r0, #1]	@ zero_extendqisi2
 905 000c 032B     		cmp	r3, #3
 906 000e 30D1     		bne	.L87
 907              	.LVL88:
 908              	.L75:
 909              		.loc 1 1315 3 discriminator 3 view .LVU253
 910              		.loc 1 1315 3 discriminator 3 view .LVU254
1316:Middlewares/Third_Party/LwIP/src/api/api_msg.c ****   LWIP_ASSERT("(conn->current_msg != NULL) || conn->in_non_blocking_connect",
 911              		.loc 1 1316 3 discriminator 3 view .LVU255
 912              		.loc 1 1316 3 discriminator 3 view .LVU256
 913 0010 236A     		ldr	r3, [r4, #32]
 914 0012 002B     		cmp	r3, #0
 915 0014 35D0     		beq	.L88
 916              	.L76:
 917              		.loc 1 1316 3 discriminator 5 view .LVU257
 918              		.loc 1 1316 3 discriminator 5 view .LVU258
1317:Middlewares/Third_Party/LwIP/src/api/api_msg.c ****               (conn->current_msg != NULL) || IN_NONBLOCKING_CONNECT(conn));
1318:Middlewares/Third_Party/LwIP/src/api/api_msg.c **** 
1319:Middlewares/Third_Party/LwIP/src/api/api_msg.c ****   if (conn->current_msg != NULL) {
 919              		.loc 1 1319 3 discriminator 5 view .LVU259
 920              		.loc 1 1319 11 is_stmt 0 discriminator 5 view .LVU260
 921 0016 256A     		ldr	r5, [r4, #32]
 922              		.loc 1 1319 6 discriminator 5 view .LVU261
 923 0018 1DB1     		cbz	r5, .L77
1320:Middlewares/Third_Party/LwIP/src/api/api_msg.c ****     conn->current_msg->err = err;
 924              		.loc 1 1320 5 is_stmt 1 view .LVU262
 925              		.loc 1 1320 28 is_stmt 0 view .LVU263
 926 001a 2E71     		strb	r6, [r5, #4]
1321:Middlewares/Third_Party/LwIP/src/api/api_msg.c ****     op_completed_sem = LWIP_API_MSG_SEM(conn->current_msg);
 927              		.loc 1 1321 5 is_stmt 1 view .LVU264
 928              		.loc 1 1321 24 is_stmt 0 view .LVU265
 929 001c 236A     		ldr	r3, [r4, #32]
 930 001e 1D68     		ldr	r5, [r3]
 931              		.loc 1 1321 22 view .LVU266
 932 0020 0C35     		adds	r5, r5, #12
 933              	.LVL89:
 934              	.L77:
1322:Middlewares/Third_Party/LwIP/src/api/api_msg.c ****   }
1323:Middlewares/Third_Party/LwIP/src/api/api_msg.c ****   if ((NETCONNTYPE_GROUP(conn->type) == NETCONN_TCP) && (err == ERR_OK)) {
 935              		.loc 1 1323 3 is_stmt 1 view .LVU267
 936              		.loc 1 1323 8 is_stmt 0 view .LVU268
 937 0022 2378     		ldrb	r3, [r4]	@ zero_extendqisi2
 938              		.loc 1 1323 6 view .LVU269
 939 0024 03F0F003 		and	r3, r3, #240
 940 0028 102B     		cmp	r3, #16
 941 002a 36D0     		beq	.L89
 942              	.L78:
ARM GAS  /tmp/ccMZQUTk.s 			page 44


1324:Middlewares/Third_Party/LwIP/src/api/api_msg.c ****     setup_tcp(conn);
1325:Middlewares/Third_Party/LwIP/src/api/api_msg.c ****   }
1326:Middlewares/Third_Party/LwIP/src/api/api_msg.c ****   was_blocking = !IN_NONBLOCKING_CONNECT(conn);
 943              		.loc 1 1326 3 is_stmt 1 view .LVU270
 944              		.loc 1 1326 19 is_stmt 0 view .LVU271
 945 002c 237F     		ldrb	r3, [r4, #28]	@ zero_extendqisi2
 946 002e 03F00406 		and	r6, r3, #4
 947              		.loc 1 1326 18 view .LVU272
 948 0032 002E     		cmp	r6, #0
 949 0034 0CBF     		ite	eq
 950 0036 0122     		moveq	r2, #1
 951 0038 0022     		movne	r2, #0
 952              	.LVL90:
1327:Middlewares/Third_Party/LwIP/src/api/api_msg.c ****   SET_NONBLOCKING_CONNECT(conn, 0);
 953              		.loc 1 1327 3 is_stmt 1 view .LVU273
 954              		.loc 1 1327 3 view .LVU274
 955              		.loc 1 1327 3 view .LVU275
 956              		.loc 1 1327 3 view .LVU276
 957 003a 03F0FB03 		and	r3, r3, #251
 958 003e 2377     		strb	r3, [r4, #28]
 959              		.loc 1 1327 3 view .LVU277
 960              		.loc 1 1327 3 view .LVU278
1328:Middlewares/Third_Party/LwIP/src/api/api_msg.c ****   LWIP_ASSERT("blocking connect state error",
 961              		.loc 1 1328 3 view .LVU279
 962              		.loc 1 1328 3 view .LVU280
 963 0040 14BF     		ite	ne
 964 0042 0123     		movne	r3, #1
 965 0044 0023     		moveq	r3, #0
 966 0046 002D     		cmp	r5, #0
 967 0048 08BF     		it	eq
 968 004a 43F00103 		orreq	r3, r3, #1
 969 004e 23B1     		cbz	r3, .L79
 970              		.loc 1 1328 3 is_stmt 0 discriminator 1 view .LVU281
 971 0050 002D     		cmp	r5, #0
 972 0052 18BF     		it	ne
 973 0054 42F00102 		orrne	r2, r2, #1
 974              	.LVL91:
 975              		.loc 1 1328 3 discriminator 1 view .LVU282
 976 0058 2ABB     		cbnz	r2, .L90
 977              	.L79:
 978              		.loc 1 1328 3 is_stmt 1 discriminator 5 view .LVU283
 979              		.loc 1 1328 3 discriminator 5 view .LVU284
1329:Middlewares/Third_Party/LwIP/src/api/api_msg.c ****               (was_blocking && op_completed_sem != NULL) ||
1330:Middlewares/Third_Party/LwIP/src/api/api_msg.c ****               (!was_blocking && op_completed_sem == NULL));
1331:Middlewares/Third_Party/LwIP/src/api/api_msg.c ****   conn->current_msg = NULL;
 980              		.loc 1 1331 3 discriminator 5 view .LVU285
 981              		.loc 1 1331 21 is_stmt 0 discriminator 5 view .LVU286
 982 005a 0023     		movs	r3, #0
 983 005c 2362     		str	r3, [r4, #32]
1332:Middlewares/Third_Party/LwIP/src/api/api_msg.c ****   conn->state = NETCONN_NONE;
 984              		.loc 1 1332 3 is_stmt 1 discriminator 5 view .LVU287
 985              		.loc 1 1332 15 is_stmt 0 discriminator 5 view .LVU288
 986 005e 6370     		strb	r3, [r4, #1]
1333:Middlewares/Third_Party/LwIP/src/api/api_msg.c ****   API_EVENT(conn, NETCONN_EVT_SENDPLUS, 0);
 987              		.loc 1 1333 3 is_stmt 1 discriminator 5 view .LVU289
 988 0060 636A     		ldr	r3, [r4, #36]
 989 0062 1BB1     		cbz	r3, .L80
ARM GAS  /tmp/ccMZQUTk.s 			page 45


 990              		.loc 1 1333 3 discriminator 1 view .LVU290
 991 0064 0022     		movs	r2, #0
 992 0066 0221     		movs	r1, #2
 993 0068 2046     		mov	r0, r4
 994 006a 9847     		blx	r3
 995              	.LVL92:
 996              	.L80:
 997              		.loc 1 1333 43 discriminator 3 view .LVU291
1334:Middlewares/Third_Party/LwIP/src/api/api_msg.c **** 
1335:Middlewares/Third_Party/LwIP/src/api/api_msg.c ****   if (was_blocking) {
 998              		.loc 1 1335 3 discriminator 3 view .LVU292
 999              		.loc 1 1335 6 is_stmt 0 discriminator 3 view .LVU293
 1000 006c 1EB3     		cbz	r6, .L91
1336:Middlewares/Third_Party/LwIP/src/api/api_msg.c ****     sys_sem_signal(op_completed_sem);
1337:Middlewares/Third_Party/LwIP/src/api/api_msg.c ****   }
1338:Middlewares/Third_Party/LwIP/src/api/api_msg.c ****   return ERR_OK;
 1001              		.loc 1 1338 10 view .LVU294
 1002 006e 0020     		movs	r0, #0
 1003              	.L74:
1339:Middlewares/Third_Party/LwIP/src/api/api_msg.c **** }
 1004              		.loc 1 1339 1 view .LVU295
 1005 0070 70BD     		pop	{r4, r5, r6, pc}
 1006              	.LVL93:
 1007              	.L87:
1315:Middlewares/Third_Party/LwIP/src/api/api_msg.c ****   LWIP_ASSERT("(conn->current_msg != NULL) || conn->in_non_blocking_connect",
 1008              		.loc 1 1315 3 is_stmt 1 discriminator 1 view .LVU296
1315:Middlewares/Third_Party/LwIP/src/api/api_msg.c ****   LWIP_ASSERT("(conn->current_msg != NULL) || conn->in_non_blocking_connect",
 1009              		.loc 1 1315 3 discriminator 1 view .LVU297
 1010 0072 154B     		ldr	r3, .L92
 1011 0074 40F22352 		movw	r2, #1315
 1012              	.LVL94:
1315:Middlewares/Third_Party/LwIP/src/api/api_msg.c ****   LWIP_ASSERT("(conn->current_msg != NULL) || conn->in_non_blocking_connect",
 1013              		.loc 1 1315 3 is_stmt 0 discriminator 1 view .LVU298
 1014 0078 1449     		ldr	r1, .L92+4
 1015              	.LVL95:
1315:Middlewares/Third_Party/LwIP/src/api/api_msg.c ****   LWIP_ASSERT("(conn->current_msg != NULL) || conn->in_non_blocking_connect",
 1016              		.loc 1 1315 3 discriminator 1 view .LVU299
 1017 007a 1548     		ldr	r0, .L92+8
 1018              	.LVL96:
1315:Middlewares/Third_Party/LwIP/src/api/api_msg.c ****   LWIP_ASSERT("(conn->current_msg != NULL) || conn->in_non_blocking_connect",
 1019              		.loc 1 1315 3 discriminator 1 view .LVU300
 1020 007c FFF7FEFF 		bl	printf
 1021              	.LVL97:
 1022 0080 C6E7     		b	.L75
 1023              	.L88:
1316:Middlewares/Third_Party/LwIP/src/api/api_msg.c ****               (conn->current_msg != NULL) || IN_NONBLOCKING_CONNECT(conn));
 1024              		.loc 1 1316 3 discriminator 1 view .LVU301
 1025 0082 237F     		ldrb	r3, [r4, #28]	@ zero_extendqisi2
 1026 0084 13F0040F 		tst	r3, #4
 1027 0088 C5D1     		bne	.L76
1316:Middlewares/Third_Party/LwIP/src/api/api_msg.c ****               (conn->current_msg != NULL) || IN_NONBLOCKING_CONNECT(conn));
 1028              		.loc 1 1316 3 is_stmt 1 discriminator 3 view .LVU302
1316:Middlewares/Third_Party/LwIP/src/api/api_msg.c ****               (conn->current_msg != NULL) || IN_NONBLOCKING_CONNECT(conn));
 1029              		.loc 1 1316 3 discriminator 3 view .LVU303
 1030 008a 0F4B     		ldr	r3, .L92
 1031 008c 40F22452 		movw	r2, #1316
 1032 0090 1049     		ldr	r1, .L92+12
ARM GAS  /tmp/ccMZQUTk.s 			page 46


 1033 0092 0F48     		ldr	r0, .L92+8
 1034 0094 FFF7FEFF 		bl	printf
 1035              	.LVL98:
 1036 0098 BDE7     		b	.L76
 1037              	.LVL99:
 1038              	.L89:
1323:Middlewares/Third_Party/LwIP/src/api/api_msg.c ****     setup_tcp(conn);
 1039              		.loc 1 1323 54 is_stmt 0 discriminator 1 view .LVU304
 1040 009a 002E     		cmp	r6, #0
 1041 009c C6D1     		bne	.L78
1324:Middlewares/Third_Party/LwIP/src/api/api_msg.c ****   }
 1042              		.loc 1 1324 5 is_stmt 1 view .LVU305
 1043 009e 2046     		mov	r0, r4
 1044 00a0 FFF7FEFF 		bl	setup_tcp
 1045              	.LVL100:
 1046 00a4 C2E7     		b	.L78
 1047              	.L90:
1328:Middlewares/Third_Party/LwIP/src/api/api_msg.c ****               (was_blocking && op_completed_sem != NULL) ||
 1048              		.loc 1 1328 3 discriminator 3 view .LVU306
1328:Middlewares/Third_Party/LwIP/src/api/api_msg.c ****               (was_blocking && op_completed_sem != NULL) ||
 1049              		.loc 1 1328 3 discriminator 3 view .LVU307
 1050 00a6 084B     		ldr	r3, .L92
 1051 00a8 4FF4A662 		mov	r2, #1328
 1052 00ac 0A49     		ldr	r1, .L92+16
 1053 00ae 0848     		ldr	r0, .L92+8
 1054 00b0 FFF7FEFF 		bl	printf
 1055              	.LVL101:
 1056 00b4 D1E7     		b	.L79
 1057              	.L91:
1336:Middlewares/Third_Party/LwIP/src/api/api_msg.c ****   }
 1058              		.loc 1 1336 5 view .LVU308
 1059 00b6 2846     		mov	r0, r5
 1060 00b8 FFF7FEFF 		bl	sys_sem_signal
 1061              	.LVL102:
1338:Middlewares/Third_Party/LwIP/src/api/api_msg.c **** }
 1062              		.loc 1 1338 10 is_stmt 0 view .LVU309
 1063 00bc 0020     		movs	r0, #0
 1064 00be D7E7     		b	.L74
 1065              	.LVL103:
 1066              	.L81:
 1067              	.LCFI7:
 1068              		.cfi_def_cfa_offset 0
 1069              		.cfi_restore 4
 1070              		.cfi_restore 5
 1071              		.cfi_restore 6
 1072              		.cfi_restore 14
1312:Middlewares/Third_Party/LwIP/src/api/api_msg.c ****   }
 1073              		.loc 1 1312 12 view .LVU310
 1074 00c0 6FF00500 		mvn	r0, #5
 1075              	.LVL104:
 1076              		.loc 1 1339 1 view .LVU311
 1077 00c4 7047     		bx	lr
 1078              	.L93:
 1079 00c6 00BF     		.align	2
 1080              	.L92:
 1081 00c8 00000000 		.word	.LC0
 1082 00cc 00000000 		.word	.LC11
ARM GAS  /tmp/ccMZQUTk.s 			page 47


 1083 00d0 40000000 		.word	.LC2
 1084 00d4 20000000 		.word	.LC12
 1085 00d8 60000000 		.word	.LC13
 1086              		.cfi_endproc
 1087              	.LFE191:
 1089              		.section	.rodata.lwip_netconn_do_writemore.str1.4,"aMS",%progbits,1
 1090              		.align	2
 1091              	.LC14:
 1092 0000 636F6E6E 		.ascii	"conn->state == NETCONN_WRITE\000"
 1092      2D3E7374 
 1092      61746520 
 1092      3D3D204E 
 1092      4554434F 
 1093 001d 000000   		.align	2
 1094              	.LC15:
 1095 0020 636F6E6E 		.ascii	"conn->pcb.tcp != NULL\000"
 1095      2D3E7063 
 1095      622E7463 
 1095      7020213D 
 1095      204E554C 
 1096 0036 0000     		.align	2
 1097              	.LC16:
 1098 0038 636F6E6E 		.ascii	"conn->current_msg->msg.w.offset < conn->current_msg"
 1098      2D3E6375 
 1098      7272656E 
 1098      745F6D73 
 1098      672D3E6D 
 1099 006b 2D3E6D73 		.ascii	"->msg.w.len\000"
 1099      672E772E 
 1099      6C656E00 
 1100 0077 00       		.align	2
 1101              	.LC17:
 1102 0078 636F6E6E 		.ascii	"conn->current_msg->msg.w.vector_cnt > 0\000"
 1102      2D3E6375 
 1102      7272656E 
 1102      745F6D73 
 1102      672D3E6D 
 1103              		.align	2
 1104              	.LC18:
 1105 00a0 6C776970 		.ascii	"lwip_netconn_do_writemore: invalid length!\000"
 1105      5F6E6574 
 1105      636F6E6E 
 1105      5F646F5F 
 1105      77726974 
 1106              		.section	.text.lwip_netconn_do_writemore,"ax",%progbits
 1107              		.align	1
 1108              		.syntax unified
 1109              		.thumb
 1110              		.thumb_func
 1111              		.fpu fpv5-d16
 1113              	lwip_netconn_do_writemore:
 1114              	.LVL105:
 1115              	.LFB197:
1340:Middlewares/Third_Party/LwIP/src/api/api_msg.c **** #endif /* LWIP_TCP */
1341:Middlewares/Third_Party/LwIP/src/api/api_msg.c **** 
1342:Middlewares/Third_Party/LwIP/src/api/api_msg.c **** /**
1343:Middlewares/Third_Party/LwIP/src/api/api_msg.c ****  * Connect a pcb contained inside a netconn
ARM GAS  /tmp/ccMZQUTk.s 			page 48


1344:Middlewares/Third_Party/LwIP/src/api/api_msg.c ****  * Called from netconn_connect.
1345:Middlewares/Third_Party/LwIP/src/api/api_msg.c ****  *
1346:Middlewares/Third_Party/LwIP/src/api/api_msg.c ****  * @param m the api_msg pointing to the connection and containing
1347:Middlewares/Third_Party/LwIP/src/api/api_msg.c ****  *          the IP address and port to connect to
1348:Middlewares/Third_Party/LwIP/src/api/api_msg.c ****  */
1349:Middlewares/Third_Party/LwIP/src/api/api_msg.c **** void
1350:Middlewares/Third_Party/LwIP/src/api/api_msg.c **** lwip_netconn_do_connect(void *m)
1351:Middlewares/Third_Party/LwIP/src/api/api_msg.c **** {
1352:Middlewares/Third_Party/LwIP/src/api/api_msg.c ****   struct api_msg *msg = (struct api_msg *)m;
1353:Middlewares/Third_Party/LwIP/src/api/api_msg.c ****   err_t err;
1354:Middlewares/Third_Party/LwIP/src/api/api_msg.c **** 
1355:Middlewares/Third_Party/LwIP/src/api/api_msg.c ****   if (msg->conn->pcb.tcp == NULL) {
1356:Middlewares/Third_Party/LwIP/src/api/api_msg.c ****     /* This may happen when calling netconn_connect() a second time */
1357:Middlewares/Third_Party/LwIP/src/api/api_msg.c ****     err = ERR_CLSD;
1358:Middlewares/Third_Party/LwIP/src/api/api_msg.c ****   } else {
1359:Middlewares/Third_Party/LwIP/src/api/api_msg.c ****     switch (NETCONNTYPE_GROUP(msg->conn->type)) {
1360:Middlewares/Third_Party/LwIP/src/api/api_msg.c **** #if LWIP_RAW
1361:Middlewares/Third_Party/LwIP/src/api/api_msg.c ****       case NETCONN_RAW:
1362:Middlewares/Third_Party/LwIP/src/api/api_msg.c ****         err = raw_connect(msg->conn->pcb.raw, API_EXPR_REF(msg->msg.bc.ipaddr));
1363:Middlewares/Third_Party/LwIP/src/api/api_msg.c ****         break;
1364:Middlewares/Third_Party/LwIP/src/api/api_msg.c **** #endif /* LWIP_RAW */
1365:Middlewares/Third_Party/LwIP/src/api/api_msg.c **** #if LWIP_UDP
1366:Middlewares/Third_Party/LwIP/src/api/api_msg.c ****       case NETCONN_UDP:
1367:Middlewares/Third_Party/LwIP/src/api/api_msg.c ****         err = udp_connect(msg->conn->pcb.udp, API_EXPR_REF(msg->msg.bc.ipaddr), msg->msg.bc.port);
1368:Middlewares/Third_Party/LwIP/src/api/api_msg.c ****         break;
1369:Middlewares/Third_Party/LwIP/src/api/api_msg.c **** #endif /* LWIP_UDP */
1370:Middlewares/Third_Party/LwIP/src/api/api_msg.c **** #if LWIP_TCP
1371:Middlewares/Third_Party/LwIP/src/api/api_msg.c ****       case NETCONN_TCP:
1372:Middlewares/Third_Party/LwIP/src/api/api_msg.c ****         /* Prevent connect while doing any other action. */
1373:Middlewares/Third_Party/LwIP/src/api/api_msg.c ****         if (msg->conn->state == NETCONN_CONNECT) {
1374:Middlewares/Third_Party/LwIP/src/api/api_msg.c ****           err = ERR_ALREADY;
1375:Middlewares/Third_Party/LwIP/src/api/api_msg.c ****         } else if (msg->conn->state != NETCONN_NONE) {
1376:Middlewares/Third_Party/LwIP/src/api/api_msg.c ****           err = ERR_ISCONN;
1377:Middlewares/Third_Party/LwIP/src/api/api_msg.c ****         } else {
1378:Middlewares/Third_Party/LwIP/src/api/api_msg.c ****           setup_tcp(msg->conn);
1379:Middlewares/Third_Party/LwIP/src/api/api_msg.c ****           err = tcp_connect(msg->conn->pcb.tcp, API_EXPR_REF(msg->msg.bc.ipaddr),
1380:Middlewares/Third_Party/LwIP/src/api/api_msg.c ****                             msg->msg.bc.port, lwip_netconn_do_connected);
1381:Middlewares/Third_Party/LwIP/src/api/api_msg.c ****           if (err == ERR_OK) {
1382:Middlewares/Third_Party/LwIP/src/api/api_msg.c ****             u8_t non_blocking = netconn_is_nonblocking(msg->conn);
1383:Middlewares/Third_Party/LwIP/src/api/api_msg.c ****             msg->conn->state = NETCONN_CONNECT;
1384:Middlewares/Third_Party/LwIP/src/api/api_msg.c ****             SET_NONBLOCKING_CONNECT(msg->conn, non_blocking);
1385:Middlewares/Third_Party/LwIP/src/api/api_msg.c ****             if (non_blocking) {
1386:Middlewares/Third_Party/LwIP/src/api/api_msg.c ****               err = ERR_INPROGRESS;
1387:Middlewares/Third_Party/LwIP/src/api/api_msg.c ****             } else {
1388:Middlewares/Third_Party/LwIP/src/api/api_msg.c ****               msg->conn->current_msg = msg;
1389:Middlewares/Third_Party/LwIP/src/api/api_msg.c ****               /* sys_sem_signal() is called from lwip_netconn_do_connected (or err_tcp()),
1390:Middlewares/Third_Party/LwIP/src/api/api_msg.c ****                  when the connection is established! */
1391:Middlewares/Third_Party/LwIP/src/api/api_msg.c **** #if LWIP_TCPIP_CORE_LOCKING
1392:Middlewares/Third_Party/LwIP/src/api/api_msg.c ****               LWIP_ASSERT("state!", msg->conn->state == NETCONN_CONNECT);
1393:Middlewares/Third_Party/LwIP/src/api/api_msg.c ****               UNLOCK_TCPIP_CORE();
1394:Middlewares/Third_Party/LwIP/src/api/api_msg.c ****               sys_arch_sem_wait(LWIP_API_MSG_SEM(msg), 0);
1395:Middlewares/Third_Party/LwIP/src/api/api_msg.c ****               LOCK_TCPIP_CORE();
1396:Middlewares/Third_Party/LwIP/src/api/api_msg.c ****               LWIP_ASSERT("state!", msg->conn->state != NETCONN_CONNECT);
1397:Middlewares/Third_Party/LwIP/src/api/api_msg.c **** #endif /* LWIP_TCPIP_CORE_LOCKING */
1398:Middlewares/Third_Party/LwIP/src/api/api_msg.c ****               return;
1399:Middlewares/Third_Party/LwIP/src/api/api_msg.c ****             }
1400:Middlewares/Third_Party/LwIP/src/api/api_msg.c ****           }
ARM GAS  /tmp/ccMZQUTk.s 			page 49


1401:Middlewares/Third_Party/LwIP/src/api/api_msg.c ****         }
1402:Middlewares/Third_Party/LwIP/src/api/api_msg.c ****         break;
1403:Middlewares/Third_Party/LwIP/src/api/api_msg.c **** #endif /* LWIP_TCP */
1404:Middlewares/Third_Party/LwIP/src/api/api_msg.c ****       default:
1405:Middlewares/Third_Party/LwIP/src/api/api_msg.c ****         LWIP_ERROR("Invalid netconn type", 0, do {
1406:Middlewares/Third_Party/LwIP/src/api/api_msg.c ****           err = ERR_VAL;
1407:Middlewares/Third_Party/LwIP/src/api/api_msg.c ****         } while (0));
1408:Middlewares/Third_Party/LwIP/src/api/api_msg.c ****         break;
1409:Middlewares/Third_Party/LwIP/src/api/api_msg.c ****     }
1410:Middlewares/Third_Party/LwIP/src/api/api_msg.c ****   }
1411:Middlewares/Third_Party/LwIP/src/api/api_msg.c ****   msg->err = err;
1412:Middlewares/Third_Party/LwIP/src/api/api_msg.c ****   /* For all other protocols, netconn_connect() calls netconn_apimsg(),
1413:Middlewares/Third_Party/LwIP/src/api/api_msg.c ****      so use TCPIP_APIMSG_ACK() here. */
1414:Middlewares/Third_Party/LwIP/src/api/api_msg.c ****   TCPIP_APIMSG_ACK(msg);
1415:Middlewares/Third_Party/LwIP/src/api/api_msg.c **** }
1416:Middlewares/Third_Party/LwIP/src/api/api_msg.c **** 
1417:Middlewares/Third_Party/LwIP/src/api/api_msg.c **** /**
1418:Middlewares/Third_Party/LwIP/src/api/api_msg.c ****  * Disconnect a pcb contained inside a netconn
1419:Middlewares/Third_Party/LwIP/src/api/api_msg.c ****  * Only used for UDP netconns.
1420:Middlewares/Third_Party/LwIP/src/api/api_msg.c ****  * Called from netconn_disconnect.
1421:Middlewares/Third_Party/LwIP/src/api/api_msg.c ****  *
1422:Middlewares/Third_Party/LwIP/src/api/api_msg.c ****  * @param m the api_msg pointing to the connection to disconnect
1423:Middlewares/Third_Party/LwIP/src/api/api_msg.c ****  */
1424:Middlewares/Third_Party/LwIP/src/api/api_msg.c **** void
1425:Middlewares/Third_Party/LwIP/src/api/api_msg.c **** lwip_netconn_do_disconnect(void *m)
1426:Middlewares/Third_Party/LwIP/src/api/api_msg.c **** {
1427:Middlewares/Third_Party/LwIP/src/api/api_msg.c ****   struct api_msg *msg = (struct api_msg *)m;
1428:Middlewares/Third_Party/LwIP/src/api/api_msg.c **** 
1429:Middlewares/Third_Party/LwIP/src/api/api_msg.c **** #if LWIP_UDP
1430:Middlewares/Third_Party/LwIP/src/api/api_msg.c ****   if (NETCONNTYPE_GROUP(msg->conn->type) == NETCONN_UDP) {
1431:Middlewares/Third_Party/LwIP/src/api/api_msg.c ****     udp_disconnect(msg->conn->pcb.udp);
1432:Middlewares/Third_Party/LwIP/src/api/api_msg.c ****     msg->err = ERR_OK;
1433:Middlewares/Third_Party/LwIP/src/api/api_msg.c ****   } else
1434:Middlewares/Third_Party/LwIP/src/api/api_msg.c **** #endif /* LWIP_UDP */
1435:Middlewares/Third_Party/LwIP/src/api/api_msg.c ****   {
1436:Middlewares/Third_Party/LwIP/src/api/api_msg.c ****     msg->err = ERR_VAL;
1437:Middlewares/Third_Party/LwIP/src/api/api_msg.c ****   }
1438:Middlewares/Third_Party/LwIP/src/api/api_msg.c ****   TCPIP_APIMSG_ACK(msg);
1439:Middlewares/Third_Party/LwIP/src/api/api_msg.c **** }
1440:Middlewares/Third_Party/LwIP/src/api/api_msg.c **** 
1441:Middlewares/Third_Party/LwIP/src/api/api_msg.c **** #if LWIP_TCP
1442:Middlewares/Third_Party/LwIP/src/api/api_msg.c **** /**
1443:Middlewares/Third_Party/LwIP/src/api/api_msg.c ****  * Set a TCP pcb contained in a netconn into listen mode
1444:Middlewares/Third_Party/LwIP/src/api/api_msg.c ****  * Called from netconn_listen.
1445:Middlewares/Third_Party/LwIP/src/api/api_msg.c ****  *
1446:Middlewares/Third_Party/LwIP/src/api/api_msg.c ****  * @param m the api_msg pointing to the connection
1447:Middlewares/Third_Party/LwIP/src/api/api_msg.c ****  */
1448:Middlewares/Third_Party/LwIP/src/api/api_msg.c **** void
1449:Middlewares/Third_Party/LwIP/src/api/api_msg.c **** lwip_netconn_do_listen(void *m)
1450:Middlewares/Third_Party/LwIP/src/api/api_msg.c **** {
1451:Middlewares/Third_Party/LwIP/src/api/api_msg.c ****   struct api_msg *msg = (struct api_msg *)m;
1452:Middlewares/Third_Party/LwIP/src/api/api_msg.c ****   err_t err;
1453:Middlewares/Third_Party/LwIP/src/api/api_msg.c **** 
1454:Middlewares/Third_Party/LwIP/src/api/api_msg.c ****   if (msg->conn->pcb.tcp != NULL) {
1455:Middlewares/Third_Party/LwIP/src/api/api_msg.c ****     if (NETCONNTYPE_GROUP(msg->conn->type) == NETCONN_TCP) {
1456:Middlewares/Third_Party/LwIP/src/api/api_msg.c ****       if (msg->conn->state == NETCONN_NONE) {
1457:Middlewares/Third_Party/LwIP/src/api/api_msg.c ****         struct tcp_pcb *lpcb;
ARM GAS  /tmp/ccMZQUTk.s 			page 50


1458:Middlewares/Third_Party/LwIP/src/api/api_msg.c ****         if (msg->conn->pcb.tcp->state != CLOSED) {
1459:Middlewares/Third_Party/LwIP/src/api/api_msg.c ****           /* connection is not closed, cannot listen */
1460:Middlewares/Third_Party/LwIP/src/api/api_msg.c ****           err = ERR_VAL;
1461:Middlewares/Third_Party/LwIP/src/api/api_msg.c ****         } else {
1462:Middlewares/Third_Party/LwIP/src/api/api_msg.c ****           u8_t backlog;
1463:Middlewares/Third_Party/LwIP/src/api/api_msg.c **** #if TCP_LISTEN_BACKLOG
1464:Middlewares/Third_Party/LwIP/src/api/api_msg.c ****           backlog = msg->msg.lb.backlog;
1465:Middlewares/Third_Party/LwIP/src/api/api_msg.c **** #else  /* TCP_LISTEN_BACKLOG */
1466:Middlewares/Third_Party/LwIP/src/api/api_msg.c ****           backlog = TCP_DEFAULT_LISTEN_BACKLOG;
1467:Middlewares/Third_Party/LwIP/src/api/api_msg.c **** #endif /* TCP_LISTEN_BACKLOG */
1468:Middlewares/Third_Party/LwIP/src/api/api_msg.c **** #if LWIP_IPV4 && LWIP_IPV6
1469:Middlewares/Third_Party/LwIP/src/api/api_msg.c ****           /* "Socket API like" dual-stack support: If IP to listen to is IP6_ADDR_ANY,
1470:Middlewares/Third_Party/LwIP/src/api/api_msg.c ****             * and NETCONN_FLAG_IPV6_V6ONLY is NOT set, use IP_ANY_TYPE to listen
1471:Middlewares/Third_Party/LwIP/src/api/api_msg.c ****             */
1472:Middlewares/Third_Party/LwIP/src/api/api_msg.c ****           if (ip_addr_cmp(&msg->conn->pcb.ip->local_ip, IP6_ADDR_ANY) &&
1473:Middlewares/Third_Party/LwIP/src/api/api_msg.c ****               (netconn_get_ipv6only(msg->conn) == 0)) {
1474:Middlewares/Third_Party/LwIP/src/api/api_msg.c ****             /* change PCB type to IPADDR_TYPE_ANY */
1475:Middlewares/Third_Party/LwIP/src/api/api_msg.c ****             IP_SET_TYPE_VAL(msg->conn->pcb.tcp->local_ip,  IPADDR_TYPE_ANY);
1476:Middlewares/Third_Party/LwIP/src/api/api_msg.c ****             IP_SET_TYPE_VAL(msg->conn->pcb.tcp->remote_ip, IPADDR_TYPE_ANY);
1477:Middlewares/Third_Party/LwIP/src/api/api_msg.c ****           }
1478:Middlewares/Third_Party/LwIP/src/api/api_msg.c **** #endif /* LWIP_IPV4 && LWIP_IPV6 */
1479:Middlewares/Third_Party/LwIP/src/api/api_msg.c **** 
1480:Middlewares/Third_Party/LwIP/src/api/api_msg.c ****           lpcb = tcp_listen_with_backlog_and_err(msg->conn->pcb.tcp, backlog, &err);
1481:Middlewares/Third_Party/LwIP/src/api/api_msg.c **** 
1482:Middlewares/Third_Party/LwIP/src/api/api_msg.c ****           if (lpcb == NULL) {
1483:Middlewares/Third_Party/LwIP/src/api/api_msg.c ****             /* in this case, the old pcb is still allocated */
1484:Middlewares/Third_Party/LwIP/src/api/api_msg.c ****           } else {
1485:Middlewares/Third_Party/LwIP/src/api/api_msg.c ****             /* delete the recvmbox and allocate the acceptmbox */
1486:Middlewares/Third_Party/LwIP/src/api/api_msg.c ****             if (sys_mbox_valid(&msg->conn->recvmbox)) {
1487:Middlewares/Third_Party/LwIP/src/api/api_msg.c ****               /** @todo: should we drain the recvmbox here? */
1488:Middlewares/Third_Party/LwIP/src/api/api_msg.c ****               sys_mbox_free(&msg->conn->recvmbox);
1489:Middlewares/Third_Party/LwIP/src/api/api_msg.c ****               sys_mbox_set_invalid(&msg->conn->recvmbox);
1490:Middlewares/Third_Party/LwIP/src/api/api_msg.c ****             }
1491:Middlewares/Third_Party/LwIP/src/api/api_msg.c ****             err = ERR_OK;
1492:Middlewares/Third_Party/LwIP/src/api/api_msg.c ****             if (!sys_mbox_valid(&msg->conn->acceptmbox)) {
1493:Middlewares/Third_Party/LwIP/src/api/api_msg.c ****               err = sys_mbox_new(&msg->conn->acceptmbox, DEFAULT_ACCEPTMBOX_SIZE);
1494:Middlewares/Third_Party/LwIP/src/api/api_msg.c ****             }
1495:Middlewares/Third_Party/LwIP/src/api/api_msg.c ****             if (err == ERR_OK) {
1496:Middlewares/Third_Party/LwIP/src/api/api_msg.c ****               msg->conn->state = NETCONN_LISTEN;
1497:Middlewares/Third_Party/LwIP/src/api/api_msg.c ****               msg->conn->pcb.tcp = lpcb;
1498:Middlewares/Third_Party/LwIP/src/api/api_msg.c ****               tcp_arg(msg->conn->pcb.tcp, msg->conn);
1499:Middlewares/Third_Party/LwIP/src/api/api_msg.c ****               tcp_accept(msg->conn->pcb.tcp, accept_function);
1500:Middlewares/Third_Party/LwIP/src/api/api_msg.c ****             } else {
1501:Middlewares/Third_Party/LwIP/src/api/api_msg.c ****               /* since the old pcb is already deallocated, free lpcb now */
1502:Middlewares/Third_Party/LwIP/src/api/api_msg.c ****               tcp_close(lpcb);
1503:Middlewares/Third_Party/LwIP/src/api/api_msg.c ****               msg->conn->pcb.tcp = NULL;
1504:Middlewares/Third_Party/LwIP/src/api/api_msg.c ****             }
1505:Middlewares/Third_Party/LwIP/src/api/api_msg.c ****           }
1506:Middlewares/Third_Party/LwIP/src/api/api_msg.c ****         }
1507:Middlewares/Third_Party/LwIP/src/api/api_msg.c ****       } else if (msg->conn->state == NETCONN_LISTEN) {
1508:Middlewares/Third_Party/LwIP/src/api/api_msg.c ****         /* already listening, allow updating of the backlog */
1509:Middlewares/Third_Party/LwIP/src/api/api_msg.c ****         err = ERR_OK;
1510:Middlewares/Third_Party/LwIP/src/api/api_msg.c ****         tcp_backlog_set(msg->conn->pcb.tcp, msg->msg.lb.backlog);
1511:Middlewares/Third_Party/LwIP/src/api/api_msg.c ****       } else {
1512:Middlewares/Third_Party/LwIP/src/api/api_msg.c ****         err = ERR_CONN;
1513:Middlewares/Third_Party/LwIP/src/api/api_msg.c ****       }
1514:Middlewares/Third_Party/LwIP/src/api/api_msg.c ****     } else {
ARM GAS  /tmp/ccMZQUTk.s 			page 51


1515:Middlewares/Third_Party/LwIP/src/api/api_msg.c ****       err = ERR_ARG;
1516:Middlewares/Third_Party/LwIP/src/api/api_msg.c ****     }
1517:Middlewares/Third_Party/LwIP/src/api/api_msg.c ****   } else {
1518:Middlewares/Third_Party/LwIP/src/api/api_msg.c ****     err = ERR_CONN;
1519:Middlewares/Third_Party/LwIP/src/api/api_msg.c ****   }
1520:Middlewares/Third_Party/LwIP/src/api/api_msg.c ****   msg->err = err;
1521:Middlewares/Third_Party/LwIP/src/api/api_msg.c ****   TCPIP_APIMSG_ACK(msg);
1522:Middlewares/Third_Party/LwIP/src/api/api_msg.c **** }
1523:Middlewares/Third_Party/LwIP/src/api/api_msg.c **** #endif /* LWIP_TCP */
1524:Middlewares/Third_Party/LwIP/src/api/api_msg.c **** 
1525:Middlewares/Third_Party/LwIP/src/api/api_msg.c **** /**
1526:Middlewares/Third_Party/LwIP/src/api/api_msg.c ****  * Send some data on a RAW or UDP pcb contained in a netconn
1527:Middlewares/Third_Party/LwIP/src/api/api_msg.c ****  * Called from netconn_send
1528:Middlewares/Third_Party/LwIP/src/api/api_msg.c ****  *
1529:Middlewares/Third_Party/LwIP/src/api/api_msg.c ****  * @param m the api_msg pointing to the connection
1530:Middlewares/Third_Party/LwIP/src/api/api_msg.c ****  */
1531:Middlewares/Third_Party/LwIP/src/api/api_msg.c **** void
1532:Middlewares/Third_Party/LwIP/src/api/api_msg.c **** lwip_netconn_do_send(void *m)
1533:Middlewares/Third_Party/LwIP/src/api/api_msg.c **** {
1534:Middlewares/Third_Party/LwIP/src/api/api_msg.c ****   struct api_msg *msg = (struct api_msg *)m;
1535:Middlewares/Third_Party/LwIP/src/api/api_msg.c **** 
1536:Middlewares/Third_Party/LwIP/src/api/api_msg.c ****   err_t err = netconn_err(msg->conn);
1537:Middlewares/Third_Party/LwIP/src/api/api_msg.c ****   if (err == ERR_OK) {
1538:Middlewares/Third_Party/LwIP/src/api/api_msg.c ****     if (msg->conn->pcb.tcp != NULL) {
1539:Middlewares/Third_Party/LwIP/src/api/api_msg.c ****       switch (NETCONNTYPE_GROUP(msg->conn->type)) {
1540:Middlewares/Third_Party/LwIP/src/api/api_msg.c **** #if LWIP_RAW
1541:Middlewares/Third_Party/LwIP/src/api/api_msg.c ****         case NETCONN_RAW:
1542:Middlewares/Third_Party/LwIP/src/api/api_msg.c ****           if (ip_addr_isany(&msg->msg.b->addr) || IP_IS_ANY_TYPE_VAL(msg->msg.b->addr)) {
1543:Middlewares/Third_Party/LwIP/src/api/api_msg.c ****             err = raw_send(msg->conn->pcb.raw, msg->msg.b->p);
1544:Middlewares/Third_Party/LwIP/src/api/api_msg.c ****           } else {
1545:Middlewares/Third_Party/LwIP/src/api/api_msg.c ****             err = raw_sendto(msg->conn->pcb.raw, msg->msg.b->p, &msg->msg.b->addr);
1546:Middlewares/Third_Party/LwIP/src/api/api_msg.c ****           }
1547:Middlewares/Third_Party/LwIP/src/api/api_msg.c ****           break;
1548:Middlewares/Third_Party/LwIP/src/api/api_msg.c **** #endif
1549:Middlewares/Third_Party/LwIP/src/api/api_msg.c **** #if LWIP_UDP
1550:Middlewares/Third_Party/LwIP/src/api/api_msg.c ****         case NETCONN_UDP:
1551:Middlewares/Third_Party/LwIP/src/api/api_msg.c **** #if LWIP_CHECKSUM_ON_COPY
1552:Middlewares/Third_Party/LwIP/src/api/api_msg.c ****           if (ip_addr_isany(&msg->msg.b->addr) || IP_IS_ANY_TYPE_VAL(msg->msg.b->addr)) {
1553:Middlewares/Third_Party/LwIP/src/api/api_msg.c ****             err = udp_send_chksum(msg->conn->pcb.udp, msg->msg.b->p,
1554:Middlewares/Third_Party/LwIP/src/api/api_msg.c ****                                   msg->msg.b->flags & NETBUF_FLAG_CHKSUM, msg->msg.b->toport_chksum
1555:Middlewares/Third_Party/LwIP/src/api/api_msg.c ****           } else {
1556:Middlewares/Third_Party/LwIP/src/api/api_msg.c ****             err = udp_sendto_chksum(msg->conn->pcb.udp, msg->msg.b->p,
1557:Middlewares/Third_Party/LwIP/src/api/api_msg.c ****                                     &msg->msg.b->addr, msg->msg.b->port,
1558:Middlewares/Third_Party/LwIP/src/api/api_msg.c ****                                     msg->msg.b->flags & NETBUF_FLAG_CHKSUM, msg->msg.b->toport_chks
1559:Middlewares/Third_Party/LwIP/src/api/api_msg.c ****           }
1560:Middlewares/Third_Party/LwIP/src/api/api_msg.c **** #else /* LWIP_CHECKSUM_ON_COPY */
1561:Middlewares/Third_Party/LwIP/src/api/api_msg.c ****           if (ip_addr_isany_val(msg->msg.b->addr) || IP_IS_ANY_TYPE_VAL(msg->msg.b->addr)) {
1562:Middlewares/Third_Party/LwIP/src/api/api_msg.c ****             err = udp_send(msg->conn->pcb.udp, msg->msg.b->p);
1563:Middlewares/Third_Party/LwIP/src/api/api_msg.c ****           } else {
1564:Middlewares/Third_Party/LwIP/src/api/api_msg.c ****             err = udp_sendto(msg->conn->pcb.udp, msg->msg.b->p, &msg->msg.b->addr, msg->msg.b->port
1565:Middlewares/Third_Party/LwIP/src/api/api_msg.c ****           }
1566:Middlewares/Third_Party/LwIP/src/api/api_msg.c **** #endif /* LWIP_CHECKSUM_ON_COPY */
1567:Middlewares/Third_Party/LwIP/src/api/api_msg.c ****           break;
1568:Middlewares/Third_Party/LwIP/src/api/api_msg.c **** #endif /* LWIP_UDP */
1569:Middlewares/Third_Party/LwIP/src/api/api_msg.c ****         default:
1570:Middlewares/Third_Party/LwIP/src/api/api_msg.c ****           err = ERR_CONN;
1571:Middlewares/Third_Party/LwIP/src/api/api_msg.c ****           break;
ARM GAS  /tmp/ccMZQUTk.s 			page 52


1572:Middlewares/Third_Party/LwIP/src/api/api_msg.c ****       }
1573:Middlewares/Third_Party/LwIP/src/api/api_msg.c ****     } else {
1574:Middlewares/Third_Party/LwIP/src/api/api_msg.c ****       err = ERR_CONN;
1575:Middlewares/Third_Party/LwIP/src/api/api_msg.c ****     }
1576:Middlewares/Third_Party/LwIP/src/api/api_msg.c ****   }
1577:Middlewares/Third_Party/LwIP/src/api/api_msg.c ****   msg->err = err;
1578:Middlewares/Third_Party/LwIP/src/api/api_msg.c ****   TCPIP_APIMSG_ACK(msg);
1579:Middlewares/Third_Party/LwIP/src/api/api_msg.c **** }
1580:Middlewares/Third_Party/LwIP/src/api/api_msg.c **** 
1581:Middlewares/Third_Party/LwIP/src/api/api_msg.c **** #if LWIP_TCP
1582:Middlewares/Third_Party/LwIP/src/api/api_msg.c **** /**
1583:Middlewares/Third_Party/LwIP/src/api/api_msg.c ****  * Indicate data has been received from a TCP pcb contained in a netconn
1584:Middlewares/Third_Party/LwIP/src/api/api_msg.c ****  * Called from netconn_recv
1585:Middlewares/Third_Party/LwIP/src/api/api_msg.c ****  *
1586:Middlewares/Third_Party/LwIP/src/api/api_msg.c ****  * @param m the api_msg pointing to the connection
1587:Middlewares/Third_Party/LwIP/src/api/api_msg.c ****  */
1588:Middlewares/Third_Party/LwIP/src/api/api_msg.c **** void
1589:Middlewares/Third_Party/LwIP/src/api/api_msg.c **** lwip_netconn_do_recv(void *m)
1590:Middlewares/Third_Party/LwIP/src/api/api_msg.c **** {
1591:Middlewares/Third_Party/LwIP/src/api/api_msg.c ****   struct api_msg *msg = (struct api_msg *)m;
1592:Middlewares/Third_Party/LwIP/src/api/api_msg.c **** 
1593:Middlewares/Third_Party/LwIP/src/api/api_msg.c ****   msg->err = ERR_OK;
1594:Middlewares/Third_Party/LwIP/src/api/api_msg.c ****   if (msg->conn->pcb.tcp != NULL) {
1595:Middlewares/Third_Party/LwIP/src/api/api_msg.c ****     if (NETCONNTYPE_GROUP(msg->conn->type) == NETCONN_TCP) {
1596:Middlewares/Third_Party/LwIP/src/api/api_msg.c ****       size_t remaining = msg->msg.r.len;
1597:Middlewares/Third_Party/LwIP/src/api/api_msg.c ****       do {
1598:Middlewares/Third_Party/LwIP/src/api/api_msg.c ****         u16_t recved = (u16_t)((remaining > 0xffff) ? 0xffff : remaining);
1599:Middlewares/Third_Party/LwIP/src/api/api_msg.c ****         tcp_recved(msg->conn->pcb.tcp, recved);
1600:Middlewares/Third_Party/LwIP/src/api/api_msg.c ****         remaining -= recved;
1601:Middlewares/Third_Party/LwIP/src/api/api_msg.c ****       } while (remaining != 0);
1602:Middlewares/Third_Party/LwIP/src/api/api_msg.c ****     }
1603:Middlewares/Third_Party/LwIP/src/api/api_msg.c ****   }
1604:Middlewares/Third_Party/LwIP/src/api/api_msg.c ****   TCPIP_APIMSG_ACK(msg);
1605:Middlewares/Third_Party/LwIP/src/api/api_msg.c **** }
1606:Middlewares/Third_Party/LwIP/src/api/api_msg.c **** 
1607:Middlewares/Third_Party/LwIP/src/api/api_msg.c **** #if TCP_LISTEN_BACKLOG
1608:Middlewares/Third_Party/LwIP/src/api/api_msg.c **** /** Indicate that a TCP pcb has been accepted
1609:Middlewares/Third_Party/LwIP/src/api/api_msg.c ****  * Called from netconn_accept
1610:Middlewares/Third_Party/LwIP/src/api/api_msg.c ****  *
1611:Middlewares/Third_Party/LwIP/src/api/api_msg.c ****  * @param m the api_msg pointing to the connection
1612:Middlewares/Third_Party/LwIP/src/api/api_msg.c ****  */
1613:Middlewares/Third_Party/LwIP/src/api/api_msg.c **** void
1614:Middlewares/Third_Party/LwIP/src/api/api_msg.c **** lwip_netconn_do_accepted(void *m)
1615:Middlewares/Third_Party/LwIP/src/api/api_msg.c **** {
1616:Middlewares/Third_Party/LwIP/src/api/api_msg.c ****   struct api_msg *msg = (struct api_msg *)m;
1617:Middlewares/Third_Party/LwIP/src/api/api_msg.c **** 
1618:Middlewares/Third_Party/LwIP/src/api/api_msg.c ****   msg->err = ERR_OK;
1619:Middlewares/Third_Party/LwIP/src/api/api_msg.c ****   if (msg->conn->pcb.tcp != NULL) {
1620:Middlewares/Third_Party/LwIP/src/api/api_msg.c ****     if (NETCONNTYPE_GROUP(msg->conn->type) == NETCONN_TCP) {
1621:Middlewares/Third_Party/LwIP/src/api/api_msg.c ****       tcp_backlog_accepted(msg->conn->pcb.tcp);
1622:Middlewares/Third_Party/LwIP/src/api/api_msg.c ****     }
1623:Middlewares/Third_Party/LwIP/src/api/api_msg.c ****   }
1624:Middlewares/Third_Party/LwIP/src/api/api_msg.c ****   TCPIP_APIMSG_ACK(msg);
1625:Middlewares/Third_Party/LwIP/src/api/api_msg.c **** }
1626:Middlewares/Third_Party/LwIP/src/api/api_msg.c **** #endif /* TCP_LISTEN_BACKLOG */
1627:Middlewares/Third_Party/LwIP/src/api/api_msg.c **** 
1628:Middlewares/Third_Party/LwIP/src/api/api_msg.c **** /**
ARM GAS  /tmp/ccMZQUTk.s 			page 53


1629:Middlewares/Third_Party/LwIP/src/api/api_msg.c ****  * See if more data needs to be written from a previous call to netconn_write.
1630:Middlewares/Third_Party/LwIP/src/api/api_msg.c ****  * Called initially from lwip_netconn_do_write. If the first call can't send all data
1631:Middlewares/Third_Party/LwIP/src/api/api_msg.c ****  * (because of low memory or empty send-buffer), this function is called again
1632:Middlewares/Third_Party/LwIP/src/api/api_msg.c ****  * from sent_tcp() or poll_tcp() to send more data. If all data is sent, the
1633:Middlewares/Third_Party/LwIP/src/api/api_msg.c ****  * blocking application thread (waiting in netconn_write) is released.
1634:Middlewares/Third_Party/LwIP/src/api/api_msg.c ****  *
1635:Middlewares/Third_Party/LwIP/src/api/api_msg.c ****  * @param conn netconn (that is currently in state NETCONN_WRITE) to process
1636:Middlewares/Third_Party/LwIP/src/api/api_msg.c ****  * @return ERR_OK
1637:Middlewares/Third_Party/LwIP/src/api/api_msg.c ****  *         ERR_MEM if LWIP_TCPIP_CORE_LOCKING=1 and sending hasn't yet finished
1638:Middlewares/Third_Party/LwIP/src/api/api_msg.c ****  */
1639:Middlewares/Third_Party/LwIP/src/api/api_msg.c **** static err_t
1640:Middlewares/Third_Party/LwIP/src/api/api_msg.c **** lwip_netconn_do_writemore(struct netconn *conn  WRITE_DELAYED_PARAM)
1641:Middlewares/Third_Party/LwIP/src/api/api_msg.c **** {
 1116              		.loc 1 1641 1 is_stmt 1 view -0
 1117              		.cfi_startproc
 1118              		@ args = 0, pretend = 0, frame = 0
 1119              		@ frame_needed = 0, uses_anonymous_args = 0
 1120              		.loc 1 1641 1 is_stmt 0 view .LVU313
 1121 0000 2DE9F84F 		push	{r3, r4, r5, r6, r7, r8, r9, r10, fp, lr}
 1122              	.LCFI8:
 1123              		.cfi_def_cfa_offset 40
 1124              		.cfi_offset 3, -40
 1125              		.cfi_offset 4, -36
 1126              		.cfi_offset 5, -32
 1127              		.cfi_offset 6, -28
 1128              		.cfi_offset 7, -24
 1129              		.cfi_offset 8, -20
 1130              		.cfi_offset 9, -16
 1131              		.cfi_offset 10, -12
 1132              		.cfi_offset 11, -8
 1133              		.cfi_offset 14, -4
 1134 0004 8B46     		mov	fp, r1
1642:Middlewares/Third_Party/LwIP/src/api/api_msg.c ****   err_t err;
 1135              		.loc 1 1642 3 is_stmt 1 view .LVU314
1643:Middlewares/Third_Party/LwIP/src/api/api_msg.c ****   const void *dataptr;
 1136              		.loc 1 1643 3 view .LVU315
1644:Middlewares/Third_Party/LwIP/src/api/api_msg.c ****   u16_t len, available;
 1137              		.loc 1 1644 3 view .LVU316
1645:Middlewares/Third_Party/LwIP/src/api/api_msg.c ****   u8_t write_finished = 0;
 1138              		.loc 1 1645 3 view .LVU317
 1139              	.LVL106:
1646:Middlewares/Third_Party/LwIP/src/api/api_msg.c ****   size_t diff;
 1140              		.loc 1 1646 3 view .LVU318
1647:Middlewares/Third_Party/LwIP/src/api/api_msg.c ****   u8_t dontblock;
 1141              		.loc 1 1647 3 view .LVU319
1648:Middlewares/Third_Party/LwIP/src/api/api_msg.c ****   u8_t apiflags;
 1142              		.loc 1 1648 3 view .LVU320
1649:Middlewares/Third_Party/LwIP/src/api/api_msg.c ****   u8_t write_more;
 1143              		.loc 1 1649 3 view .LVU321
1650:Middlewares/Third_Party/LwIP/src/api/api_msg.c **** 
1651:Middlewares/Third_Party/LwIP/src/api/api_msg.c ****   LWIP_ASSERT("conn != NULL", conn != NULL);
 1144              		.loc 1 1651 3 view .LVU322
 1145              		.loc 1 1651 3 view .LVU323
 1146 0006 0546     		mov	r5, r0
 1147 0008 E0B1     		cbz	r0, .L136
 1148              	.LVL107:
 1149              	.L95:
ARM GAS  /tmp/ccMZQUTk.s 			page 54


 1150              		.loc 1 1651 3 discriminator 3 view .LVU324
 1151              		.loc 1 1651 3 discriminator 3 view .LVU325
1652:Middlewares/Third_Party/LwIP/src/api/api_msg.c ****   LWIP_ASSERT("conn->state == NETCONN_WRITE", (conn->state == NETCONN_WRITE));
 1152              		.loc 1 1652 3 discriminator 3 view .LVU326
 1153              		.loc 1 1652 3 discriminator 3 view .LVU327
 1154 000a 6B78     		ldrb	r3, [r5, #1]	@ zero_extendqisi2
 1155 000c 012B     		cmp	r3, #1
 1156 000e 21D1     		bne	.L137
 1157              	.L96:
 1158              		.loc 1 1652 3 discriminator 3 view .LVU328
 1159              		.loc 1 1652 3 discriminator 3 view .LVU329
1653:Middlewares/Third_Party/LwIP/src/api/api_msg.c ****   LWIP_ASSERT("conn->current_msg != NULL", conn->current_msg != NULL);
 1160              		.loc 1 1653 3 discriminator 3 view .LVU330
 1161              		.loc 1 1653 3 discriminator 3 view .LVU331
 1162 0010 2B6A     		ldr	r3, [r5, #32]
 1163 0012 3BB3     		cbz	r3, .L138
 1164              	.L97:
 1165              		.loc 1 1653 3 discriminator 3 view .LVU332
 1166              		.loc 1 1653 3 discriminator 3 view .LVU333
1654:Middlewares/Third_Party/LwIP/src/api/api_msg.c ****   LWIP_ASSERT("conn->pcb.tcp != NULL", conn->pcb.tcp != NULL);
 1167              		.loc 1 1654 3 discriminator 3 view .LVU334
 1168              		.loc 1 1654 3 discriminator 3 view .LVU335
 1169 0014 6B68     		ldr	r3, [r5, #4]
 1170 0016 6BB3     		cbz	r3, .L139
 1171              	.L98:
 1172              		.loc 1 1654 3 discriminator 3 view .LVU336
 1173              		.loc 1 1654 3 discriminator 3 view .LVU337
1655:Middlewares/Third_Party/LwIP/src/api/api_msg.c ****   LWIP_ASSERT("conn->current_msg->msg.w.offset < conn->current_msg->msg.w.len",
 1174              		.loc 1 1655 3 discriminator 3 view .LVU338
 1175              		.loc 1 1655 3 discriminator 3 view .LVU339
 1176 0018 2B6A     		ldr	r3, [r5, #32]
 1177 001a 9A69     		ldr	r2, [r3, #24]
 1178 001c 5B69     		ldr	r3, [r3, #20]
 1179 001e 9A42     		cmp	r2, r3
 1180 0020 30D2     		bcs	.L140
 1181              	.L99:
 1182              		.loc 1 1655 3 discriminator 3 view .LVU340
 1183              		.loc 1 1655 3 discriminator 3 view .LVU341
1656:Middlewares/Third_Party/LwIP/src/api/api_msg.c ****               conn->current_msg->msg.w.offset < conn->current_msg->msg.w.len);
1657:Middlewares/Third_Party/LwIP/src/api/api_msg.c ****   LWIP_ASSERT("conn->current_msg->msg.w.vector_cnt > 0", conn->current_msg->msg.w.vector_cnt > 0);
 1184              		.loc 1 1657 3 discriminator 3 view .LVU342
 1185              		.loc 1 1657 3 discriminator 3 view .LVU343
 1186 0022 2B6A     		ldr	r3, [r5, #32]
 1187 0024 9B89     		ldrh	r3, [r3, #12]
 1188 0026 002B     		cmp	r3, #0
 1189 0028 34D0     		beq	.L141
 1190              	.L100:
 1191              		.loc 1 1657 3 discriminator 3 view .LVU344
 1192              		.loc 1 1657 3 discriminator 3 view .LVU345
1658:Middlewares/Third_Party/LwIP/src/api/api_msg.c **** 
1659:Middlewares/Third_Party/LwIP/src/api/api_msg.c ****   apiflags = conn->current_msg->msg.w.apiflags;
 1193              		.loc 1 1659 3 discriminator 3 view .LVU346
 1194              		.loc 1 1659 18 is_stmt 0 discriminator 3 view .LVU347
 1195 002a 2B6A     		ldr	r3, [r5, #32]
 1196              		.loc 1 1659 12 discriminator 3 view .LVU348
 1197 002c 93F81C80 		ldrb	r8, [r3, #28]	@ zero_extendqisi2
 1198              	.LVL108:
ARM GAS  /tmp/ccMZQUTk.s 			page 55


1660:Middlewares/Third_Party/LwIP/src/api/api_msg.c ****   dontblock = netconn_is_nonblocking(conn) || (apiflags & NETCONN_DONTBLOCK);
 1199              		.loc 1 1660 3 is_stmt 1 discriminator 3 view .LVU349
 1200              		.loc 1 1660 15 is_stmt 0 discriminator 3 view .LVU350
 1201 0030 2B7F     		ldrb	r3, [r5, #28]	@ zero_extendqisi2
 1202              		.loc 1 1660 44 discriminator 3 view .LVU351
 1203 0032 13F0020F 		tst	r3, #2
 1204 0036 35D1     		bne	.L123
 1205              		.loc 1 1660 44 discriminator 2 view .LVU352
 1206 0038 18F0040F 		tst	r8, #4
 1207 003c 37D0     		beq	.L124
 1208              		.loc 1 1660 44 view .LVU353
 1209 003e 4FF0010A 		mov	r10, #1
 1210 0042 31E0     		b	.L101
 1211              	.LVL109:
 1212              	.L136:
1651:Middlewares/Third_Party/LwIP/src/api/api_msg.c ****   LWIP_ASSERT("conn->state == NETCONN_WRITE", (conn->state == NETCONN_WRITE));
 1213              		.loc 1 1651 3 is_stmt 1 discriminator 1 view .LVU354
1651:Middlewares/Third_Party/LwIP/src/api/api_msg.c ****   LWIP_ASSERT("conn->state == NETCONN_WRITE", (conn->state == NETCONN_WRITE));
 1214              		.loc 1 1651 3 discriminator 1 view .LVU355
 1215 0044 8C4B     		ldr	r3, .L150
 1216 0046 40F27362 		movw	r2, #1651
 1217 004a 8C49     		ldr	r1, .L150+4
 1218              	.LVL110:
1651:Middlewares/Third_Party/LwIP/src/api/api_msg.c ****   LWIP_ASSERT("conn->state == NETCONN_WRITE", (conn->state == NETCONN_WRITE));
 1219              		.loc 1 1651 3 is_stmt 0 discriminator 1 view .LVU356
 1220 004c 8C48     		ldr	r0, .L150+8
 1221              	.LVL111:
1651:Middlewares/Third_Party/LwIP/src/api/api_msg.c ****   LWIP_ASSERT("conn->state == NETCONN_WRITE", (conn->state == NETCONN_WRITE));
 1222              		.loc 1 1651 3 discriminator 1 view .LVU357
 1223 004e FFF7FEFF 		bl	printf
 1224              	.LVL112:
 1225 0052 DAE7     		b	.L95
 1226              	.L137:
1652:Middlewares/Third_Party/LwIP/src/api/api_msg.c ****   LWIP_ASSERT("conn->current_msg != NULL", conn->current_msg != NULL);
 1227              		.loc 1 1652 3 is_stmt 1 discriminator 1 view .LVU358
1652:Middlewares/Third_Party/LwIP/src/api/api_msg.c ****   LWIP_ASSERT("conn->current_msg != NULL", conn->current_msg != NULL);
 1228              		.loc 1 1652 3 discriminator 1 view .LVU359
 1229 0054 884B     		ldr	r3, .L150
 1230 0056 40F27462 		movw	r2, #1652
 1231 005a 8A49     		ldr	r1, .L150+12
 1232 005c 8848     		ldr	r0, .L150+8
 1233 005e FFF7FEFF 		bl	printf
 1234              	.LVL113:
 1235 0062 D5E7     		b	.L96
 1236              	.L138:
1653:Middlewares/Third_Party/LwIP/src/api/api_msg.c ****   LWIP_ASSERT("conn->pcb.tcp != NULL", conn->pcb.tcp != NULL);
 1237              		.loc 1 1653 3 discriminator 1 view .LVU360
1653:Middlewares/Third_Party/LwIP/src/api/api_msg.c ****   LWIP_ASSERT("conn->pcb.tcp != NULL", conn->pcb.tcp != NULL);
 1238              		.loc 1 1653 3 discriminator 1 view .LVU361
 1239 0064 844B     		ldr	r3, .L150
 1240 0066 40F27562 		movw	r2, #1653
 1241 006a 8749     		ldr	r1, .L150+16
 1242 006c 8448     		ldr	r0, .L150+8
 1243 006e FFF7FEFF 		bl	printf
 1244              	.LVL114:
 1245 0072 CFE7     		b	.L97
 1246              	.L139:
ARM GAS  /tmp/ccMZQUTk.s 			page 56


1654:Middlewares/Third_Party/LwIP/src/api/api_msg.c ****   LWIP_ASSERT("conn->current_msg->msg.w.offset < conn->current_msg->msg.w.len",
 1247              		.loc 1 1654 3 discriminator 1 view .LVU362
1654:Middlewares/Third_Party/LwIP/src/api/api_msg.c ****   LWIP_ASSERT("conn->current_msg->msg.w.offset < conn->current_msg->msg.w.len",
 1248              		.loc 1 1654 3 discriminator 1 view .LVU363
 1249 0074 804B     		ldr	r3, .L150
 1250 0076 40F27662 		movw	r2, #1654
 1251 007a 8449     		ldr	r1, .L150+20
 1252 007c 8048     		ldr	r0, .L150+8
 1253 007e FFF7FEFF 		bl	printf
 1254              	.LVL115:
 1255 0082 C9E7     		b	.L98
 1256              	.L140:
1655:Middlewares/Third_Party/LwIP/src/api/api_msg.c ****               conn->current_msg->msg.w.offset < conn->current_msg->msg.w.len);
 1257              		.loc 1 1655 3 discriminator 1 view .LVU364
1655:Middlewares/Third_Party/LwIP/src/api/api_msg.c ****               conn->current_msg->msg.w.offset < conn->current_msg->msg.w.len);
 1258              		.loc 1 1655 3 discriminator 1 view .LVU365
 1259 0084 7C4B     		ldr	r3, .L150
 1260 0086 40F27762 		movw	r2, #1655
 1261 008a 8149     		ldr	r1, .L150+24
 1262 008c 7C48     		ldr	r0, .L150+8
 1263 008e FFF7FEFF 		bl	printf
 1264              	.LVL116:
 1265 0092 C6E7     		b	.L99
 1266              	.L141:
1657:Middlewares/Third_Party/LwIP/src/api/api_msg.c **** 
 1267              		.loc 1 1657 3 discriminator 1 view .LVU366
1657:Middlewares/Third_Party/LwIP/src/api/api_msg.c **** 
 1268              		.loc 1 1657 3 discriminator 1 view .LVU367
 1269 0094 784B     		ldr	r3, .L150
 1270 0096 40F27962 		movw	r2, #1657
 1271 009a 7E49     		ldr	r1, .L150+28
 1272 009c 7848     		ldr	r0, .L150+8
 1273 009e FFF7FEFF 		bl	printf
 1274              	.LVL117:
 1275 00a2 C2E7     		b	.L100
 1276              	.LVL118:
 1277              	.L123:
 1278              		.loc 1 1660 44 is_stmt 0 view .LVU368
 1279 00a4 4FF0010A 		mov	r10, #1
 1280              	.L101:
 1281              		.loc 1 1660 13 discriminator 6 view .LVU369
 1282 00a8 5FFA8AFA 		uxtb	r10, r10
 1283              	.LVL119:
 1284              		.loc 1 1660 13 discriminator 6 view .LVU370
 1285 00ac 60E0     		b	.L112
 1286              	.LVL120:
 1287              	.L124:
 1288              		.loc 1 1660 44 view .LVU371
 1289 00ae 4FF0000A 		mov	r10, #0
 1290 00b2 F9E7     		b	.L101
 1291              	.LVL121:
 1292              	.L102:
1661:Middlewares/Third_Party/LwIP/src/api/api_msg.c **** 
1662:Middlewares/Third_Party/LwIP/src/api/api_msg.c **** #if LWIP_SO_SNDTIMEO
1663:Middlewares/Third_Party/LwIP/src/api/api_msg.c ****   if ((conn->send_timeout != 0) &&
1664:Middlewares/Third_Party/LwIP/src/api/api_msg.c ****       ((s32_t)(sys_now() - conn->current_msg->msg.w.time_started) >= conn->send_timeout)) {
1665:Middlewares/Third_Party/LwIP/src/api/api_msg.c ****     write_finished = 1;
ARM GAS  /tmp/ccMZQUTk.s 			page 57


1666:Middlewares/Third_Party/LwIP/src/api/api_msg.c ****     if (conn->current_msg->msg.w.offset == 0) {
1667:Middlewares/Third_Party/LwIP/src/api/api_msg.c ****       /* nothing has been written */
1668:Middlewares/Third_Party/LwIP/src/api/api_msg.c ****       err = ERR_WOULDBLOCK;
1669:Middlewares/Third_Party/LwIP/src/api/api_msg.c ****     } else {
1670:Middlewares/Third_Party/LwIP/src/api/api_msg.c ****       /* partial write */
1671:Middlewares/Third_Party/LwIP/src/api/api_msg.c ****       err = ERR_OK;
1672:Middlewares/Third_Party/LwIP/src/api/api_msg.c ****     }
1673:Middlewares/Third_Party/LwIP/src/api/api_msg.c ****   } else
1674:Middlewares/Third_Party/LwIP/src/api/api_msg.c **** #endif /* LWIP_SO_SNDTIMEO */
1675:Middlewares/Third_Party/LwIP/src/api/api_msg.c ****   {
1676:Middlewares/Third_Party/LwIP/src/api/api_msg.c ****     do {
1677:Middlewares/Third_Party/LwIP/src/api/api_msg.c ****       dataptr = (const u8_t *)conn->current_msg->msg.w.vector->ptr + conn->current_msg->msg.w.vecto
1678:Middlewares/Third_Party/LwIP/src/api/api_msg.c ****       diff = conn->current_msg->msg.w.vector->len - conn->current_msg->msg.w.vector_off;
1679:Middlewares/Third_Party/LwIP/src/api/api_msg.c ****       if (diff > 0xffffUL) { /* max_u16_t */
1680:Middlewares/Third_Party/LwIP/src/api/api_msg.c ****         len = 0xffff;
1681:Middlewares/Third_Party/LwIP/src/api/api_msg.c ****         apiflags |= TCP_WRITE_FLAG_MORE;
1682:Middlewares/Third_Party/LwIP/src/api/api_msg.c ****       } else {
1683:Middlewares/Third_Party/LwIP/src/api/api_msg.c ****         len = (u16_t)diff;
 1293              		.loc 1 1683 9 is_stmt 1 view .LVU372
 1294              		.loc 1 1683 13 is_stmt 0 view .LVU373
 1295 00b4 B4B2     		uxth	r4, r6
 1296              	.LVL122:
 1297              		.loc 1 1683 13 view .LVU374
 1298 00b6 69E0     		b	.L103
 1299              	.LVL123:
 1300              	.L146:
1684:Middlewares/Third_Party/LwIP/src/api/api_msg.c ****       }
1685:Middlewares/Third_Party/LwIP/src/api/api_msg.c ****       available = tcp_sndbuf(conn->pcb.tcp);
1686:Middlewares/Third_Party/LwIP/src/api/api_msg.c ****       if (available < len) {
1687:Middlewares/Third_Party/LwIP/src/api/api_msg.c ****         /* don't try to write more than sendbuf */
1688:Middlewares/Third_Party/LwIP/src/api/api_msg.c ****         len = available;
1689:Middlewares/Third_Party/LwIP/src/api/api_msg.c ****         if (dontblock) {
1690:Middlewares/Third_Party/LwIP/src/api/api_msg.c ****           if (!len) {
1691:Middlewares/Third_Party/LwIP/src/api/api_msg.c ****             /* set error according to partial write or not */
1692:Middlewares/Third_Party/LwIP/src/api/api_msg.c ****             err = (conn->current_msg->msg.w.offset == 0) ? ERR_WOULDBLOCK : ERR_OK;
 1301              		.loc 1 1692 13 is_stmt 1 view .LVU375
 1302              		.loc 1 1692 44 is_stmt 0 view .LVU376
 1303 00b8 9369     		ldr	r3, [r2, #24]
 1304              		.loc 1 1692 17 view .LVU377
 1305 00ba B3B9     		cbnz	r3, .L126
 1306 00bc 6FF00604 		mvn	r4, #6
 1307              	.LVL124:
 1308              	.L107:
1693:Middlewares/Third_Party/LwIP/src/api/api_msg.c ****             goto err_mem;
1694:Middlewares/Third_Party/LwIP/src/api/api_msg.c ****           }
1695:Middlewares/Third_Party/LwIP/src/api/api_msg.c ****         } else {
1696:Middlewares/Third_Party/LwIP/src/api/api_msg.c ****           apiflags |= TCP_WRITE_FLAG_MORE;
1697:Middlewares/Third_Party/LwIP/src/api/api_msg.c ****         }
1698:Middlewares/Third_Party/LwIP/src/api/api_msg.c ****       }
1699:Middlewares/Third_Party/LwIP/src/api/api_msg.c ****       LWIP_ASSERT("lwip_netconn_do_writemore: invalid length!",
1700:Middlewares/Third_Party/LwIP/src/api/api_msg.c ****                   ((conn->current_msg->msg.w.vector_off + len) <= conn->current_msg->msg.w.vector->
1701:Middlewares/Third_Party/LwIP/src/api/api_msg.c ****       /* we should loop around for more sending in the following cases:
1702:Middlewares/Third_Party/LwIP/src/api/api_msg.c ****            1) We couldn't finish the current vector because of 16-bit size limitations.
1703:Middlewares/Third_Party/LwIP/src/api/api_msg.c ****               tcp_write() and tcp_sndbuf() both are limited to 16-bit sizes
1704:Middlewares/Third_Party/LwIP/src/api/api_msg.c ****            2) We are sending the remainder of the current vector and have more */
1705:Middlewares/Third_Party/LwIP/src/api/api_msg.c ****       if ((len == 0xffff && diff > 0xffffUL) ||
1706:Middlewares/Third_Party/LwIP/src/api/api_msg.c ****           (len == (u16_t)diff && conn->current_msg->msg.w.vector_cnt > 1)) {
ARM GAS  /tmp/ccMZQUTk.s 			page 58


1707:Middlewares/Third_Party/LwIP/src/api/api_msg.c ****         write_more = 1;
1708:Middlewares/Third_Party/LwIP/src/api/api_msg.c ****         apiflags |= TCP_WRITE_FLAG_MORE;
1709:Middlewares/Third_Party/LwIP/src/api/api_msg.c ****       } else {
1710:Middlewares/Third_Party/LwIP/src/api/api_msg.c ****         write_more = 0;
1711:Middlewares/Third_Party/LwIP/src/api/api_msg.c ****       }
1712:Middlewares/Third_Party/LwIP/src/api/api_msg.c ****       err = tcp_write(conn->pcb.tcp, dataptr, len, apiflags);
1713:Middlewares/Third_Party/LwIP/src/api/api_msg.c ****       if (err == ERR_OK) {
1714:Middlewares/Third_Party/LwIP/src/api/api_msg.c ****         conn->current_msg->msg.w.offset += len;
1715:Middlewares/Third_Party/LwIP/src/api/api_msg.c ****         conn->current_msg->msg.w.vector_off += len;
1716:Middlewares/Third_Party/LwIP/src/api/api_msg.c ****         /* check if current vector is finished */
1717:Middlewares/Third_Party/LwIP/src/api/api_msg.c ****         if (conn->current_msg->msg.w.vector_off == conn->current_msg->msg.w.vector->len) {
1718:Middlewares/Third_Party/LwIP/src/api/api_msg.c ****           conn->current_msg->msg.w.vector_cnt--;
1719:Middlewares/Third_Party/LwIP/src/api/api_msg.c ****           /* if we have additional vectors, move on to them */
1720:Middlewares/Third_Party/LwIP/src/api/api_msg.c ****           if (conn->current_msg->msg.w.vector_cnt > 0) {
1721:Middlewares/Third_Party/LwIP/src/api/api_msg.c ****             conn->current_msg->msg.w.vector++;
1722:Middlewares/Third_Party/LwIP/src/api/api_msg.c ****             conn->current_msg->msg.w.vector_off = 0;
1723:Middlewares/Third_Party/LwIP/src/api/api_msg.c ****           }
1724:Middlewares/Third_Party/LwIP/src/api/api_msg.c ****         }
1725:Middlewares/Third_Party/LwIP/src/api/api_msg.c ****       }
1726:Middlewares/Third_Party/LwIP/src/api/api_msg.c ****     } while (write_more && err == ERR_OK);
1727:Middlewares/Third_Party/LwIP/src/api/api_msg.c ****     /* if OK or memory error, check available space */
1728:Middlewares/Third_Party/LwIP/src/api/api_msg.c ****     if ((err == ERR_OK) || (err == ERR_MEM)) {
1729:Middlewares/Third_Party/LwIP/src/api/api_msg.c **** err_mem:
1730:Middlewares/Third_Party/LwIP/src/api/api_msg.c ****       if (dontblock && (conn->current_msg->msg.w.offset < conn->current_msg->msg.w.len)) {
 1309              		.loc 1 1730 7 is_stmt 1 view .LVU378
 1310              		.loc 1 1730 10 is_stmt 0 view .LVU379
 1311 00c0 BAF1000F 		cmp	r10, #0
 1312 00c4 00F08F80 		beq	.L114
 1313              		.loc 1 1730 29 discriminator 1 view .LVU380
 1314 00c8 2B6A     		ldr	r3, [r5, #32]
 1315              		.loc 1 1730 49 discriminator 1 view .LVU381
 1316 00ca 9A69     		ldr	r2, [r3, #24]
 1317              		.loc 1 1730 83 discriminator 1 view .LVU382
 1318 00cc 5B69     		ldr	r3, [r3, #20]
 1319              		.loc 1 1730 21 discriminator 1 view .LVU383
 1320 00ce 9A42     		cmp	r2, r3
 1321 00d0 80F08980 		bcs	.L114
1731:Middlewares/Third_Party/LwIP/src/api/api_msg.c ****         /* non-blocking write did not write everything: mark the pcb non-writable
1732:Middlewares/Third_Party/LwIP/src/api/api_msg.c ****            and let poll_tcp check writable space to mark the pcb writable again */
1733:Middlewares/Third_Party/LwIP/src/api/api_msg.c ****         API_EVENT(conn, NETCONN_EVT_SENDMINUS, 0);
 1322              		.loc 1 1733 9 is_stmt 1 view .LVU384
 1323 00d4 6B6A     		ldr	r3, [r5, #36]
 1324 00d6 1BB1     		cbz	r3, .L115
 1325              		.loc 1 1733 9 discriminator 1 view .LVU385
 1326 00d8 0022     		movs	r2, #0
 1327 00da 0321     		movs	r1, #3
 1328 00dc 2846     		mov	r0, r5
 1329 00de 9847     		blx	r3
 1330              	.LVL125:
 1331              	.L115:
 1332              		.loc 1 1733 50 discriminator 3 view .LVU386
1734:Middlewares/Third_Party/LwIP/src/api/api_msg.c ****         conn->flags |= NETCONN_FLAG_CHECK_WRITESPACE;
 1333              		.loc 1 1734 9 discriminator 3 view .LVU387
 1334              		.loc 1 1734 21 is_stmt 0 discriminator 3 view .LVU388
 1335 00e0 2B7F     		ldrb	r3, [r5, #28]	@ zero_extendqisi2
 1336 00e2 43F01003 		orr	r3, r3, #16
 1337 00e6 2B77     		strb	r3, [r5, #28]
ARM GAS  /tmp/ccMZQUTk.s 			page 59


 1338 00e8 71E0     		b	.L113
 1339              	.LVL126:
 1340              	.L126:
1692:Middlewares/Third_Party/LwIP/src/api/api_msg.c ****             goto err_mem;
 1341              		.loc 1 1692 17 view .LVU389
 1342 00ea 0024     		movs	r4, #0
 1343              	.LVL127:
1693:Middlewares/Third_Party/LwIP/src/api/api_msg.c ****           }
 1344              		.loc 1 1693 13 is_stmt 1 view .LVU390
 1345 00ec E8E7     		b	.L107
 1346              	.LVL128:
 1347              	.L105:
1696:Middlewares/Third_Party/LwIP/src/api/api_msg.c ****         }
 1348              		.loc 1 1696 11 view .LVU391
1696:Middlewares/Third_Party/LwIP/src/api/api_msg.c ****         }
 1349              		.loc 1 1696 20 is_stmt 0 view .LVU392
 1350 00ee 48F00208 		orr	r8, r8, #2
 1351              	.LVL129:
1688:Middlewares/Third_Party/LwIP/src/api/api_msg.c ****         if (dontblock) {
 1352              		.loc 1 1688 13 view .LVU393
 1353 00f2 0446     		mov	r4, r0
 1354              	.LVL130:
 1355              	.L104:
1699:Middlewares/Third_Party/LwIP/src/api/api_msg.c ****                   ((conn->current_msg->msg.w.vector_off + len) <= conn->current_msg->msg.w.vector->
 1356              		.loc 1 1699 7 is_stmt 1 view .LVU394
1699:Middlewares/Third_Party/LwIP/src/api/api_msg.c ****                   ((conn->current_msg->msg.w.vector_off + len) <= conn->current_msg->msg.w.vector->
 1357              		.loc 1 1699 7 view .LVU395
 1358 00f4 A146     		mov	r9, r4
 1359 00f6 2344     		add	r3, r3, r4
 1360 00f8 9942     		cmp	r1, r3
 1361 00fa 0ED3     		bcc	.L142
 1362              	.LVL131:
 1363              	.L108:
1699:Middlewares/Third_Party/LwIP/src/api/api_msg.c ****                   ((conn->current_msg->msg.w.vector_off + len) <= conn->current_msg->msg.w.vector->
 1364              		.loc 1 1699 7 discriminator 3 view .LVU396
1699:Middlewares/Third_Party/LwIP/src/api/api_msg.c ****                   ((conn->current_msg->msg.w.vector_off + len) <= conn->current_msg->msg.w.vector->
 1365              		.loc 1 1699 7 discriminator 3 view .LVU397
1705:Middlewares/Third_Party/LwIP/src/api/api_msg.c ****           (len == (u16_t)diff && conn->current_msg->msg.w.vector_cnt > 1)) {
 1366              		.loc 1 1705 7 discriminator 3 view .LVU398
1705:Middlewares/Third_Party/LwIP/src/api/api_msg.c ****           (len == (u16_t)diff && conn->current_msg->msg.w.vector_cnt > 1)) {
 1367              		.loc 1 1705 16 is_stmt 0 discriminator 3 view .LVU399
 1368 00fc 4FF6FF73 		movw	r3, #65535
1705:Middlewares/Third_Party/LwIP/src/api/api_msg.c ****           (len == (u16_t)diff && conn->current_msg->msg.w.vector_cnt > 1)) {
 1369              		.loc 1 1705 26 discriminator 3 view .LVU400
 1370 0100 9C42     		cmp	r4, r3
 1371 0102 14BF     		ite	ne
 1372 0104 0022     		movne	r2, #0
 1373 0106 0122     		moveq	r2, #1
 1374 0108 9E42     		cmp	r6, r3
 1375 010a 98BF     		it	ls
 1376 010c 0022     		movls	r2, #0
1705:Middlewares/Third_Party/LwIP/src/api/api_msg.c ****           (len == (u16_t)diff && conn->current_msg->msg.w.vector_cnt > 1)) {
 1377              		.loc 1 1705 10 discriminator 3 view .LVU401
 1378 010e 82B9     		cbnz	r2, .L109
1706:Middlewares/Third_Party/LwIP/src/api/api_msg.c ****         write_more = 1;
 1379              		.loc 1 1706 19 discriminator 1 view .LVU402
 1380 0110 B6B2     		uxth	r6, r6
ARM GAS  /tmp/ccMZQUTk.s 			page 60


 1381              	.LVL132:
1705:Middlewares/Third_Party/LwIP/src/api/api_msg.c ****           (len == (u16_t)diff && conn->current_msg->msg.w.vector_cnt > 1)) {
 1382              		.loc 1 1705 46 discriminator 1 view .LVU403
 1383 0112 A642     		cmp	r6, r4
 1384 0114 09D0     		beq	.L143
1710:Middlewares/Third_Party/LwIP/src/api/api_msg.c ****       }
 1385              		.loc 1 1710 20 view .LVU404
 1386 0116 0026     		movs	r6, #0
 1387 0118 0EE0     		b	.L110
 1388              	.LVL133:
 1389              	.L142:
1699:Middlewares/Third_Party/LwIP/src/api/api_msg.c ****                   ((conn->current_msg->msg.w.vector_off + len) <= conn->current_msg->msg.w.vector->
 1390              		.loc 1 1699 7 is_stmt 1 discriminator 1 view .LVU405
1699:Middlewares/Third_Party/LwIP/src/api/api_msg.c ****                   ((conn->current_msg->msg.w.vector_off + len) <= conn->current_msg->msg.w.vector->
 1391              		.loc 1 1699 7 discriminator 1 view .LVU406
 1392 011a 574B     		ldr	r3, .L150
 1393 011c 40F2A362 		movw	r2, #1699
 1394 0120 5D49     		ldr	r1, .L150+32
 1395 0122 5748     		ldr	r0, .L150+8
 1396              	.LVL134:
1699:Middlewares/Third_Party/LwIP/src/api/api_msg.c ****                   ((conn->current_msg->msg.w.vector_off + len) <= conn->current_msg->msg.w.vector->
 1397              		.loc 1 1699 7 is_stmt 0 discriminator 1 view .LVU407
 1398 0124 FFF7FEFF 		bl	printf
 1399              	.LVL135:
1699:Middlewares/Third_Party/LwIP/src/api/api_msg.c ****                   ((conn->current_msg->msg.w.vector_off + len) <= conn->current_msg->msg.w.vector->
 1400              		.loc 1 1699 7 discriminator 1 view .LVU408
 1401 0128 E8E7     		b	.L108
 1402              	.LVL136:
 1403              	.L143:
1706:Middlewares/Third_Party/LwIP/src/api/api_msg.c ****         write_more = 1;
 1404              		.loc 1 1706 38 view .LVU409
 1405 012a 2B6A     		ldr	r3, [r5, #32]
1706:Middlewares/Third_Party/LwIP/src/api/api_msg.c ****         write_more = 1;
 1406              		.loc 1 1706 58 view .LVU410
 1407 012c 9B89     		ldrh	r3, [r3, #12]
1706:Middlewares/Third_Party/LwIP/src/api/api_msg.c ****         write_more = 1;
 1408              		.loc 1 1706 31 view .LVU411
 1409 012e 012B     		cmp	r3, #1
 1410 0130 38D9     		bls	.L128
 1411              	.L109:
1707:Middlewares/Third_Party/LwIP/src/api/api_msg.c ****         apiflags |= TCP_WRITE_FLAG_MORE;
 1412              		.loc 1 1707 9 is_stmt 1 view .LVU412
 1413              	.LVL137:
1708:Middlewares/Third_Party/LwIP/src/api/api_msg.c ****       } else {
 1414              		.loc 1 1708 9 view .LVU413
1708:Middlewares/Third_Party/LwIP/src/api/api_msg.c ****       } else {
 1415              		.loc 1 1708 18 is_stmt 0 view .LVU414
 1416 0132 48F00208 		orr	r8, r8, #2
 1417              	.LVL138:
1707:Middlewares/Third_Party/LwIP/src/api/api_msg.c ****         apiflags |= TCP_WRITE_FLAG_MORE;
 1418              		.loc 1 1707 20 view .LVU415
 1419 0136 0126     		movs	r6, #1
 1420              	.LVL139:
 1421              	.L110:
1712:Middlewares/Third_Party/LwIP/src/api/api_msg.c ****       if (err == ERR_OK) {
 1422              		.loc 1 1712 7 is_stmt 1 view .LVU416
1712:Middlewares/Third_Party/LwIP/src/api/api_msg.c ****       if (err == ERR_OK) {
ARM GAS  /tmp/ccMZQUTk.s 			page 61


 1423              		.loc 1 1712 13 is_stmt 0 view .LVU417
 1424 0138 4346     		mov	r3, r8
 1425 013a 2246     		mov	r2, r4
 1426 013c 3946     		mov	r1, r7
 1427 013e 6868     		ldr	r0, [r5, #4]
 1428 0140 FFF7FEFF 		bl	tcp_write
 1429              	.LVL140:
1713:Middlewares/Third_Party/LwIP/src/api/api_msg.c ****         conn->current_msg->msg.w.offset += len;
 1430              		.loc 1 1713 7 is_stmt 1 view .LVU418
1713:Middlewares/Third_Party/LwIP/src/api/api_msg.c ****         conn->current_msg->msg.w.offset += len;
 1431              		.loc 1 1713 10 is_stmt 0 view .LVU419
 1432 0144 0446     		mov	r4, r0
 1433              	.LVL141:
1713:Middlewares/Third_Party/LwIP/src/api/api_msg.c ****         conn->current_msg->msg.w.offset += len;
 1434              		.loc 1 1713 10 view .LVU420
 1435 0146 68B9     		cbnz	r0, .L111
1714:Middlewares/Third_Party/LwIP/src/api/api_msg.c ****         conn->current_msg->msg.w.vector_off += len;
 1436              		.loc 1 1714 9 is_stmt 1 view .LVU421
1714:Middlewares/Third_Party/LwIP/src/api/api_msg.c ****         conn->current_msg->msg.w.vector_off += len;
 1437              		.loc 1 1714 13 is_stmt 0 view .LVU422
 1438 0148 2A6A     		ldr	r2, [r5, #32]
1714:Middlewares/Third_Party/LwIP/src/api/api_msg.c ****         conn->current_msg->msg.w.vector_off += len;
 1439              		.loc 1 1714 41 view .LVU423
 1440 014a 9369     		ldr	r3, [r2, #24]
 1441 014c 4B44     		add	r3, r3, r9
 1442 014e 9361     		str	r3, [r2, #24]
1715:Middlewares/Third_Party/LwIP/src/api/api_msg.c ****         /* check if current vector is finished */
 1443              		.loc 1 1715 9 is_stmt 1 view .LVU424
1715:Middlewares/Third_Party/LwIP/src/api/api_msg.c ****         /* check if current vector is finished */
 1444              		.loc 1 1715 13 is_stmt 0 view .LVU425
 1445 0150 2A6A     		ldr	r2, [r5, #32]
1715:Middlewares/Third_Party/LwIP/src/api/api_msg.c ****         /* check if current vector is finished */
 1446              		.loc 1 1715 45 view .LVU426
 1447 0152 1369     		ldr	r3, [r2, #16]
 1448 0154 4B44     		add	r3, r3, r9
 1449 0156 1361     		str	r3, [r2, #16]
1717:Middlewares/Third_Party/LwIP/src/api/api_msg.c ****           conn->current_msg->msg.w.vector_cnt--;
 1450              		.loc 1 1717 9 is_stmt 1 view .LVU427
1717:Middlewares/Third_Party/LwIP/src/api/api_msg.c ****           conn->current_msg->msg.w.vector_cnt--;
 1451              		.loc 1 1717 17 is_stmt 0 view .LVU428
 1452 0158 2B6A     		ldr	r3, [r5, #32]
1717:Middlewares/Third_Party/LwIP/src/api/api_msg.c ****           conn->current_msg->msg.w.vector_cnt--;
 1453              		.loc 1 1717 37 view .LVU429
 1454 015a 1969     		ldr	r1, [r3, #16]
1717:Middlewares/Third_Party/LwIP/src/api/api_msg.c ****           conn->current_msg->msg.w.vector_cnt--;
 1455              		.loc 1 1717 76 view .LVU430
 1456 015c 9A68     		ldr	r2, [r3, #8]
1717:Middlewares/Third_Party/LwIP/src/api/api_msg.c ****           conn->current_msg->msg.w.vector_cnt--;
 1457              		.loc 1 1717 83 view .LVU431
 1458 015e 5268     		ldr	r2, [r2, #4]
1717:Middlewares/Third_Party/LwIP/src/api/api_msg.c ****           conn->current_msg->msg.w.vector_cnt--;
 1459              		.loc 1 1717 12 view .LVU432
 1460 0160 9142     		cmp	r1, r2
 1461 0162 21D0     		beq	.L144
 1462              	.L111:
1726:Middlewares/Third_Party/LwIP/src/api/api_msg.c ****     /* if OK or memory error, check available space */
 1463              		.loc 1 1726 13 is_stmt 1 view .LVU433
ARM GAS  /tmp/ccMZQUTk.s 			page 62


1726:Middlewares/Third_Party/LwIP/src/api/api_msg.c ****     /* if OK or memory error, check available space */
 1464              		.loc 1 1726 25 is_stmt 0 view .LVU434
 1465 0164 002C     		cmp	r4, #0
 1466 0166 14BF     		ite	ne
 1467 0168 0026     		movne	r6, #0
 1468 016a 06F00106 		andeq	r6, r6, #1
 1469              	.LVL142:
1726:Middlewares/Third_Party/LwIP/src/api/api_msg.c ****     /* if OK or memory error, check available space */
 1470              		.loc 1 1726 5 view .LVU435
 1471 016e 4EB3     		cbz	r6, .L145
 1472              	.LVL143:
 1473              	.L112:
1676:Middlewares/Third_Party/LwIP/src/api/api_msg.c ****       dataptr = (const u8_t *)conn->current_msg->msg.w.vector->ptr + conn->current_msg->msg.w.vecto
 1474              		.loc 1 1676 5 is_stmt 1 view .LVU436
1677:Middlewares/Third_Party/LwIP/src/api/api_msg.c ****       diff = conn->current_msg->msg.w.vector->len - conn->current_msg->msg.w.vector_off;
 1475              		.loc 1 1677 7 view .LVU437
1677:Middlewares/Third_Party/LwIP/src/api/api_msg.c ****       diff = conn->current_msg->msg.w.vector->len - conn->current_msg->msg.w.vector_off;
 1476              		.loc 1 1677 35 is_stmt 0 view .LVU438
 1477 0170 2A6A     		ldr	r2, [r5, #32]
1677:Middlewares/Third_Party/LwIP/src/api/api_msg.c ****       diff = conn->current_msg->msg.w.vector->len - conn->current_msg->msg.w.vector_off;
 1478              		.loc 1 1677 55 view .LVU439
 1479 0172 9168     		ldr	r1, [r2, #8]
1677:Middlewares/Third_Party/LwIP/src/api/api_msg.c ****       diff = conn->current_msg->msg.w.vector->len - conn->current_msg->msg.w.vector_off;
 1480              		.loc 1 1677 62 view .LVU440
 1481 0174 0F68     		ldr	r7, [r1]
1677:Middlewares/Third_Party/LwIP/src/api/api_msg.c ****       diff = conn->current_msg->msg.w.vector->len - conn->current_msg->msg.w.vector_off;
 1482              		.loc 1 1677 94 view .LVU441
 1483 0176 1369     		ldr	r3, [r2, #16]
1677:Middlewares/Third_Party/LwIP/src/api/api_msg.c ****       diff = conn->current_msg->msg.w.vector->len - conn->current_msg->msg.w.vector_off;
 1484              		.loc 1 1677 15 view .LVU442
 1485 0178 1F44     		add	r7, r7, r3
 1486              	.LVL144:
1678:Middlewares/Third_Party/LwIP/src/api/api_msg.c ****       if (diff > 0xffffUL) { /* max_u16_t */
 1487              		.loc 1 1678 7 is_stmt 1 view .LVU443
1678:Middlewares/Third_Party/LwIP/src/api/api_msg.c ****       if (diff > 0xffffUL) { /* max_u16_t */
 1488              		.loc 1 1678 45 is_stmt 0 view .LVU444
 1489 017a 4968     		ldr	r1, [r1, #4]
1678:Middlewares/Third_Party/LwIP/src/api/api_msg.c ****       if (diff > 0xffffUL) { /* max_u16_t */
 1490              		.loc 1 1678 12 view .LVU445
 1491 017c CE1A     		subs	r6, r1, r3
 1492              	.LVL145:
1679:Middlewares/Third_Party/LwIP/src/api/api_msg.c ****         len = 0xffff;
 1493              		.loc 1 1679 7 is_stmt 1 view .LVU446
1679:Middlewares/Third_Party/LwIP/src/api/api_msg.c ****         len = 0xffff;
 1494              		.loc 1 1679 10 is_stmt 0 view .LVU447
 1495 017e B6F5803F 		cmp	r6, #65536
 1496 0182 97D3     		bcc	.L102
1680:Middlewares/Third_Party/LwIP/src/api/api_msg.c ****         apiflags |= TCP_WRITE_FLAG_MORE;
 1497              		.loc 1 1680 9 is_stmt 1 view .LVU448
 1498              	.LVL146:
1681:Middlewares/Third_Party/LwIP/src/api/api_msg.c ****       } else {
 1499              		.loc 1 1681 9 view .LVU449
1681:Middlewares/Third_Party/LwIP/src/api/api_msg.c ****       } else {
 1500              		.loc 1 1681 18 is_stmt 0 view .LVU450
 1501 0184 48F00208 		orr	r8, r8, #2
 1502              	.LVL147:
1680:Middlewares/Third_Party/LwIP/src/api/api_msg.c ****         apiflags |= TCP_WRITE_FLAG_MORE;
ARM GAS  /tmp/ccMZQUTk.s 			page 63


 1503              		.loc 1 1680 13 view .LVU451
 1504 0188 4FF6FF74 		movw	r4, #65535
 1505              	.LVL148:
 1506              	.L103:
1685:Middlewares/Third_Party/LwIP/src/api/api_msg.c ****       if (available < len) {
 1507              		.loc 1 1685 7 is_stmt 1 view .LVU452
1685:Middlewares/Third_Party/LwIP/src/api/api_msg.c ****       if (available < len) {
 1508              		.loc 1 1685 19 is_stmt 0 view .LVU453
 1509 018c 6868     		ldr	r0, [r5, #4]
1685:Middlewares/Third_Party/LwIP/src/api/api_msg.c ****       if (available < len) {
 1510              		.loc 1 1685 17 view .LVU454
 1511 018e B0F86400 		ldrh	r0, [r0, #100]
 1512              	.LVL149:
1686:Middlewares/Third_Party/LwIP/src/api/api_msg.c ****         /* don't try to write more than sendbuf */
 1513              		.loc 1 1686 7 is_stmt 1 view .LVU455
1686:Middlewares/Third_Party/LwIP/src/api/api_msg.c ****         /* don't try to write more than sendbuf */
 1514              		.loc 1 1686 10 is_stmt 0 view .LVU456
 1515 0192 8442     		cmp	r4, r0
 1516 0194 AED9     		bls	.L104
1688:Middlewares/Third_Party/LwIP/src/api/api_msg.c ****         if (dontblock) {
 1517              		.loc 1 1688 9 is_stmt 1 view .LVU457
 1518              	.LVL150:
1689:Middlewares/Third_Party/LwIP/src/api/api_msg.c ****           if (!len) {
 1519              		.loc 1 1689 9 view .LVU458
1689:Middlewares/Third_Party/LwIP/src/api/api_msg.c ****           if (!len) {
 1520              		.loc 1 1689 12 is_stmt 0 view .LVU459
 1521 0196 BAF1000F 		cmp	r10, #0
 1522 019a A8D0     		beq	.L105
1690:Middlewares/Third_Party/LwIP/src/api/api_msg.c ****             /* set error according to partial write or not */
 1523              		.loc 1 1690 11 is_stmt 1 view .LVU460
1690:Middlewares/Third_Party/LwIP/src/api/api_msg.c ****             /* set error according to partial write or not */
 1524              		.loc 1 1690 14 is_stmt 0 view .LVU461
 1525 019c 0028     		cmp	r0, #0
 1526 019e 8BD0     		beq	.L146
1688:Middlewares/Third_Party/LwIP/src/api/api_msg.c ****         if (dontblock) {
 1527              		.loc 1 1688 13 view .LVU462
 1528 01a0 0446     		mov	r4, r0
 1529 01a2 A7E7     		b	.L104
 1530              	.LVL151:
 1531              	.L128:
1710:Middlewares/Third_Party/LwIP/src/api/api_msg.c ****       }
 1532              		.loc 1 1710 20 view .LVU463
 1533 01a4 0026     		movs	r6, #0
 1534 01a6 C7E7     		b	.L110
 1535              	.LVL152:
 1536              	.L144:
1718:Middlewares/Third_Party/LwIP/src/api/api_msg.c ****           /* if we have additional vectors, move on to them */
 1537              		.loc 1 1718 11 is_stmt 1 view .LVU464
1718:Middlewares/Third_Party/LwIP/src/api/api_msg.c ****           /* if we have additional vectors, move on to them */
 1538              		.loc 1 1718 35 is_stmt 0 view .LVU465
 1539 01a8 9A89     		ldrh	r2, [r3, #12]
1718:Middlewares/Third_Party/LwIP/src/api/api_msg.c ****           /* if we have additional vectors, move on to them */
 1540              		.loc 1 1718 46 view .LVU466
 1541 01aa 013A     		subs	r2, r2, #1
 1542 01ac 9A81     		strh	r2, [r3, #12]	@ movhi
1720:Middlewares/Third_Party/LwIP/src/api/api_msg.c ****             conn->current_msg->msg.w.vector++;
 1543              		.loc 1 1720 11 is_stmt 1 view .LVU467
ARM GAS  /tmp/ccMZQUTk.s 			page 64


1720:Middlewares/Third_Party/LwIP/src/api/api_msg.c ****             conn->current_msg->msg.w.vector++;
 1544              		.loc 1 1720 19 is_stmt 0 view .LVU468
 1545 01ae 2B6A     		ldr	r3, [r5, #32]
1720:Middlewares/Third_Party/LwIP/src/api/api_msg.c ****             conn->current_msg->msg.w.vector++;
 1546              		.loc 1 1720 39 view .LVU469
 1547 01b0 9A89     		ldrh	r2, [r3, #12]
1720:Middlewares/Third_Party/LwIP/src/api/api_msg.c ****             conn->current_msg->msg.w.vector++;
 1548              		.loc 1 1720 14 view .LVU470
 1549 01b2 002A     		cmp	r2, #0
 1550 01b4 D6D0     		beq	.L111
1721:Middlewares/Third_Party/LwIP/src/api/api_msg.c ****             conn->current_msg->msg.w.vector_off = 0;
 1551              		.loc 1 1721 13 is_stmt 1 view .LVU471
1721:Middlewares/Third_Party/LwIP/src/api/api_msg.c ****             conn->current_msg->msg.w.vector_off = 0;
 1552              		.loc 1 1721 37 is_stmt 0 view .LVU472
 1553 01b6 9A68     		ldr	r2, [r3, #8]
1721:Middlewares/Third_Party/LwIP/src/api/api_msg.c ****             conn->current_msg->msg.w.vector_off = 0;
 1554              		.loc 1 1721 44 view .LVU473
 1555 01b8 0832     		adds	r2, r2, #8
 1556 01ba 9A60     		str	r2, [r3, #8]
1722:Middlewares/Third_Party/LwIP/src/api/api_msg.c ****           }
 1557              		.loc 1 1722 13 is_stmt 1 view .LVU474
1722:Middlewares/Third_Party/LwIP/src/api/api_msg.c ****           }
 1558              		.loc 1 1722 17 is_stmt 0 view .LVU475
 1559 01bc 2B6A     		ldr	r3, [r5, #32]
1722:Middlewares/Third_Party/LwIP/src/api/api_msg.c ****           }
 1560              		.loc 1 1722 49 view .LVU476
 1561 01be 0022     		movs	r2, #0
 1562 01c0 1A61     		str	r2, [r3, #16]
 1563 01c2 CFE7     		b	.L111
 1564              	.LVL153:
 1565              	.L145:
1728:Middlewares/Third_Party/LwIP/src/api/api_msg.c **** err_mem:
 1566              		.loc 1 1728 5 is_stmt 1 view .LVU477
1728:Middlewares/Third_Party/LwIP/src/api/api_msg.c **** err_mem:
 1567              		.loc 1 1728 25 is_stmt 0 view .LVU478
 1568 01c4 631C     		adds	r3, r4, #1
 1569 01c6 DBB2     		uxtb	r3, r3
1728:Middlewares/Third_Party/LwIP/src/api/api_msg.c **** err_mem:
 1570              		.loc 1 1728 8 view .LVU479
 1571 01c8 012B     		cmp	r3, #1
 1572 01ca 7FF679AF 		bls	.L107
 1573              	.LVL154:
 1574              	.L113:
1735:Middlewares/Third_Party/LwIP/src/api/api_msg.c ****       } else if ((tcp_sndbuf(conn->pcb.tcp) <= TCP_SNDLOWAT) ||
1736:Middlewares/Third_Party/LwIP/src/api/api_msg.c ****                  (tcp_sndqueuelen(conn->pcb.tcp) >= TCP_SNDQUEUELOWAT)) {
1737:Middlewares/Third_Party/LwIP/src/api/api_msg.c ****         /* The queued byte- or pbuf-count exceeds the configured low-water limit,
1738:Middlewares/Third_Party/LwIP/src/api/api_msg.c ****            let select mark this pcb as non-writable. */
1739:Middlewares/Third_Party/LwIP/src/api/api_msg.c ****         API_EVENT(conn, NETCONN_EVT_SENDMINUS, 0);
 1575              		.loc 1 1739 50 is_stmt 1 discriminator 3 view .LVU480
1740:Middlewares/Third_Party/LwIP/src/api/api_msg.c ****       }
1741:Middlewares/Third_Party/LwIP/src/api/api_msg.c ****     }
1742:Middlewares/Third_Party/LwIP/src/api/api_msg.c **** 
1743:Middlewares/Third_Party/LwIP/src/api/api_msg.c ****     if (err == ERR_OK) {
 1576              		.loc 1 1743 5 discriminator 3 view .LVU481
 1577              		.loc 1 1743 8 is_stmt 0 discriminator 3 view .LVU482
 1578 01ce 5CBB     		cbnz	r4, .L117
 1579              	.LBB6:
ARM GAS  /tmp/ccMZQUTk.s 			page 65


1744:Middlewares/Third_Party/LwIP/src/api/api_msg.c ****       err_t out_err;
 1580              		.loc 1 1744 7 is_stmt 1 view .LVU483
1745:Middlewares/Third_Party/LwIP/src/api/api_msg.c ****       if ((conn->current_msg->msg.w.offset == conn->current_msg->msg.w.len) || dontblock) {
 1581              		.loc 1 1745 7 view .LVU484
 1582              		.loc 1 1745 16 is_stmt 0 view .LVU485
 1583 01d0 2B6A     		ldr	r3, [r5, #32]
 1584              		.loc 1 1745 36 view .LVU486
 1585 01d2 9A69     		ldr	r2, [r3, #24]
 1586              		.loc 1 1745 71 view .LVU487
 1587 01d4 5B69     		ldr	r3, [r3, #20]
 1588              		.loc 1 1745 10 view .LVU488
 1589 01d6 9A42     		cmp	r2, r3
 1590 01d8 18D0     		beq	.L129
 1591              		.loc 1 1745 77 discriminator 1 view .LVU489
 1592 01da BAF1000F 		cmp	r10, #0
 1593 01de 17D0     		beq	.L118
1746:Middlewares/Third_Party/LwIP/src/api/api_msg.c ****         /* return sent length (caller reads length from msg.w.offset) */
1747:Middlewares/Third_Party/LwIP/src/api/api_msg.c ****         write_finished = 1;
 1594              		.loc 1 1747 24 view .LVU490
 1595 01e0 4FF0010A 		mov	r10, #1
 1596              	.LVL155:
 1597              		.loc 1 1747 24 view .LVU491
 1598 01e4 14E0     		b	.L118
 1599              	.LVL156:
 1600              	.L114:
 1601              		.loc 1 1747 24 view .LVU492
 1602              	.LBE6:
1735:Middlewares/Third_Party/LwIP/src/api/api_msg.c ****                  (tcp_sndqueuelen(conn->pcb.tcp) >= TCP_SNDQUEUELOWAT)) {
 1603              		.loc 1 1735 14 is_stmt 1 view .LVU493
1735:Middlewares/Third_Party/LwIP/src/api/api_msg.c ****                  (tcp_sndqueuelen(conn->pcb.tcp) >= TCP_SNDQUEUELOWAT)) {
 1604              		.loc 1 1735 19 is_stmt 0 view .LVU494
 1605 01e6 6B68     		ldr	r3, [r5, #4]
 1606 01e8 B3F86410 		ldrh	r1, [r3, #100]
1735:Middlewares/Third_Party/LwIP/src/api/api_msg.c ****                  (tcp_sndqueuelen(conn->pcb.tcp) >= TCP_SNDQUEUELOWAT)) {
 1607              		.loc 1 1735 17 view .LVU495
 1608 01ec 40F66732 		movw	r2, #2919
 1609 01f0 9142     		cmp	r1, r2
 1610 01f2 03D9     		bls	.L116
1736:Middlewares/Third_Party/LwIP/src/api/api_msg.c ****         /* The queued byte- or pbuf-count exceeds the configured low-water limit,
 1611              		.loc 1 1736 19 discriminator 1 view .LVU496
 1612 01f4 B3F86630 		ldrh	r3, [r3, #102]
1735:Middlewares/Third_Party/LwIP/src/api/api_msg.c ****                  (tcp_sndqueuelen(conn->pcb.tcp) >= TCP_SNDQUEUELOWAT)) {
 1613              		.loc 1 1735 62 discriminator 1 view .LVU497
 1614 01f8 042B     		cmp	r3, #4
 1615 01fa E8D9     		bls	.L113
 1616              	.L116:
1739:Middlewares/Third_Party/LwIP/src/api/api_msg.c ****       }
 1617              		.loc 1 1739 9 is_stmt 1 view .LVU498
 1618 01fc 6B6A     		ldr	r3, [r5, #36]
 1619 01fe 002B     		cmp	r3, #0
 1620 0200 E5D0     		beq	.L113
1739:Middlewares/Third_Party/LwIP/src/api/api_msg.c ****       }
 1621              		.loc 1 1739 9 discriminator 1 view .LVU499
 1622 0202 0022     		movs	r2, #0
 1623 0204 0321     		movs	r1, #3
 1624 0206 2846     		mov	r0, r5
 1625 0208 9847     		blx	r3
ARM GAS  /tmp/ccMZQUTk.s 			page 66


 1626              	.LVL157:
 1627 020a E0E7     		b	.L113
 1628              	.L129:
 1629              	.LBB7:
 1630              		.loc 1 1747 24 is_stmt 0 view .LVU500
 1631 020c 4FF0010A 		mov	r10, #1
 1632              	.LVL158:
 1633              	.L118:
1748:Middlewares/Third_Party/LwIP/src/api/api_msg.c ****       }
1749:Middlewares/Third_Party/LwIP/src/api/api_msg.c ****       out_err = tcp_output(conn->pcb.tcp);
 1634              		.loc 1 1749 7 is_stmt 1 view .LVU501
 1635              		.loc 1 1749 17 is_stmt 0 view .LVU502
 1636 0210 6868     		ldr	r0, [r5, #4]
 1637 0212 FFF7FEFF 		bl	tcp_output
 1638              	.LVL159:
1750:Middlewares/Third_Party/LwIP/src/api/api_msg.c ****       if (out_err == ERR_RTE) {
 1639              		.loc 1 1750 7 is_stmt 1 view .LVU503
 1640              		.loc 1 1750 10 is_stmt 0 view .LVU504
 1641 0216 10F1040F 		cmn	r0, #4
 1642 021a 25D0     		beq	.L147
 1643              		.loc 1 1750 10 view .LVU505
 1644              	.LBE7:
1751:Middlewares/Third_Party/LwIP/src/api/api_msg.c ****         /* If tcp_output fails because no route is found,
1752:Middlewares/Third_Party/LwIP/src/api/api_msg.c ****            don't try writing any more but return the error
1753:Middlewares/Third_Party/LwIP/src/api/api_msg.c ****            to the application thread. */
1754:Middlewares/Third_Party/LwIP/src/api/api_msg.c ****         err = out_err;
1755:Middlewares/Third_Party/LwIP/src/api/api_msg.c ****         write_finished = 1;
1756:Middlewares/Third_Party/LwIP/src/api/api_msg.c ****       }
1757:Middlewares/Third_Party/LwIP/src/api/api_msg.c ****     } else if (err == ERR_MEM) {
1758:Middlewares/Third_Party/LwIP/src/api/api_msg.c ****       /* If ERR_MEM, we wait for sent_tcp or poll_tcp to be called.
1759:Middlewares/Third_Party/LwIP/src/api/api_msg.c ****          For blocking sockets, we do NOT return to the application
1760:Middlewares/Third_Party/LwIP/src/api/api_msg.c ****          thread, since ERR_MEM is only a temporary error! Non-blocking
1761:Middlewares/Third_Party/LwIP/src/api/api_msg.c ****          will remain non-writable until sent_tcp/poll_tcp is called */
1762:Middlewares/Third_Party/LwIP/src/api/api_msg.c **** 
1763:Middlewares/Third_Party/LwIP/src/api/api_msg.c ****       /* tcp_write returned ERR_MEM, try tcp_output anyway */
1764:Middlewares/Third_Party/LwIP/src/api/api_msg.c ****       err_t out_err = tcp_output(conn->pcb.tcp);
1765:Middlewares/Third_Party/LwIP/src/api/api_msg.c ****       if (out_err == ERR_RTE) {
1766:Middlewares/Third_Party/LwIP/src/api/api_msg.c ****         /* If tcp_output fails because no route is found,
1767:Middlewares/Third_Party/LwIP/src/api/api_msg.c ****            don't try writing any more but return the error
1768:Middlewares/Third_Party/LwIP/src/api/api_msg.c ****            to the application thread. */
1769:Middlewares/Third_Party/LwIP/src/api/api_msg.c ****         err = out_err;
1770:Middlewares/Third_Party/LwIP/src/api/api_msg.c ****         write_finished = 1;
1771:Middlewares/Third_Party/LwIP/src/api/api_msg.c ****       } else if (dontblock) {
1772:Middlewares/Third_Party/LwIP/src/api/api_msg.c ****         /* non-blocking write is done on ERR_MEM, set error according
1773:Middlewares/Third_Party/LwIP/src/api/api_msg.c ****            to partial write or not */
1774:Middlewares/Third_Party/LwIP/src/api/api_msg.c ****         err = (conn->current_msg->msg.w.offset == 0) ? ERR_WOULDBLOCK : ERR_OK;
1775:Middlewares/Third_Party/LwIP/src/api/api_msg.c ****         write_finished = 1;
1776:Middlewares/Third_Party/LwIP/src/api/api_msg.c ****       }
1777:Middlewares/Third_Party/LwIP/src/api/api_msg.c ****     } else {
1778:Middlewares/Third_Party/LwIP/src/api/api_msg.c ****       /* On errors != ERR_MEM, we don't try writing any more but return
1779:Middlewares/Third_Party/LwIP/src/api/api_msg.c ****          the error to the application thread. */
1780:Middlewares/Third_Party/LwIP/src/api/api_msg.c ****       write_finished = 1;
1781:Middlewares/Third_Party/LwIP/src/api/api_msg.c ****     }
1782:Middlewares/Third_Party/LwIP/src/api/api_msg.c ****   }
1783:Middlewares/Third_Party/LwIP/src/api/api_msg.c ****   if (write_finished) {
 1645              		.loc 1 1783 3 is_stmt 1 view .LVU506
 1646              		.loc 1 1783 6 is_stmt 0 view .LVU507
ARM GAS  /tmp/ccMZQUTk.s 			page 67


 1647 021c BAF1000F 		cmp	r10, #0
 1648 0220 05D1     		bne	.L119
 1649              	.LVL160:
 1650              	.L121:
1784:Middlewares/Third_Party/LwIP/src/api/api_msg.c ****     /* everything was written: set back connection state
1785:Middlewares/Third_Party/LwIP/src/api/api_msg.c ****        and back to application task */
1786:Middlewares/Third_Party/LwIP/src/api/api_msg.c ****     sys_sem_t *op_completed_sem = LWIP_API_MSG_SEM(conn->current_msg);
1787:Middlewares/Third_Party/LwIP/src/api/api_msg.c ****     conn->current_msg->err = err;
1788:Middlewares/Third_Party/LwIP/src/api/api_msg.c ****     conn->current_msg = NULL;
1789:Middlewares/Third_Party/LwIP/src/api/api_msg.c ****     conn->state = NETCONN_NONE;
1790:Middlewares/Third_Party/LwIP/src/api/api_msg.c **** #if LWIP_TCPIP_CORE_LOCKING
1791:Middlewares/Third_Party/LwIP/src/api/api_msg.c ****     if (delayed)
1792:Middlewares/Third_Party/LwIP/src/api/api_msg.c **** #endif
1793:Middlewares/Third_Party/LwIP/src/api/api_msg.c ****     {
1794:Middlewares/Third_Party/LwIP/src/api/api_msg.c ****       sys_sem_signal(op_completed_sem);
1795:Middlewares/Third_Party/LwIP/src/api/api_msg.c ****     }
1796:Middlewares/Third_Party/LwIP/src/api/api_msg.c ****   }
1797:Middlewares/Third_Party/LwIP/src/api/api_msg.c **** #if LWIP_TCPIP_CORE_LOCKING
1798:Middlewares/Third_Party/LwIP/src/api/api_msg.c ****   else {
1799:Middlewares/Third_Party/LwIP/src/api/api_msg.c ****     return ERR_MEM;
 1651              		.loc 1 1799 5 is_stmt 1 view .LVU508
 1652              		.loc 1 1799 12 is_stmt 0 view .LVU509
 1653 0222 4FF0FF30 		mov	r0, #-1
 1654 0226 0DE0     		b	.L122
 1655              	.LVL161:
 1656              	.L117:
1757:Middlewares/Third_Party/LwIP/src/api/api_msg.c ****       /* If ERR_MEM, we wait for sent_tcp or poll_tcp to be called.
 1657              		.loc 1 1757 12 is_stmt 1 view .LVU510
1757:Middlewares/Third_Party/LwIP/src/api/api_msg.c ****       /* If ERR_MEM, we wait for sent_tcp or poll_tcp to be called.
 1658              		.loc 1 1757 15 is_stmt 0 view .LVU511
 1659 0228 B4F1FF3F 		cmp	r4, #-1
 1660 022c 0CD0     		beq	.L148
 1661              	.LVL162:
 1662              	.L119:
 1663              	.LBB8:
1786:Middlewares/Third_Party/LwIP/src/api/api_msg.c ****     conn->current_msg->err = err;
 1664              		.loc 1 1786 5 is_stmt 1 view .LVU512
1786:Middlewares/Third_Party/LwIP/src/api/api_msg.c ****     conn->current_msg->err = err;
 1665              		.loc 1 1786 35 is_stmt 0 view .LVU513
 1666 022e 2B6A     		ldr	r3, [r5, #32]
 1667 0230 1868     		ldr	r0, [r3]
1786:Middlewares/Third_Party/LwIP/src/api/api_msg.c ****     conn->current_msg->err = err;
 1668              		.loc 1 1786 16 view .LVU514
 1669 0232 0C30     		adds	r0, r0, #12
 1670              	.LVL163:
1787:Middlewares/Third_Party/LwIP/src/api/api_msg.c ****     conn->current_msg = NULL;
 1671              		.loc 1 1787 5 is_stmt 1 view .LVU515
1787:Middlewares/Third_Party/LwIP/src/api/api_msg.c ****     conn->current_msg = NULL;
 1672              		.loc 1 1787 28 is_stmt 0 view .LVU516
 1673 0234 1C71     		strb	r4, [r3, #4]
1788:Middlewares/Third_Party/LwIP/src/api/api_msg.c ****     conn->state = NETCONN_NONE;
 1674              		.loc 1 1788 5 is_stmt 1 view .LVU517
1788:Middlewares/Third_Party/LwIP/src/api/api_msg.c ****     conn->state = NETCONN_NONE;
 1675              		.loc 1 1788 23 is_stmt 0 view .LVU518
 1676 0236 0023     		movs	r3, #0
 1677 0238 2B62     		str	r3, [r5, #32]
1789:Middlewares/Third_Party/LwIP/src/api/api_msg.c **** #if LWIP_TCPIP_CORE_LOCKING
ARM GAS  /tmp/ccMZQUTk.s 			page 68


 1678              		.loc 1 1789 5 is_stmt 1 view .LVU519
1789:Middlewares/Third_Party/LwIP/src/api/api_msg.c **** #if LWIP_TCPIP_CORE_LOCKING
 1679              		.loc 1 1789 17 is_stmt 0 view .LVU520
 1680 023a 6B70     		strb	r3, [r5, #1]
1791:Middlewares/Third_Party/LwIP/src/api/api_msg.c **** #endif
 1681              		.loc 1 1791 5 is_stmt 1 view .LVU521
1791:Middlewares/Third_Party/LwIP/src/api/api_msg.c **** #endif
 1682              		.loc 1 1791 8 is_stmt 0 view .LVU522
 1683 023c BBF1000F 		cmp	fp, #0
 1684 0240 16D1     		bne	.L149
 1685              	.LBE8:
1800:Middlewares/Third_Party/LwIP/src/api/api_msg.c ****   }
1801:Middlewares/Third_Party/LwIP/src/api/api_msg.c **** #endif
1802:Middlewares/Third_Party/LwIP/src/api/api_msg.c ****   return ERR_OK;
 1686              		.loc 1 1802 10 view .LVU523
 1687 0242 0020     		movs	r0, #0
 1688              	.LVL164:
 1689              	.L122:
1803:Middlewares/Third_Party/LwIP/src/api/api_msg.c **** }
 1690              		.loc 1 1803 1 view .LVU524
 1691 0244 BDE8F88F 		pop	{r3, r4, r5, r6, r7, r8, r9, r10, fp, pc}
 1692              	.LVL165:
 1693              	.L148:
 1694              	.LBB9:
1764:Middlewares/Third_Party/LwIP/src/api/api_msg.c ****       if (out_err == ERR_RTE) {
 1695              		.loc 1 1764 7 is_stmt 1 view .LVU525
1764:Middlewares/Third_Party/LwIP/src/api/api_msg.c ****       if (out_err == ERR_RTE) {
 1696              		.loc 1 1764 23 is_stmt 0 view .LVU526
 1697 0248 6868     		ldr	r0, [r5, #4]
 1698 024a FFF7FEFF 		bl	tcp_output
 1699              	.LVL166:
 1700 024e 0446     		mov	r4, r0
 1701              	.LVL167:
1765:Middlewares/Third_Party/LwIP/src/api/api_msg.c ****         /* If tcp_output fails because no route is found,
 1702              		.loc 1 1765 7 is_stmt 1 view .LVU527
1765:Middlewares/Third_Party/LwIP/src/api/api_msg.c ****         /* If tcp_output fails because no route is found,
 1703              		.loc 1 1765 10 is_stmt 0 view .LVU528
 1704 0250 10F1040F 		cmn	r0, #4
 1705 0254 EBD0     		beq	.L119
1771:Middlewares/Third_Party/LwIP/src/api/api_msg.c ****         /* non-blocking write is done on ERR_MEM, set error according
 1706              		.loc 1 1771 14 is_stmt 1 view .LVU529
1771:Middlewares/Third_Party/LwIP/src/api/api_msg.c ****         /* non-blocking write is done on ERR_MEM, set error according
 1707              		.loc 1 1771 17 is_stmt 0 view .LVU530
 1708 0256 BAF1000F 		cmp	r10, #0
 1709 025a E2D0     		beq	.L121
1774:Middlewares/Third_Party/LwIP/src/api/api_msg.c ****         write_finished = 1;
 1710              		.loc 1 1774 9 is_stmt 1 view .LVU531
1774:Middlewares/Third_Party/LwIP/src/api/api_msg.c ****         write_finished = 1;
 1711              		.loc 1 1774 20 is_stmt 0 view .LVU532
 1712 025c 2B6A     		ldr	r3, [r5, #32]
1774:Middlewares/Third_Party/LwIP/src/api/api_msg.c ****         write_finished = 1;
 1713              		.loc 1 1774 40 view .LVU533
 1714 025e 9B69     		ldr	r3, [r3, #24]
1774:Middlewares/Third_Party/LwIP/src/api/api_msg.c ****         write_finished = 1;
 1715              		.loc 1 1774 13 view .LVU534
 1716 0260 23B9     		cbnz	r3, .L132
 1717 0262 6FF00604 		mvn	r4, #6
ARM GAS  /tmp/ccMZQUTk.s 			page 69


 1718 0266 E2E7     		b	.L119
 1719              	.LVL168:
 1720              	.L147:
1774:Middlewares/Third_Party/LwIP/src/api/api_msg.c ****         write_finished = 1;
 1721              		.loc 1 1774 13 view .LVU535
 1722              	.LBE9:
 1723              	.LBB10:
1754:Middlewares/Third_Party/LwIP/src/api/api_msg.c ****         write_finished = 1;
 1724              		.loc 1 1754 13 view .LVU536
 1725 0268 0446     		mov	r4, r0
 1726              	.LVL169:
1754:Middlewares/Third_Party/LwIP/src/api/api_msg.c ****         write_finished = 1;
 1727              		.loc 1 1754 13 view .LVU537
 1728 026a E0E7     		b	.L119
 1729              	.LVL170:
 1730              	.L132:
1754:Middlewares/Third_Party/LwIP/src/api/api_msg.c ****         write_finished = 1;
 1731              		.loc 1 1754 13 view .LVU538
 1732              	.LBE10:
 1733              	.LBB11:
1774:Middlewares/Third_Party/LwIP/src/api/api_msg.c ****         write_finished = 1;
 1734              		.loc 1 1774 13 view .LVU539
 1735 026c 0024     		movs	r4, #0
 1736 026e DEE7     		b	.L119
 1737              	.LVL171:
 1738              	.L149:
1774:Middlewares/Third_Party/LwIP/src/api/api_msg.c ****         write_finished = 1;
 1739              		.loc 1 1774 13 view .LVU540
 1740              	.LBE11:
 1741              	.LBB12:
1794:Middlewares/Third_Party/LwIP/src/api/api_msg.c ****     }
 1742              		.loc 1 1794 7 is_stmt 1 view .LVU541
 1743 0270 FFF7FEFF 		bl	sys_sem_signal
 1744              	.LVL172:
1794:Middlewares/Third_Party/LwIP/src/api/api_msg.c ****     }
 1745              		.loc 1 1794 7 is_stmt 0 view .LVU542
 1746              	.LBE12:
1802:Middlewares/Third_Party/LwIP/src/api/api_msg.c **** }
 1747              		.loc 1 1802 10 view .LVU543
 1748 0274 0020     		movs	r0, #0
 1749 0276 E5E7     		b	.L122
 1750              	.L151:
 1751              		.align	2
 1752              	.L150:
 1753 0278 00000000 		.word	.LC0
 1754 027c 00000000 		.word	.LC7
 1755 0280 40000000 		.word	.LC2
 1756 0284 00000000 		.word	.LC14
 1757 0288 10000000 		.word	.LC8
 1758 028c 20000000 		.word	.LC15
 1759 0290 38000000 		.word	.LC16
 1760 0294 78000000 		.word	.LC17
 1761 0298 A0000000 		.word	.LC18
 1762              		.cfi_endproc
 1763              	.LFE197:
 1765              		.section	.rodata.lwip_netconn_do_close_internal.str1.4,"aMS",%progbits,1
 1766              		.align	2
ARM GAS  /tmp/ccMZQUTk.s 			page 70


 1767              	.LC19:
 1768 0000 696E7661 		.ascii	"invalid conn\000"
 1768      6C696420 
 1768      636F6E6E 
 1768      00
 1769 000d 000000   		.align	2
 1770              	.LC20:
 1771 0010 74686973 		.ascii	"this is for tcp netconns only\000"
 1771      20697320 
 1771      666F7220 
 1771      74637020 
 1771      6E657463 
 1772 002e 0000     		.align	2
 1773              	.LC21:
 1774 0030 636F6E6E 		.ascii	"conn must be in state NETCONN_CLOSE\000"
 1774      206D7573 
 1774      74206265 
 1774      20696E20 
 1774      73746174 
 1775              		.align	2
 1776              	.LC22:
 1777 0054 70636220 		.ascii	"pcb already closed\000"
 1777      616C7265 
 1777      61647920 
 1777      636C6F73 
 1777      656400
 1778 0067 00       		.align	2
 1779              	.LC23:
 1780 0068 436C6F73 		.ascii	"Closing a listen pcb may not fail!\000"
 1780      696E6720 
 1780      61206C69 
 1780      7374656E 
 1780      20706362 
 1781              		.section	.text.lwip_netconn_do_close_internal,"ax",%progbits
 1782              		.align	1
 1783              		.syntax unified
 1784              		.thumb
 1785              		.thumb_func
 1786              		.fpu fpv5-d16
 1788              	lwip_netconn_do_close_internal:
 1789              	.LVL173:
 1790              	.LFB187:
 921:Middlewares/Third_Party/LwIP/src/api/api_msg.c ****   err_t err;
 1791              		.loc 1 921 1 is_stmt 1 view -0
 1792              		.cfi_startproc
 1793              		@ args = 0, pretend = 0, frame = 0
 1794              		@ frame_needed = 0, uses_anonymous_args = 0
 921:Middlewares/Third_Party/LwIP/src/api/api_msg.c ****   err_t err;
 1795              		.loc 1 921 1 is_stmt 0 view .LVU545
 1796 0000 2DE9F047 		push	{r4, r5, r6, r7, r8, r9, r10, lr}
 1797              	.LCFI9:
 1798              		.cfi_def_cfa_offset 32
 1799              		.cfi_offset 4, -32
 1800              		.cfi_offset 5, -28
 1801              		.cfi_offset 6, -24
 1802              		.cfi_offset 7, -20
 1803              		.cfi_offset 8, -16
ARM GAS  /tmp/ccMZQUTk.s 			page 71


 1804              		.cfi_offset 9, -12
 1805              		.cfi_offset 10, -8
 1806              		.cfi_offset 14, -4
 1807 0004 8846     		mov	r8, r1
 922:Middlewares/Third_Party/LwIP/src/api/api_msg.c ****   u8_t shut, shut_rx, shut_tx, shut_close;
 1808              		.loc 1 922 3 is_stmt 1 view .LVU546
 923:Middlewares/Third_Party/LwIP/src/api/api_msg.c ****   u8_t close_finished = 0;
 1809              		.loc 1 923 3 view .LVU547
 924:Middlewares/Third_Party/LwIP/src/api/api_msg.c ****   struct tcp_pcb *tpcb;
 1810              		.loc 1 924 3 view .LVU548
 1811              	.LVL174:
 925:Middlewares/Third_Party/LwIP/src/api/api_msg.c **** #if LWIP_SO_LINGER
 1812              		.loc 1 925 3 view .LVU549
 930:Middlewares/Third_Party/LwIP/src/api/api_msg.c ****   LWIP_ASSERT("this is for tcp netconns only", (NETCONNTYPE_GROUP(conn->type) == NETCONN_TCP));
 1813              		.loc 1 930 3 view .LVU550
 930:Middlewares/Third_Party/LwIP/src/api/api_msg.c ****   LWIP_ASSERT("this is for tcp netconns only", (NETCONNTYPE_GROUP(conn->type) == NETCONN_TCP));
 1814              		.loc 1 930 3 view .LVU551
 1815 0006 0446     		mov	r4, r0
 1816 0008 0028     		cmp	r0, #0
 1817 000a 5CD0     		beq	.L180
 1818              	.LVL175:
 1819              	.L153:
 930:Middlewares/Third_Party/LwIP/src/api/api_msg.c ****   LWIP_ASSERT("this is for tcp netconns only", (NETCONNTYPE_GROUP(conn->type) == NETCONN_TCP));
 1820              		.loc 1 930 3 discriminator 3 view .LVU552
 930:Middlewares/Third_Party/LwIP/src/api/api_msg.c ****   LWIP_ASSERT("this is for tcp netconns only", (NETCONNTYPE_GROUP(conn->type) == NETCONN_TCP));
 1821              		.loc 1 930 3 discriminator 3 view .LVU553
 931:Middlewares/Third_Party/LwIP/src/api/api_msg.c ****   LWIP_ASSERT("conn must be in state NETCONN_CLOSE", (conn->state == NETCONN_CLOSE));
 1822              		.loc 1 931 3 discriminator 3 view .LVU554
 931:Middlewares/Third_Party/LwIP/src/api/api_msg.c ****   LWIP_ASSERT("conn must be in state NETCONN_CLOSE", (conn->state == NETCONN_CLOSE));
 1823              		.loc 1 931 3 discriminator 3 view .LVU555
 1824 000c 2378     		ldrb	r3, [r4]	@ zero_extendqisi2
 1825 000e 03F0F003 		and	r3, r3, #240
 1826 0012 102B     		cmp	r3, #16
 1827 0014 5FD1     		bne	.L181
 1828              	.L154:
 931:Middlewares/Third_Party/LwIP/src/api/api_msg.c ****   LWIP_ASSERT("conn must be in state NETCONN_CLOSE", (conn->state == NETCONN_CLOSE));
 1829              		.loc 1 931 3 discriminator 3 view .LVU556
 931:Middlewares/Third_Party/LwIP/src/api/api_msg.c ****   LWIP_ASSERT("conn must be in state NETCONN_CLOSE", (conn->state == NETCONN_CLOSE));
 1830              		.loc 1 931 3 discriminator 3 view .LVU557
 932:Middlewares/Third_Party/LwIP/src/api/api_msg.c ****   LWIP_ASSERT("pcb already closed", (conn->pcb.tcp != NULL));
 1831              		.loc 1 932 3 discriminator 3 view .LVU558
 932:Middlewares/Third_Party/LwIP/src/api/api_msg.c ****   LWIP_ASSERT("pcb already closed", (conn->pcb.tcp != NULL));
 1832              		.loc 1 932 3 discriminator 3 view .LVU559
 1833 0016 6378     		ldrb	r3, [r4, #1]	@ zero_extendqisi2
 1834 0018 042B     		cmp	r3, #4
 1835 001a 64D1     		bne	.L182
 1836              	.L155:
 932:Middlewares/Third_Party/LwIP/src/api/api_msg.c ****   LWIP_ASSERT("pcb already closed", (conn->pcb.tcp != NULL));
 1837              		.loc 1 932 3 discriminator 3 view .LVU560
 932:Middlewares/Third_Party/LwIP/src/api/api_msg.c ****   LWIP_ASSERT("pcb already closed", (conn->pcb.tcp != NULL));
 1838              		.loc 1 932 3 discriminator 3 view .LVU561
 933:Middlewares/Third_Party/LwIP/src/api/api_msg.c ****   LWIP_ASSERT("conn->current_msg != NULL", conn->current_msg != NULL);
 1839              		.loc 1 933 3 discriminator 3 view .LVU562
 933:Middlewares/Third_Party/LwIP/src/api/api_msg.c ****   LWIP_ASSERT("conn->current_msg != NULL", conn->current_msg != NULL);
 1840              		.loc 1 933 3 discriminator 3 view .LVU563
 1841 001c 6368     		ldr	r3, [r4, #4]
 1842 001e 002B     		cmp	r3, #0
ARM GAS  /tmp/ccMZQUTk.s 			page 72


 1843 0020 69D0     		beq	.L183
 1844              	.L156:
 933:Middlewares/Third_Party/LwIP/src/api/api_msg.c ****   LWIP_ASSERT("conn->current_msg != NULL", conn->current_msg != NULL);
 1845              		.loc 1 933 3 discriminator 3 view .LVU564
 933:Middlewares/Third_Party/LwIP/src/api/api_msg.c ****   LWIP_ASSERT("conn->current_msg != NULL", conn->current_msg != NULL);
 1846              		.loc 1 933 3 discriminator 3 view .LVU565
 934:Middlewares/Third_Party/LwIP/src/api/api_msg.c **** 
 1847              		.loc 1 934 3 discriminator 3 view .LVU566
 934:Middlewares/Third_Party/LwIP/src/api/api_msg.c **** 
 1848              		.loc 1 934 3 discriminator 3 view .LVU567
 1849 0022 236A     		ldr	r3, [r4, #32]
 1850 0024 002B     		cmp	r3, #0
 1851 0026 6ED0     		beq	.L184
 1852              	.L157:
 934:Middlewares/Third_Party/LwIP/src/api/api_msg.c **** 
 1853              		.loc 1 934 3 discriminator 3 view .LVU568
 934:Middlewares/Third_Party/LwIP/src/api/api_msg.c **** 
 1854              		.loc 1 934 3 discriminator 3 view .LVU569
 936:Middlewares/Third_Party/LwIP/src/api/api_msg.c ****   shut = conn->current_msg->msg.sd.shut;
 1855              		.loc 1 936 3 discriminator 3 view .LVU570
 936:Middlewares/Third_Party/LwIP/src/api/api_msg.c ****   shut = conn->current_msg->msg.sd.shut;
 1856              		.loc 1 936 8 is_stmt 0 discriminator 3 view .LVU571
 1857 0028 6668     		ldr	r6, [r4, #4]
 1858              	.LVL176:
 937:Middlewares/Third_Party/LwIP/src/api/api_msg.c ****   shut_rx = shut & NETCONN_SHUT_RD;
 1859              		.loc 1 937 3 is_stmt 1 discriminator 3 view .LVU572
 937:Middlewares/Third_Party/LwIP/src/api/api_msg.c ****   shut_rx = shut & NETCONN_SHUT_RD;
 1860              		.loc 1 937 14 is_stmt 0 discriminator 3 view .LVU573
 1861 002a 236A     		ldr	r3, [r4, #32]
 937:Middlewares/Third_Party/LwIP/src/api/api_msg.c ****   shut_rx = shut & NETCONN_SHUT_RD;
 1862              		.loc 1 937 8 discriminator 3 view .LVU574
 1863 002c 1B7A     		ldrb	r3, [r3, #8]	@ zero_extendqisi2
 1864              	.LVL177:
 938:Middlewares/Third_Party/LwIP/src/api/api_msg.c ****   shut_tx = shut & NETCONN_SHUT_WR;
 1865              		.loc 1 938 3 is_stmt 1 discriminator 3 view .LVU575
 938:Middlewares/Third_Party/LwIP/src/api/api_msg.c ****   shut_tx = shut & NETCONN_SHUT_WR;
 1866              		.loc 1 938 11 is_stmt 0 discriminator 3 view .LVU576
 1867 002e 03F00109 		and	r9, r3, #1
 1868              	.LVL178:
 939:Middlewares/Third_Party/LwIP/src/api/api_msg.c ****   /* shutting down both ends is the same as closing
 1869              		.loc 1 939 3 is_stmt 1 discriminator 3 view .LVU577
 939:Middlewares/Third_Party/LwIP/src/api/api_msg.c ****   /* shutting down both ends is the same as closing
 1870              		.loc 1 939 11 is_stmt 0 discriminator 3 view .LVU578
 1871 0032 03F00207 		and	r7, r3, #2
 1872              	.LVL179:
 942:Middlewares/Third_Party/LwIP/src/api/api_msg.c ****     shut_close = 1;
 1873              		.loc 1 942 3 is_stmt 1 discriminator 3 view .LVU579
 942:Middlewares/Third_Party/LwIP/src/api/api_msg.c ****     shut_close = 1;
 1874              		.loc 1 942 6 is_stmt 0 discriminator 3 view .LVU580
 1875 0036 032B     		cmp	r3, #3
 1876 0038 0FD0     		beq	.L158
 944:Middlewares/Third_Party/LwIP/src/api/api_msg.c ****              ((tpcb->state == FIN_WAIT_1) ||
 1877              		.loc 1 944 10 is_stmt 1 view .LVU581
 944:Middlewares/Third_Party/LwIP/src/api/api_msg.c ****              ((tpcb->state == FIN_WAIT_1) ||
 1878              		.loc 1 944 13 is_stmt 0 view .LVU582
 1879 003a B9F1000F 		cmp	r9, #0
 1880 003e 06D0     		beq	.L159
ARM GAS  /tmp/ccMZQUTk.s 			page 73


 945:Middlewares/Third_Party/LwIP/src/api/api_msg.c ****               (tpcb->state == FIN_WAIT_2) ||
 1881              		.loc 1 945 20 discriminator 1 view .LVU583
 1882 0040 327D     		ldrb	r2, [r6, #20]	@ zero_extendqisi2
 946:Middlewares/Third_Party/LwIP/src/api/api_msg.c ****               (tpcb->state == CLOSING))) {
 1883              		.loc 1 946 43 discriminator 1 view .LVU584
 1884 0042 531F     		subs	r3, r2, #5
 1885              	.LVL180:
 946:Middlewares/Third_Party/LwIP/src/api/api_msg.c ****               (tpcb->state == CLOSING))) {
 1886              		.loc 1 946 43 discriminator 1 view .LVU585
 1887 0044 DBB2     		uxtb	r3, r3
 944:Middlewares/Third_Party/LwIP/src/api/api_msg.c ****              ((tpcb->state == FIN_WAIT_1) ||
 1888              		.loc 1 944 22 discriminator 1 view .LVU586
 1889 0046 082A     		cmp	r2, #8
 1890 0048 18BF     		it	ne
 1891 004a 012B     		cmpne	r3, #1
 1892 004c 05D9     		bls	.L158
 1893              	.L159:
 949:Middlewares/Third_Party/LwIP/src/api/api_msg.c ****     shut_close = 1;
 1894              		.loc 1 949 10 is_stmt 1 view .LVU587
 949:Middlewares/Third_Party/LwIP/src/api/api_msg.c ****     shut_close = 1;
 1895              		.loc 1 949 13 is_stmt 0 view .LVU588
 1896 004e 002F     		cmp	r7, #0
 1897 0050 61D0     		beq	.L177
 949:Middlewares/Third_Party/LwIP/src/api/api_msg.c ****     shut_close = 1;
 1898              		.loc 1 949 31 discriminator 1 view .LVU589
 1899 0052 738B     		ldrh	r3, [r6, #26]
 949:Middlewares/Third_Party/LwIP/src/api/api_msg.c ****     shut_close = 1;
 1900              		.loc 1 949 22 discriminator 1 view .LVU590
 1901 0054 13F0100F 		tst	r3, #16
 1902 0058 5FD0     		beq	.L178
 1903              	.L158:
 957:Middlewares/Third_Party/LwIP/src/api/api_msg.c ****   }
 1904              		.loc 1 957 5 is_stmt 1 view .LVU591
 1905 005a 0021     		movs	r1, #0
 1906 005c 3046     		mov	r0, r6
 1907 005e FFF7FEFF 		bl	tcp_arg
 1908              	.LVL181:
 957:Middlewares/Third_Party/LwIP/src/api/api_msg.c ****   }
 1909              		.loc 1 957 5 is_stmt 0 view .LVU592
 1910 0062 4FF0010A 		mov	r10, #1
 1911              	.L160:
 959:Middlewares/Third_Party/LwIP/src/api/api_msg.c ****     tcp_accept(tpcb, NULL);
 1912              		.loc 1 959 3 is_stmt 1 view .LVU593
 959:Middlewares/Third_Party/LwIP/src/api/api_msg.c ****     tcp_accept(tpcb, NULL);
 1913              		.loc 1 959 11 is_stmt 0 view .LVU594
 1914 0066 337D     		ldrb	r3, [r6, #20]	@ zero_extendqisi2
 959:Middlewares/Third_Party/LwIP/src/api/api_msg.c ****     tcp_accept(tpcb, NULL);
 1915              		.loc 1 959 6 view .LVU595
 1916 0068 012B     		cmp	r3, #1
 1917 006a 59D0     		beq	.L185
 963:Middlewares/Third_Party/LwIP/src/api/api_msg.c ****       tcp_recv(tpcb, NULL);
 1918              		.loc 1 963 5 is_stmt 1 view .LVU596
 963:Middlewares/Third_Party/LwIP/src/api/api_msg.c ****       tcp_recv(tpcb, NULL);
 1919              		.loc 1 963 8 is_stmt 0 view .LVU597
 1920 006c B9F1000F 		cmp	r9, #0
 1921 0070 5BD1     		bne	.L186
 1922              	.L163:
ARM GAS  /tmp/ccMZQUTk.s 			page 74


 967:Middlewares/Third_Party/LwIP/src/api/api_msg.c ****       tcp_sent(tpcb, NULL);
 1923              		.loc 1 967 5 is_stmt 1 view .LVU598
 967:Middlewares/Third_Party/LwIP/src/api/api_msg.c ****       tcp_sent(tpcb, NULL);
 1924              		.loc 1 967 8 is_stmt 0 view .LVU599
 1925 0072 002F     		cmp	r7, #0
 1926 0074 62D1     		bne	.L187
 1927              	.L164:
 970:Middlewares/Third_Party/LwIP/src/api/api_msg.c ****       tcp_poll(tpcb, NULL, 0);
 1928              		.loc 1 970 5 is_stmt 1 view .LVU600
 970:Middlewares/Third_Party/LwIP/src/api/api_msg.c ****       tcp_poll(tpcb, NULL, 0);
 1929              		.loc 1 970 8 is_stmt 0 view .LVU601
 1930 0076 BAF1000F 		cmp	r10, #0
 1931 007a 64D1     		bne	.L188
 1932              	.L162:
 976:Middlewares/Third_Party/LwIP/src/api/api_msg.c **** #if LWIP_SO_LINGER
 1933              		.loc 1 976 3 is_stmt 1 view .LVU602
 976:Middlewares/Third_Party/LwIP/src/api/api_msg.c **** #if LWIP_SO_LINGER
 1934              		.loc 1 976 6 is_stmt 0 view .LVU603
 1935 007c BAF1000F 		cmp	r10, #0
 1936 0080 6BD0     		beq	.L165
1006:Middlewares/Third_Party/LwIP/src/api/api_msg.c ****     }
 1937              		.loc 1 1006 7 is_stmt 1 view .LVU604
1006:Middlewares/Third_Party/LwIP/src/api/api_msg.c ****     }
 1938              		.loc 1 1006 13 is_stmt 0 view .LVU605
 1939 0082 3046     		mov	r0, r6
 1940 0084 FFF7FEFF 		bl	tcp_close
 1941              	.LVL182:
 1942 0088 0546     		mov	r5, r0
 1943              	.LVL183:
 1944              	.L166:
1011:Middlewares/Third_Party/LwIP/src/api/api_msg.c ****     close_finished = 1;
 1945              		.loc 1 1011 3 is_stmt 1 view .LVU606
1011:Middlewares/Third_Party/LwIP/src/api/api_msg.c ****     close_finished = 1;
 1946              		.loc 1 1011 6 is_stmt 0 view .LVU607
 1947 008a 002D     		cmp	r5, #0
 1948 008c 6FD0     		beq	.L167
1021:Middlewares/Third_Party/LwIP/src/api/api_msg.c ****       /* Closing failed because of memory shortage, try again later. Even for
 1949              		.loc 1 1021 5 is_stmt 1 view .LVU608
1021:Middlewares/Third_Party/LwIP/src/api/api_msg.c ****       /* Closing failed because of memory shortage, try again later. Even for
 1950              		.loc 1 1021 8 is_stmt 0 view .LVU609
 1951 008e B5F1FF3F 		cmp	r5, #-1
 1952 0092 6CD1     		bne	.L167
1042:Middlewares/Third_Party/LwIP/src/api/api_msg.c **** #endif /* LWIP_SO_SNDTIMEO || LWIP_SO_LINGER */
 1953              		.loc 1 1042 7 is_stmt 1 view .LVU610
1042:Middlewares/Third_Party/LwIP/src/api/api_msg.c **** #endif /* LWIP_SO_SNDTIMEO || LWIP_SO_LINGER */
 1954              		.loc 1 1042 15 is_stmt 0 view .LVU611
 1955 0094 236A     		ldr	r3, [r4, #32]
1042:Middlewares/Third_Party/LwIP/src/api/api_msg.c **** #endif /* LWIP_SO_SNDTIMEO || LWIP_SO_LINGER */
 1956              		.loc 1 1042 36 view .LVU612
 1957 0096 5B7A     		ldrb	r3, [r3, #9]	@ zero_extendqisi2
1042:Middlewares/Third_Party/LwIP/src/api/api_msg.c **** #endif /* LWIP_SO_SNDTIMEO || LWIP_SO_LINGER */
 1958              		.loc 1 1042 10 view .LVU613
 1959 0098 002B     		cmp	r3, #0
 1960 009a 65D0     		beq	.L189
1056:Middlewares/Third_Party/LwIP/src/api/api_msg.c ****     /* Closing done (succeeded, non-memory error, nonblocking error or timeout) */
 1961              		.loc 1 1056 3 is_stmt 1 view .LVU614
1086:Middlewares/Third_Party/LwIP/src/api/api_msg.c ****     /* Closing failed and we want to wait: restore some of the callbacks */
ARM GAS  /tmp/ccMZQUTk.s 			page 75


 1962              		.loc 1 1086 3 view .LVU615
1089:Middlewares/Third_Party/LwIP/src/api/api_msg.c ****     if (shut_tx) {
 1963              		.loc 1 1089 5 view .LVU616
1089:Middlewares/Third_Party/LwIP/src/api/api_msg.c ****     if (shut_tx) {
 1964              		.loc 1 1089 5 view .LVU617
 1965 009c 337D     		ldrb	r3, [r6, #20]	@ zero_extendqisi2
 1966 009e 012B     		cmp	r3, #1
 1967 00a0 00F09780 		beq	.L190
 1968              	.L170:
1089:Middlewares/Third_Party/LwIP/src/api/api_msg.c ****     if (shut_tx) {
 1969              		.loc 1 1089 5 discriminator 3 view .LVU618
1089:Middlewares/Third_Party/LwIP/src/api/api_msg.c ****     if (shut_tx) {
 1970              		.loc 1 1089 5 discriminator 3 view .LVU619
1090:Middlewares/Third_Party/LwIP/src/api/api_msg.c ****       tcp_sent(tpcb, sent_tcp);
 1971              		.loc 1 1090 5 discriminator 3 view .LVU620
1090:Middlewares/Third_Party/LwIP/src/api/api_msg.c ****       tcp_sent(tpcb, sent_tcp);
 1972              		.loc 1 1090 8 is_stmt 0 discriminator 3 view .LVU621
 1973 00a4 002F     		cmp	r7, #0
 1974 00a6 40F09C80 		bne	.L191
 1975              	.L176:
1094:Middlewares/Third_Party/LwIP/src/api/api_msg.c ****     tcp_err(tpcb, err_tcp);
 1976              		.loc 1 1094 5 is_stmt 1 view .LVU622
 1977 00aa 0122     		movs	r2, #1
 1978 00ac 4F49     		ldr	r1, .L194
 1979 00ae 3046     		mov	r0, r6
 1980 00b0 FFF7FEFF 		bl	tcp_poll
 1981              	.LVL184:
1095:Middlewares/Third_Party/LwIP/src/api/api_msg.c ****     tcp_arg(tpcb, conn);
 1982              		.loc 1 1095 5 view .LVU623
 1983 00b4 4E49     		ldr	r1, .L194+4
 1984 00b6 3046     		mov	r0, r6
 1985 00b8 FFF7FEFF 		bl	tcp_err
 1986              	.LVL185:
1096:Middlewares/Third_Party/LwIP/src/api/api_msg.c ****     /* don't restore recv callback: we don't want to receive any more data */
 1987              		.loc 1 1096 5 view .LVU624
 1988 00bc 2146     		mov	r1, r4
 1989 00be 3046     		mov	r0, r6
 1990 00c0 FFF7FEFF 		bl	tcp_arg
 1991              	.LVL186:
1101:Middlewares/Third_Party/LwIP/src/api/api_msg.c ****   return err;
 1992              		.loc 1 1101 3 view .LVU625
1101:Middlewares/Third_Party/LwIP/src/api/api_msg.c ****   return err;
 1993              		.loc 1 1101 3 view .LVU626
1101:Middlewares/Third_Party/LwIP/src/api/api_msg.c ****   return err;
 1994              		.loc 1 1101 3 view .LVU627
1101:Middlewares/Third_Party/LwIP/src/api/api_msg.c ****   return err;
 1995              		.loc 1 1101 3 view .LVU628
1102:Middlewares/Third_Party/LwIP/src/api/api_msg.c **** }
 1996              		.loc 1 1102 3 view .LVU629
1102:Middlewares/Third_Party/LwIP/src/api/api_msg.c **** }
 1997              		.loc 1 1102 10 is_stmt 0 view .LVU630
 1998 00c4 79E0     		b	.L175
 1999              	.LVL187:
 2000              	.L180:
 930:Middlewares/Third_Party/LwIP/src/api/api_msg.c ****   LWIP_ASSERT("this is for tcp netconns only", (NETCONNTYPE_GROUP(conn->type) == NETCONN_TCP));
 2001              		.loc 1 930 3 is_stmt 1 discriminator 1 view .LVU631
 930:Middlewares/Third_Party/LwIP/src/api/api_msg.c ****   LWIP_ASSERT("this is for tcp netconns only", (NETCONNTYPE_GROUP(conn->type) == NETCONN_TCP));
ARM GAS  /tmp/ccMZQUTk.s 			page 76


 2002              		.loc 1 930 3 discriminator 1 view .LVU632
 2003 00c6 4B4B     		ldr	r3, .L194+8
 2004 00c8 40F2A232 		movw	r2, #930
 2005 00cc 4A49     		ldr	r1, .L194+12
 2006              	.LVL188:
 930:Middlewares/Third_Party/LwIP/src/api/api_msg.c ****   LWIP_ASSERT("this is for tcp netconns only", (NETCONNTYPE_GROUP(conn->type) == NETCONN_TCP));
 2007              		.loc 1 930 3 is_stmt 0 discriminator 1 view .LVU633
 2008 00ce 4B48     		ldr	r0, .L194+16
 2009              	.LVL189:
 930:Middlewares/Third_Party/LwIP/src/api/api_msg.c ****   LWIP_ASSERT("this is for tcp netconns only", (NETCONNTYPE_GROUP(conn->type) == NETCONN_TCP));
 2010              		.loc 1 930 3 discriminator 1 view .LVU634
 2011 00d0 FFF7FEFF 		bl	printf
 2012              	.LVL190:
 2013 00d4 9AE7     		b	.L153
 2014              	.L181:
 931:Middlewares/Third_Party/LwIP/src/api/api_msg.c ****   LWIP_ASSERT("conn must be in state NETCONN_CLOSE", (conn->state == NETCONN_CLOSE));
 2015              		.loc 1 931 3 is_stmt 1 discriminator 1 view .LVU635
 931:Middlewares/Third_Party/LwIP/src/api/api_msg.c ****   LWIP_ASSERT("conn must be in state NETCONN_CLOSE", (conn->state == NETCONN_CLOSE));
 2016              		.loc 1 931 3 discriminator 1 view .LVU636
 2017 00d6 474B     		ldr	r3, .L194+8
 2018 00d8 40F2A332 		movw	r2, #931
 2019 00dc 4849     		ldr	r1, .L194+20
 2020 00de 4748     		ldr	r0, .L194+16
 2021 00e0 FFF7FEFF 		bl	printf
 2022              	.LVL191:
 2023 00e4 97E7     		b	.L154
 2024              	.L182:
 932:Middlewares/Third_Party/LwIP/src/api/api_msg.c ****   LWIP_ASSERT("pcb already closed", (conn->pcb.tcp != NULL));
 2025              		.loc 1 932 3 discriminator 1 view .LVU637
 932:Middlewares/Third_Party/LwIP/src/api/api_msg.c ****   LWIP_ASSERT("pcb already closed", (conn->pcb.tcp != NULL));
 2026              		.loc 1 932 3 discriminator 1 view .LVU638
 2027 00e6 434B     		ldr	r3, .L194+8
 2028 00e8 4FF46972 		mov	r2, #932
 2029 00ec 4549     		ldr	r1, .L194+24
 2030 00ee 4348     		ldr	r0, .L194+16
 2031 00f0 FFF7FEFF 		bl	printf
 2032              	.LVL192:
 2033 00f4 92E7     		b	.L155
 2034              	.L183:
 933:Middlewares/Third_Party/LwIP/src/api/api_msg.c ****   LWIP_ASSERT("conn->current_msg != NULL", conn->current_msg != NULL);
 2035              		.loc 1 933 3 discriminator 1 view .LVU639
 933:Middlewares/Third_Party/LwIP/src/api/api_msg.c ****   LWIP_ASSERT("conn->current_msg != NULL", conn->current_msg != NULL);
 2036              		.loc 1 933 3 discriminator 1 view .LVU640
 2037 00f6 3F4B     		ldr	r3, .L194+8
 2038 00f8 40F2A532 		movw	r2, #933
 2039 00fc 4249     		ldr	r1, .L194+28
 2040 00fe 3F48     		ldr	r0, .L194+16
 2041 0100 FFF7FEFF 		bl	printf
 2042              	.LVL193:
 2043 0104 8DE7     		b	.L156
 2044              	.L184:
 934:Middlewares/Third_Party/LwIP/src/api/api_msg.c **** 
 2045              		.loc 1 934 3 discriminator 1 view .LVU641
 934:Middlewares/Third_Party/LwIP/src/api/api_msg.c **** 
 2046              		.loc 1 934 3 discriminator 1 view .LVU642
 2047 0106 3B4B     		ldr	r3, .L194+8
 2048 0108 40F2A632 		movw	r2, #934
ARM GAS  /tmp/ccMZQUTk.s 			page 77


 2049 010c 3F49     		ldr	r1, .L194+32
 2050 010e 3B48     		ldr	r0, .L194+16
 2051 0110 FFF7FEFF 		bl	printf
 2052              	.LVL194:
 2053 0114 88E7     		b	.L157
 2054              	.LVL195:
 2055              	.L177:
 952:Middlewares/Third_Party/LwIP/src/api/api_msg.c ****   }
 2056              		.loc 1 952 16 is_stmt 0 view .LVU643
 2057 0116 BA46     		mov	r10, r7
 2058 0118 A5E7     		b	.L160
 2059              	.L178:
 952:Middlewares/Third_Party/LwIP/src/api/api_msg.c ****   }
 2060              		.loc 1 952 16 view .LVU644
 2061 011a 4FF0000A 		mov	r10, #0
 2062 011e A2E7     		b	.L160
 2063              	.LVL196:
 2064              	.L185:
 960:Middlewares/Third_Party/LwIP/src/api/api_msg.c ****   } else {
 2065              		.loc 1 960 5 is_stmt 1 view .LVU645
 2066 0120 0021     		movs	r1, #0
 2067 0122 3046     		mov	r0, r6
 2068 0124 FFF7FEFF 		bl	tcp_accept
 2069              	.LVL197:
 2070 0128 A8E7     		b	.L162
 2071              	.L186:
 964:Middlewares/Third_Party/LwIP/src/api/api_msg.c ****       tcp_accept(tpcb, NULL);
 2072              		.loc 1 964 7 view .LVU646
 2073 012a 0021     		movs	r1, #0
 2074 012c 3046     		mov	r0, r6
 2075 012e FFF7FEFF 		bl	tcp_recv
 2076              	.LVL198:
 965:Middlewares/Third_Party/LwIP/src/api/api_msg.c ****     }
 2077              		.loc 1 965 7 view .LVU647
 2078 0132 0021     		movs	r1, #0
 2079 0134 3046     		mov	r0, r6
 2080 0136 FFF7FEFF 		bl	tcp_accept
 2081              	.LVL199:
 2082 013a 9AE7     		b	.L163
 2083              	.L187:
 968:Middlewares/Third_Party/LwIP/src/api/api_msg.c ****     }
 2084              		.loc 1 968 7 view .LVU648
 2085 013c 0021     		movs	r1, #0
 2086 013e 3046     		mov	r0, r6
 2087 0140 FFF7FEFF 		bl	tcp_sent
 2088              	.LVL200:
 2089 0144 97E7     		b	.L164
 2090              	.L188:
 971:Middlewares/Third_Party/LwIP/src/api/api_msg.c ****       tcp_err(tpcb, NULL);
 2091              		.loc 1 971 7 view .LVU649
 2092 0146 0022     		movs	r2, #0
 2093 0148 1146     		mov	r1, r2
 2094 014a 3046     		mov	r0, r6
 2095 014c FFF7FEFF 		bl	tcp_poll
 2096              	.LVL201:
 972:Middlewares/Third_Party/LwIP/src/api/api_msg.c ****     }
 2097              		.loc 1 972 7 view .LVU650
ARM GAS  /tmp/ccMZQUTk.s 			page 78


 2098 0150 0021     		movs	r1, #0
 2099 0152 3046     		mov	r0, r6
 2100 0154 FFF7FEFF 		bl	tcp_err
 2101              	.LVL202:
 2102 0158 90E7     		b	.L162
 2103              	.L165:
1009:Middlewares/Third_Party/LwIP/src/api/api_msg.c ****   }
 2104              		.loc 1 1009 5 view .LVU651
1009:Middlewares/Third_Party/LwIP/src/api/api_msg.c ****   }
 2105              		.loc 1 1009 11 is_stmt 0 view .LVU652
 2106 015a 3A46     		mov	r2, r7
 2107 015c 4946     		mov	r1, r9
 2108 015e 3046     		mov	r0, r6
 2109 0160 FFF7FEFF 		bl	tcp_shutdown
 2110              	.LVL203:
 2111 0164 0546     		mov	r5, r0
 2112              	.LVL204:
1009:Middlewares/Third_Party/LwIP/src/api/api_msg.c ****   }
 2113              		.loc 1 1009 11 view .LVU653
 2114 0166 90E7     		b	.L166
 2115              	.L189:
1044:Middlewares/Third_Party/LwIP/src/api/api_msg.c ****         if (shut_close) {
 2116              		.loc 1 1044 9 is_stmt 1 view .LVU654
 2117              	.LVL205:
1045:Middlewares/Third_Party/LwIP/src/api/api_msg.c ****           /* in this case, we want to RST the connection */
 2118              		.loc 1 1045 9 view .LVU655
1045:Middlewares/Third_Party/LwIP/src/api/api_msg.c ****           /* in this case, we want to RST the connection */
 2119              		.loc 1 1045 12 is_stmt 0 view .LVU656
 2120 0168 BAF1000F 		cmp	r10, #0
 2121 016c 28D1     		bne	.L192
 2122              	.LVL206:
 2123              	.L167:
 2124              	.LBB13:
1058:Middlewares/Third_Party/LwIP/src/api/api_msg.c ****     conn->current_msg->err = err;
 2125              		.loc 1 1058 5 is_stmt 1 view .LVU657
1058:Middlewares/Third_Party/LwIP/src/api/api_msg.c ****     conn->current_msg->err = err;
 2126              		.loc 1 1058 35 is_stmt 0 view .LVU658
 2127 016e 236A     		ldr	r3, [r4, #32]
 2128 0170 1E68     		ldr	r6, [r3]
 2129              	.LVL207:
1058:Middlewares/Third_Party/LwIP/src/api/api_msg.c ****     conn->current_msg->err = err;
 2130              		.loc 1 1058 16 view .LVU659
 2131 0172 0C36     		adds	r6, r6, #12
 2132              	.LVL208:
1059:Middlewares/Third_Party/LwIP/src/api/api_msg.c ****     conn->current_msg = NULL;
 2133              		.loc 1 1059 5 is_stmt 1 view .LVU660
1059:Middlewares/Third_Party/LwIP/src/api/api_msg.c ****     conn->current_msg = NULL;
 2134              		.loc 1 1059 28 is_stmt 0 view .LVU661
 2135 0174 1D71     		strb	r5, [r3, #4]
1060:Middlewares/Third_Party/LwIP/src/api/api_msg.c ****     conn->state = NETCONN_NONE;
 2136              		.loc 1 1060 5 is_stmt 1 view .LVU662
1060:Middlewares/Third_Party/LwIP/src/api/api_msg.c ****     conn->state = NETCONN_NONE;
 2137              		.loc 1 1060 23 is_stmt 0 view .LVU663
 2138 0176 0023     		movs	r3, #0
 2139 0178 2362     		str	r3, [r4, #32]
1061:Middlewares/Third_Party/LwIP/src/api/api_msg.c ****     if (err == ERR_OK) {
 2140              		.loc 1 1061 5 is_stmt 1 view .LVU664
ARM GAS  /tmp/ccMZQUTk.s 			page 79


1061:Middlewares/Third_Party/LwIP/src/api/api_msg.c ****     if (err == ERR_OK) {
 2141              		.loc 1 1061 17 is_stmt 0 view .LVU665
 2142 017a 6370     		strb	r3, [r4, #1]
1062:Middlewares/Third_Party/LwIP/src/api/api_msg.c ****       if (shut_close) {
 2143              		.loc 1 1062 5 is_stmt 1 view .LVU666
1062:Middlewares/Third_Party/LwIP/src/api/api_msg.c ****       if (shut_close) {
 2144              		.loc 1 1062 8 is_stmt 0 view .LVU667
 2145 017c CDB9     		cbnz	r5, .L171
1063:Middlewares/Third_Party/LwIP/src/api/api_msg.c ****         /* Set back some callback pointers as conn is going away */
 2146              		.loc 1 1063 7 is_stmt 1 view .LVU668
1063:Middlewares/Third_Party/LwIP/src/api/api_msg.c ****         /* Set back some callback pointers as conn is going away */
 2147              		.loc 1 1063 10 is_stmt 0 view .LVU669
 2148 017e BAF1000F 		cmp	r10, #0
 2149 0182 06D0     		beq	.L172
1065:Middlewares/Third_Party/LwIP/src/api/api_msg.c ****         /* Trigger select() in socket layer. Make sure everybody notices activity
 2150              		.loc 1 1065 9 is_stmt 1 view .LVU670
1065:Middlewares/Third_Party/LwIP/src/api/api_msg.c ****         /* Trigger select() in socket layer. Make sure everybody notices activity
 2151              		.loc 1 1065 23 is_stmt 0 view .LVU671
 2152 0184 6360     		str	r3, [r4, #4]
1068:Middlewares/Third_Party/LwIP/src/api/api_msg.c ****       }
 2153              		.loc 1 1068 9 is_stmt 1 view .LVU672
 2154 0186 636A     		ldr	r3, [r4, #36]
 2155 0188 1BB1     		cbz	r3, .L172
1068:Middlewares/Third_Party/LwIP/src/api/api_msg.c ****       }
 2156              		.loc 1 1068 9 discriminator 1 view .LVU673
 2157 018a 0022     		movs	r2, #0
 2158 018c 0421     		movs	r1, #4
 2159 018e 2046     		mov	r0, r4
 2160 0190 9847     		blx	r3
 2161              	.LVL209:
 2162              	.L172:
1068:Middlewares/Third_Party/LwIP/src/api/api_msg.c ****       }
 2163              		.loc 1 1068 46 discriminator 3 view .LVU674
1070:Middlewares/Third_Party/LwIP/src/api/api_msg.c ****         API_EVENT(conn, NETCONN_EVT_RCVPLUS, 0);
 2164              		.loc 1 1070 7 discriminator 3 view .LVU675
1070:Middlewares/Third_Party/LwIP/src/api/api_msg.c ****         API_EVENT(conn, NETCONN_EVT_RCVPLUS, 0);
 2165              		.loc 1 1070 10 is_stmt 0 discriminator 3 view .LVU676
 2166 0192 B9F1000F 		cmp	r9, #0
 2167 0196 05D0     		beq	.L173
1071:Middlewares/Third_Party/LwIP/src/api/api_msg.c ****       }
 2168              		.loc 1 1071 9 is_stmt 1 view .LVU677
 2169 0198 636A     		ldr	r3, [r4, #36]
 2170 019a 1BB1     		cbz	r3, .L173
1071:Middlewares/Third_Party/LwIP/src/api/api_msg.c ****       }
 2171              		.loc 1 1071 9 discriminator 1 view .LVU678
 2172 019c 0022     		movs	r2, #0
 2173 019e 1146     		mov	r1, r2
 2174 01a0 2046     		mov	r0, r4
 2175 01a2 9847     		blx	r3
 2176              	.LVL210:
 2177              	.L173:
1071:Middlewares/Third_Party/LwIP/src/api/api_msg.c ****       }
 2178              		.loc 1 1071 48 discriminator 3 view .LVU679
1073:Middlewares/Third_Party/LwIP/src/api/api_msg.c ****         API_EVENT(conn, NETCONN_EVT_SENDPLUS, 0);
 2179              		.loc 1 1073 7 discriminator 3 view .LVU680
1073:Middlewares/Third_Party/LwIP/src/api/api_msg.c ****         API_EVENT(conn, NETCONN_EVT_SENDPLUS, 0);
 2180              		.loc 1 1073 10 is_stmt 0 discriminator 3 view .LVU681
ARM GAS  /tmp/ccMZQUTk.s 			page 80


 2181 01a4 2FB1     		cbz	r7, .L171
1074:Middlewares/Third_Party/LwIP/src/api/api_msg.c ****       }
 2182              		.loc 1 1074 9 is_stmt 1 view .LVU682
 2183 01a6 636A     		ldr	r3, [r4, #36]
 2184 01a8 1BB1     		cbz	r3, .L171
1074:Middlewares/Third_Party/LwIP/src/api/api_msg.c ****       }
 2185              		.loc 1 1074 9 discriminator 1 view .LVU683
 2186 01aa 0022     		movs	r2, #0
 2187 01ac 0221     		movs	r1, #2
 2188 01ae 2046     		mov	r0, r4
 2189 01b0 9847     		blx	r3
 2190              	.LVL211:
 2191              	.L171:
1074:Middlewares/Third_Party/LwIP/src/api/api_msg.c ****       }
 2192              		.loc 1 1074 49 discriminator 3 view .LVU684
1078:Middlewares/Third_Party/LwIP/src/api/api_msg.c **** #endif
 2193              		.loc 1 1078 5 discriminator 3 view .LVU685
1078:Middlewares/Third_Party/LwIP/src/api/api_msg.c **** #endif
 2194              		.loc 1 1078 8 is_stmt 0 discriminator 3 view .LVU686
 2195 01b2 B8F1000F 		cmp	r8, #0
 2196 01b6 08D1     		bne	.L193
 2197              	.L174:
1084:Middlewares/Third_Party/LwIP/src/api/api_msg.c ****   }
 2198              		.loc 1 1084 5 is_stmt 1 view .LVU687
1084:Middlewares/Third_Party/LwIP/src/api/api_msg.c ****   }
 2199              		.loc 1 1084 12 is_stmt 0 view .LVU688
 2200 01b8 0025     		movs	r5, #0
 2201              	.LVL212:
 2202              	.L175:
1084:Middlewares/Third_Party/LwIP/src/api/api_msg.c ****   }
 2203              		.loc 1 1084 12 view .LVU689
 2204              	.LBE13:
1103:Middlewares/Third_Party/LwIP/src/api/api_msg.c **** #endif /* LWIP_TCP */
 2205              		.loc 1 1103 1 view .LVU690
 2206 01ba 2846     		mov	r0, r5
 2207 01bc BDE8F087 		pop	{r4, r5, r6, r7, r8, r9, r10, pc}
 2208              	.LVL213:
 2209              	.L192:
1047:Middlewares/Third_Party/LwIP/src/api/api_msg.c ****           err = ERR_OK;
 2210              		.loc 1 1047 11 is_stmt 1 view .LVU691
 2211 01c0 3046     		mov	r0, r6
 2212 01c2 FFF7FEFF 		bl	tcp_abort
 2213              	.LVL214:
1048:Middlewares/Third_Party/LwIP/src/api/api_msg.c ****         }
 2214              		.loc 1 1048 11 view .LVU692
1056:Middlewares/Third_Party/LwIP/src/api/api_msg.c ****     /* Closing done (succeeded, non-memory error, nonblocking error or timeout) */
 2215              		.loc 1 1056 3 view .LVU693
1048:Middlewares/Third_Party/LwIP/src/api/api_msg.c ****         }
 2216              		.loc 1 1048 15 is_stmt 0 view .LVU694
 2217 01c6 0025     		movs	r5, #0
 2218 01c8 D1E7     		b	.L167
 2219              	.LVL215:
 2220              	.L193:
 2221              	.LBB14:
1082:Middlewares/Third_Party/LwIP/src/api/api_msg.c ****     }
 2222              		.loc 1 1082 7 is_stmt 1 view .LVU695
 2223 01ca 3046     		mov	r0, r6
ARM GAS  /tmp/ccMZQUTk.s 			page 81


 2224 01cc FFF7FEFF 		bl	sys_sem_signal
 2225              	.LVL216:
 2226 01d0 F2E7     		b	.L174
 2227              	.LVL217:
 2228              	.L190:
1082:Middlewares/Third_Party/LwIP/src/api/api_msg.c ****     }
 2229              		.loc 1 1082 7 is_stmt 0 view .LVU696
 2230              	.LBE14:
1089:Middlewares/Third_Party/LwIP/src/api/api_msg.c ****     if (shut_tx) {
 2231              		.loc 1 1089 5 is_stmt 1 discriminator 1 view .LVU697
1089:Middlewares/Third_Party/LwIP/src/api/api_msg.c ****     if (shut_tx) {
 2232              		.loc 1 1089 5 discriminator 1 view .LVU698
 2233 01d2 084B     		ldr	r3, .L194+8
 2234 01d4 40F24142 		movw	r2, #1089
 2235 01d8 0D49     		ldr	r1, .L194+36
 2236 01da 0848     		ldr	r0, .L194+16
 2237 01dc FFF7FEFF 		bl	printf
 2238              	.LVL218:
 2239 01e0 60E7     		b	.L170
 2240              	.L191:
1091:Middlewares/Third_Party/LwIP/src/api/api_msg.c ****     }
 2241              		.loc 1 1091 7 view .LVU699
 2242 01e2 0C49     		ldr	r1, .L194+40
 2243 01e4 3046     		mov	r0, r6
 2244 01e6 FFF7FEFF 		bl	tcp_sent
 2245              	.LVL219:
 2246 01ea 5EE7     		b	.L176
 2247              	.L195:
 2248              		.align	2
 2249              	.L194:
 2250 01ec 00000000 		.word	poll_tcp
 2251 01f0 00000000 		.word	err_tcp
 2252 01f4 00000000 		.word	.LC0
 2253 01f8 00000000 		.word	.LC19
 2254 01fc 40000000 		.word	.LC2
 2255 0200 10000000 		.word	.LC20
 2256 0204 30000000 		.word	.LC21
 2257 0208 54000000 		.word	.LC22
 2258 020c 10000000 		.word	.LC8
 2259 0210 68000000 		.word	.LC23
 2260 0214 00000000 		.word	sent_tcp
 2261              		.cfi_endproc
 2262              	.LFE187:
 2264              		.section	.text.poll_tcp,"ax",%progbits
 2265              		.align	1
 2266              		.syntax unified
 2267              		.thumb
 2268              		.thumb_func
 2269              		.fpu fpv5-d16
 2271              	poll_tcp:
 2272              	.LVL220:
 2273              	.LFB177:
 358:Middlewares/Third_Party/LwIP/src/api/api_msg.c ****   struct netconn *conn = (struct netconn *)arg;
 2274              		.loc 1 358 1 view -0
 2275              		.cfi_startproc
 2276              		@ args = 0, pretend = 0, frame = 0
 2277              		@ frame_needed = 0, uses_anonymous_args = 0
ARM GAS  /tmp/ccMZQUTk.s 			page 82


 358:Middlewares/Third_Party/LwIP/src/api/api_msg.c ****   struct netconn *conn = (struct netconn *)arg;
 2278              		.loc 1 358 1 is_stmt 0 view .LVU701
 2279 0000 10B5     		push	{r4, lr}
 2280              	.LCFI10:
 2281              		.cfi_def_cfa_offset 8
 2282              		.cfi_offset 4, -8
 2283              		.cfi_offset 14, -4
 359:Middlewares/Third_Party/LwIP/src/api/api_msg.c **** 
 2284              		.loc 1 359 3 is_stmt 1 view .LVU702
 2285              	.LVL221:
 361:Middlewares/Third_Party/LwIP/src/api/api_msg.c ****   LWIP_ASSERT("conn != NULL", (conn != NULL));
 2286              		.loc 1 361 3 view .LVU703
 362:Middlewares/Third_Party/LwIP/src/api/api_msg.c **** 
 2287              		.loc 1 362 3 view .LVU704
 362:Middlewares/Third_Party/LwIP/src/api/api_msg.c **** 
 2288              		.loc 1 362 3 view .LVU705
 2289 0002 0446     		mov	r4, r0
 2290 0004 F8B1     		cbz	r0, .L203
 2291              	.LVL222:
 2292              	.L197:
 362:Middlewares/Third_Party/LwIP/src/api/api_msg.c **** 
 2293              		.loc 1 362 3 discriminator 3 view .LVU706
 362:Middlewares/Third_Party/LwIP/src/api/api_msg.c **** 
 2294              		.loc 1 362 3 discriminator 3 view .LVU707
 364:Middlewares/Third_Party/LwIP/src/api/api_msg.c ****     lwip_netconn_do_writemore(conn  WRITE_DELAYED);
 2295              		.loc 1 364 3 discriminator 3 view .LVU708
 364:Middlewares/Third_Party/LwIP/src/api/api_msg.c ****     lwip_netconn_do_writemore(conn  WRITE_DELAYED);
 2296              		.loc 1 364 11 is_stmt 0 discriminator 3 view .LVU709
 2297 0006 6378     		ldrb	r3, [r4, #1]	@ zero_extendqisi2
 364:Middlewares/Third_Party/LwIP/src/api/api_msg.c ****     lwip_netconn_do_writemore(conn  WRITE_DELAYED);
 2298              		.loc 1 364 6 discriminator 3 view .LVU710
 2299 0008 012B     		cmp	r3, #1
 2300 000a 24D0     		beq	.L204
 366:Middlewares/Third_Party/LwIP/src/api/api_msg.c **** #if !LWIP_SO_SNDTIMEO && !LWIP_SO_LINGER
 2301              		.loc 1 366 10 is_stmt 1 view .LVU711
 366:Middlewares/Third_Party/LwIP/src/api/api_msg.c **** #if !LWIP_SO_SNDTIMEO && !LWIP_SO_LINGER
 2302              		.loc 1 366 13 is_stmt 0 view .LVU712
 2303 000c 042B     		cmp	r3, #4
 2304 000e 27D0     		beq	.L205
 2305              	.L199:
 377:Middlewares/Third_Party/LwIP/src/api/api_msg.c ****     /* If the queued byte- or pbuf-count drops below the configured low-water limit,
 2306              		.loc 1 377 3 is_stmt 1 view .LVU713
 377:Middlewares/Third_Party/LwIP/src/api/api_msg.c ****     /* If the queued byte- or pbuf-count drops below the configured low-water limit,
 2307              		.loc 1 377 11 is_stmt 0 view .LVU714
 2308 0010 237F     		ldrb	r3, [r4, #28]	@ zero_extendqisi2
 377:Middlewares/Third_Party/LwIP/src/api/api_msg.c ****     /* If the queued byte- or pbuf-count drops below the configured low-water limit,
 2309              		.loc 1 377 6 view .LVU715
 2310 0012 13F0100F 		tst	r3, #16
 2311 0016 14D0     		beq	.L201
 380:Middlewares/Third_Party/LwIP/src/api/api_msg.c ****         (tcp_sndqueuelen(conn->pcb.tcp) < TCP_SNDQUEUELOWAT)) {
 2312              		.loc 1 380 5 is_stmt 1 view .LVU716
 380:Middlewares/Third_Party/LwIP/src/api/api_msg.c ****         (tcp_sndqueuelen(conn->pcb.tcp) < TCP_SNDQUEUELOWAT)) {
 2313              		.loc 1 380 19 is_stmt 0 view .LVU717
 2314 0018 6268     		ldr	r2, [r4, #4]
 380:Middlewares/Third_Party/LwIP/src/api/api_msg.c ****         (tcp_sndqueuelen(conn->pcb.tcp) < TCP_SNDQUEUELOWAT)) {
 2315              		.loc 1 380 8 view .LVU718
 2316 001a 92B1     		cbz	r2, .L201
ARM GAS  /tmp/ccMZQUTk.s 			page 83


 380:Middlewares/Third_Party/LwIP/src/api/api_msg.c ****         (tcp_sndqueuelen(conn->pcb.tcp) < TCP_SNDQUEUELOWAT)) {
 2317              		.loc 1 380 37 discriminator 1 view .LVU719
 2318 001c B2F86400 		ldrh	r0, [r2, #100]
 380:Middlewares/Third_Party/LwIP/src/api/api_msg.c ****         (tcp_sndqueuelen(conn->pcb.tcp) < TCP_SNDQUEUELOWAT)) {
 2319              		.loc 1 380 33 discriminator 1 view .LVU720
 2320 0020 40F66731 		movw	r1, #2919
 2321 0024 8842     		cmp	r0, r1
 2322 0026 0CD9     		bls	.L201
 381:Middlewares/Third_Party/LwIP/src/api/api_msg.c ****       netconn_clear_flags(conn, NETCONN_FLAG_CHECK_WRITESPACE);
 2323              		.loc 1 381 10 discriminator 2 view .LVU721
 2324 0028 B2F86620 		ldrh	r2, [r2, #102]
 380:Middlewares/Third_Party/LwIP/src/api/api_msg.c ****         (tcp_sndqueuelen(conn->pcb.tcp) < TCP_SNDQUEUELOWAT)) {
 2325              		.loc 1 380 79 discriminator 2 view .LVU722
 2326 002c 042A     		cmp	r2, #4
 2327 002e 08D8     		bhi	.L201
 382:Middlewares/Third_Party/LwIP/src/api/api_msg.c ****       API_EVENT(conn, NETCONN_EVT_SENDPLUS, 0);
 2328              		.loc 1 382 7 is_stmt 1 view .LVU723
 382:Middlewares/Third_Party/LwIP/src/api/api_msg.c ****       API_EVENT(conn, NETCONN_EVT_SENDPLUS, 0);
 2329              		.loc 1 382 7 view .LVU724
 2330 0030 03F0EF03 		and	r3, r3, #239
 2331 0034 2377     		strb	r3, [r4, #28]
 382:Middlewares/Third_Party/LwIP/src/api/api_msg.c ****       API_EVENT(conn, NETCONN_EVT_SENDPLUS, 0);
 2332              		.loc 1 382 7 view .LVU725
 383:Middlewares/Third_Party/LwIP/src/api/api_msg.c ****     }
 2333              		.loc 1 383 7 view .LVU726
 2334 0036 636A     		ldr	r3, [r4, #36]
 2335 0038 1BB1     		cbz	r3, .L201
 383:Middlewares/Third_Party/LwIP/src/api/api_msg.c ****     }
 2336              		.loc 1 383 7 discriminator 1 view .LVU727
 2337 003a 0022     		movs	r2, #0
 2338 003c 0221     		movs	r1, #2
 2339 003e 2046     		mov	r0, r4
 2340 0040 9847     		blx	r3
 2341              	.LVL223:
 2342              	.L201:
 383:Middlewares/Third_Party/LwIP/src/api/api_msg.c ****     }
 2343              		.loc 1 383 47 discriminator 3 view .LVU728
 387:Middlewares/Third_Party/LwIP/src/api/api_msg.c **** }
 2344              		.loc 1 387 3 discriminator 3 view .LVU729
 388:Middlewares/Third_Party/LwIP/src/api/api_msg.c **** 
 2345              		.loc 1 388 1 is_stmt 0 discriminator 3 view .LVU730
 2346 0042 0020     		movs	r0, #0
 2347 0044 10BD     		pop	{r4, pc}
 2348              	.LVL224:
 2349              	.L203:
 362:Middlewares/Third_Party/LwIP/src/api/api_msg.c **** 
 2350              		.loc 1 362 3 is_stmt 1 discriminator 1 view .LVU731
 362:Middlewares/Third_Party/LwIP/src/api/api_msg.c **** 
 2351              		.loc 1 362 3 discriminator 1 view .LVU732
 2352 0046 0C4B     		ldr	r3, .L206
 2353 0048 4FF4B572 		mov	r2, #362
 2354 004c 0B49     		ldr	r1, .L206+4
 2355              	.LVL225:
 362:Middlewares/Third_Party/LwIP/src/api/api_msg.c **** 
 2356              		.loc 1 362 3 is_stmt 0 discriminator 1 view .LVU733
 2357 004e 0C48     		ldr	r0, .L206+8
 2358              	.LVL226:
ARM GAS  /tmp/ccMZQUTk.s 			page 84


 362:Middlewares/Third_Party/LwIP/src/api/api_msg.c **** 
 2359              		.loc 1 362 3 discriminator 1 view .LVU734
 2360 0050 FFF7FEFF 		bl	printf
 2361              	.LVL227:
 2362 0054 D7E7     		b	.L197
 2363              	.L204:
 365:Middlewares/Third_Party/LwIP/src/api/api_msg.c ****   } else if (conn->state == NETCONN_CLOSE) {
 2364              		.loc 1 365 5 is_stmt 1 view .LVU735
 2365 0056 0121     		movs	r1, #1
 2366 0058 2046     		mov	r0, r4
 2367 005a FFF7FEFF 		bl	lwip_netconn_do_writemore
 2368              	.LVL228:
 2369 005e D7E7     		b	.L199
 2370              	.L205:
 368:Middlewares/Third_Party/LwIP/src/api/api_msg.c ****       conn->current_msg->msg.sd.polls_left--;
 2371              		.loc 1 368 5 view .LVU736
 368:Middlewares/Third_Party/LwIP/src/api/api_msg.c ****       conn->current_msg->msg.sd.polls_left--;
 2372              		.loc 1 368 13 is_stmt 0 view .LVU737
 2373 0060 236A     		ldr	r3, [r4, #32]
 368:Middlewares/Third_Party/LwIP/src/api/api_msg.c ****       conn->current_msg->msg.sd.polls_left--;
 2374              		.loc 1 368 8 view .LVU738
 2375 0062 1BB1     		cbz	r3, .L200
 368:Middlewares/Third_Party/LwIP/src/api/api_msg.c ****       conn->current_msg->msg.sd.polls_left--;
 2376              		.loc 1 368 55 discriminator 1 view .LVU739
 2377 0064 5A7A     		ldrb	r2, [r3, #9]	@ zero_extendqisi2
 368:Middlewares/Third_Party/LwIP/src/api/api_msg.c ****       conn->current_msg->msg.sd.polls_left--;
 2378              		.loc 1 368 27 discriminator 1 view .LVU740
 2379 0066 0AB1     		cbz	r2, .L200
 369:Middlewares/Third_Party/LwIP/src/api/api_msg.c ****     }
 2380              		.loc 1 369 7 is_stmt 1 view .LVU741
 369:Middlewares/Third_Party/LwIP/src/api/api_msg.c ****     }
 2381              		.loc 1 369 43 is_stmt 0 view .LVU742
 2382 0068 013A     		subs	r2, r2, #1
 2383 006a 5A72     		strb	r2, [r3, #9]
 2384              	.L200:
 372:Middlewares/Third_Party/LwIP/src/api/api_msg.c ****   }
 2385              		.loc 1 372 5 is_stmt 1 view .LVU743
 2386 006c 0121     		movs	r1, #1
 2387 006e 2046     		mov	r0, r4
 2388 0070 FFF7FEFF 		bl	lwip_netconn_do_close_internal
 2389              	.LVL229:
 2390 0074 CCE7     		b	.L199
 2391              	.L207:
 2392 0076 00BF     		.align	2
 2393              	.L206:
 2394 0078 00000000 		.word	.LC0
 2395 007c 00000000 		.word	.LC7
 2396 0080 40000000 		.word	.LC2
 2397              		.cfi_endproc
 2398              	.LFE177:
 2400              		.section	.text.sent_tcp,"ax",%progbits
 2401              		.align	1
 2402              		.syntax unified
 2403              		.thumb
 2404              		.thumb_func
 2405              		.fpu fpv5-d16
 2407              	sent_tcp:
ARM GAS  /tmp/ccMZQUTk.s 			page 85


 2408              	.LVL230:
 2409              	.LFB178:
 399:Middlewares/Third_Party/LwIP/src/api/api_msg.c ****   struct netconn *conn = (struct netconn *)arg;
 2410              		.loc 1 399 1 view -0
 2411              		.cfi_startproc
 2412              		@ args = 0, pretend = 0, frame = 0
 2413              		@ frame_needed = 0, uses_anonymous_args = 0
 399:Middlewares/Third_Party/LwIP/src/api/api_msg.c ****   struct netconn *conn = (struct netconn *)arg;
 2414              		.loc 1 399 1 is_stmt 0 view .LVU745
 2415 0000 38B5     		push	{r3, r4, r5, lr}
 2416              	.LCFI11:
 2417              		.cfi_def_cfa_offset 16
 2418              		.cfi_offset 3, -16
 2419              		.cfi_offset 4, -12
 2420              		.cfi_offset 5, -8
 2421              		.cfi_offset 14, -4
 2422 0002 1546     		mov	r5, r2
 400:Middlewares/Third_Party/LwIP/src/api/api_msg.c **** 
 2423              		.loc 1 400 3 is_stmt 1 view .LVU746
 2424              	.LVL231:
 402:Middlewares/Third_Party/LwIP/src/api/api_msg.c ****   LWIP_ASSERT("conn != NULL", (conn != NULL));
 2425              		.loc 1 402 3 view .LVU747
 403:Middlewares/Third_Party/LwIP/src/api/api_msg.c **** 
 2426              		.loc 1 403 3 view .LVU748
 403:Middlewares/Third_Party/LwIP/src/api/api_msg.c **** 
 2427              		.loc 1 403 3 view .LVU749
 2428 0004 0446     		mov	r4, r0
 2429 0006 E8B1     		cbz	r0, .L214
 2430              	.LVL232:
 2431              	.L209:
 403:Middlewares/Third_Party/LwIP/src/api/api_msg.c **** 
 2432              		.loc 1 403 3 discriminator 3 view .LVU750
 403:Middlewares/Third_Party/LwIP/src/api/api_msg.c **** 
 2433              		.loc 1 403 3 discriminator 3 view .LVU751
 405:Middlewares/Third_Party/LwIP/src/api/api_msg.c ****     if (conn->state == NETCONN_WRITE) {
 2434              		.loc 1 405 3 discriminator 3 view .LVU752
 405:Middlewares/Third_Party/LwIP/src/api/api_msg.c ****     if (conn->state == NETCONN_WRITE) {
 2435              		.loc 1 405 6 is_stmt 0 discriminator 3 view .LVU753
 2436 0008 D4B1     		cbz	r4, .L210
 406:Middlewares/Third_Party/LwIP/src/api/api_msg.c ****       lwip_netconn_do_writemore(conn  WRITE_DELAYED);
 2437              		.loc 1 406 5 is_stmt 1 view .LVU754
 406:Middlewares/Third_Party/LwIP/src/api/api_msg.c ****       lwip_netconn_do_writemore(conn  WRITE_DELAYED);
 2438              		.loc 1 406 13 is_stmt 0 view .LVU755
 2439 000a 6378     		ldrb	r3, [r4, #1]	@ zero_extendqisi2
 406:Middlewares/Third_Party/LwIP/src/api/api_msg.c ****       lwip_netconn_do_writemore(conn  WRITE_DELAYED);
 2440              		.loc 1 406 8 view .LVU756
 2441 000c 012B     		cmp	r3, #1
 2442 000e 21D0     		beq	.L215
 408:Middlewares/Third_Party/LwIP/src/api/api_msg.c ****       lwip_netconn_do_close_internal(conn  WRITE_DELAYED);
 2443              		.loc 1 408 12 is_stmt 1 view .LVU757
 408:Middlewares/Third_Party/LwIP/src/api/api_msg.c ****       lwip_netconn_do_close_internal(conn  WRITE_DELAYED);
 2444              		.loc 1 408 15 is_stmt 0 view .LVU758
 2445 0010 042B     		cmp	r3, #4
 2446 0012 24D0     		beq	.L216
 2447              	.L212:
 414:Middlewares/Third_Party/LwIP/src/api/api_msg.c ****         (tcp_sndqueuelen(conn->pcb.tcp) < TCP_SNDQUEUELOWAT)) {
 2448              		.loc 1 414 5 is_stmt 1 view .LVU759
ARM GAS  /tmp/ccMZQUTk.s 			page 86


 414:Middlewares/Third_Party/LwIP/src/api/api_msg.c ****         (tcp_sndqueuelen(conn->pcb.tcp) < TCP_SNDQUEUELOWAT)) {
 2449              		.loc 1 414 19 is_stmt 0 view .LVU760
 2450 0014 6368     		ldr	r3, [r4, #4]
 414:Middlewares/Third_Party/LwIP/src/api/api_msg.c ****         (tcp_sndqueuelen(conn->pcb.tcp) < TCP_SNDQUEUELOWAT)) {
 2451              		.loc 1 414 8 view .LVU761
 2452 0016 9BB1     		cbz	r3, .L210
 414:Middlewares/Third_Party/LwIP/src/api/api_msg.c ****         (tcp_sndqueuelen(conn->pcb.tcp) < TCP_SNDQUEUELOWAT)) {
 2453              		.loc 1 414 37 discriminator 1 view .LVU762
 2454 0018 B3F86410 		ldrh	r1, [r3, #100]
 414:Middlewares/Third_Party/LwIP/src/api/api_msg.c ****         (tcp_sndqueuelen(conn->pcb.tcp) < TCP_SNDQUEUELOWAT)) {
 2455              		.loc 1 414 33 discriminator 1 view .LVU763
 2456 001c 40F66732 		movw	r2, #2919
 2457 0020 9142     		cmp	r1, r2
 2458 0022 0DD9     		bls	.L210
 415:Middlewares/Third_Party/LwIP/src/api/api_msg.c ****       netconn_clear_flags(conn, NETCONN_FLAG_CHECK_WRITESPACE);
 2459              		.loc 1 415 10 discriminator 2 view .LVU764
 2460 0024 B3F86630 		ldrh	r3, [r3, #102]
 414:Middlewares/Third_Party/LwIP/src/api/api_msg.c ****         (tcp_sndqueuelen(conn->pcb.tcp) < TCP_SNDQUEUELOWAT)) {
 2461              		.loc 1 414 79 discriminator 2 view .LVU765
 2462 0028 042B     		cmp	r3, #4
 2463 002a 09D8     		bhi	.L210
 416:Middlewares/Third_Party/LwIP/src/api/api_msg.c ****       API_EVENT(conn, NETCONN_EVT_SENDPLUS, len);
 2464              		.loc 1 416 7 is_stmt 1 view .LVU766
 416:Middlewares/Third_Party/LwIP/src/api/api_msg.c ****       API_EVENT(conn, NETCONN_EVT_SENDPLUS, len);
 2465              		.loc 1 416 7 view .LVU767
 2466 002c 237F     		ldrb	r3, [r4, #28]	@ zero_extendqisi2
 2467 002e 03F0EF03 		and	r3, r3, #239
 2468 0032 2377     		strb	r3, [r4, #28]
 416:Middlewares/Third_Party/LwIP/src/api/api_msg.c ****       API_EVENT(conn, NETCONN_EVT_SENDPLUS, len);
 2469              		.loc 1 416 7 view .LVU768
 417:Middlewares/Third_Party/LwIP/src/api/api_msg.c ****     }
 2470              		.loc 1 417 7 view .LVU769
 2471 0034 636A     		ldr	r3, [r4, #36]
 2472 0036 1BB1     		cbz	r3, .L210
 417:Middlewares/Third_Party/LwIP/src/api/api_msg.c ****     }
 2473              		.loc 1 417 7 discriminator 1 view .LVU770
 2474 0038 2A46     		mov	r2, r5
 2475 003a 0221     		movs	r1, #2
 2476 003c 2046     		mov	r0, r4
 2477 003e 9847     		blx	r3
 2478              	.LVL233:
 2479              	.L210:
 417:Middlewares/Third_Party/LwIP/src/api/api_msg.c ****     }
 2480              		.loc 1 417 49 discriminator 3 view .LVU771
 421:Middlewares/Third_Party/LwIP/src/api/api_msg.c **** }
 2481              		.loc 1 421 3 discriminator 3 view .LVU772
 422:Middlewares/Third_Party/LwIP/src/api/api_msg.c **** 
 2482              		.loc 1 422 1 is_stmt 0 discriminator 3 view .LVU773
 2483 0040 0020     		movs	r0, #0
 2484 0042 38BD     		pop	{r3, r4, r5, pc}
 2485              	.LVL234:
 2486              	.L214:
 403:Middlewares/Third_Party/LwIP/src/api/api_msg.c **** 
 2487              		.loc 1 403 3 is_stmt 1 discriminator 1 view .LVU774
 403:Middlewares/Third_Party/LwIP/src/api/api_msg.c **** 
 2488              		.loc 1 403 3 discriminator 1 view .LVU775
 2489 0044 084B     		ldr	r3, .L217
ARM GAS  /tmp/ccMZQUTk.s 			page 87


 2490 0046 40F29312 		movw	r2, #403
 2491              	.LVL235:
 403:Middlewares/Third_Party/LwIP/src/api/api_msg.c **** 
 2492              		.loc 1 403 3 is_stmt 0 discriminator 1 view .LVU776
 2493 004a 0849     		ldr	r1, .L217+4
 2494              	.LVL236:
 403:Middlewares/Third_Party/LwIP/src/api/api_msg.c **** 
 2495              		.loc 1 403 3 discriminator 1 view .LVU777
 2496 004c 0848     		ldr	r0, .L217+8
 2497              	.LVL237:
 403:Middlewares/Third_Party/LwIP/src/api/api_msg.c **** 
 2498              		.loc 1 403 3 discriminator 1 view .LVU778
 2499 004e FFF7FEFF 		bl	printf
 2500              	.LVL238:
 2501 0052 D9E7     		b	.L209
 2502              	.L215:
 407:Middlewares/Third_Party/LwIP/src/api/api_msg.c ****     } else if (conn->state == NETCONN_CLOSE) {
 2503              		.loc 1 407 7 is_stmt 1 view .LVU779
 2504 0054 0121     		movs	r1, #1
 2505 0056 2046     		mov	r0, r4
 2506 0058 FFF7FEFF 		bl	lwip_netconn_do_writemore
 2507              	.LVL239:
 2508 005c DAE7     		b	.L212
 2509              	.L216:
 409:Middlewares/Third_Party/LwIP/src/api/api_msg.c ****     }
 2510              		.loc 1 409 7 view .LVU780
 2511 005e 0121     		movs	r1, #1
 2512 0060 2046     		mov	r0, r4
 2513 0062 FFF7FEFF 		bl	lwip_netconn_do_close_internal
 2514              	.LVL240:
 2515 0066 D5E7     		b	.L212
 2516              	.L218:
 2517              		.align	2
 2518              	.L217:
 2519 0068 00000000 		.word	.LC0
 2520 006c 00000000 		.word	.LC7
 2521 0070 40000000 		.word	.LC2
 2522              		.cfi_endproc
 2523              	.LFE178:
 2525              		.section	.rodata.recv_tcp.str1.4,"aMS",%progbits,1
 2526              		.align	2
 2527              	.LC24:
 2528 0000 72656376 		.ascii	"recv_tcp must have a pcb argument\000"
 2528      5F746370 
 2528      206D7573 
 2528      74206861 
 2528      76652061 
 2529 0022 0000     		.align	2
 2530              	.LC25:
 2531 0024 72656376 		.ascii	"recv_tcp must have an argument\000"
 2531      5F746370 
 2531      206D7573 
 2531      74206861 
 2531      76652061 
 2532 0043 00       		.align	2
 2533              	.LC26:
 2534 0044 65727220 		.ascii	"err != ERR_OK unhandled\000"
ARM GAS  /tmp/ccMZQUTk.s 			page 88


 2534      213D2045 
 2534      52525F4F 
 2534      4B20756E 
 2534      68616E64 
 2535              		.align	2
 2536              	.LC27:
 2537 005c 72656376 		.ascii	"recv_tcp: recv for wrong pcb!\000"
 2537      5F746370 
 2537      3A207265 
 2537      63762066 
 2537      6F722077 
 2538              		.section	.text.recv_tcp,"ax",%progbits
 2539              		.align	1
 2540              		.syntax unified
 2541              		.thumb
 2542              		.thumb_func
 2543              		.fpu fpv5-d16
 2545              	recv_tcp:
 2546              	.LVL241:
 2547              	.LFB176:
 294:Middlewares/Third_Party/LwIP/src/api/api_msg.c ****   struct netconn *conn;
 2548              		.loc 1 294 1 view -0
 2549              		.cfi_startproc
 2550              		@ args = 0, pretend = 0, frame = 0
 2551              		@ frame_needed = 0, uses_anonymous_args = 0
 294:Middlewares/Third_Party/LwIP/src/api/api_msg.c ****   struct netconn *conn;
 2552              		.loc 1 294 1 is_stmt 0 view .LVU782
 2553 0000 F8B5     		push	{r3, r4, r5, r6, r7, lr}
 2554              	.LCFI12:
 2555              		.cfi_def_cfa_offset 24
 2556              		.cfi_offset 3, -24
 2557              		.cfi_offset 4, -20
 2558              		.cfi_offset 5, -16
 2559              		.cfi_offset 6, -12
 2560              		.cfi_offset 7, -8
 2561              		.cfi_offset 14, -4
 2562 0002 0446     		mov	r4, r0
 2563 0004 1546     		mov	r5, r2
 2564 0006 1E46     		mov	r6, r3
 295:Middlewares/Third_Party/LwIP/src/api/api_msg.c ****   u16_t len;
 2565              		.loc 1 295 3 is_stmt 1 view .LVU783
 296:Middlewares/Third_Party/LwIP/src/api/api_msg.c ****   void *msg;
 2566              		.loc 1 296 3 view .LVU784
 297:Middlewares/Third_Party/LwIP/src/api/api_msg.c **** 
 2567              		.loc 1 297 3 view .LVU785
 299:Middlewares/Third_Party/LwIP/src/api/api_msg.c ****   LWIP_ASSERT("recv_tcp must have a pcb argument", pcb != NULL);
 2568              		.loc 1 299 3 view .LVU786
 300:Middlewares/Third_Party/LwIP/src/api/api_msg.c ****   LWIP_ASSERT("recv_tcp must have an argument", arg != NULL);
 2569              		.loc 1 300 3 view .LVU787
 300:Middlewares/Third_Party/LwIP/src/api/api_msg.c ****   LWIP_ASSERT("recv_tcp must have an argument", arg != NULL);
 2570              		.loc 1 300 3 view .LVU788
 2571 0008 0F46     		mov	r7, r1
 2572 000a 21B3     		cbz	r1, .L232
 2573              	.LVL242:
 2574              	.L220:
 300:Middlewares/Third_Party/LwIP/src/api/api_msg.c ****   LWIP_ASSERT("recv_tcp must have an argument", arg != NULL);
 2575              		.loc 1 300 3 discriminator 3 view .LVU789
ARM GAS  /tmp/ccMZQUTk.s 			page 89


 300:Middlewares/Third_Party/LwIP/src/api/api_msg.c ****   LWIP_ASSERT("recv_tcp must have an argument", arg != NULL);
 2576              		.loc 1 300 3 discriminator 3 view .LVU790
 301:Middlewares/Third_Party/LwIP/src/api/api_msg.c ****   LWIP_ASSERT("err != ERR_OK unhandled", err == ERR_OK);
 2577              		.loc 1 301 3 discriminator 3 view .LVU791
 301:Middlewares/Third_Party/LwIP/src/api/api_msg.c ****   LWIP_ASSERT("err != ERR_OK unhandled", err == ERR_OK);
 2578              		.loc 1 301 3 discriminator 3 view .LVU792
 2579 000c 5CB3     		cbz	r4, .L233
 2580              	.L221:
 301:Middlewares/Third_Party/LwIP/src/api/api_msg.c ****   LWIP_ASSERT("err != ERR_OK unhandled", err == ERR_OK);
 2581              		.loc 1 301 3 discriminator 3 view .LVU793
 301:Middlewares/Third_Party/LwIP/src/api/api_msg.c ****   LWIP_ASSERT("err != ERR_OK unhandled", err == ERR_OK);
 2582              		.loc 1 301 3 discriminator 3 view .LVU794
 302:Middlewares/Third_Party/LwIP/src/api/api_msg.c ****   LWIP_UNUSED_ARG(err); /* for LWIP_NOASSERT */
 2583              		.loc 1 302 3 discriminator 3 view .LVU795
 302:Middlewares/Third_Party/LwIP/src/api/api_msg.c ****   LWIP_UNUSED_ARG(err); /* for LWIP_NOASSERT */
 2584              		.loc 1 302 3 discriminator 3 view .LVU796
 2585 000e 002E     		cmp	r6, #0
 2586 0010 31D1     		bne	.L234
 2587              	.L222:
 302:Middlewares/Third_Party/LwIP/src/api/api_msg.c ****   LWIP_UNUSED_ARG(err); /* for LWIP_NOASSERT */
 2588              		.loc 1 302 3 discriminator 3 view .LVU797
 302:Middlewares/Third_Party/LwIP/src/api/api_msg.c ****   LWIP_UNUSED_ARG(err); /* for LWIP_NOASSERT */
 2589              		.loc 1 302 3 discriminator 3 view .LVU798
 303:Middlewares/Third_Party/LwIP/src/api/api_msg.c ****   conn = (struct netconn *)arg;
 2590              		.loc 1 303 3 discriminator 3 view .LVU799
 304:Middlewares/Third_Party/LwIP/src/api/api_msg.c **** 
 2591              		.loc 1 304 3 discriminator 3 view .LVU800
 2592              	.LVL243:
 306:Middlewares/Third_Party/LwIP/src/api/api_msg.c ****     return ERR_VAL;
 2593              		.loc 1 306 3 discriminator 3 view .LVU801
 306:Middlewares/Third_Party/LwIP/src/api/api_msg.c ****     return ERR_VAL;
 2594              		.loc 1 306 6 is_stmt 0 discriminator 3 view .LVU802
 2595 0012 002C     		cmp	r4, #0
 2596 0014 44D0     		beq	.L228
 309:Middlewares/Third_Party/LwIP/src/api/api_msg.c **** 
 2597              		.loc 1 309 3 is_stmt 1 view .LVU803
 309:Middlewares/Third_Party/LwIP/src/api/api_msg.c **** 
 2598              		.loc 1 309 3 view .LVU804
 2599 0016 6368     		ldr	r3, [r4, #4]
 2600 0018 BB42     		cmp	r3, r7
 2601 001a 06D0     		beq	.L224
 309:Middlewares/Third_Party/LwIP/src/api/api_msg.c **** 
 2602              		.loc 1 309 3 discriminator 1 view .LVU805
 309:Middlewares/Third_Party/LwIP/src/api/api_msg.c **** 
 2603              		.loc 1 309 3 discriminator 1 view .LVU806
 2604 001c 234B     		ldr	r3, .L236
 2605 001e 40F23512 		movw	r2, #309
 2606 0022 2349     		ldr	r1, .L236+4
 2607 0024 2348     		ldr	r0, .L236+8
 2608 0026 FFF7FEFF 		bl	printf
 2609              	.LVL244:
 2610              	.L224:
 309:Middlewares/Third_Party/LwIP/src/api/api_msg.c **** 
 2611              		.loc 1 309 3 discriminator 3 view .LVU807
 309:Middlewares/Third_Party/LwIP/src/api/api_msg.c **** 
 2612              		.loc 1 309 3 discriminator 3 view .LVU808
 311:Middlewares/Third_Party/LwIP/src/api/api_msg.c ****     /* recvmbox already deleted */
ARM GAS  /tmp/ccMZQUTk.s 			page 90


 2613              		.loc 1 311 3 discriminator 3 view .LVU809
 311:Middlewares/Third_Party/LwIP/src/api/api_msg.c ****     /* recvmbox already deleted */
 2614              		.loc 1 311 8 is_stmt 0 discriminator 3 view .LVU810
 2615 002a 04F11006 		add	r6, r4, #16
 2616 002e 3046     		mov	r0, r6
 2617 0030 FFF7FEFF 		bl	sys_mbox_valid
 2618              	.LVL245:
 311:Middlewares/Third_Party/LwIP/src/api/api_msg.c ****     /* recvmbox already deleted */
 2619              		.loc 1 311 6 discriminator 3 view .LVU811
 2620 0034 38B3     		cbz	r0, .L235
 323:Middlewares/Third_Party/LwIP/src/api/api_msg.c ****     msg = p;
 2621              		.loc 1 323 3 is_stmt 1 view .LVU812
 323:Middlewares/Third_Party/LwIP/src/api/api_msg.c ****     msg = p;
 2622              		.loc 1 323 6 is_stmt 0 view .LVU813
 2623 0036 85B3     		cbz	r5, .L229
 324:Middlewares/Third_Party/LwIP/src/api/api_msg.c ****     len = p->tot_len;
 2624              		.loc 1 324 5 is_stmt 1 view .LVU814
 2625              	.LVL246:
 325:Middlewares/Third_Party/LwIP/src/api/api_msg.c ****   } else {
 2626              		.loc 1 325 5 view .LVU815
 325:Middlewares/Third_Party/LwIP/src/api/api_msg.c ****   } else {
 2627              		.loc 1 325 9 is_stmt 0 view .LVU816
 2628 0038 2F89     		ldrh	r7, [r5, #8]
 2629              	.LVL247:
 2630              	.L227:
 331:Middlewares/Third_Party/LwIP/src/api/api_msg.c ****     /* don't deallocate p: it is presented to us later again from tcp_fasttmr! */
 2631              		.loc 1 331 3 is_stmt 1 view .LVU817
 331:Middlewares/Third_Party/LwIP/src/api/api_msg.c ****     /* don't deallocate p: it is presented to us later again from tcp_fasttmr! */
 2632              		.loc 1 331 7 is_stmt 0 view .LVU818
 2633 003a 2946     		mov	r1, r5
 2634 003c 3046     		mov	r0, r6
 2635 003e FFF7FEFF 		bl	sys_mbox_trypost
 2636              	.LVL248:
 331:Middlewares/Third_Party/LwIP/src/api/api_msg.c ****     /* don't deallocate p: it is presented to us later again from tcp_fasttmr! */
 2637              		.loc 1 331 6 view .LVU819
 2638 0042 0546     		mov	r5, r0
 2639              	.LVL249:
 331:Middlewares/Third_Party/LwIP/src/api/api_msg.c ****     /* don't deallocate p: it is presented to us later again from tcp_fasttmr! */
 2640              		.loc 1 331 6 view .LVU820
 2641 0044 78BB     		cbnz	r0, .L230
 339:Middlewares/Third_Party/LwIP/src/api/api_msg.c ****   }
 2642              		.loc 1 339 5 is_stmt 1 view .LVU821
 2643 0046 636A     		ldr	r3, [r4, #36]
 2644 0048 1BB1     		cbz	r3, .L223
 339:Middlewares/Third_Party/LwIP/src/api/api_msg.c ****   }
 2645              		.loc 1 339 5 discriminator 1 view .LVU822
 2646 004a 3A46     		mov	r2, r7
 2647 004c 0021     		movs	r1, #0
 2648 004e 2046     		mov	r0, r4
 2649 0050 9847     		blx	r3
 2650              	.LVL250:
 2651              	.L223:
 343:Middlewares/Third_Party/LwIP/src/api/api_msg.c **** 
 2652              		.loc 1 343 1 is_stmt 0 view .LVU823
 2653 0052 2846     		mov	r0, r5
 2654 0054 F8BD     		pop	{r3, r4, r5, r6, r7, pc}
 2655              	.LVL251:
ARM GAS  /tmp/ccMZQUTk.s 			page 91


 2656              	.L232:
 300:Middlewares/Third_Party/LwIP/src/api/api_msg.c ****   LWIP_ASSERT("recv_tcp must have an argument", arg != NULL);
 2657              		.loc 1 300 3 is_stmt 1 discriminator 1 view .LVU824
 300:Middlewares/Third_Party/LwIP/src/api/api_msg.c ****   LWIP_ASSERT("recv_tcp must have an argument", arg != NULL);
 2658              		.loc 1 300 3 discriminator 1 view .LVU825
 2659 0056 154B     		ldr	r3, .L236
 2660              	.LVL252:
 300:Middlewares/Third_Party/LwIP/src/api/api_msg.c ****   LWIP_ASSERT("recv_tcp must have an argument", arg != NULL);
 2661              		.loc 1 300 3 is_stmt 0 discriminator 1 view .LVU826
 2662 0058 4FF49672 		mov	r2, #300
 2663              	.LVL253:
 300:Middlewares/Third_Party/LwIP/src/api/api_msg.c ****   LWIP_ASSERT("recv_tcp must have an argument", arg != NULL);
 2664              		.loc 1 300 3 discriminator 1 view .LVU827
 2665 005c 1649     		ldr	r1, .L236+12
 2666              	.LVL254:
 300:Middlewares/Third_Party/LwIP/src/api/api_msg.c ****   LWIP_ASSERT("recv_tcp must have an argument", arg != NULL);
 2667              		.loc 1 300 3 discriminator 1 view .LVU828
 2668 005e 1548     		ldr	r0, .L236+8
 2669              	.LVL255:
 300:Middlewares/Third_Party/LwIP/src/api/api_msg.c ****   LWIP_ASSERT("recv_tcp must have an argument", arg != NULL);
 2670              		.loc 1 300 3 discriminator 1 view .LVU829
 2671 0060 FFF7FEFF 		bl	printf
 2672              	.LVL256:
 2673 0064 D2E7     		b	.L220
 2674              	.L233:
 301:Middlewares/Third_Party/LwIP/src/api/api_msg.c ****   LWIP_ASSERT("err != ERR_OK unhandled", err == ERR_OK);
 2675              		.loc 1 301 3 is_stmt 1 discriminator 1 view .LVU830
 301:Middlewares/Third_Party/LwIP/src/api/api_msg.c ****   LWIP_ASSERT("err != ERR_OK unhandled", err == ERR_OK);
 2676              		.loc 1 301 3 discriminator 1 view .LVU831
 2677 0066 114B     		ldr	r3, .L236
 2678 0068 40F22D12 		movw	r2, #301
 2679 006c 1349     		ldr	r1, .L236+16
 2680 006e 1148     		ldr	r0, .L236+8
 2681 0070 FFF7FEFF 		bl	printf
 2682              	.LVL257:
 2683 0074 CBE7     		b	.L221
 2684              	.L234:
 302:Middlewares/Third_Party/LwIP/src/api/api_msg.c ****   LWIP_UNUSED_ARG(err); /* for LWIP_NOASSERT */
 2685              		.loc 1 302 3 discriminator 1 view .LVU832
 302:Middlewares/Third_Party/LwIP/src/api/api_msg.c ****   LWIP_UNUSED_ARG(err); /* for LWIP_NOASSERT */
 2686              		.loc 1 302 3 discriminator 1 view .LVU833
 2687 0076 0D4B     		ldr	r3, .L236
 2688 0078 4FF49772 		mov	r2, #302
 2689 007c 1049     		ldr	r1, .L236+20
 2690 007e 0D48     		ldr	r0, .L236+8
 2691 0080 FFF7FEFF 		bl	printf
 2692              	.LVL258:
 2693 0084 C5E7     		b	.L222
 2694              	.LVL259:
 2695              	.L235:
 313:Middlewares/Third_Party/LwIP/src/api/api_msg.c ****       tcp_recved(pcb, p->tot_len);
 2696              		.loc 1 313 5 view .LVU834
 313:Middlewares/Third_Party/LwIP/src/api/api_msg.c ****       tcp_recved(pcb, p->tot_len);
 2697              		.loc 1 313 8 is_stmt 0 view .LVU835
 2698 0086 35B1     		cbz	r5, .L226
 314:Middlewares/Third_Party/LwIP/src/api/api_msg.c ****       pbuf_free(p);
 2699              		.loc 1 314 7 is_stmt 1 view .LVU836
ARM GAS  /tmp/ccMZQUTk.s 			page 92


 2700 0088 2989     		ldrh	r1, [r5, #8]
 2701 008a 3846     		mov	r0, r7
 2702 008c FFF7FEFF 		bl	tcp_recved
 2703              	.LVL260:
 315:Middlewares/Third_Party/LwIP/src/api/api_msg.c ****     }
 2704              		.loc 1 315 7 view .LVU837
 2705 0090 2846     		mov	r0, r5
 2706 0092 FFF7FEFF 		bl	pbuf_free
 2707              	.LVL261:
 2708              	.L226:
 317:Middlewares/Third_Party/LwIP/src/api/api_msg.c ****   }
 2709              		.loc 1 317 5 view .LVU838
 317:Middlewares/Third_Party/LwIP/src/api/api_msg.c ****   }
 2710              		.loc 1 317 12 is_stmt 0 view .LVU839
 2711 0096 0025     		movs	r5, #0
 2712              	.LVL262:
 317:Middlewares/Third_Party/LwIP/src/api/api_msg.c ****   }
 2713              		.loc 1 317 12 view .LVU840
 2714 0098 DBE7     		b	.L223
 2715              	.LVL263:
 2716              	.L229:
 327:Middlewares/Third_Party/LwIP/src/api/api_msg.c ****     len = 0;
 2717              		.loc 1 327 9 view .LVU841
 2718 009a 0A4D     		ldr	r5, .L236+24
 2719              	.LVL264:
 328:Middlewares/Third_Party/LwIP/src/api/api_msg.c ****   }
 2720              		.loc 1 328 9 view .LVU842
 2721 009c 0027     		movs	r7, #0
 2722              	.LVL265:
 328:Middlewares/Third_Party/LwIP/src/api/api_msg.c ****   }
 2723              		.loc 1 328 9 view .LVU843
 2724 009e CCE7     		b	.L227
 2725              	.LVL266:
 2726              	.L228:
 307:Middlewares/Third_Party/LwIP/src/api/api_msg.c ****   }
 2727              		.loc 1 307 12 view .LVU844
 2728 00a0 6FF00505 		mvn	r5, #5
 2729              	.LVL267:
 307:Middlewares/Third_Party/LwIP/src/api/api_msg.c ****   }
 2730              		.loc 1 307 12 view .LVU845
 2731 00a4 D5E7     		b	.L223
 2732              	.LVL268:
 2733              	.L230:
 333:Middlewares/Third_Party/LwIP/src/api/api_msg.c ****   } else {
 2734              		.loc 1 333 12 view .LVU846
 2735 00a6 4FF0FF35 		mov	r5, #-1
 2736 00aa D2E7     		b	.L223
 2737              	.L237:
 2738              		.align	2
 2739              	.L236:
 2740 00ac 00000000 		.word	.LC0
 2741 00b0 5C000000 		.word	.LC27
 2742 00b4 40000000 		.word	.LC2
 2743 00b8 00000000 		.word	.LC24
 2744 00bc 24000000 		.word	.LC25
 2745 00c0 44000000 		.word	.LC26
 2746 00c4 00000000 		.word	.LANCHOR1
ARM GAS  /tmp/ccMZQUTk.s 			page 93


 2747              		.cfi_endproc
 2748              	.LFE176:
 2750              		.section	.rodata.lwip_netconn_is_err_msg.str1.4,"aMS",%progbits,1
 2751              		.align	2
 2752              	.LC28:
 2753 0000 65727220 		.ascii	"err != NULL\000"
 2753      213D204E 
 2753      554C4C00 
 2754              		.section	.text.lwip_netconn_is_err_msg,"ax",%progbits
 2755              		.align	1
 2756              		.global	lwip_netconn_is_err_msg
 2757              		.syntax unified
 2758              		.thumb
 2759              		.thumb_func
 2760              		.fpu fpv5-d16
 2762              	lwip_netconn_is_err_msg:
 2763              	.LVL269:
 2764              	.LFB174:
 132:Middlewares/Third_Party/LwIP/src/api/api_msg.c ****   LWIP_ASSERT("err != NULL", err != NULL);
 2765              		.loc 1 132 1 is_stmt 1 view -0
 2766              		.cfi_startproc
 2767              		@ args = 0, pretend = 0, frame = 0
 2768              		@ frame_needed = 0, uses_anonymous_args = 0
 132:Middlewares/Third_Party/LwIP/src/api/api_msg.c ****   LWIP_ASSERT("err != NULL", err != NULL);
 2769              		.loc 1 132 1 is_stmt 0 view .LVU848
 2770 0000 38B5     		push	{r3, r4, r5, lr}
 2771              	.LCFI13:
 2772              		.cfi_def_cfa_offset 16
 2773              		.cfi_offset 3, -16
 2774              		.cfi_offset 4, -12
 2775              		.cfi_offset 5, -8
 2776              		.cfi_offset 14, -4
 2777 0002 0446     		mov	r4, r0
 133:Middlewares/Third_Party/LwIP/src/api/api_msg.c **** 
 2778              		.loc 1 133 3 is_stmt 1 view .LVU849
 133:Middlewares/Third_Party/LwIP/src/api/api_msg.c **** 
 2779              		.loc 1 133 3 view .LVU850
 2780 0004 0D46     		mov	r5, r1
 2781 0006 51B1     		cbz	r1, .L245
 2782              	.LVL270:
 2783              	.L239:
 133:Middlewares/Third_Party/LwIP/src/api/api_msg.c **** 
 2784              		.loc 1 133 3 discriminator 3 view .LVU851
 133:Middlewares/Third_Party/LwIP/src/api/api_msg.c **** 
 2785              		.loc 1 133 3 discriminator 3 view .LVU852
 135:Middlewares/Third_Party/LwIP/src/api/api_msg.c ****     *err = ERR_ABRT;
 2786              		.loc 1 135 3 discriminator 3 view .LVU853
 135:Middlewares/Third_Party/LwIP/src/api/api_msg.c ****     *err = ERR_ABRT;
 2787              		.loc 1 135 6 is_stmt 0 discriminator 3 view .LVU854
 2788 0008 0E4B     		ldr	r3, .L249
 2789 000a 9C42     		cmp	r4, r3
 2790 000c 0ED0     		beq	.L246
 138:Middlewares/Third_Party/LwIP/src/api/api_msg.c ****     *err = ERR_RST;
 2791              		.loc 1 138 10 is_stmt 1 view .LVU855
 138:Middlewares/Third_Party/LwIP/src/api/api_msg.c ****     *err = ERR_RST;
 2792              		.loc 1 138 13 is_stmt 0 view .LVU856
 2793 000e 0E4B     		ldr	r3, .L249+4
ARM GAS  /tmp/ccMZQUTk.s 			page 94


 2794 0010 9C42     		cmp	r4, r3
 2795 0012 0FD0     		beq	.L247
 141:Middlewares/Third_Party/LwIP/src/api/api_msg.c ****     *err = ERR_CLSD;
 2796              		.loc 1 141 10 is_stmt 1 view .LVU857
 141:Middlewares/Third_Party/LwIP/src/api/api_msg.c ****     *err = ERR_CLSD;
 2797              		.loc 1 141 13 is_stmt 0 view .LVU858
 2798 0014 0D4B     		ldr	r3, .L249+8
 2799 0016 9C42     		cmp	r4, r3
 2800 0018 10D0     		beq	.L248
 145:Middlewares/Third_Party/LwIP/src/api/api_msg.c **** }
 2801              		.loc 1 145 10 view .LVU859
 2802 001a 0020     		movs	r0, #0
 2803              	.L238:
 146:Middlewares/Third_Party/LwIP/src/api/api_msg.c **** #endif /* LWIP_TCP */
 2804              		.loc 1 146 1 view .LVU860
 2805 001c 38BD     		pop	{r3, r4, r5, pc}
 2806              	.LVL271:
 2807              	.L245:
 133:Middlewares/Third_Party/LwIP/src/api/api_msg.c **** 
 2808              		.loc 1 133 3 is_stmt 1 discriminator 1 view .LVU861
 133:Middlewares/Third_Party/LwIP/src/api/api_msg.c **** 
 2809              		.loc 1 133 3 discriminator 1 view .LVU862
 2810 001e 0C4B     		ldr	r3, .L249+12
 2811 0020 8522     		movs	r2, #133
 2812 0022 0C49     		ldr	r1, .L249+16
 2813              	.LVL272:
 133:Middlewares/Third_Party/LwIP/src/api/api_msg.c **** 
 2814              		.loc 1 133 3 is_stmt 0 discriminator 1 view .LVU863
 2815 0024 0C48     		ldr	r0, .L249+20
 2816              	.LVL273:
 133:Middlewares/Third_Party/LwIP/src/api/api_msg.c **** 
 2817              		.loc 1 133 3 discriminator 1 view .LVU864
 2818 0026 FFF7FEFF 		bl	printf
 2819              	.LVL274:
 2820 002a EDE7     		b	.L239
 2821              	.L246:
 136:Middlewares/Third_Party/LwIP/src/api/api_msg.c ****     return 1;
 2822              		.loc 1 136 5 is_stmt 1 view .LVU865
 136:Middlewares/Third_Party/LwIP/src/api/api_msg.c ****     return 1;
 2823              		.loc 1 136 10 is_stmt 0 view .LVU866
 2824 002c F323     		movs	r3, #243
 2825 002e 2B70     		strb	r3, [r5]
 137:Middlewares/Third_Party/LwIP/src/api/api_msg.c ****   } else if (msg == &netconn_reset) {
 2826              		.loc 1 137 5 is_stmt 1 view .LVU867
 137:Middlewares/Third_Party/LwIP/src/api/api_msg.c ****   } else if (msg == &netconn_reset) {
 2827              		.loc 1 137 12 is_stmt 0 view .LVU868
 2828 0030 0120     		movs	r0, #1
 2829 0032 F3E7     		b	.L238
 2830              	.L247:
 139:Middlewares/Third_Party/LwIP/src/api/api_msg.c ****     return 1;
 2831              		.loc 1 139 5 is_stmt 1 view .LVU869
 139:Middlewares/Third_Party/LwIP/src/api/api_msg.c ****     return 1;
 2832              		.loc 1 139 10 is_stmt 0 view .LVU870
 2833 0034 F223     		movs	r3, #242
 2834 0036 2B70     		strb	r3, [r5]
 140:Middlewares/Third_Party/LwIP/src/api/api_msg.c ****   } else if (msg == &netconn_closed) {
 2835              		.loc 1 140 5 is_stmt 1 view .LVU871
ARM GAS  /tmp/ccMZQUTk.s 			page 95


 140:Middlewares/Third_Party/LwIP/src/api/api_msg.c ****   } else if (msg == &netconn_closed) {
 2836              		.loc 1 140 12 is_stmt 0 view .LVU872
 2837 0038 0120     		movs	r0, #1
 2838 003a EFE7     		b	.L238
 2839              	.L248:
 142:Middlewares/Third_Party/LwIP/src/api/api_msg.c ****     return 1;
 2840              		.loc 1 142 5 is_stmt 1 view .LVU873
 142:Middlewares/Third_Party/LwIP/src/api/api_msg.c ****     return 1;
 2841              		.loc 1 142 10 is_stmt 0 view .LVU874
 2842 003c F123     		movs	r3, #241
 2843 003e 2B70     		strb	r3, [r5]
 143:Middlewares/Third_Party/LwIP/src/api/api_msg.c ****   }
 2844              		.loc 1 143 5 is_stmt 1 view .LVU875
 143:Middlewares/Third_Party/LwIP/src/api/api_msg.c ****   }
 2845              		.loc 1 143 12 is_stmt 0 view .LVU876
 2846 0040 0120     		movs	r0, #1
 2847 0042 EBE7     		b	.L238
 2848              	.L250:
 2849              		.align	2
 2850              	.L249:
 2851 0044 00000000 		.word	.LANCHOR2
 2852 0048 00000000 		.word	.LANCHOR0
 2853 004c 00000000 		.word	.LANCHOR1
 2854 0050 00000000 		.word	.LC0
 2855 0054 00000000 		.word	.LC28
 2856 0058 40000000 		.word	.LC2
 2857              		.cfi_endproc
 2858              	.LFE174:
 2860              		.section	.text.lwip_netconn_do_newconn,"ax",%progbits
 2861              		.align	1
 2862              		.global	lwip_netconn_do_newconn
 2863              		.syntax unified
 2864              		.thumb
 2865              		.thumb_func
 2866              		.fpu fpv5-d16
 2868              	lwip_netconn_do_newconn:
 2869              	.LVL275:
 2870              	.LFB183:
 681:Middlewares/Third_Party/LwIP/src/api/api_msg.c ****   struct api_msg *msg = (struct api_msg *)m;
 2871              		.loc 1 681 1 is_stmt 1 view -0
 2872              		.cfi_startproc
 2873              		@ args = 0, pretend = 0, frame = 0
 2874              		@ frame_needed = 0, uses_anonymous_args = 0
 681:Middlewares/Third_Party/LwIP/src/api/api_msg.c ****   struct api_msg *msg = (struct api_msg *)m;
 2875              		.loc 1 681 1 is_stmt 0 view .LVU878
 2876 0000 08B5     		push	{r3, lr}
 2877              	.LCFI14:
 2878              		.cfi_def_cfa_offset 8
 2879              		.cfi_offset 3, -8
 2880              		.cfi_offset 14, -4
 682:Middlewares/Third_Party/LwIP/src/api/api_msg.c **** 
 2881              		.loc 1 682 3 is_stmt 1 view .LVU879
 2882              	.LVL276:
 684:Middlewares/Third_Party/LwIP/src/api/api_msg.c ****   if (msg->conn->pcb.tcp == NULL) {
 2883              		.loc 1 684 3 view .LVU880
 684:Middlewares/Third_Party/LwIP/src/api/api_msg.c ****   if (msg->conn->pcb.tcp == NULL) {
 2884              		.loc 1 684 12 is_stmt 0 view .LVU881
ARM GAS  /tmp/ccMZQUTk.s 			page 96


 2885 0002 0023     		movs	r3, #0
 2886 0004 0371     		strb	r3, [r0, #4]
 685:Middlewares/Third_Party/LwIP/src/api/api_msg.c ****     pcb_new(msg);
 2887              		.loc 1 685 3 is_stmt 1 view .LVU882
 685:Middlewares/Third_Party/LwIP/src/api/api_msg.c ****     pcb_new(msg);
 2888              		.loc 1 685 10 is_stmt 0 view .LVU883
 2889 0006 0368     		ldr	r3, [r0]
 685:Middlewares/Third_Party/LwIP/src/api/api_msg.c ****     pcb_new(msg);
 2890              		.loc 1 685 21 view .LVU884
 2891 0008 5B68     		ldr	r3, [r3, #4]
 685:Middlewares/Third_Party/LwIP/src/api/api_msg.c ****     pcb_new(msg);
 2892              		.loc 1 685 6 view .LVU885
 2893 000a 03B1     		cbz	r3, .L254
 2894              	.LVL277:
 2895              	.L251:
 693:Middlewares/Third_Party/LwIP/src/api/api_msg.c **** 
 2896              		.loc 1 693 1 view .LVU886
 2897 000c 08BD     		pop	{r3, pc}
 2898              	.LVL278:
 2899              	.L254:
 686:Middlewares/Third_Party/LwIP/src/api/api_msg.c ****   }
 2900              		.loc 1 686 5 is_stmt 1 view .LVU887
 2901 000e FFF7FEFF 		bl	pcb_new
 2902              	.LVL279:
 692:Middlewares/Third_Party/LwIP/src/api/api_msg.c **** }
 2903              		.loc 1 692 24 view .LVU888
 693:Middlewares/Third_Party/LwIP/src/api/api_msg.c **** 
 2904              		.loc 1 693 1 is_stmt 0 view .LVU889
 2905 0012 FBE7     		b	.L251
 2906              		.cfi_endproc
 2907              	.LFE183:
 2909              		.section	.rodata.netconn_alloc.str1.4,"aMS",%progbits,1
 2910              		.align	2
 2911              	.LC29:
 2912 0000 6E657463 		.ascii	"netconn_alloc: undefined netconn_type\000"
 2912      6F6E6E5F 
 2912      616C6C6F 
 2912      633A2075 
 2912      6E646566 
 2913              		.section	.text.netconn_alloc,"ax",%progbits
 2914              		.align	1
 2915              		.global	netconn_alloc
 2916              		.syntax unified
 2917              		.thumb
 2918              		.thumb_func
 2919              		.fpu fpv5-d16
 2921              	netconn_alloc:
 2922              	.LVL280:
 2923              	.LFB184:
 706:Middlewares/Third_Party/LwIP/src/api/api_msg.c ****   struct netconn *conn;
 2924              		.loc 1 706 1 is_stmt 1 view -0
 2925              		.cfi_startproc
 2926              		@ args = 0, pretend = 0, frame = 0
 2927              		@ frame_needed = 0, uses_anonymous_args = 0
 706:Middlewares/Third_Party/LwIP/src/api/api_msg.c ****   struct netconn *conn;
 2928              		.loc 1 706 1 is_stmt 0 view .LVU891
 2929 0000 70B5     		push	{r4, r5, r6, lr}
ARM GAS  /tmp/ccMZQUTk.s 			page 97


 2930              	.LCFI15:
 2931              		.cfi_def_cfa_offset 16
 2932              		.cfi_offset 4, -16
 2933              		.cfi_offset 5, -12
 2934              		.cfi_offset 6, -8
 2935              		.cfi_offset 14, -4
 2936 0002 0546     		mov	r5, r0
 2937 0004 0E46     		mov	r6, r1
 707:Middlewares/Third_Party/LwIP/src/api/api_msg.c ****   int size;
 2938              		.loc 1 707 3 is_stmt 1 view .LVU892
 708:Middlewares/Third_Party/LwIP/src/api/api_msg.c ****   u8_t init_flags = 0;
 2939              		.loc 1 708 3 view .LVU893
 709:Middlewares/Third_Party/LwIP/src/api/api_msg.c **** 
 2940              		.loc 1 709 3 view .LVU894
 2941              	.LVL281:
 711:Middlewares/Third_Party/LwIP/src/api/api_msg.c ****   if (conn == NULL) {
 2942              		.loc 1 711 3 view .LVU895
 711:Middlewares/Third_Party/LwIP/src/api/api_msg.c ****   if (conn == NULL) {
 2943              		.loc 1 711 28 is_stmt 0 view .LVU896
 2944 0006 0720     		movs	r0, #7
 2945              	.LVL282:
 711:Middlewares/Third_Party/LwIP/src/api/api_msg.c ****   if (conn == NULL) {
 2946              		.loc 1 711 28 view .LVU897
 2947 0008 FFF7FEFF 		bl	memp_malloc
 2948              	.LVL283:
 712:Middlewares/Third_Party/LwIP/src/api/api_msg.c ****     return NULL;
 2949              		.loc 1 712 3 is_stmt 1 view .LVU898
 712:Middlewares/Third_Party/LwIP/src/api/api_msg.c ****     return NULL;
 2950              		.loc 1 712 6 is_stmt 0 view .LVU899
 2951 000c 0446     		mov	r4, r0
 2952 000e 78B3     		cbz	r0, .L255
 716:Middlewares/Third_Party/LwIP/src/api/api_msg.c ****   conn->type = t;
 2953              		.loc 1 716 3 is_stmt 1 view .LVU900
 716:Middlewares/Third_Party/LwIP/src/api/api_msg.c ****   conn->type = t;
 2954              		.loc 1 716 21 is_stmt 0 view .LVU901
 2955 0010 0023     		movs	r3, #0
 2956 0012 0372     		strb	r3, [r0, #8]
 717:Middlewares/Third_Party/LwIP/src/api/api_msg.c ****   conn->pcb.tcp = NULL;
 2957              		.loc 1 717 3 is_stmt 1 view .LVU902
 717:Middlewares/Third_Party/LwIP/src/api/api_msg.c ****   conn->pcb.tcp = NULL;
 2958              		.loc 1 717 14 is_stmt 0 view .LVU903
 2959 0014 0570     		strb	r5, [r0]
 718:Middlewares/Third_Party/LwIP/src/api/api_msg.c **** 
 2960              		.loc 1 718 3 is_stmt 1 view .LVU904
 718:Middlewares/Third_Party/LwIP/src/api/api_msg.c **** 
 2961              		.loc 1 718 17 is_stmt 0 view .LVU905
 2962 0016 4360     		str	r3, [r0, #4]
 721:Middlewares/Third_Party/LwIP/src/api/api_msg.c **** #if LWIP_RAW
 2963              		.loc 1 721 3 is_stmt 1 view .LVU906
 2964 0018 05F0F005 		and	r5, r5, #240
 2965 001c 102D     		cmp	r5, #16
 2966 001e 01D0     		beq	.L257
 2967 0020 202D     		cmp	r5, #32
 2968 0022 19D1     		bne	.L261
 2969              	.L257:
 2970              	.LVL284:
 745:Middlewares/Third_Party/LwIP/src/api/api_msg.c ****     goto free_and_return;
ARM GAS  /tmp/ccMZQUTk.s 			page 98


 2971              		.loc 1 745 3 view .LVU907
 745:Middlewares/Third_Party/LwIP/src/api/api_msg.c ****     goto free_and_return;
 2972              		.loc 1 745 7 is_stmt 0 view .LVU908
 2973 0024 04F11005 		add	r5, r4, #16
 2974 0028 0621     		movs	r1, #6
 2975 002a 2846     		mov	r0, r5
 2976              	.LVL285:
 745:Middlewares/Third_Party/LwIP/src/api/api_msg.c ****     goto free_and_return;
 2977              		.loc 1 745 7 view .LVU909
 2978 002c FFF7FEFF 		bl	sys_mbox_new
 2979              	.LVL286:
 745:Middlewares/Third_Party/LwIP/src/api/api_msg.c ****     goto free_and_return;
 2980              		.loc 1 745 6 view .LVU910
 2981 0030 C8B9     		cbnz	r0, .L258
 749:Middlewares/Third_Party/LwIP/src/api/api_msg.c ****     sys_mbox_free(&conn->recvmbox);
 2982              		.loc 1 749 3 is_stmt 1 view .LVU911
 749:Middlewares/Third_Party/LwIP/src/api/api_msg.c ****     sys_mbox_free(&conn->recvmbox);
 2983              		.loc 1 749 7 is_stmt 0 view .LVU912
 2984 0032 0021     		movs	r1, #0
 2985 0034 04F10C00 		add	r0, r4, #12
 2986 0038 FFF7FEFF 		bl	sys_sem_new
 2987              	.LVL287:
 749:Middlewares/Third_Party/LwIP/src/api/api_msg.c ****     sys_mbox_free(&conn->recvmbox);
 2988              		.loc 1 749 6 view .LVU913
 2989 003c D0B9     		cbnz	r0, .L262
 756:Middlewares/Third_Party/LwIP/src/api/api_msg.c **** #endif
 2990              		.loc 1 756 3 is_stmt 1 view .LVU914
 2991 003e 04F11400 		add	r0, r4, #20
 2992 0042 FFF7FEFF 		bl	sys_mbox_set_invalid
 2993              	.LVL288:
 758:Middlewares/Third_Party/LwIP/src/api/api_msg.c **** #if LWIP_SOCKET
 2994              		.loc 1 758 3 view .LVU915
 758:Middlewares/Third_Party/LwIP/src/api/api_msg.c **** #if LWIP_SOCKET
 2995              		.loc 1 758 22 is_stmt 0 view .LVU916
 2996 0046 0023     		movs	r3, #0
 2997 0048 6370     		strb	r3, [r4, #1]
 761:Middlewares/Third_Party/LwIP/src/api/api_msg.c **** #endif /* LWIP_SOCKET */
 2998              		.loc 1 761 3 is_stmt 1 view .LVU917
 761:Middlewares/Third_Party/LwIP/src/api/api_msg.c **** #endif /* LWIP_SOCKET */
 2999              		.loc 1 761 22 is_stmt 0 view .LVU918
 3000 004a 4FF0FF32 		mov	r2, #-1
 3001 004e A261     		str	r2, [r4, #24]
 763:Middlewares/Third_Party/LwIP/src/api/api_msg.c **** #if LWIP_TCP
 3002              		.loc 1 763 3 is_stmt 1 view .LVU919
 763:Middlewares/Third_Party/LwIP/src/api/api_msg.c **** #if LWIP_TCP
 3003              		.loc 1 763 22 is_stmt 0 view .LVU920
 3004 0050 6662     		str	r6, [r4, #36]
 765:Middlewares/Third_Party/LwIP/src/api/api_msg.c **** #endif /* LWIP_TCP */
 3005              		.loc 1 765 3 is_stmt 1 view .LVU921
 765:Middlewares/Third_Party/LwIP/src/api/api_msg.c **** #endif /* LWIP_TCP */
 3006              		.loc 1 765 22 is_stmt 0 view .LVU922
 3007 0052 2362     		str	r3, [r4, #32]
 780:Middlewares/Third_Party/LwIP/src/api/api_msg.c ****   return conn;
 3008              		.loc 1 780 3 is_stmt 1 view .LVU923
 780:Middlewares/Third_Party/LwIP/src/api/api_msg.c ****   return conn;
 3009              		.loc 1 780 15 is_stmt 0 view .LVU924
 3010 0054 2377     		strb	r3, [r4, #28]
ARM GAS  /tmp/ccMZQUTk.s 			page 99


 781:Middlewares/Third_Party/LwIP/src/api/api_msg.c **** free_and_return:
 3011              		.loc 1 781 3 is_stmt 1 view .LVU925
 781:Middlewares/Third_Party/LwIP/src/api/api_msg.c **** free_and_return:
 3012              		.loc 1 781 10 is_stmt 0 view .LVU926
 3013 0056 0BE0     		b	.L255
 3014              	.LVL289:
 3015              	.L261:
 741:Middlewares/Third_Party/LwIP/src/api/api_msg.c ****       goto free_and_return;
 3016              		.loc 1 741 7 is_stmt 1 discriminator 1 view .LVU927
 741:Middlewares/Third_Party/LwIP/src/api/api_msg.c ****       goto free_and_return;
 3017              		.loc 1 741 7 discriminator 1 view .LVU928
 741:Middlewares/Third_Party/LwIP/src/api/api_msg.c ****       goto free_and_return;
 3018              		.loc 1 741 7 discriminator 1 view .LVU929
 741:Middlewares/Third_Party/LwIP/src/api/api_msg.c ****       goto free_and_return;
 3019              		.loc 1 741 7 discriminator 1 view .LVU930
 3020 0058 084B     		ldr	r3, .L263
 3021 005a 40F2E522 		movw	r2, #741
 3022 005e 0849     		ldr	r1, .L263+4
 3023 0060 0848     		ldr	r0, .L263+8
 3024              	.LVL290:
 741:Middlewares/Third_Party/LwIP/src/api/api_msg.c ****       goto free_and_return;
 3025              		.loc 1 741 7 is_stmt 0 discriminator 1 view .LVU931
 3026 0062 FFF7FEFF 		bl	printf
 3027              	.LVL291:
 741:Middlewares/Third_Party/LwIP/src/api/api_msg.c ****       goto free_and_return;
 3028              		.loc 1 741 7 is_stmt 1 discriminator 1 view .LVU932
 741:Middlewares/Third_Party/LwIP/src/api/api_msg.c ****       goto free_and_return;
 3029              		.loc 1 741 7 discriminator 1 view .LVU933
 742:Middlewares/Third_Party/LwIP/src/api/api_msg.c ****   }
 3030              		.loc 1 742 7 discriminator 1 view .LVU934
 3031              	.L258:
 783:Middlewares/Third_Party/LwIP/src/api/api_msg.c ****   return NULL;
 3032              		.loc 1 783 3 view .LVU935
 3033 0066 2146     		mov	r1, r4
 3034 0068 0720     		movs	r0, #7
 3035 006a FFF7FEFF 		bl	memp_free
 3036              	.LVL292:
 784:Middlewares/Third_Party/LwIP/src/api/api_msg.c **** }
 3037              		.loc 1 784 3 view .LVU936
 784:Middlewares/Third_Party/LwIP/src/api/api_msg.c **** }
 3038              		.loc 1 784 10 is_stmt 0 view .LVU937
 3039 006e 0024     		movs	r4, #0
 3040              	.LVL293:
 3041              	.L255:
 785:Middlewares/Third_Party/LwIP/src/api/api_msg.c **** 
 3042              		.loc 1 785 1 view .LVU938
 3043 0070 2046     		mov	r0, r4
 3044 0072 70BD     		pop	{r4, r5, r6, pc}
 3045              	.LVL294:
 3046              	.L262:
 750:Middlewares/Third_Party/LwIP/src/api/api_msg.c ****     goto free_and_return;
 3047              		.loc 1 750 5 is_stmt 1 view .LVU939
 3048 0074 2846     		mov	r0, r5
 3049 0076 FFF7FEFF 		bl	sys_mbox_free
 3050              	.LVL295:
 751:Middlewares/Third_Party/LwIP/src/api/api_msg.c ****   }
 3051              		.loc 1 751 5 view .LVU940
ARM GAS  /tmp/ccMZQUTk.s 			page 100


 3052 007a F4E7     		b	.L258
 3053              	.L264:
 3054              		.align	2
 3055              	.L263:
 3056 007c 00000000 		.word	.LC0
 3057 0080 00000000 		.word	.LC29
 3058 0084 40000000 		.word	.LC2
 3059              		.cfi_endproc
 3060              	.LFE184:
 3062              		.section	.rodata.netconn_free.str1.4,"aMS",%progbits,1
 3063              		.align	2
 3064              	.LC30:
 3065 0000 50434220 		.ascii	"PCB must be deallocated outside this function\000"
 3065      6D757374 
 3065      20626520 
 3065      6465616C 
 3065      6C6F6361 
 3066 002e 0000     		.align	2
 3067              	.LC31:
 3068 0030 72656376 		.ascii	"recvmbox must be deallocated before calling this fu"
 3068      6D626F78 
 3068      206D7573 
 3068      74206265 
 3068      20646561 
 3069 0063 6E637469 		.ascii	"nction\000"
 3069      6F6E00
 3070 006a 0000     		.align	2
 3071              	.LC32:
 3072 006c 61636365 		.ascii	"acceptmbox must be deallocated before calling this "
 3072      70746D62 
 3072      6F78206D 
 3072      75737420 
 3072      62652064 
 3073 009f 66756E63 		.ascii	"function\000"
 3073      74696F6E 
 3073      00
 3074              		.section	.text.netconn_free,"ax",%progbits
 3075              		.align	1
 3076              		.global	netconn_free
 3077              		.syntax unified
 3078              		.thumb
 3079              		.thumb_func
 3080              		.fpu fpv5-d16
 3082              	netconn_free:
 3083              	.LVL296:
 3084              	.LFB185:
 795:Middlewares/Third_Party/LwIP/src/api/api_msg.c ****   LWIP_ASSERT("PCB must be deallocated outside this function", conn->pcb.tcp == NULL);
 3085              		.loc 1 795 1 view -0
 3086              		.cfi_startproc
 3087              		@ args = 0, pretend = 0, frame = 0
 3088              		@ frame_needed = 0, uses_anonymous_args = 0
 795:Middlewares/Third_Party/LwIP/src/api/api_msg.c ****   LWIP_ASSERT("PCB must be deallocated outside this function", conn->pcb.tcp == NULL);
 3089              		.loc 1 795 1 is_stmt 0 view .LVU942
 3090 0000 38B5     		push	{r3, r4, r5, lr}
 3091              	.LCFI16:
 3092              		.cfi_def_cfa_offset 16
 3093              		.cfi_offset 3, -16
ARM GAS  /tmp/ccMZQUTk.s 			page 101


 3094              		.cfi_offset 4, -12
 3095              		.cfi_offset 5, -8
 3096              		.cfi_offset 14, -4
 3097 0002 0446     		mov	r4, r0
 796:Middlewares/Third_Party/LwIP/src/api/api_msg.c **** 
 3098              		.loc 1 796 3 is_stmt 1 view .LVU943
 796:Middlewares/Third_Party/LwIP/src/api/api_msg.c **** 
 3099              		.loc 1 796 3 view .LVU944
 3100 0004 4368     		ldr	r3, [r0, #4]
 3101 0006 33B1     		cbz	r3, .L266
 796:Middlewares/Third_Party/LwIP/src/api/api_msg.c **** 
 3102              		.loc 1 796 3 discriminator 1 view .LVU945
 796:Middlewares/Third_Party/LwIP/src/api/api_msg.c **** 
 3103              		.loc 1 796 3 discriminator 1 view .LVU946
 3104 0008 164B     		ldr	r3, .L272
 3105 000a 4FF44772 		mov	r2, #796
 3106 000e 1649     		ldr	r1, .L272+4
 3107 0010 1648     		ldr	r0, .L272+8
 3108              	.LVL297:
 796:Middlewares/Third_Party/LwIP/src/api/api_msg.c **** 
 3109              		.loc 1 796 3 is_stmt 0 discriminator 1 view .LVU947
 3110 0012 FFF7FEFF 		bl	printf
 3111              	.LVL298:
 3112              	.L266:
 796:Middlewares/Third_Party/LwIP/src/api/api_msg.c **** 
 3113              		.loc 1 796 3 is_stmt 1 discriminator 3 view .LVU948
 796:Middlewares/Third_Party/LwIP/src/api/api_msg.c **** 
 3114              		.loc 1 796 3 discriminator 3 view .LVU949
 803:Middlewares/Third_Party/LwIP/src/api/api_msg.c ****               !sys_mbox_valid(&conn->recvmbox));
 3115              		.loc 1 803 3 discriminator 3 view .LVU950
 803:Middlewares/Third_Party/LwIP/src/api/api_msg.c ****               !sys_mbox_valid(&conn->recvmbox));
 3116              		.loc 1 803 3 discriminator 3 view .LVU951
 3117 0016 04F11000 		add	r0, r4, #16
 3118 001a FFF7FEFF 		bl	sys_mbox_valid
 3119              	.LVL299:
 3120 001e 88B9     		cbnz	r0, .L270
 3121              	.L267:
 803:Middlewares/Third_Party/LwIP/src/api/api_msg.c ****               !sys_mbox_valid(&conn->recvmbox));
 3122              		.loc 1 803 3 discriminator 3 view .LVU952
 803:Middlewares/Third_Party/LwIP/src/api/api_msg.c ****               !sys_mbox_valid(&conn->recvmbox));
 3123              		.loc 1 803 3 discriminator 3 view .LVU953
 806:Middlewares/Third_Party/LwIP/src/api/api_msg.c ****               !sys_mbox_valid(&conn->acceptmbox));
 3124              		.loc 1 806 3 discriminator 3 view .LVU954
 806:Middlewares/Third_Party/LwIP/src/api/api_msg.c ****               !sys_mbox_valid(&conn->acceptmbox));
 3125              		.loc 1 806 3 discriminator 3 view .LVU955
 3126 0020 04F11400 		add	r0, r4, #20
 3127 0024 FFF7FEFF 		bl	sys_mbox_valid
 3128              	.LVL300:
 3129 0028 A0B9     		cbnz	r0, .L271
 3130              	.L268:
 806:Middlewares/Third_Party/LwIP/src/api/api_msg.c ****               !sys_mbox_valid(&conn->acceptmbox));
 3131              		.loc 1 806 3 discriminator 3 view .LVU956
 806:Middlewares/Third_Party/LwIP/src/api/api_msg.c ****               !sys_mbox_valid(&conn->acceptmbox));
 3132              		.loc 1 806 3 discriminator 3 view .LVU957
 811:Middlewares/Third_Party/LwIP/src/api/api_msg.c ****   sys_sem_set_invalid(&conn->op_completed);
 3133              		.loc 1 811 3 discriminator 3 view .LVU958
 3134 002a 04F10C05 		add	r5, r4, #12
ARM GAS  /tmp/ccMZQUTk.s 			page 102


 3135 002e 2846     		mov	r0, r5
 3136 0030 FFF7FEFF 		bl	sys_sem_free
 3137              	.LVL301:
 812:Middlewares/Third_Party/LwIP/src/api/api_msg.c **** #endif
 3138              		.loc 1 812 3 discriminator 3 view .LVU959
 3139 0034 2846     		mov	r0, r5
 3140 0036 FFF7FEFF 		bl	sys_sem_set_invalid
 3141              	.LVL302:
 815:Middlewares/Third_Party/LwIP/src/api/api_msg.c **** }
 3142              		.loc 1 815 3 discriminator 3 view .LVU960
 3143 003a 2146     		mov	r1, r4
 3144 003c 0720     		movs	r0, #7
 3145 003e FFF7FEFF 		bl	memp_free
 3146              	.LVL303:
 816:Middlewares/Third_Party/LwIP/src/api/api_msg.c **** 
 3147              		.loc 1 816 1 is_stmt 0 discriminator 3 view .LVU961
 3148 0042 38BD     		pop	{r3, r4, r5, pc}
 3149              	.LVL304:
 3150              	.L270:
 803:Middlewares/Third_Party/LwIP/src/api/api_msg.c ****               !sys_mbox_valid(&conn->recvmbox));
 3151              		.loc 1 803 3 is_stmt 1 discriminator 1 view .LVU962
 803:Middlewares/Third_Party/LwIP/src/api/api_msg.c ****               !sys_mbox_valid(&conn->recvmbox));
 3152              		.loc 1 803 3 discriminator 1 view .LVU963
 3153 0044 074B     		ldr	r3, .L272
 3154 0046 40F22332 		movw	r2, #803
 3155 004a 0949     		ldr	r1, .L272+12
 3156 004c 0748     		ldr	r0, .L272+8
 3157 004e FFF7FEFF 		bl	printf
 3158              	.LVL305:
 3159 0052 E5E7     		b	.L267
 3160              	.L271:
 806:Middlewares/Third_Party/LwIP/src/api/api_msg.c ****               !sys_mbox_valid(&conn->acceptmbox));
 3161              		.loc 1 806 3 discriminator 1 view .LVU964
 806:Middlewares/Third_Party/LwIP/src/api/api_msg.c ****               !sys_mbox_valid(&conn->acceptmbox));
 3162              		.loc 1 806 3 discriminator 1 view .LVU965
 3163 0054 034B     		ldr	r3, .L272
 3164 0056 40F22632 		movw	r2, #806
 3165 005a 0649     		ldr	r1, .L272+16
 3166 005c 0348     		ldr	r0, .L272+8
 3167 005e FFF7FEFF 		bl	printf
 3168              	.LVL306:
 3169 0062 E2E7     		b	.L268
 3170              	.L273:
 3171              		.align	2
 3172              	.L272:
 3173 0064 00000000 		.word	.LC0
 3174 0068 00000000 		.word	.LC30
 3175 006c 40000000 		.word	.LC2
 3176 0070 30000000 		.word	.LC31
 3177 0074 6C000000 		.word	.LC32
 3178              		.cfi_endproc
 3179              	.LFE185:
 3181              		.section	.text.netconn_drain,"ax",%progbits
 3182              		.align	1
 3183              		.syntax unified
 3184              		.thumb
 3185              		.thumb_func
ARM GAS  /tmp/ccMZQUTk.s 			page 103


 3186              		.fpu fpv5-d16
 3188              	netconn_drain:
 3189              	.LVL307:
 3190              	.LFB186:
 828:Middlewares/Third_Party/LwIP/src/api/api_msg.c ****   void *mem;
 3191              		.loc 1 828 1 view -0
 3192              		.cfi_startproc
 3193              		@ args = 0, pretend = 0, frame = 8
 3194              		@ frame_needed = 0, uses_anonymous_args = 0
 828:Middlewares/Third_Party/LwIP/src/api/api_msg.c ****   void *mem;
 3195              		.loc 1 828 1 is_stmt 0 view .LVU967
 3196 0000 30B5     		push	{r4, r5, lr}
 3197              	.LCFI17:
 3198              		.cfi_def_cfa_offset 12
 3199              		.cfi_offset 4, -12
 3200              		.cfi_offset 5, -8
 3201              		.cfi_offset 14, -4
 3202 0002 83B0     		sub	sp, sp, #12
 3203              	.LCFI18:
 3204              		.cfi_def_cfa_offset 24
 3205 0004 0446     		mov	r4, r0
 829:Middlewares/Third_Party/LwIP/src/api/api_msg.c **** 
 3206              		.loc 1 829 3 is_stmt 1 view .LVU968
 838:Middlewares/Third_Party/LwIP/src/api/api_msg.c ****     while (sys_mbox_tryfetch(&conn->recvmbox, &mem) != SYS_MBOX_EMPTY) {
 3207              		.loc 1 838 3 view .LVU969
 838:Middlewares/Third_Party/LwIP/src/api/api_msg.c ****     while (sys_mbox_tryfetch(&conn->recvmbox, &mem) != SYS_MBOX_EMPTY) {
 3208              		.loc 1 838 7 is_stmt 0 view .LVU970
 3209 0006 00F11005 		add	r5, r0, #16
 3210 000a 2846     		mov	r0, r5
 3211              	.LVL308:
 838:Middlewares/Third_Party/LwIP/src/api/api_msg.c ****     while (sys_mbox_tryfetch(&conn->recvmbox, &mem) != SYS_MBOX_EMPTY) {
 3212              		.loc 1 838 7 view .LVU971
 3213 000c FFF7FEFF 		bl	sys_mbox_valid
 3214              	.LVL309:
 838:Middlewares/Third_Party/LwIP/src/api/api_msg.c ****     while (sys_mbox_tryfetch(&conn->recvmbox, &mem) != SYS_MBOX_EMPTY) {
 3215              		.loc 1 838 6 view .LVU972
 3216 0010 58B9     		cbnz	r0, .L275
 3217              	.L276:
 863:Middlewares/Third_Party/LwIP/src/api/api_msg.c ****     while (sys_mbox_tryfetch(&conn->acceptmbox, &mem) != SYS_MBOX_EMPTY) {
 3218              		.loc 1 863 3 is_stmt 1 view .LVU973
 863:Middlewares/Third_Party/LwIP/src/api/api_msg.c ****     while (sys_mbox_tryfetch(&conn->acceptmbox, &mem) != SYS_MBOX_EMPTY) {
 3219              		.loc 1 863 7 is_stmt 0 view .LVU974
 3220 0012 1434     		adds	r4, r4, #20
 3221              	.LVL310:
 863:Middlewares/Third_Party/LwIP/src/api/api_msg.c ****     while (sys_mbox_tryfetch(&conn->acceptmbox, &mem) != SYS_MBOX_EMPTY) {
 3222              		.loc 1 863 7 view .LVU975
 3223 0014 2046     		mov	r0, r4
 3224 0016 FFF7FEFF 		bl	sys_mbox_valid
 3225              	.LVL311:
 863:Middlewares/Third_Party/LwIP/src/api/api_msg.c ****     while (sys_mbox_tryfetch(&conn->acceptmbox, &mem) != SYS_MBOX_EMPTY) {
 3226              		.loc 1 863 6 view .LVU976
 3227 001a 20BB     		cbnz	r0, .L281
 3228 001c 43E0     		b	.L274
 3229              	.LVL312:
 3230              	.L289:
 3231              	.LBB15:
 846:Middlewares/Third_Party/LwIP/src/api/api_msg.c ****           if (!lwip_netconn_is_err_msg(mem, &err)) {
ARM GAS  /tmp/ccMZQUTk.s 			page 104


 3232              		.loc 1 846 11 is_stmt 1 view .LVU977
 847:Middlewares/Third_Party/LwIP/src/api/api_msg.c ****             pbuf_free((struct pbuf *)mem);
 3233              		.loc 1 847 11 view .LVU978
 847:Middlewares/Third_Party/LwIP/src/api/api_msg.c ****             pbuf_free((struct pbuf *)mem);
 3234              		.loc 1 847 16 is_stmt 0 view .LVU979
 3235 001e 0DF10301 		add	r1, sp, #3
 3236 0022 0198     		ldr	r0, [sp, #4]
 3237 0024 FFF7FEFF 		bl	lwip_netconn_is_err_msg
 3238              	.LVL313:
 847:Middlewares/Third_Party/LwIP/src/api/api_msg.c ****             pbuf_free((struct pbuf *)mem);
 3239              		.loc 1 847 14 view .LVU980
 3240 0028 78B1     		cbz	r0, .L287
 3241              	.L275:
 847:Middlewares/Third_Party/LwIP/src/api/api_msg.c ****             pbuf_free((struct pbuf *)mem);
 3242              		.loc 1 847 14 view .LVU981
 3243              	.LBE15:
 839:Middlewares/Third_Party/LwIP/src/api/api_msg.c **** #if LWIP_NETCONN_FULLDUPLEX
 3244              		.loc 1 839 11 is_stmt 1 view .LVU982
 839:Middlewares/Third_Party/LwIP/src/api/api_msg.c **** #if LWIP_NETCONN_FULLDUPLEX
 3245              		.loc 1 839 12 is_stmt 0 view .LVU983
 3246 002a 01A9     		add	r1, sp, #4
 3247 002c 2846     		mov	r0, r5
 3248 002e FFF7FEFF 		bl	sys_arch_mbox_tryfetch
 3249              	.LVL314:
 839:Middlewares/Third_Party/LwIP/src/api/api_msg.c **** #if LWIP_NETCONN_FULLDUPLEX
 3250              		.loc 1 839 11 view .LVU984
 3251 0032 B0F1FF3F 		cmp	r0, #-1
 3252 0036 0CD0     		beq	.L288
 845:Middlewares/Third_Party/LwIP/src/api/api_msg.c ****           err_t err;
 3253              		.loc 1 845 9 is_stmt 1 view .LVU985
 845:Middlewares/Third_Party/LwIP/src/api/api_msg.c ****           err_t err;
 3254              		.loc 1 845 13 is_stmt 0 view .LVU986
 3255 0038 2378     		ldrb	r3, [r4]	@ zero_extendqisi2
 845:Middlewares/Third_Party/LwIP/src/api/api_msg.c ****           err_t err;
 3256              		.loc 1 845 12 view .LVU987
 3257 003a 03F0F003 		and	r3, r3, #240
 3258 003e 102B     		cmp	r3, #16
 3259 0040 EDD0     		beq	.L289
 853:Middlewares/Third_Party/LwIP/src/api/api_msg.c ****         }
 3260              		.loc 1 853 11 is_stmt 1 view .LVU988
 3261 0042 0198     		ldr	r0, [sp, #4]
 3262 0044 FFF7FEFF 		bl	netbuf_delete
 3263              	.LVL315:
 3264 0048 EFE7     		b	.L275
 3265              	.L287:
 3266              	.LBB16:
 848:Middlewares/Third_Party/LwIP/src/api/api_msg.c ****           }
 3267              		.loc 1 848 13 view .LVU989
 3268 004a 0198     		ldr	r0, [sp, #4]
 3269 004c FFF7FEFF 		bl	pbuf_free
 3270              	.LVL316:
 3271 0050 EBE7     		b	.L275
 3272              	.L288:
 848:Middlewares/Third_Party/LwIP/src/api/api_msg.c ****           }
 3273              		.loc 1 848 13 is_stmt 0 view .LVU990
 3274              	.LBE16:
 857:Middlewares/Third_Party/LwIP/src/api/api_msg.c ****     sys_mbox_set_invalid(&conn->recvmbox);
ARM GAS  /tmp/ccMZQUTk.s 			page 105


 3275              		.loc 1 857 5 is_stmt 1 view .LVU991
 3276 0052 2846     		mov	r0, r5
 3277 0054 FFF7FEFF 		bl	sys_mbox_free
 3278              	.LVL317:
 858:Middlewares/Third_Party/LwIP/src/api/api_msg.c ****   }
 3279              		.loc 1 858 5 view .LVU992
 3280 0058 2846     		mov	r0, r5
 3281 005a FFF7FEFF 		bl	sys_mbox_set_invalid
 3282              	.LVL318:
 3283 005e D8E7     		b	.L276
 3284              	.LVL319:
 3285              	.L284:
 3286              	.LBB17:
 3287              	.LBB18:
 880:Middlewares/Third_Party/LwIP/src/api/api_msg.c ****         }
 3288              		.loc 1 880 11 view .LVU993
 3289 0060 2846     		mov	r0, r5
 3290 0062 FFF7FEFF 		bl	netconn_free
 3291              	.LVL320:
 3292              	.L281:
 880:Middlewares/Third_Party/LwIP/src/api/api_msg.c ****         }
 3293              		.loc 1 880 11 is_stmt 0 view .LVU994
 3294              	.LBE18:
 3295              	.LBE17:
 864:Middlewares/Third_Party/LwIP/src/api/api_msg.c **** #if LWIP_NETCONN_FULLDUPLEX
 3296              		.loc 1 864 11 is_stmt 1 view .LVU995
 864:Middlewares/Third_Party/LwIP/src/api/api_msg.c **** #if LWIP_NETCONN_FULLDUPLEX
 3297              		.loc 1 864 12 is_stmt 0 view .LVU996
 3298 0066 01A9     		add	r1, sp, #4
 3299 0068 2046     		mov	r0, r4
 3300 006a FFF7FEFF 		bl	sys_arch_mbox_tryfetch
 3301              	.LVL321:
 864:Middlewares/Third_Party/LwIP/src/api/api_msg.c **** #if LWIP_NETCONN_FULLDUPLEX
 3302              		.loc 1 864 11 view .LVU997
 3303 006e B0F1FF3F 		cmp	r0, #-1
 3304 0072 12D0     		beq	.L290
 3305              	.LBB20:
 869:Middlewares/Third_Party/LwIP/src/api/api_msg.c ****         if (!lwip_netconn_is_err_msg(mem, &err)) {
 3306              		.loc 1 869 9 is_stmt 1 view .LVU998
 870:Middlewares/Third_Party/LwIP/src/api/api_msg.c ****           struct netconn *newconn = (struct netconn *)mem;
 3307              		.loc 1 870 9 view .LVU999
 870:Middlewares/Third_Party/LwIP/src/api/api_msg.c ****           struct netconn *newconn = (struct netconn *)mem;
 3308              		.loc 1 870 14 is_stmt 0 view .LVU1000
 3309 0074 0DF10301 		add	r1, sp, #3
 3310 0078 0198     		ldr	r0, [sp, #4]
 3311 007a FFF7FEFF 		bl	lwip_netconn_is_err_msg
 3312              	.LVL322:
 870:Middlewares/Third_Party/LwIP/src/api/api_msg.c ****           struct netconn *newconn = (struct netconn *)mem;
 3313              		.loc 1 870 12 view .LVU1001
 3314 007e 0028     		cmp	r0, #0
 3315 0080 F1D1     		bne	.L281
 3316              	.LBB19:
 871:Middlewares/Third_Party/LwIP/src/api/api_msg.c ****           /* Only tcp pcbs have an acceptmbox, so no need to check conn->type */
 3317              		.loc 1 871 11 is_stmt 1 view .LVU1002
 871:Middlewares/Third_Party/LwIP/src/api/api_msg.c ****           /* Only tcp pcbs have an acceptmbox, so no need to check conn->type */
 3318              		.loc 1 871 27 is_stmt 0 view .LVU1003
 3319 0082 019D     		ldr	r5, [sp, #4]
ARM GAS  /tmp/ccMZQUTk.s 			page 106


 3320              	.LVL323:
 875:Middlewares/Third_Party/LwIP/src/api/api_msg.c ****           if (newconn->pcb.tcp != NULL) {
 3321              		.loc 1 875 11 is_stmt 1 view .LVU1004
 3322 0084 2846     		mov	r0, r5
 3323 0086 FFF7BBFF 		bl	netconn_drain
 3324              	.LVL324:
 876:Middlewares/Third_Party/LwIP/src/api/api_msg.c ****             tcp_abort(newconn->pcb.tcp);
 3325              		.loc 1 876 11 view .LVU1005
 876:Middlewares/Third_Party/LwIP/src/api/api_msg.c ****             tcp_abort(newconn->pcb.tcp);
 3326              		.loc 1 876 27 is_stmt 0 view .LVU1006
 3327 008a 6868     		ldr	r0, [r5, #4]
 876:Middlewares/Third_Party/LwIP/src/api/api_msg.c ****             tcp_abort(newconn->pcb.tcp);
 3328              		.loc 1 876 14 view .LVU1007
 3329 008c 0028     		cmp	r0, #0
 3330 008e E7D0     		beq	.L284
 877:Middlewares/Third_Party/LwIP/src/api/api_msg.c ****             newconn->pcb.tcp = NULL;
 3331              		.loc 1 877 13 is_stmt 1 view .LVU1008
 3332 0090 FFF7FEFF 		bl	tcp_abort
 3333              	.LVL325:
 878:Middlewares/Third_Party/LwIP/src/api/api_msg.c ****           }
 3334              		.loc 1 878 13 view .LVU1009
 878:Middlewares/Third_Party/LwIP/src/api/api_msg.c ****           }
 3335              		.loc 1 878 30 is_stmt 0 view .LVU1010
 3336 0094 0023     		movs	r3, #0
 3337 0096 6B60     		str	r3, [r5, #4]
 3338 0098 E2E7     		b	.L284
 3339              	.LVL326:
 3340              	.L290:
 878:Middlewares/Third_Party/LwIP/src/api/api_msg.c ****           }
 3341              		.loc 1 878 30 view .LVU1011
 3342              	.LBE19:
 3343              	.LBE20:
 884:Middlewares/Third_Party/LwIP/src/api/api_msg.c ****     sys_mbox_set_invalid(&conn->acceptmbox);
 3344              		.loc 1 884 5 is_stmt 1 view .LVU1012
 3345 009a 2046     		mov	r0, r4
 3346 009c FFF7FEFF 		bl	sys_mbox_free
 3347              	.LVL327:
 885:Middlewares/Third_Party/LwIP/src/api/api_msg.c ****   }
 3348              		.loc 1 885 5 view .LVU1013
 3349 00a0 2046     		mov	r0, r4
 3350 00a2 FFF7FEFF 		bl	sys_mbox_set_invalid
 3351              	.LVL328:
 3352              	.L274:
 888:Middlewares/Third_Party/LwIP/src/api/api_msg.c **** 
 3353              		.loc 1 888 1 is_stmt 0 view .LVU1014
 3354 00a6 03B0     		add	sp, sp, #12
 3355              	.LCFI19:
 3356              		.cfi_def_cfa_offset 12
 3357              		@ sp needed
 3358 00a8 30BD     		pop	{r4, r5, pc}
 888:Middlewares/Third_Party/LwIP/src/api/api_msg.c **** 
 3359              		.loc 1 888 1 view .LVU1015
 3360              		.cfi_endproc
 3361              	.LFE186:
 3363              		.section	.rodata.accept_function.str1.4,"aMS",%progbits,1
 3364              		.align	2
 3365              	.LC33:
ARM GAS  /tmp/ccMZQUTk.s 			page 107


 3366 0000 65787065 		.ascii	"expect newpcb == NULL or err == ERR_OK\000"
 3366      6374206E 
 3366      65777063 
 3366      62203D3D 
 3366      204E554C 
 3367              		.section	.text.accept_function,"ax",%progbits
 3368              		.align	1
 3369              		.syntax unified
 3370              		.thumb
 3371              		.thumb_func
 3372              		.fpu fpv5-d16
 3374              	accept_function:
 3375              	.LVL329:
 3376              	.LFB181:
 534:Middlewares/Third_Party/LwIP/src/api/api_msg.c ****   struct netconn *newconn;
 3377              		.loc 1 534 1 is_stmt 1 view -0
 3378              		.cfi_startproc
 3379              		@ args = 0, pretend = 0, frame = 0
 3380              		@ frame_needed = 0, uses_anonymous_args = 0
 534:Middlewares/Third_Party/LwIP/src/api/api_msg.c ****   struct netconn *newconn;
 3381              		.loc 1 534 1 is_stmt 0 view .LVU1017
 3382 0000 F8B5     		push	{r3, r4, r5, r6, r7, lr}
 3383              	.LCFI20:
 3384              		.cfi_def_cfa_offset 24
 3385              		.cfi_offset 3, -24
 3386              		.cfi_offset 4, -20
 3387              		.cfi_offset 5, -16
 3388              		.cfi_offset 6, -12
 3389              		.cfi_offset 7, -8
 3390              		.cfi_offset 14, -4
 535:Middlewares/Third_Party/LwIP/src/api/api_msg.c ****   struct netconn *conn = (struct netconn *)arg;
 3391              		.loc 1 535 3 is_stmt 1 view .LVU1018
 536:Middlewares/Third_Party/LwIP/src/api/api_msg.c **** 
 3392              		.loc 1 536 3 view .LVU1019
 3393              	.LVL330:
 538:Middlewares/Third_Party/LwIP/src/api/api_msg.c ****     return ERR_VAL;
 3394              		.loc 1 538 3 view .LVU1020
 538:Middlewares/Third_Party/LwIP/src/api/api_msg.c ****     return ERR_VAL;
 3395              		.loc 1 538 6 is_stmt 0 view .LVU1021
 3396 0002 0028     		cmp	r0, #0
 3397 0004 74D0     		beq	.L299
 3398 0006 0D46     		mov	r5, r1
 3399 0008 1646     		mov	r6, r2
 3400 000a 0446     		mov	r4, r0
 541:Middlewares/Third_Party/LwIP/src/api/api_msg.c ****     LWIP_DEBUGF(API_MSG_DEBUG, ("accept_function: acceptmbox already deleted\n"));
 3401              		.loc 1 541 3 is_stmt 1 view .LVU1022
 541:Middlewares/Third_Party/LwIP/src/api/api_msg.c ****     LWIP_DEBUGF(API_MSG_DEBUG, ("accept_function: acceptmbox already deleted\n"));
 3402              		.loc 1 541 8 is_stmt 0 view .LVU1023
 3403 000c 00F11407 		add	r7, r0, #20
 3404 0010 3846     		mov	r0, r7
 3405              	.LVL331:
 541:Middlewares/Third_Party/LwIP/src/api/api_msg.c ****     LWIP_DEBUGF(API_MSG_DEBUG, ("accept_function: acceptmbox already deleted\n"));
 3406              		.loc 1 541 8 view .LVU1024
 3407 0012 FFF7FEFF 		bl	sys_mbox_valid
 3408              	.LVL332:
 541:Middlewares/Third_Party/LwIP/src/api/api_msg.c ****     LWIP_DEBUGF(API_MSG_DEBUG, ("accept_function: acceptmbox already deleted\n"));
 3409              		.loc 1 541 6 view .LVU1025
ARM GAS  /tmp/ccMZQUTk.s 			page 108


 3410 0016 0028     		cmp	r0, #0
 3411 0018 6DD0     		beq	.L300
 546:Middlewares/Third_Party/LwIP/src/api/api_msg.c ****     /* out-of-pcbs during connect: pass on this error to the application */
 3412              		.loc 1 546 3 is_stmt 1 view .LVU1026
 546:Middlewares/Third_Party/LwIP/src/api/api_msg.c ****     /* out-of-pcbs during connect: pass on this error to the application */
 3413              		.loc 1 546 6 is_stmt 0 view .LVU1027
 3414 001a BDB1     		cbz	r5, .L302
 554:Middlewares/Third_Party/LwIP/src/api/api_msg.c ****   LWIP_UNUSED_ARG(err); /* for LWIP_NOASSERT */
 3415              		.loc 1 554 3 is_stmt 1 view .LVU1028
 554:Middlewares/Third_Party/LwIP/src/api/api_msg.c ****   LWIP_UNUSED_ARG(err); /* for LWIP_NOASSERT */
 3416              		.loc 1 554 3 view .LVU1029
 3417 001c 46BB     		cbnz	r6, .L303
 3418              	.L295:
 554:Middlewares/Third_Party/LwIP/src/api/api_msg.c ****   LWIP_UNUSED_ARG(err); /* for LWIP_NOASSERT */
 3419              		.loc 1 554 3 discriminator 3 view .LVU1030
 554:Middlewares/Third_Party/LwIP/src/api/api_msg.c ****   LWIP_UNUSED_ARG(err); /* for LWIP_NOASSERT */
 3420              		.loc 1 554 3 discriminator 3 view .LVU1031
 555:Middlewares/Third_Party/LwIP/src/api/api_msg.c **** 
 3421              		.loc 1 555 3 discriminator 3 view .LVU1032
 557:Middlewares/Third_Party/LwIP/src/api/api_msg.c **** 
 3422              		.loc 1 557 107 discriminator 3 view .LVU1033
 561:Middlewares/Third_Party/LwIP/src/api/api_msg.c ****   if (newconn == NULL) {
 3423              		.loc 1 561 3 discriminator 3 view .LVU1034
 561:Middlewares/Third_Party/LwIP/src/api/api_msg.c ****   if (newconn == NULL) {
 3424              		.loc 1 561 13 is_stmt 0 discriminator 3 view .LVU1035
 3425 001e 616A     		ldr	r1, [r4, #36]
 3426 0020 2078     		ldrb	r0, [r4]	@ zero_extendqisi2
 3427 0022 FFF7FEFF 		bl	netconn_alloc
 3428              	.LVL333:
 562:Middlewares/Third_Party/LwIP/src/api/api_msg.c ****     /* outof netconns: pass on this error to the application */
 3429              		.loc 1 562 3 is_stmt 1 discriminator 3 view .LVU1036
 562:Middlewares/Third_Party/LwIP/src/api/api_msg.c ****     /* outof netconns: pass on this error to the application */
 3430              		.loc 1 562 6 is_stmt 0 discriminator 3 view .LVU1037
 3431 0026 0646     		mov	r6, r0
 3432 0028 50B3     		cbz	r0, .L304
 570:Middlewares/Third_Party/LwIP/src/api/api_msg.c ****   setup_tcp(newconn);
 3433              		.loc 1 570 3 is_stmt 1 view .LVU1038
 570:Middlewares/Third_Party/LwIP/src/api/api_msg.c ****   setup_tcp(newconn);
 3434              		.loc 1 570 20 is_stmt 0 view .LVU1039
 3435 002a 4560     		str	r5, [r0, #4]
 571:Middlewares/Third_Party/LwIP/src/api/api_msg.c **** 
 3436              		.loc 1 571 3 is_stmt 1 view .LVU1040
 3437 002c FFF7FEFF 		bl	setup_tcp
 3438              	.LVL334:
 574:Middlewares/Third_Party/LwIP/src/api/api_msg.c **** 
 3439              		.loc 1 574 30 view .LVU1041
 576:Middlewares/Third_Party/LwIP/src/api/api_msg.c ****     /* When returning != ERR_OK, the pcb is aborted in tcp_process(),
 3440              		.loc 1 576 3 view .LVU1042
 576:Middlewares/Third_Party/LwIP/src/api/api_msg.c ****     /* When returning != ERR_OK, the pcb is aborted in tcp_process(),
 3441              		.loc 1 576 7 is_stmt 0 view .LVU1043
 3442 0030 3146     		mov	r1, r6
 3443 0032 3846     		mov	r0, r7
 3444 0034 FFF7FEFF 		bl	sys_mbox_trypost
 3445              	.LVL335:
 576:Middlewares/Third_Party/LwIP/src/api/api_msg.c ****     /* When returning != ERR_OK, the pcb is aborted in tcp_process(),
 3446              		.loc 1 576 6 view .LVU1044
 3447 0038 0546     		mov	r5, r0
ARM GAS  /tmp/ccMZQUTk.s 			page 109


 3448              	.LVL336:
 576:Middlewares/Third_Party/LwIP/src/api/api_msg.c ****     /* When returning != ERR_OK, the pcb is aborted in tcp_process(),
 3449              		.loc 1 576 6 view .LVU1045
 3450 003a 98BB     		cbnz	r0, .L305
 595:Middlewares/Third_Party/LwIP/src/api/api_msg.c ****   }
 3451              		.loc 1 595 5 is_stmt 1 view .LVU1046
 3452 003c 636A     		ldr	r3, [r4, #36]
 3453 003e 1BB1     		cbz	r3, .L292
 595:Middlewares/Third_Party/LwIP/src/api/api_msg.c ****   }
 3454              		.loc 1 595 5 discriminator 1 view .LVU1047
 3455 0040 0022     		movs	r2, #0
 3456 0042 1146     		mov	r1, r2
 3457 0044 2046     		mov	r0, r4
 3458 0046 9847     		blx	r3
 3459              	.LVL337:
 3460              	.L292:
 599:Middlewares/Third_Party/LwIP/src/api/api_msg.c **** #endif /* LWIP_TCP */
 3461              		.loc 1 599 1 is_stmt 0 view .LVU1048
 3462 0048 2846     		mov	r0, r5
 3463 004a F8BD     		pop	{r3, r4, r5, r6, r7, pc}
 3464              	.LVL338:
 3465              	.L302:
 548:Middlewares/Third_Party/LwIP/src/api/api_msg.c ****       /* Register event with callback */
 3466              		.loc 1 548 5 is_stmt 1 view .LVU1049
 548:Middlewares/Third_Party/LwIP/src/api/api_msg.c ****       /* Register event with callback */
 3467              		.loc 1 548 9 is_stmt 0 view .LVU1050
 3468 004c 6FF00C00 		mvn	r0, #12
 3469 0050 FFF7FEFF 		bl	lwip_netconn_err_to_msg
 3470              	.LVL339:
 3471 0054 0146     		mov	r1, r0
 3472 0056 3846     		mov	r0, r7
 3473 0058 FFF7FEFF 		bl	sys_mbox_trypost
 3474              	.LVL340:
 548:Middlewares/Third_Party/LwIP/src/api/api_msg.c ****       /* Register event with callback */
 3475              		.loc 1 548 8 view .LVU1051
 3476 005c 28B9     		cbnz	r0, .L294
 550:Middlewares/Third_Party/LwIP/src/api/api_msg.c ****     }
 3477              		.loc 1 550 7 is_stmt 1 view .LVU1052
 3478 005e 636A     		ldr	r3, [r4, #36]
 3479 0060 1BB1     		cbz	r3, .L294
 550:Middlewares/Third_Party/LwIP/src/api/api_msg.c ****     }
 3480              		.loc 1 550 7 discriminator 1 view .LVU1053
 3481 0062 0022     		movs	r2, #0
 3482 0064 1146     		mov	r1, r2
 3483 0066 2046     		mov	r0, r4
 3484 0068 9847     		blx	r3
 3485              	.LVL341:
 3486              	.L294:
 550:Middlewares/Third_Party/LwIP/src/api/api_msg.c ****     }
 3487              		.loc 1 550 46 discriminator 3 view .LVU1054
 552:Middlewares/Third_Party/LwIP/src/api/api_msg.c ****   }
 3488              		.loc 1 552 5 discriminator 3 view .LVU1055
 552:Middlewares/Third_Party/LwIP/src/api/api_msg.c ****   }
 3489              		.loc 1 552 12 is_stmt 0 discriminator 3 view .LVU1056
 3490 006a 6FF00505 		mvn	r5, #5
 3491              	.LVL342:
 552:Middlewares/Third_Party/LwIP/src/api/api_msg.c ****   }
ARM GAS  /tmp/ccMZQUTk.s 			page 110


 3492              		.loc 1 552 12 discriminator 3 view .LVU1057
 3493 006e EBE7     		b	.L292
 3494              	.LVL343:
 3495              	.L303:
 554:Middlewares/Third_Party/LwIP/src/api/api_msg.c ****   LWIP_UNUSED_ARG(err); /* for LWIP_NOASSERT */
 3496              		.loc 1 554 3 is_stmt 1 discriminator 1 view .LVU1058
 554:Middlewares/Third_Party/LwIP/src/api/api_msg.c ****   LWIP_UNUSED_ARG(err); /* for LWIP_NOASSERT */
 3497              		.loc 1 554 3 discriminator 1 view .LVU1059
 3498 0070 224B     		ldr	r3, .L306
 3499 0072 40F22A22 		movw	r2, #554
 3500 0076 2249     		ldr	r1, .L306+4
 3501 0078 2248     		ldr	r0, .L306+8
 3502 007a FFF7FEFF 		bl	printf
 3503              	.LVL344:
 3504 007e CEE7     		b	.L295
 3505              	.LVL345:
 3506              	.L304:
 564:Middlewares/Third_Party/LwIP/src/api/api_msg.c ****       /* Register event with callback */
 3507              		.loc 1 564 5 view .LVU1060
 564:Middlewares/Third_Party/LwIP/src/api/api_msg.c ****       /* Register event with callback */
 3508              		.loc 1 564 9 is_stmt 0 view .LVU1061
 3509 0080 6FF00C00 		mvn	r0, #12
 3510              	.LVL346:
 564:Middlewares/Third_Party/LwIP/src/api/api_msg.c ****       /* Register event with callback */
 3511              		.loc 1 564 9 view .LVU1062
 3512 0084 FFF7FEFF 		bl	lwip_netconn_err_to_msg
 3513              	.LVL347:
 3514 0088 0146     		mov	r1, r0
 3515 008a 3846     		mov	r0, r7
 3516 008c FFF7FEFF 		bl	sys_mbox_trypost
 3517              	.LVL348:
 564:Middlewares/Third_Party/LwIP/src/api/api_msg.c ****       /* Register event with callback */
 3518              		.loc 1 564 8 view .LVU1063
 3519 0090 28B9     		cbnz	r0, .L297
 566:Middlewares/Third_Party/LwIP/src/api/api_msg.c ****     }
 3520              		.loc 1 566 7 is_stmt 1 view .LVU1064
 3521 0092 636A     		ldr	r3, [r4, #36]
 3522 0094 1BB1     		cbz	r3, .L297
 566:Middlewares/Third_Party/LwIP/src/api/api_msg.c ****     }
 3523              		.loc 1 566 7 discriminator 1 view .LVU1065
 3524 0096 0022     		movs	r2, #0
 3525 0098 1146     		mov	r1, r2
 3526 009a 2046     		mov	r0, r4
 3527 009c 9847     		blx	r3
 3528              	.LVL349:
 3529              	.L297:
 566:Middlewares/Third_Party/LwIP/src/api/api_msg.c ****     }
 3530              		.loc 1 566 46 discriminator 3 view .LVU1066
 568:Middlewares/Third_Party/LwIP/src/api/api_msg.c ****   }
 3531              		.loc 1 568 5 discriminator 3 view .LVU1067
 568:Middlewares/Third_Party/LwIP/src/api/api_msg.c ****   }
 3532              		.loc 1 568 12 is_stmt 0 discriminator 3 view .LVU1068
 3533 009e 4FF0FF35 		mov	r5, #-1
 3534              	.LVL350:
 568:Middlewares/Third_Party/LwIP/src/api/api_msg.c ****   }
 3535              		.loc 1 568 12 discriminator 3 view .LVU1069
 3536 00a2 D1E7     		b	.L292
ARM GAS  /tmp/ccMZQUTk.s 			page 111


 3537              	.L305:
 3538              	.LBB21:
 580:Middlewares/Third_Party/LwIP/src/api/api_msg.c ****     tcp_arg(pcb, NULL);
 3539              		.loc 1 580 5 is_stmt 1 view .LVU1070
 580:Middlewares/Third_Party/LwIP/src/api/api_msg.c ****     tcp_arg(pcb, NULL);
 3540              		.loc 1 580 21 is_stmt 0 view .LVU1071
 3541 00a4 7468     		ldr	r4, [r6, #4]
 3542              	.LVL351:
 581:Middlewares/Third_Party/LwIP/src/api/api_msg.c ****     tcp_recv(pcb, NULL);
 3543              		.loc 1 581 5 is_stmt 1 view .LVU1072
 3544 00a6 0021     		movs	r1, #0
 3545 00a8 2046     		mov	r0, r4
 3546 00aa FFF7FEFF 		bl	tcp_arg
 3547              	.LVL352:
 582:Middlewares/Third_Party/LwIP/src/api/api_msg.c ****     tcp_sent(pcb, NULL);
 3548              		.loc 1 582 5 view .LVU1073
 3549 00ae 0021     		movs	r1, #0
 3550 00b0 2046     		mov	r0, r4
 3551 00b2 FFF7FEFF 		bl	tcp_recv
 3552              	.LVL353:
 583:Middlewares/Third_Party/LwIP/src/api/api_msg.c ****     tcp_poll(pcb, NULL, 0);
 3553              		.loc 1 583 5 view .LVU1074
 3554 00b6 0021     		movs	r1, #0
 3555 00b8 2046     		mov	r0, r4
 3556 00ba FFF7FEFF 		bl	tcp_sent
 3557              	.LVL354:
 584:Middlewares/Third_Party/LwIP/src/api/api_msg.c ****     tcp_err(pcb, NULL);
 3558              		.loc 1 584 5 view .LVU1075
 3559 00be 0022     		movs	r2, #0
 3560 00c0 1146     		mov	r1, r2
 3561 00c2 2046     		mov	r0, r4
 3562 00c4 FFF7FEFF 		bl	tcp_poll
 3563              	.LVL355:
 585:Middlewares/Third_Party/LwIP/src/api/api_msg.c ****     /* remove reference from to the pcb from this netconn */
 3564              		.loc 1 585 5 view .LVU1076
 3565 00c8 0021     		movs	r1, #0
 3566 00ca 2046     		mov	r0, r4
 3567 00cc FFF7FEFF 		bl	tcp_err
 3568              	.LVL356:
 587:Middlewares/Third_Party/LwIP/src/api/api_msg.c ****     /* no need to drain since we know the recvmbox is empty. */
 3569              		.loc 1 587 5 view .LVU1077
 587:Middlewares/Third_Party/LwIP/src/api/api_msg.c ****     /* no need to drain since we know the recvmbox is empty. */
 3570              		.loc 1 587 22 is_stmt 0 view .LVU1078
 3571 00d0 0023     		movs	r3, #0
 3572 00d2 7360     		str	r3, [r6, #4]
 589:Middlewares/Third_Party/LwIP/src/api/api_msg.c ****     sys_mbox_set_invalid(&newconn->recvmbox);
 3573              		.loc 1 589 5 is_stmt 1 view .LVU1079
 3574 00d4 06F11004 		add	r4, r6, #16
 3575              	.LVL357:
 589:Middlewares/Third_Party/LwIP/src/api/api_msg.c ****     sys_mbox_set_invalid(&newconn->recvmbox);
 3576              		.loc 1 589 5 is_stmt 0 view .LVU1080
 3577 00d8 2046     		mov	r0, r4
 3578 00da FFF7FEFF 		bl	sys_mbox_free
 3579              	.LVL358:
 590:Middlewares/Third_Party/LwIP/src/api/api_msg.c ****     netconn_free(newconn);
 3580              		.loc 1 590 5 is_stmt 1 view .LVU1081
 3581 00de 2046     		mov	r0, r4
ARM GAS  /tmp/ccMZQUTk.s 			page 112


 3582 00e0 FFF7FEFF 		bl	sys_mbox_set_invalid
 3583              	.LVL359:
 591:Middlewares/Third_Party/LwIP/src/api/api_msg.c ****     return ERR_MEM;
 3584              		.loc 1 591 5 view .LVU1082
 3585 00e4 3046     		mov	r0, r6
 3586 00e6 FFF7FEFF 		bl	netconn_free
 3587              	.LVL360:
 592:Middlewares/Third_Party/LwIP/src/api/api_msg.c ****   } else {
 3588              		.loc 1 592 5 view .LVU1083
 592:Middlewares/Third_Party/LwIP/src/api/api_msg.c ****   } else {
 3589              		.loc 1 592 12 is_stmt 0 view .LVU1084
 3590 00ea 4FF0FF35 		mov	r5, #-1
 3591 00ee ABE7     		b	.L292
 3592              	.LVL361:
 3593              	.L299:
 592:Middlewares/Third_Party/LwIP/src/api/api_msg.c ****   } else {
 3594              		.loc 1 592 12 view .LVU1085
 3595              	.LBE21:
 539:Middlewares/Third_Party/LwIP/src/api/api_msg.c ****   }
 3596              		.loc 1 539 12 view .LVU1086
 3597 00f0 6FF00505 		mvn	r5, #5
 3598 00f4 A8E7     		b	.L292
 3599              	.LVL362:
 3600              	.L300:
 543:Middlewares/Third_Party/LwIP/src/api/api_msg.c ****   }
 3601              		.loc 1 543 12 view .LVU1087
 3602 00f6 6FF00505 		mvn	r5, #5
 3603              	.LVL363:
 543:Middlewares/Third_Party/LwIP/src/api/api_msg.c ****   }
 3604              		.loc 1 543 12 view .LVU1088
 3605 00fa A5E7     		b	.L292
 3606              	.L307:
 3607              		.align	2
 3608              	.L306:
 3609 00fc 00000000 		.word	.LC0
 3610 0100 00000000 		.word	.LC33
 3611 0104 40000000 		.word	.LC2
 3612              		.cfi_endproc
 3613              	.LFE181:
 3615              		.section	.rodata.lwip_netconn_do_delconn.str1.4,"aMS",%progbits,1
 3616              		.align	2
 3617              	.LC34:
 3618 0000 6E657463 		.ascii	"netconn state error\000"
 3618      6F6E6E20 
 3618      73746174 
 3618      65206572 
 3618      726F7200 
 3619              		.align	2
 3620              	.LC35:
 3621 0014 626C6F63 		.ascii	"blocking connect in progress\000"
 3621      6B696E67 
 3621      20636F6E 
 3621      6E656374 
 3621      20696E20 
 3622 0031 000000   		.align	2
 3623              	.LC36:
 3624 0034 616C7265 		.ascii	"already writing or closing\000"
ARM GAS  /tmp/ccMZQUTk.s 			page 113


 3624      61647920 
 3624      77726974 
 3624      696E6720 
 3624      6F722063 
 3625 004f 00       		.align	2
 3626              	.LC37:
 3627 0050 73746174 		.ascii	"state!\000"
 3627      652100
 3628              		.section	.text.lwip_netconn_do_delconn,"ax",%progbits
 3629              		.align	1
 3630              		.global	lwip_netconn_do_delconn
 3631              		.syntax unified
 3632              		.thumb
 3633              		.thumb_func
 3634              		.fpu fpv5-d16
 3636              	lwip_netconn_do_delconn:
 3637              	.LVL364:
 3638              	.LFB188:
1114:Middlewares/Third_Party/LwIP/src/api/api_msg.c ****   struct api_msg *msg = (struct api_msg *)m;
 3639              		.loc 1 1114 1 is_stmt 1 view -0
 3640              		.cfi_startproc
 3641              		@ args = 0, pretend = 0, frame = 0
 3642              		@ frame_needed = 0, uses_anonymous_args = 0
1114:Middlewares/Third_Party/LwIP/src/api/api_msg.c ****   struct api_msg *msg = (struct api_msg *)m;
 3643              		.loc 1 1114 1 is_stmt 0 view .LVU1090
 3644 0000 38B5     		push	{r3, r4, r5, lr}
 3645              	.LCFI21:
 3646              		.cfi_def_cfa_offset 16
 3647              		.cfi_offset 3, -16
 3648              		.cfi_offset 4, -12
 3649              		.cfi_offset 5, -8
 3650              		.cfi_offset 14, -4
 3651 0002 0446     		mov	r4, r0
1115:Middlewares/Third_Party/LwIP/src/api/api_msg.c **** 
 3652              		.loc 1 1115 3 is_stmt 1 view .LVU1091
 3653              	.LVL365:
1117:Middlewares/Third_Party/LwIP/src/api/api_msg.c ****   LWIP_ASSERT("netconn state error", /* this only happens for TCP netconns */
 3654              		.loc 1 1117 3 view .LVU1092
1117:Middlewares/Third_Party/LwIP/src/api/api_msg.c ****   LWIP_ASSERT("netconn state error", /* this only happens for TCP netconns */
 3655              		.loc 1 1117 33 is_stmt 0 view .LVU1093
 3656 0004 0368     		ldr	r3, [r0]
1117:Middlewares/Third_Party/LwIP/src/api/api_msg.c ****   LWIP_ASSERT("netconn state error", /* this only happens for TCP netconns */
 3657              		.loc 1 1117 22 view .LVU1094
 3658 0006 5D78     		ldrb	r5, [r3, #1]	@ zero_extendqisi2
 3659              	.LVL366:
1118:Middlewares/Third_Party/LwIP/src/api/api_msg.c ****               (state == NETCONN_NONE) || (NETCONNTYPE_GROUP(msg->conn->type) == NETCONN_TCP));
 3660              		.loc 1 1118 3 is_stmt 1 view .LVU1095
1118:Middlewares/Third_Party/LwIP/src/api/api_msg.c ****               (state == NETCONN_NONE) || (NETCONNTYPE_GROUP(msg->conn->type) == NETCONN_TCP));
 3661              		.loc 1 1118 3 view .LVU1096
 3662 0008 25B1     		cbz	r5, .L309
1118:Middlewares/Third_Party/LwIP/src/api/api_msg.c ****               (state == NETCONN_NONE) || (NETCONNTYPE_GROUP(msg->conn->type) == NETCONN_TCP));
 3663              		.loc 1 1118 3 is_stmt 0 discriminator 1 view .LVU1097
 3664 000a 1B78     		ldrb	r3, [r3]	@ zero_extendqisi2
 3665 000c 03F0F003 		and	r3, r3, #240
 3666 0010 102B     		cmp	r3, #16
 3667 0012 0CD1     		bne	.L324
 3668              	.LVL367:
ARM GAS  /tmp/ccMZQUTk.s 			page 114


 3669              	.L309:
1118:Middlewares/Third_Party/LwIP/src/api/api_msg.c ****               (state == NETCONN_NONE) || (NETCONNTYPE_GROUP(msg->conn->type) == NETCONN_TCP));
 3670              		.loc 1 1118 3 is_stmt 1 discriminator 5 view .LVU1098
1118:Middlewares/Third_Party/LwIP/src/api/api_msg.c ****               (state == NETCONN_NONE) || (NETCONNTYPE_GROUP(msg->conn->type) == NETCONN_TCP));
 3671              		.loc 1 1118 3 discriminator 5 view .LVU1099
1136:Middlewares/Third_Party/LwIP/src/api/api_msg.c ****        (state != NETCONN_LISTEN) &&
 3672              		.loc 1 1136 3 discriminator 5 view .LVU1100
1136:Middlewares/Third_Party/LwIP/src/api/api_msg.c ****        (state != NETCONN_LISTEN) &&
 3673              		.loc 1 1136 6 is_stmt 0 discriminator 5 view .LVU1101
 3674 0014 002D     		cmp	r5, #0
 3675 0016 18BF     		it	ne
 3676 0018 022D     		cmpne	r5, #2
 3677 001a 10D0     		beq	.L310
1137:Middlewares/Third_Party/LwIP/src/api/api_msg.c ****        (state != NETCONN_CONNECT)) ||
 3678              		.loc 1 1137 34 view .LVU1102
 3679 001c 032D     		cmp	r5, #3
 3680 001e 0ED0     		beq	.L310
 3681              	.L311:
1142:Middlewares/Third_Party/LwIP/src/api/api_msg.c ****   } else
 3682              		.loc 1 1142 5 is_stmt 1 view .LVU1103
1142:Middlewares/Third_Party/LwIP/src/api/api_msg.c ****   } else
 3683              		.loc 1 1142 14 is_stmt 0 view .LVU1104
 3684 0020 FB23     		movs	r3, #251
 3685 0022 2371     		strb	r3, [r4, #4]
 3686              	.L313:
1201:Middlewares/Third_Party/LwIP/src/api/api_msg.c ****   }
 3687              		.loc 1 1201 50 is_stmt 1 discriminator 3 view .LVU1105
1203:Middlewares/Third_Party/LwIP/src/api/api_msg.c ****     TCPIP_APIMSG_ACK(msg);
 3688              		.loc 1 1203 3 discriminator 3 view .LVU1106
1203:Middlewares/Third_Party/LwIP/src/api/api_msg.c ****     TCPIP_APIMSG_ACK(msg);
 3689              		.loc 1 1203 21 is_stmt 0 discriminator 3 view .LVU1107
 3690 0024 2068     		ldr	r0, [r4]
1203:Middlewares/Third_Party/LwIP/src/api/api_msg.c ****     TCPIP_APIMSG_ACK(msg);
 3691              		.loc 1 1203 7 discriminator 3 view .LVU1108
 3692 0026 0C30     		adds	r0, r0, #12
 3693 0028 FFF7FEFF 		bl	sys_sem_valid
 3694              	.LVL368:
1204:Middlewares/Third_Party/LwIP/src/api/api_msg.c ****   }
 3695              		.loc 1 1204 26 is_stmt 1 discriminator 3 view .LVU1109
 3696              	.L308:
1206:Middlewares/Third_Party/LwIP/src/api/api_msg.c **** 
 3697              		.loc 1 1206 1 is_stmt 0 view .LVU1110
 3698 002c 38BD     		pop	{r3, r4, r5, pc}
 3699              	.LVL369:
 3700              	.L324:
1118:Middlewares/Third_Party/LwIP/src/api/api_msg.c ****               (state == NETCONN_NONE) || (NETCONNTYPE_GROUP(msg->conn->type) == NETCONN_TCP));
 3701              		.loc 1 1118 3 is_stmt 1 discriminator 3 view .LVU1111
1118:Middlewares/Third_Party/LwIP/src/api/api_msg.c ****               (state == NETCONN_NONE) || (NETCONNTYPE_GROUP(msg->conn->type) == NETCONN_TCP));
 3702              		.loc 1 1118 3 discriminator 3 view .LVU1112
 3703 002e 3F4B     		ldr	r3, .L328
 3704 0030 40F25E42 		movw	r2, #1118
 3705 0034 3E49     		ldr	r1, .L328+4
 3706 0036 3F48     		ldr	r0, .L328+8
 3707              	.LVL370:
1118:Middlewares/Third_Party/LwIP/src/api/api_msg.c ****               (state == NETCONN_NONE) || (NETCONNTYPE_GROUP(msg->conn->type) == NETCONN_TCP));
 3708              		.loc 1 1118 3 is_stmt 0 discriminator 3 view .LVU1113
 3709 0038 FFF7FEFF 		bl	printf
ARM GAS  /tmp/ccMZQUTk.s 			page 115


 3710              	.LVL371:
 3711 003c EAE7     		b	.L309
 3712              	.L310:
1138:Middlewares/Third_Party/LwIP/src/api/api_msg.c ****       ((state == NETCONN_CONNECT) && !IN_NONBLOCKING_CONNECT(msg->conn))) {
 3713              		.loc 1 1138 36 view .LVU1114
 3714 003e 032D     		cmp	r5, #3
 3715 0040 27D0     		beq	.L325
 3716              	.L312:
1146:Middlewares/Third_Party/LwIP/src/api/api_msg.c ****                 (state != NETCONN_CONNECT) || IN_NONBLOCKING_CONNECT(msg->conn));
 3717              		.loc 1 1146 5 is_stmt 1 view .LVU1115
1146:Middlewares/Third_Party/LwIP/src/api/api_msg.c ****                 (state != NETCONN_CONNECT) || IN_NONBLOCKING_CONNECT(msg->conn));
 3718              		.loc 1 1146 5 view .LVU1116
 3719 0042 032D     		cmp	r5, #3
 3720 0044 2BD0     		beq	.L326
 3721              	.L314:
1146:Middlewares/Third_Party/LwIP/src/api/api_msg.c ****                 (state != NETCONN_CONNECT) || IN_NONBLOCKING_CONNECT(msg->conn));
 3722              		.loc 1 1146 5 discriminator 5 view .LVU1117
1146:Middlewares/Third_Party/LwIP/src/api/api_msg.c ****                 (state != NETCONN_CONNECT) || IN_NONBLOCKING_CONNECT(msg->conn));
 3723              		.loc 1 1146 5 discriminator 5 view .LVU1118
1148:Middlewares/Third_Party/LwIP/src/api/api_msg.c **** #if LWIP_NETCONN_FULLDUPLEX
 3724              		.loc 1 1148 5 discriminator 5 view .LVU1119
1148:Middlewares/Third_Party/LwIP/src/api/api_msg.c **** #if LWIP_NETCONN_FULLDUPLEX
 3725              		.loc 1 1148 14 is_stmt 0 discriminator 5 view .LVU1120
 3726 0046 0023     		movs	r3, #0
 3727 0048 2371     		strb	r3, [r4, #4]
1153:Middlewares/Third_Party/LwIP/src/api/api_msg.c **** #endif /* LWIP_NETCONN_FULLDUPLEX */
 3728              		.loc 1 1153 5 is_stmt 1 discriminator 5 view .LVU1121
 3729 004a 2068     		ldr	r0, [r4]
 3730 004c FFF7FEFF 		bl	netconn_drain
 3731              	.LVL372:
1156:Middlewares/Third_Party/LwIP/src/api/api_msg.c **** 
 3732              		.loc 1 1156 5 discriminator 5 view .LVU1122
1156:Middlewares/Third_Party/LwIP/src/api/api_msg.c **** 
 3733              		.loc 1 1156 12 is_stmt 0 discriminator 5 view .LVU1123
 3734 0050 2268     		ldr	r2, [r4]
1156:Middlewares/Third_Party/LwIP/src/api/api_msg.c **** 
 3735              		.loc 1 1156 23 discriminator 5 view .LVU1124
 3736 0052 5168     		ldr	r1, [r2, #4]
1156:Middlewares/Third_Party/LwIP/src/api/api_msg.c **** 
 3737              		.loc 1 1156 8 discriminator 5 view .LVU1125
 3738 0054 79B1     		cbz	r1, .L315
1158:Middlewares/Third_Party/LwIP/src/api/api_msg.c **** #if LWIP_RAW
 3739              		.loc 1 1158 7 is_stmt 1 view .LVU1126
1158:Middlewares/Third_Party/LwIP/src/api/api_msg.c **** #if LWIP_RAW
 3740              		.loc 1 1158 15 is_stmt 0 view .LVU1127
 3741 0056 1378     		ldrb	r3, [r2]	@ zero_extendqisi2
 3742 0058 03F0F003 		and	r3, r3, #240
1158:Middlewares/Third_Party/LwIP/src/api/api_msg.c **** #if LWIP_RAW
 3743              		.loc 1 1158 7 view .LVU1128
 3744 005c 102B     		cmp	r3, #16
 3745 005e 2BD0     		beq	.L316
 3746 0060 202B     		cmp	r3, #32
 3747 0062 05D1     		bne	.L317
1166:Middlewares/Third_Party/LwIP/src/api/api_msg.c ****           udp_remove(msg->conn->pcb.udp);
 3748              		.loc 1 1166 11 is_stmt 1 view .LVU1129
1166:Middlewares/Third_Party/LwIP/src/api/api_msg.c ****           udp_remove(msg->conn->pcb.udp);
 3749              		.loc 1 1166 40 is_stmt 0 view .LVU1130
ARM GAS  /tmp/ccMZQUTk.s 			page 116


 3750 0064 0023     		movs	r3, #0
 3751 0066 CB61     		str	r3, [r1, #28]
1167:Middlewares/Third_Party/LwIP/src/api/api_msg.c ****           break;
 3752              		.loc 1 1167 11 is_stmt 1 view .LVU1131
1167:Middlewares/Third_Party/LwIP/src/api/api_msg.c ****           break;
 3753              		.loc 1 1167 25 is_stmt 0 view .LVU1132
 3754 0068 2368     		ldr	r3, [r4]
1167:Middlewares/Third_Party/LwIP/src/api/api_msg.c ****           break;
 3755              		.loc 1 1167 11 view .LVU1133
 3756 006a 5868     		ldr	r0, [r3, #4]
 3757 006c FFF7FEFF 		bl	udp_remove
 3758              	.LVL373:
1168:Middlewares/Third_Party/LwIP/src/api/api_msg.c **** #endif /* LWIP_UDP */
 3759              		.loc 1 1168 11 is_stmt 1 view .LVU1134
 3760              	.L317:
1194:Middlewares/Third_Party/LwIP/src/api/api_msg.c ****     }
 3761              		.loc 1 1194 7 view .LVU1135
1194:Middlewares/Third_Party/LwIP/src/api/api_msg.c ****     }
 3762              		.loc 1 1194 10 is_stmt 0 view .LVU1136
 3763 0070 2368     		ldr	r3, [r4]
1194:Middlewares/Third_Party/LwIP/src/api/api_msg.c ****     }
 3764              		.loc 1 1194 26 view .LVU1137
 3765 0072 0022     		movs	r2, #0
 3766 0074 5A60     		str	r2, [r3, #4]
 3767              	.L315:
1200:Middlewares/Third_Party/LwIP/src/api/api_msg.c ****     API_EVENT(msg->conn, NETCONN_EVT_SENDPLUS, 0);
 3768              		.loc 1 1200 5 is_stmt 1 view .LVU1138
 3769 0076 2068     		ldr	r0, [r4]
 3770 0078 436A     		ldr	r3, [r0, #36]
 3771 007a 13B1     		cbz	r3, .L322
1200:Middlewares/Third_Party/LwIP/src/api/api_msg.c ****     API_EVENT(msg->conn, NETCONN_EVT_SENDPLUS, 0);
 3772              		.loc 1 1200 5 discriminator 1 view .LVU1139
 3773 007c 0022     		movs	r2, #0
 3774 007e 1146     		mov	r1, r2
 3775 0080 9847     		blx	r3
 3776              	.LVL374:
 3777              	.L322:
1200:Middlewares/Third_Party/LwIP/src/api/api_msg.c ****     API_EVENT(msg->conn, NETCONN_EVT_SENDPLUS, 0);
 3778              		.loc 1 1200 49 discriminator 3 view .LVU1140
1201:Middlewares/Third_Party/LwIP/src/api/api_msg.c ****   }
 3779              		.loc 1 1201 5 discriminator 3 view .LVU1141
 3780 0082 2068     		ldr	r0, [r4]
 3781 0084 436A     		ldr	r3, [r0, #36]
 3782 0086 002B     		cmp	r3, #0
 3783 0088 CCD0     		beq	.L313
1201:Middlewares/Third_Party/LwIP/src/api/api_msg.c ****   }
 3784              		.loc 1 1201 5 discriminator 1 view .LVU1142
 3785 008a 0022     		movs	r2, #0
 3786 008c 0221     		movs	r1, #2
 3787 008e 9847     		blx	r3
 3788              	.LVL375:
 3789 0090 C8E7     		b	.L313
 3790              	.L325:
1139:Middlewares/Third_Party/LwIP/src/api/api_msg.c ****     /* This means either a blocking write or blocking connect is running
 3791              		.loc 1 1139 39 is_stmt 0 view .LVU1143
 3792 0092 2368     		ldr	r3, [r4]
 3793 0094 1B7F     		ldrb	r3, [r3, #28]	@ zero_extendqisi2
ARM GAS  /tmp/ccMZQUTk.s 			page 117


1139:Middlewares/Third_Party/LwIP/src/api/api_msg.c ****     /* This means either a blocking write or blocking connect is running
 3794              		.loc 1 1139 35 view .LVU1144
 3795 0096 13F0040F 		tst	r3, #4
 3796 009a D2D1     		bne	.L312
 3797 009c C0E7     		b	.L311
 3798              	.L326:
1146:Middlewares/Third_Party/LwIP/src/api/api_msg.c ****                 (state != NETCONN_CONNECT) || IN_NONBLOCKING_CONNECT(msg->conn));
 3799              		.loc 1 1146 5 discriminator 1 view .LVU1145
 3800 009e 2368     		ldr	r3, [r4]
 3801 00a0 1B7F     		ldrb	r3, [r3, #28]	@ zero_extendqisi2
 3802 00a2 13F0040F 		tst	r3, #4
 3803 00a6 CED1     		bne	.L314
1146:Middlewares/Third_Party/LwIP/src/api/api_msg.c ****                 (state != NETCONN_CONNECT) || IN_NONBLOCKING_CONNECT(msg->conn));
 3804              		.loc 1 1146 5 is_stmt 1 discriminator 3 view .LVU1146
1146:Middlewares/Third_Party/LwIP/src/api/api_msg.c ****                 (state != NETCONN_CONNECT) || IN_NONBLOCKING_CONNECT(msg->conn));
 3805              		.loc 1 1146 5 discriminator 3 view .LVU1147
 3806 00a8 204B     		ldr	r3, .L328
 3807 00aa 40F27A42 		movw	r2, #1146
 3808 00ae 2249     		ldr	r1, .L328+12
 3809 00b0 2048     		ldr	r0, .L328+8
 3810 00b2 FFF7FEFF 		bl	printf
 3811              	.LVL376:
 3812 00b6 C6E7     		b	.L314
 3813              	.L316:
1172:Middlewares/Third_Party/LwIP/src/api/api_msg.c ****           msg->conn->state = NETCONN_CLOSE;
 3814              		.loc 1 1172 11 view .LVU1148
1172:Middlewares/Third_Party/LwIP/src/api/api_msg.c ****           msg->conn->state = NETCONN_CLOSE;
 3815              		.loc 1 1172 11 view .LVU1149
 3816 00b8 136A     		ldr	r3, [r2, #32]
 3817 00ba 33B1     		cbz	r3, .L318
1172:Middlewares/Third_Party/LwIP/src/api/api_msg.c ****           msg->conn->state = NETCONN_CLOSE;
 3818              		.loc 1 1172 11 discriminator 1 view .LVU1150
1172:Middlewares/Third_Party/LwIP/src/api/api_msg.c ****           msg->conn->state = NETCONN_CLOSE;
 3819              		.loc 1 1172 11 discriminator 1 view .LVU1151
 3820 00bc 1B4B     		ldr	r3, .L328
 3821 00be 40F29442 		movw	r2, #1172
 3822 00c2 1E49     		ldr	r1, .L328+16
 3823 00c4 1B48     		ldr	r0, .L328+8
 3824 00c6 FFF7FEFF 		bl	printf
 3825              	.LVL377:
 3826              	.L318:
1172:Middlewares/Third_Party/LwIP/src/api/api_msg.c ****           msg->conn->state = NETCONN_CLOSE;
 3827              		.loc 1 1172 11 discriminator 3 view .LVU1152
1172:Middlewares/Third_Party/LwIP/src/api/api_msg.c ****           msg->conn->state = NETCONN_CLOSE;
 3828              		.loc 1 1172 11 discriminator 3 view .LVU1153
1173:Middlewares/Third_Party/LwIP/src/api/api_msg.c ****           msg->msg.sd.shut = NETCONN_SHUT_RDWR;
 3829              		.loc 1 1173 11 discriminator 3 view .LVU1154
1173:Middlewares/Third_Party/LwIP/src/api/api_msg.c ****           msg->msg.sd.shut = NETCONN_SHUT_RDWR;
 3830              		.loc 1 1173 14 is_stmt 0 discriminator 3 view .LVU1155
 3831 00ca 2368     		ldr	r3, [r4]
1173:Middlewares/Third_Party/LwIP/src/api/api_msg.c ****           msg->msg.sd.shut = NETCONN_SHUT_RDWR;
 3832              		.loc 1 1173 28 discriminator 3 view .LVU1156
 3833 00cc 0422     		movs	r2, #4
 3834 00ce 5A70     		strb	r2, [r3, #1]
1174:Middlewares/Third_Party/LwIP/src/api/api_msg.c ****           msg->conn->current_msg = msg;
 3835              		.loc 1 1174 11 is_stmt 1 discriminator 3 view .LVU1157
1174:Middlewares/Third_Party/LwIP/src/api/api_msg.c ****           msg->conn->current_msg = msg;
ARM GAS  /tmp/ccMZQUTk.s 			page 118


 3836              		.loc 1 1174 28 is_stmt 0 discriminator 3 view .LVU1158
 3837 00d0 0323     		movs	r3, #3
 3838 00d2 2372     		strb	r3, [r4, #8]
1175:Middlewares/Third_Party/LwIP/src/api/api_msg.c **** #if LWIP_TCPIP_CORE_LOCKING
 3839              		.loc 1 1175 11 is_stmt 1 discriminator 3 view .LVU1159
1175:Middlewares/Third_Party/LwIP/src/api/api_msg.c **** #if LWIP_TCPIP_CORE_LOCKING
 3840              		.loc 1 1175 14 is_stmt 0 discriminator 3 view .LVU1160
 3841 00d4 2368     		ldr	r3, [r4]
1175:Middlewares/Third_Party/LwIP/src/api/api_msg.c **** #if LWIP_TCPIP_CORE_LOCKING
 3842              		.loc 1 1175 34 discriminator 3 view .LVU1161
 3843 00d6 1C62     		str	r4, [r3, #32]
1177:Middlewares/Third_Party/LwIP/src/api/api_msg.c ****             LWIP_ASSERT("state!", msg->conn->state == NETCONN_CLOSE);
 3844              		.loc 1 1177 11 is_stmt 1 discriminator 3 view .LVU1162
1177:Middlewares/Third_Party/LwIP/src/api/api_msg.c ****             LWIP_ASSERT("state!", msg->conn->state == NETCONN_CLOSE);
 3845              		.loc 1 1177 15 is_stmt 0 discriminator 3 view .LVU1163
 3846 00d8 0021     		movs	r1, #0
 3847 00da 2068     		ldr	r0, [r4]
 3848 00dc FFF7FEFF 		bl	lwip_netconn_do_close_internal
 3849              	.LVL378:
1177:Middlewares/Third_Party/LwIP/src/api/api_msg.c ****             LWIP_ASSERT("state!", msg->conn->state == NETCONN_CLOSE);
 3850              		.loc 1 1177 14 discriminator 3 view .LVU1164
 3851 00e0 0028     		cmp	r0, #0
 3852 00e2 A3D0     		beq	.L308
1178:Middlewares/Third_Party/LwIP/src/api/api_msg.c ****             UNLOCK_TCPIP_CORE();
 3853              		.loc 1 1178 13 is_stmt 1 view .LVU1165
1178:Middlewares/Third_Party/LwIP/src/api/api_msg.c ****             UNLOCK_TCPIP_CORE();
 3854              		.loc 1 1178 13 view .LVU1166
 3855 00e4 2368     		ldr	r3, [r4]
 3856 00e6 5B78     		ldrb	r3, [r3, #1]	@ zero_extendqisi2
 3857 00e8 042B     		cmp	r3, #4
 3858 00ea 17D1     		bne	.L327
 3859              	.L320:
1178:Middlewares/Third_Party/LwIP/src/api/api_msg.c ****             UNLOCK_TCPIP_CORE();
 3860              		.loc 1 1178 13 discriminator 3 view .LVU1167
1178:Middlewares/Third_Party/LwIP/src/api/api_msg.c ****             UNLOCK_TCPIP_CORE();
 3861              		.loc 1 1178 13 discriminator 3 view .LVU1168
1179:Middlewares/Third_Party/LwIP/src/api/api_msg.c ****             sys_arch_sem_wait(LWIP_API_MSG_SEM(msg), 0);
 3862              		.loc 1 1179 13 discriminator 3 view .LVU1169
 3863 00ec 144D     		ldr	r5, .L328+20
 3864              	.LVL379:
1179:Middlewares/Third_Party/LwIP/src/api/api_msg.c ****             sys_arch_sem_wait(LWIP_API_MSG_SEM(msg), 0);
 3865              		.loc 1 1179 13 is_stmt 0 discriminator 3 view .LVU1170
 3866 00ee 2846     		mov	r0, r5
 3867 00f0 FFF7FEFF 		bl	sys_mutex_unlock
 3868              	.LVL380:
1180:Middlewares/Third_Party/LwIP/src/api/api_msg.c ****             LOCK_TCPIP_CORE();
 3869              		.loc 1 1180 13 is_stmt 1 discriminator 3 view .LVU1171
1180:Middlewares/Third_Party/LwIP/src/api/api_msg.c ****             LOCK_TCPIP_CORE();
 3870              		.loc 1 1180 31 is_stmt 0 discriminator 3 view .LVU1172
 3871 00f4 2068     		ldr	r0, [r4]
1180:Middlewares/Third_Party/LwIP/src/api/api_msg.c ****             LOCK_TCPIP_CORE();
 3872              		.loc 1 1180 13 discriminator 3 view .LVU1173
 3873 00f6 0021     		movs	r1, #0
 3874 00f8 0C30     		adds	r0, r0, #12
 3875 00fa FFF7FEFF 		bl	sys_arch_sem_wait
 3876              	.LVL381:
1181:Middlewares/Third_Party/LwIP/src/api/api_msg.c ****             LWIP_ASSERT("state!", msg->conn->state == NETCONN_NONE);
ARM GAS  /tmp/ccMZQUTk.s 			page 119


 3877              		.loc 1 1181 13 is_stmt 1 discriminator 3 view .LVU1174
 3878 00fe 2846     		mov	r0, r5
 3879 0100 FFF7FEFF 		bl	sys_mutex_lock
 3880              	.LVL382:
1182:Middlewares/Third_Party/LwIP/src/api/api_msg.c ****           }
 3881              		.loc 1 1182 13 discriminator 3 view .LVU1175
1182:Middlewares/Third_Party/LwIP/src/api/api_msg.c ****           }
 3882              		.loc 1 1182 13 discriminator 3 view .LVU1176
 3883 0104 2368     		ldr	r3, [r4]
 3884 0106 5B78     		ldrb	r3, [r3, #1]	@ zero_extendqisi2
 3885 0108 002B     		cmp	r3, #0
 3886 010a 8FD0     		beq	.L308
1182:Middlewares/Third_Party/LwIP/src/api/api_msg.c ****           }
 3887              		.loc 1 1182 13 discriminator 1 view .LVU1177
1182:Middlewares/Third_Party/LwIP/src/api/api_msg.c ****           }
 3888              		.loc 1 1182 13 discriminator 1 view .LVU1178
 3889 010c 074B     		ldr	r3, .L328
 3890 010e 40F29E42 		movw	r2, #1182
 3891 0112 0C49     		ldr	r1, .L328+24
 3892 0114 0748     		ldr	r0, .L328+8
 3893 0116 FFF7FEFF 		bl	printf
 3894              	.LVL383:
1182:Middlewares/Third_Party/LwIP/src/api/api_msg.c ****           }
 3895              		.loc 1 1182 13 discriminator 1 view .LVU1179
1182:Middlewares/Third_Party/LwIP/src/api/api_msg.c ****           }
 3896              		.loc 1 1182 13 discriminator 1 view .LVU1180
1189:Middlewares/Third_Party/LwIP/src/api/api_msg.c **** #endif /* LWIP_TCP */
 3897              		.loc 1 1189 11 discriminator 1 view .LVU1181
 3898 011a 87E7     		b	.L308
 3899              	.LVL384:
 3900              	.L327:
1178:Middlewares/Third_Party/LwIP/src/api/api_msg.c ****             UNLOCK_TCPIP_CORE();
 3901              		.loc 1 1178 13 discriminator 1 view .LVU1182
1178:Middlewares/Third_Party/LwIP/src/api/api_msg.c ****             UNLOCK_TCPIP_CORE();
 3902              		.loc 1 1178 13 discriminator 1 view .LVU1183
 3903 011c 034B     		ldr	r3, .L328
 3904 011e 40F29A42 		movw	r2, #1178
 3905 0122 0849     		ldr	r1, .L328+24
 3906 0124 0348     		ldr	r0, .L328+8
 3907 0126 FFF7FEFF 		bl	printf
 3908              	.LVL385:
 3909 012a DFE7     		b	.L320
 3910              	.L329:
 3911              		.align	2
 3912              	.L328:
 3913 012c 00000000 		.word	.LC0
 3914 0130 00000000 		.word	.LC34
 3915 0134 40000000 		.word	.LC2
 3916 0138 14000000 		.word	.LC35
 3917 013c 34000000 		.word	.LC36
 3918 0140 00000000 		.word	lock_tcpip_core
 3919 0144 50000000 		.word	.LC37
 3920              		.cfi_endproc
 3921              	.LFE188:
 3923              		.section	.text.lwip_netconn_do_bind,"ax",%progbits
 3924              		.align	1
 3925              		.global	lwip_netconn_do_bind
ARM GAS  /tmp/ccMZQUTk.s 			page 120


 3926              		.syntax unified
 3927              		.thumb
 3928              		.thumb_func
 3929              		.fpu fpv5-d16
 3931              	lwip_netconn_do_bind:
 3932              	.LVL386:
 3933              	.LFB189:
1217:Middlewares/Third_Party/LwIP/src/api/api_msg.c ****   struct api_msg *msg = (struct api_msg *)m;
 3934              		.loc 1 1217 1 view -0
 3935              		.cfi_startproc
 3936              		@ args = 0, pretend = 0, frame = 0
 3937              		@ frame_needed = 0, uses_anonymous_args = 0
1217:Middlewares/Third_Party/LwIP/src/api/api_msg.c ****   struct api_msg *msg = (struct api_msg *)m;
 3938              		.loc 1 1217 1 is_stmt 0 view .LVU1185
 3939 0000 10B5     		push	{r4, lr}
 3940              	.LCFI22:
 3941              		.cfi_def_cfa_offset 8
 3942              		.cfi_offset 4, -8
 3943              		.cfi_offset 14, -4
 3944 0002 0446     		mov	r4, r0
1218:Middlewares/Third_Party/LwIP/src/api/api_msg.c ****   err_t err;
 3945              		.loc 1 1218 3 is_stmt 1 view .LVU1186
 3946              	.LVL387:
1219:Middlewares/Third_Party/LwIP/src/api/api_msg.c **** 
 3947              		.loc 1 1219 3 view .LVU1187
1221:Middlewares/Third_Party/LwIP/src/api/api_msg.c ****     switch (NETCONNTYPE_GROUP(msg->conn->type)) {
 3948              		.loc 1 1221 3 view .LVU1188
1221:Middlewares/Third_Party/LwIP/src/api/api_msg.c ****     switch (NETCONNTYPE_GROUP(msg->conn->type)) {
 3949              		.loc 1 1221 10 is_stmt 0 view .LVU1189
 3950 0004 0368     		ldr	r3, [r0]
1221:Middlewares/Third_Party/LwIP/src/api/api_msg.c ****     switch (NETCONNTYPE_GROUP(msg->conn->type)) {
 3951              		.loc 1 1221 21 view .LVU1190
 3952 0006 5868     		ldr	r0, [r3, #4]
 3953              	.LVL388:
1221:Middlewares/Third_Party/LwIP/src/api/api_msg.c ****     switch (NETCONNTYPE_GROUP(msg->conn->type)) {
 3954              		.loc 1 1221 6 view .LVU1191
 3955 0008 80B1     		cbz	r0, .L333
1222:Middlewares/Third_Party/LwIP/src/api/api_msg.c **** #if LWIP_RAW
 3956              		.loc 1 1222 5 is_stmt 1 view .LVU1192
1222:Middlewares/Third_Party/LwIP/src/api/api_msg.c **** #if LWIP_RAW
 3957              		.loc 1 1222 13 is_stmt 0 view .LVU1193
 3958 000a 1B78     		ldrb	r3, [r3]	@ zero_extendqisi2
 3959 000c 03F0F003 		and	r3, r3, #240
1222:Middlewares/Third_Party/LwIP/src/api/api_msg.c **** #if LWIP_RAW
 3960              		.loc 1 1222 5 view .LVU1194
 3961 0010 102B     		cmp	r3, #16
 3962 0012 06D0     		beq	.L332
 3963 0014 202B     		cmp	r3, #32
 3964 0016 0CD1     		bne	.L334
1230:Middlewares/Third_Party/LwIP/src/api/api_msg.c ****         break;
 3965              		.loc 1 1230 9 is_stmt 1 view .LVU1195
1230:Middlewares/Third_Party/LwIP/src/api/api_msg.c ****         break;
 3966              		.loc 1 1230 15 is_stmt 0 view .LVU1196
 3967 0018 A289     		ldrh	r2, [r4, #12]
 3968 001a A168     		ldr	r1, [r4, #8]
 3969 001c FFF7FEFF 		bl	udp_bind
 3970              	.LVL389:
ARM GAS  /tmp/ccMZQUTk.s 			page 121


1231:Middlewares/Third_Party/LwIP/src/api/api_msg.c **** #endif /* LWIP_UDP */
 3971              		.loc 1 1231 9 is_stmt 1 view .LVU1197
 3972 0020 09E0     		b	.L331
 3973              	.LVL390:
 3974              	.L332:
1235:Middlewares/Third_Party/LwIP/src/api/api_msg.c ****         break;
 3975              		.loc 1 1235 9 view .LVU1198
1235:Middlewares/Third_Party/LwIP/src/api/api_msg.c ****         break;
 3976              		.loc 1 1235 15 is_stmt 0 view .LVU1199
 3977 0022 A289     		ldrh	r2, [r4, #12]
 3978 0024 A168     		ldr	r1, [r4, #8]
 3979 0026 FFF7FEFF 		bl	tcp_bind
 3980              	.LVL391:
1236:Middlewares/Third_Party/LwIP/src/api/api_msg.c **** #endif /* LWIP_TCP */
 3981              		.loc 1 1236 9 is_stmt 1 view .LVU1200
 3982 002a 04E0     		b	.L331
 3983              	.LVL392:
 3984              	.L333:
1243:Middlewares/Third_Party/LwIP/src/api/api_msg.c ****   }
 3985              		.loc 1 1243 9 is_stmt 0 view .LVU1201
 3986 002c 6FF00500 		mvn	r0, #5
 3987 0030 01E0     		b	.L331
 3988              	.L334:
1222:Middlewares/Third_Party/LwIP/src/api/api_msg.c **** #if LWIP_RAW
 3989              		.loc 1 1222 5 view .LVU1202
 3990 0032 6FF00500 		mvn	r0, #5
 3991              	.L331:
 3992              	.LVL393:
1245:Middlewares/Third_Party/LwIP/src/api/api_msg.c ****   TCPIP_APIMSG_ACK(msg);
 3993              		.loc 1 1245 3 is_stmt 1 view .LVU1203
1245:Middlewares/Third_Party/LwIP/src/api/api_msg.c ****   TCPIP_APIMSG_ACK(msg);
 3994              		.loc 1 1245 12 is_stmt 0 view .LVU1204
 3995 0036 2071     		strb	r0, [r4, #4]
1246:Middlewares/Third_Party/LwIP/src/api/api_msg.c **** }
 3996              		.loc 1 1246 24 is_stmt 1 view .LVU1205
1247:Middlewares/Third_Party/LwIP/src/api/api_msg.c **** /**
 3997              		.loc 1 1247 1 is_stmt 0 view .LVU1206
 3998 0038 10BD     		pop	{r4, pc}
1247:Middlewares/Third_Party/LwIP/src/api/api_msg.c **** /**
 3999              		.loc 1 1247 1 view .LVU1207
 4000              		.cfi_endproc
 4001              	.LFE189:
 4003              		.section	.text.lwip_netconn_do_bind_if,"ax",%progbits
 4004              		.align	1
 4005              		.global	lwip_netconn_do_bind_if
 4006              		.syntax unified
 4007              		.thumb
 4008              		.thumb_func
 4009              		.fpu fpv5-d16
 4011              	lwip_netconn_do_bind_if:
 4012              	.LVL394:
 4013              	.LFB190:
1257:Middlewares/Third_Party/LwIP/src/api/api_msg.c ****   struct netif *netif;
 4014              		.loc 1 1257 1 is_stmt 1 view -0
 4015              		.cfi_startproc
 4016              		@ args = 0, pretend = 0, frame = 0
 4017              		@ frame_needed = 0, uses_anonymous_args = 0
ARM GAS  /tmp/ccMZQUTk.s 			page 122


1257:Middlewares/Third_Party/LwIP/src/api/api_msg.c ****   struct netif *netif;
 4018              		.loc 1 1257 1 is_stmt 0 view .LVU1209
 4019 0000 10B5     		push	{r4, lr}
 4020              	.LCFI23:
 4021              		.cfi_def_cfa_offset 8
 4022              		.cfi_offset 4, -8
 4023              		.cfi_offset 14, -4
 4024 0002 0446     		mov	r4, r0
1258:Middlewares/Third_Party/LwIP/src/api/api_msg.c ****   struct api_msg *msg = (struct api_msg *)m;
 4025              		.loc 1 1258 3 is_stmt 1 view .LVU1210
1259:Middlewares/Third_Party/LwIP/src/api/api_msg.c ****   err_t err;
 4026              		.loc 1 1259 3 view .LVU1211
 4027              	.LVL395:
1260:Middlewares/Third_Party/LwIP/src/api/api_msg.c **** 
 4028              		.loc 1 1260 3 view .LVU1212
1262:Middlewares/Third_Party/LwIP/src/api/api_msg.c **** 
 4029              		.loc 1 1262 3 view .LVU1213
1262:Middlewares/Third_Party/LwIP/src/api/api_msg.c **** 
 4030              		.loc 1 1262 11 is_stmt 0 view .LVU1214
 4031 0004 807B     		ldrb	r0, [r0, #14]	@ zero_extendqisi2
 4032              	.LVL396:
1262:Middlewares/Third_Party/LwIP/src/api/api_msg.c **** 
 4033              		.loc 1 1262 11 view .LVU1215
 4034 0006 FFF7FEFF 		bl	netif_get_by_index
 4035              	.LVL397:
1264:Middlewares/Third_Party/LwIP/src/api/api_msg.c ****     err = ERR_OK;
 4036              		.loc 1 1264 3 is_stmt 1 view .LVU1216
1264:Middlewares/Third_Party/LwIP/src/api/api_msg.c ****     err = ERR_OK;
 4037              		.loc 1 1264 6 is_stmt 0 view .LVU1217
 4038 000a 90B1     		cbz	r0, .L339
 4039 000c 0146     		mov	r1, r0
1264:Middlewares/Third_Party/LwIP/src/api/api_msg.c ****     err = ERR_OK;
 4040              		.loc 1 1264 30 discriminator 1 view .LVU1218
 4041 000e 2368     		ldr	r3, [r4]
1264:Middlewares/Third_Party/LwIP/src/api/api_msg.c ****     err = ERR_OK;
 4042              		.loc 1 1264 41 discriminator 1 view .LVU1219
 4043 0010 5868     		ldr	r0, [r3, #4]
 4044              	.LVL398:
1264:Middlewares/Third_Party/LwIP/src/api/api_msg.c ****     err = ERR_OK;
 4045              		.loc 1 1264 23 discriminator 1 view .LVU1220
 4046 0012 90B1     		cbz	r0, .L340
1265:Middlewares/Third_Party/LwIP/src/api/api_msg.c ****     switch (NETCONNTYPE_GROUP(msg->conn->type)) {
 4047              		.loc 1 1265 5 is_stmt 1 view .LVU1221
 4048              	.LVL399:
1266:Middlewares/Third_Party/LwIP/src/api/api_msg.c **** #if LWIP_RAW
 4049              		.loc 1 1266 5 view .LVU1222
1266:Middlewares/Third_Party/LwIP/src/api/api_msg.c **** #if LWIP_RAW
 4050              		.loc 1 1266 13 is_stmt 0 view .LVU1223
 4051 0014 1B78     		ldrb	r3, [r3]	@ zero_extendqisi2
 4052 0016 03F0F003 		and	r3, r3, #240
1266:Middlewares/Third_Party/LwIP/src/api/api_msg.c **** #if LWIP_RAW
 4053              		.loc 1 1266 5 view .LVU1224
 4054 001a 102B     		cmp	r3, #16
 4055 001c 05D0     		beq	.L338
 4056 001e 202B     		cmp	r3, #32
 4057 0020 0ED1     		bne	.L341
1274:Middlewares/Third_Party/LwIP/src/api/api_msg.c ****         break;
ARM GAS  /tmp/ccMZQUTk.s 			page 123


 4058              		.loc 1 1274 9 is_stmt 1 view .LVU1225
 4059 0022 FFF7FEFF 		bl	udp_bind_netif
 4060              	.LVL400:
1275:Middlewares/Third_Party/LwIP/src/api/api_msg.c **** #endif /* LWIP_UDP */
 4061              		.loc 1 1275 9 view .LVU1226
1265:Middlewares/Third_Party/LwIP/src/api/api_msg.c ****     switch (NETCONNTYPE_GROUP(msg->conn->type)) {
 4062              		.loc 1 1265 9 is_stmt 0 view .LVU1227
 4063 0026 0023     		movs	r3, #0
1275:Middlewares/Third_Party/LwIP/src/api/api_msg.c **** #endif /* LWIP_UDP */
 4064              		.loc 1 1275 9 view .LVU1228
 4065 0028 05E0     		b	.L337
 4066              	.LVL401:
 4067              	.L338:
1279:Middlewares/Third_Party/LwIP/src/api/api_msg.c ****         break;
 4068              		.loc 1 1279 9 is_stmt 1 view .LVU1229
 4069 002a FFF7FEFF 		bl	tcp_bind_netif
 4070              	.LVL402:
1280:Middlewares/Third_Party/LwIP/src/api/api_msg.c **** #endif /* LWIP_TCP */
 4071              		.loc 1 1280 9 view .LVU1230
1265:Middlewares/Third_Party/LwIP/src/api/api_msg.c ****     switch (NETCONNTYPE_GROUP(msg->conn->type)) {
 4072              		.loc 1 1265 9 is_stmt 0 view .LVU1231
 4073 002e 0023     		movs	r3, #0
1280:Middlewares/Third_Party/LwIP/src/api/api_msg.c **** #endif /* LWIP_TCP */
 4074              		.loc 1 1280 9 view .LVU1232
 4075 0030 01E0     		b	.L337
 4076              	.LVL403:
 4077              	.L339:
1287:Middlewares/Third_Party/LwIP/src/api/api_msg.c ****   }
 4078              		.loc 1 1287 9 view .LVU1233
 4079 0032 6FF00503 		mvn	r3, #5
 4080              	.LVL404:
 4081              	.L337:
1289:Middlewares/Third_Party/LwIP/src/api/api_msg.c ****   TCPIP_APIMSG_ACK(msg);
 4082              		.loc 1 1289 3 is_stmt 1 view .LVU1234
1289:Middlewares/Third_Party/LwIP/src/api/api_msg.c ****   TCPIP_APIMSG_ACK(msg);
 4083              		.loc 1 1289 12 is_stmt 0 view .LVU1235
 4084 0036 2371     		strb	r3, [r4, #4]
1290:Middlewares/Third_Party/LwIP/src/api/api_msg.c **** }
 4085              		.loc 1 1290 24 is_stmt 1 view .LVU1236
1291:Middlewares/Third_Party/LwIP/src/api/api_msg.c **** 
 4086              		.loc 1 1291 1 is_stmt 0 view .LVU1237
 4087 0038 10BD     		pop	{r4, pc}
 4088              	.LVL405:
 4089              	.L340:
1287:Middlewares/Third_Party/LwIP/src/api/api_msg.c ****   }
 4090              		.loc 1 1287 9 view .LVU1238
 4091 003a 6FF00503 		mvn	r3, #5
 4092 003e FAE7     		b	.L337
 4093              	.LVL406:
 4094              	.L341:
1266:Middlewares/Third_Party/LwIP/src/api/api_msg.c **** #if LWIP_RAW
 4095              		.loc 1 1266 5 view .LVU1239
 4096 0040 6FF00503 		mvn	r3, #5
 4097 0044 F7E7     		b	.L337
 4098              		.cfi_endproc
 4099              	.LFE190:
 4101              		.section	.rodata.lwip_netconn_do_connect.str1.4,"aMS",%progbits,1
ARM GAS  /tmp/ccMZQUTk.s 			page 124


 4102              		.align	2
 4103              	.LC38:
 4104 0000 496E7661 		.ascii	"Invalid netconn type\000"
 4104      6C696420 
 4104      6E657463 
 4104      6F6E6E20 
 4104      74797065 
 4105              		.section	.text.lwip_netconn_do_connect,"ax",%progbits
 4106              		.align	1
 4107              		.global	lwip_netconn_do_connect
 4108              		.syntax unified
 4109              		.thumb
 4110              		.thumb_func
 4111              		.fpu fpv5-d16
 4113              	lwip_netconn_do_connect:
 4114              	.LVL407:
 4115              	.LFB192:
1351:Middlewares/Third_Party/LwIP/src/api/api_msg.c ****   struct api_msg *msg = (struct api_msg *)m;
 4116              		.loc 1 1351 1 is_stmt 1 view -0
 4117              		.cfi_startproc
 4118              		@ args = 0, pretend = 0, frame = 0
 4119              		@ frame_needed = 0, uses_anonymous_args = 0
1351:Middlewares/Third_Party/LwIP/src/api/api_msg.c ****   struct api_msg *msg = (struct api_msg *)m;
 4120              		.loc 1 1351 1 is_stmt 0 view .LVU1241
 4121 0000 38B5     		push	{r3, r4, r5, lr}
 4122              	.LCFI24:
 4123              		.cfi_def_cfa_offset 16
 4124              		.cfi_offset 3, -16
 4125              		.cfi_offset 4, -12
 4126              		.cfi_offset 5, -8
 4127              		.cfi_offset 14, -4
 4128 0002 0446     		mov	r4, r0
1352:Middlewares/Third_Party/LwIP/src/api/api_msg.c ****   err_t err;
 4129              		.loc 1 1352 3 is_stmt 1 view .LVU1242
 4130              	.LVL408:
1353:Middlewares/Third_Party/LwIP/src/api/api_msg.c **** 
 4131              		.loc 1 1353 3 view .LVU1243
1355:Middlewares/Third_Party/LwIP/src/api/api_msg.c ****     /* This may happen when calling netconn_connect() a second time */
 4132              		.loc 1 1355 3 view .LVU1244
1355:Middlewares/Third_Party/LwIP/src/api/api_msg.c ****     /* This may happen when calling netconn_connect() a second time */
 4133              		.loc 1 1355 10 is_stmt 0 view .LVU1245
 4134 0004 0268     		ldr	r2, [r0]
1355:Middlewares/Third_Party/LwIP/src/api/api_msg.c ****     /* This may happen when calling netconn_connect() a second time */
 4135              		.loc 1 1355 21 view .LVU1246
 4136 0006 5068     		ldr	r0, [r2, #4]
 4137              	.LVL409:
1355:Middlewares/Third_Party/LwIP/src/api/api_msg.c ****     /* This may happen when calling netconn_connect() a second time */
 4138              		.loc 1 1355 6 view .LVU1247
 4139 0008 0028     		cmp	r0, #0
 4140 000a 64D0     		beq	.L352
1359:Middlewares/Third_Party/LwIP/src/api/api_msg.c **** #if LWIP_RAW
 4141              		.loc 1 1359 5 is_stmt 1 view .LVU1248
1359:Middlewares/Third_Party/LwIP/src/api/api_msg.c **** #if LWIP_RAW
 4142              		.loc 1 1359 13 is_stmt 0 view .LVU1249
 4143 000c 1378     		ldrb	r3, [r2]	@ zero_extendqisi2
 4144 000e 03F0F003 		and	r3, r3, #240
1359:Middlewares/Third_Party/LwIP/src/api/api_msg.c **** #if LWIP_RAW
ARM GAS  /tmp/ccMZQUTk.s 			page 125


 4145              		.loc 1 1359 5 view .LVU1250
 4146 0012 102B     		cmp	r3, #16
 4147 0014 06D0     		beq	.L345
 4148 0016 202B     		cmp	r3, #32
 4149 0018 53D1     		bne	.L346
1367:Middlewares/Third_Party/LwIP/src/api/api_msg.c ****         break;
 4150              		.loc 1 1367 9 is_stmt 1 view .LVU1251
1367:Middlewares/Third_Party/LwIP/src/api/api_msg.c ****         break;
 4151              		.loc 1 1367 15 is_stmt 0 view .LVU1252
 4152 001a A289     		ldrh	r2, [r4, #12]
 4153 001c A168     		ldr	r1, [r4, #8]
 4154 001e FFF7FEFF 		bl	udp_connect
 4155              	.LVL410:
1368:Middlewares/Third_Party/LwIP/src/api/api_msg.c **** #endif /* LWIP_UDP */
 4156              		.loc 1 1368 9 is_stmt 1 view .LVU1253
 4157 0022 5AE0     		b	.L344
 4158              	.LVL411:
 4159              	.L345:
1373:Middlewares/Third_Party/LwIP/src/api/api_msg.c ****           err = ERR_ALREADY;
 4160              		.loc 1 1373 9 view .LVU1254
1373:Middlewares/Third_Party/LwIP/src/api/api_msg.c ****           err = ERR_ALREADY;
 4161              		.loc 1 1373 22 is_stmt 0 view .LVU1255
 4162 0024 5378     		ldrb	r3, [r2, #1]	@ zero_extendqisi2
1373:Middlewares/Third_Party/LwIP/src/api/api_msg.c ****           err = ERR_ALREADY;
 4163              		.loc 1 1373 12 view .LVU1256
 4164 0026 032B     		cmp	r3, #3
 4165 0028 59D0     		beq	.L353
1375:Middlewares/Third_Party/LwIP/src/api/api_msg.c ****           err = ERR_ISCONN;
 4166              		.loc 1 1375 16 is_stmt 1 view .LVU1257
1375:Middlewares/Third_Party/LwIP/src/api/api_msg.c ****           err = ERR_ISCONN;
 4167              		.loc 1 1375 19 is_stmt 0 view .LVU1258
 4168 002a 13B1     		cbz	r3, .L357
1376:Middlewares/Third_Party/LwIP/src/api/api_msg.c ****         } else {
 4169              		.loc 1 1376 15 view .LVU1259
 4170 002c 6FF00900 		mvn	r0, #9
 4171 0030 53E0     		b	.L344
 4172              	.L357:
1378:Middlewares/Third_Party/LwIP/src/api/api_msg.c ****           err = tcp_connect(msg->conn->pcb.tcp, API_EXPR_REF(msg->msg.bc.ipaddr),
 4173              		.loc 1 1378 11 is_stmt 1 view .LVU1260
 4174 0032 1046     		mov	r0, r2
 4175 0034 FFF7FEFF 		bl	setup_tcp
 4176              	.LVL412:
1379:Middlewares/Third_Party/LwIP/src/api/api_msg.c ****                             msg->msg.bc.port, lwip_netconn_do_connected);
 4177              		.loc 1 1379 11 view .LVU1261
1379:Middlewares/Third_Party/LwIP/src/api/api_msg.c ****                             msg->msg.bc.port, lwip_netconn_do_connected);
 4178              		.loc 1 1379 32 is_stmt 0 view .LVU1262
 4179 0038 2068     		ldr	r0, [r4]
1379:Middlewares/Third_Party/LwIP/src/api/api_msg.c ****                             msg->msg.bc.port, lwip_netconn_do_connected);
 4180              		.loc 1 1379 17 view .LVU1263
 4181 003a 2A4B     		ldr	r3, .L360
 4182 003c A289     		ldrh	r2, [r4, #12]
 4183 003e A168     		ldr	r1, [r4, #8]
 4184 0040 4068     		ldr	r0, [r0, #4]
 4185 0042 FFF7FEFF 		bl	tcp_connect
 4186              	.LVL413:
1381:Middlewares/Third_Party/LwIP/src/api/api_msg.c ****             u8_t non_blocking = netconn_is_nonblocking(msg->conn);
 4187              		.loc 1 1381 11 is_stmt 1 view .LVU1264
ARM GAS  /tmp/ccMZQUTk.s 			page 126


1381:Middlewares/Third_Party/LwIP/src/api/api_msg.c ****             u8_t non_blocking = netconn_is_nonblocking(msg->conn);
 4188              		.loc 1 1381 14 is_stmt 0 view .LVU1265
 4189 0046 0028     		cmp	r0, #0
 4190 0048 47D1     		bne	.L344
 4191              	.LBB22:
1382:Middlewares/Third_Party/LwIP/src/api/api_msg.c ****             msg->conn->state = NETCONN_CONNECT;
 4192              		.loc 1 1382 13 is_stmt 1 view .LVU1266
1382:Middlewares/Third_Party/LwIP/src/api/api_msg.c ****             msg->conn->state = NETCONN_CONNECT;
 4193              		.loc 1 1382 33 is_stmt 0 view .LVU1267
 4194 004a 2268     		ldr	r2, [r4]
 4195 004c 137F     		ldrb	r3, [r2, #28]	@ zero_extendqisi2
 4196              	.LVL414:
1383:Middlewares/Third_Party/LwIP/src/api/api_msg.c ****             SET_NONBLOCKING_CONNECT(msg->conn, non_blocking);
 4197              		.loc 1 1383 13 is_stmt 1 view .LVU1268
1383:Middlewares/Third_Party/LwIP/src/api/api_msg.c ****             SET_NONBLOCKING_CONNECT(msg->conn, non_blocking);
 4198              		.loc 1 1383 30 is_stmt 0 view .LVU1269
 4199 004e 0321     		movs	r1, #3
 4200 0050 5170     		strb	r1, [r2, #1]
1384:Middlewares/Third_Party/LwIP/src/api/api_msg.c ****             if (non_blocking) {
 4201              		.loc 1 1384 13 is_stmt 1 view .LVU1270
1384:Middlewares/Third_Party/LwIP/src/api/api_msg.c ****             if (non_blocking) {
 4202              		.loc 1 1384 13 view .LVU1271
 4203 0052 13F00203 		ands	r3, r3, #2
 4204              	.LVL415:
1384:Middlewares/Third_Party/LwIP/src/api/api_msg.c ****             if (non_blocking) {
 4205              		.loc 1 1384 13 is_stmt 0 view .LVU1272
 4206 0056 08D0     		beq	.L347
1384:Middlewares/Third_Party/LwIP/src/api/api_msg.c ****             if (non_blocking) {
 4207              		.loc 1 1384 13 is_stmt 1 discriminator 1 view .LVU1273
1384:Middlewares/Third_Party/LwIP/src/api/api_msg.c ****             if (non_blocking) {
 4208              		.loc 1 1384 13 discriminator 1 view .LVU1274
 4209 0058 2168     		ldr	r1, [r4]
 4210 005a 0A7F     		ldrb	r2, [r1, #28]	@ zero_extendqisi2
 4211              	.LVL416:
1384:Middlewares/Third_Party/LwIP/src/api/api_msg.c ****             if (non_blocking) {
 4212              		.loc 1 1384 13 is_stmt 0 discriminator 1 view .LVU1275
 4213 005c 42F00402 		orr	r2, r2, #4
 4214 0060 0A77     		strb	r2, [r1, #28]
1384:Middlewares/Third_Party/LwIP/src/api/api_msg.c ****             if (non_blocking) {
 4215              		.loc 1 1384 13 is_stmt 1 discriminator 1 view .LVU1276
 4216              	.L348:
1384:Middlewares/Third_Party/LwIP/src/api/api_msg.c ****             if (non_blocking) {
 4217              		.loc 1 1384 13 discriminator 4 view .LVU1277
1384:Middlewares/Third_Party/LwIP/src/api/api_msg.c ****             if (non_blocking) {
 4218              		.loc 1 1384 13 discriminator 4 view .LVU1278
1385:Middlewares/Third_Party/LwIP/src/api/api_msg.c ****               err = ERR_INPROGRESS;
 4219              		.loc 1 1385 13 discriminator 4 view .LVU1279
1385:Middlewares/Third_Party/LwIP/src/api/api_msg.c ****               err = ERR_INPROGRESS;
 4220              		.loc 1 1385 16 is_stmt 0 discriminator 4 view .LVU1280
 4221 0062 43B1     		cbz	r3, .L358
1386:Middlewares/Third_Party/LwIP/src/api/api_msg.c ****             } else {
 4222              		.loc 1 1386 19 view .LVU1281
 4223 0064 6FF00400 		mvn	r0, #4
 4224              	.LVL417:
1386:Middlewares/Third_Party/LwIP/src/api/api_msg.c ****             } else {
 4225              		.loc 1 1386 19 view .LVU1282
 4226 0068 37E0     		b	.L344
ARM GAS  /tmp/ccMZQUTk.s 			page 127


 4227              	.LVL418:
 4228              	.L347:
1384:Middlewares/Third_Party/LwIP/src/api/api_msg.c ****             if (non_blocking) {
 4229              		.loc 1 1384 13 is_stmt 1 discriminator 2 view .LVU1283
1384:Middlewares/Third_Party/LwIP/src/api/api_msg.c ****             if (non_blocking) {
 4230              		.loc 1 1384 13 discriminator 2 view .LVU1284
 4231 006a 2168     		ldr	r1, [r4]
 4232 006c 0A7F     		ldrb	r2, [r1, #28]	@ zero_extendqisi2
 4233              	.LVL419:
1384:Middlewares/Third_Party/LwIP/src/api/api_msg.c ****             if (non_blocking) {
 4234              		.loc 1 1384 13 is_stmt 0 discriminator 2 view .LVU1285
 4235 006e 02F0FB02 		and	r2, r2, #251
 4236 0072 0A77     		strb	r2, [r1, #28]
1384:Middlewares/Third_Party/LwIP/src/api/api_msg.c ****             if (non_blocking) {
 4237              		.loc 1 1384 13 discriminator 2 view .LVU1286
 4238 0074 F5E7     		b	.L348
 4239              	.L358:
1388:Middlewares/Third_Party/LwIP/src/api/api_msg.c ****               /* sys_sem_signal() is called from lwip_netconn_do_connected (or err_tcp()),
 4240              		.loc 1 1388 15 is_stmt 1 view .LVU1287
1388:Middlewares/Third_Party/LwIP/src/api/api_msg.c ****               /* sys_sem_signal() is called from lwip_netconn_do_connected (or err_tcp()),
 4241              		.loc 1 1388 18 is_stmt 0 view .LVU1288
 4242 0076 2368     		ldr	r3, [r4]
1388:Middlewares/Third_Party/LwIP/src/api/api_msg.c ****               /* sys_sem_signal() is called from lwip_netconn_do_connected (or err_tcp()),
 4243              		.loc 1 1388 38 view .LVU1289
 4244 0078 1C62     		str	r4, [r3, #32]
1392:Middlewares/Third_Party/LwIP/src/api/api_msg.c ****               UNLOCK_TCPIP_CORE();
 4245              		.loc 1 1392 15 is_stmt 1 view .LVU1290
1392:Middlewares/Third_Party/LwIP/src/api/api_msg.c ****               UNLOCK_TCPIP_CORE();
 4246              		.loc 1 1392 15 view .LVU1291
 4247 007a 2368     		ldr	r3, [r4]
 4248 007c 5B78     		ldrb	r3, [r3, #1]	@ zero_extendqisi2
 4249 007e 032B     		cmp	r3, #3
 4250 0080 17D1     		bne	.L359
 4251              	.LVL420:
 4252              	.L349:
1392:Middlewares/Third_Party/LwIP/src/api/api_msg.c ****               UNLOCK_TCPIP_CORE();
 4253              		.loc 1 1392 15 discriminator 3 view .LVU1292
1392:Middlewares/Third_Party/LwIP/src/api/api_msg.c ****               UNLOCK_TCPIP_CORE();
 4254              		.loc 1 1392 15 discriminator 3 view .LVU1293
1393:Middlewares/Third_Party/LwIP/src/api/api_msg.c ****               sys_arch_sem_wait(LWIP_API_MSG_SEM(msg), 0);
 4255              		.loc 1 1393 15 discriminator 3 view .LVU1294
 4256 0082 194D     		ldr	r5, .L360+4
 4257 0084 2846     		mov	r0, r5
 4258 0086 FFF7FEFF 		bl	sys_mutex_unlock
 4259              	.LVL421:
1394:Middlewares/Third_Party/LwIP/src/api/api_msg.c ****               LOCK_TCPIP_CORE();
 4260              		.loc 1 1394 15 discriminator 3 view .LVU1295
1394:Middlewares/Third_Party/LwIP/src/api/api_msg.c ****               LOCK_TCPIP_CORE();
 4261              		.loc 1 1394 33 is_stmt 0 discriminator 3 view .LVU1296
 4262 008a 2068     		ldr	r0, [r4]
1394:Middlewares/Third_Party/LwIP/src/api/api_msg.c ****               LOCK_TCPIP_CORE();
 4263              		.loc 1 1394 15 discriminator 3 view .LVU1297
 4264 008c 0021     		movs	r1, #0
 4265 008e 0C30     		adds	r0, r0, #12
 4266 0090 FFF7FEFF 		bl	sys_arch_sem_wait
 4267              	.LVL422:
1395:Middlewares/Third_Party/LwIP/src/api/api_msg.c ****               LWIP_ASSERT("state!", msg->conn->state != NETCONN_CONNECT);
ARM GAS  /tmp/ccMZQUTk.s 			page 128


 4268              		.loc 1 1395 15 is_stmt 1 discriminator 3 view .LVU1298
 4269 0094 2846     		mov	r0, r5
 4270 0096 FFF7FEFF 		bl	sys_mutex_lock
 4271              	.LVL423:
1396:Middlewares/Third_Party/LwIP/src/api/api_msg.c **** #endif /* LWIP_TCPIP_CORE_LOCKING */
 4272              		.loc 1 1396 15 discriminator 3 view .LVU1299
1396:Middlewares/Third_Party/LwIP/src/api/api_msg.c **** #endif /* LWIP_TCPIP_CORE_LOCKING */
 4273              		.loc 1 1396 15 discriminator 3 view .LVU1300
 4274 009a 2368     		ldr	r3, [r4]
 4275 009c 5B78     		ldrb	r3, [r3, #1]	@ zero_extendqisi2
 4276 009e 032B     		cmp	r3, #3
 4277 00a0 1CD1     		bne	.L343
1396:Middlewares/Third_Party/LwIP/src/api/api_msg.c **** #endif /* LWIP_TCPIP_CORE_LOCKING */
 4278              		.loc 1 1396 15 discriminator 1 view .LVU1301
1396:Middlewares/Third_Party/LwIP/src/api/api_msg.c **** #endif /* LWIP_TCPIP_CORE_LOCKING */
 4279              		.loc 1 1396 15 discriminator 1 view .LVU1302
 4280 00a2 124B     		ldr	r3, .L360+8
 4281 00a4 40F27452 		movw	r2, #1396
 4282 00a8 1149     		ldr	r1, .L360+12
 4283 00aa 1248     		ldr	r0, .L360+16
 4284 00ac FFF7FEFF 		bl	printf
 4285              	.LVL424:
1396:Middlewares/Third_Party/LwIP/src/api/api_msg.c **** #endif /* LWIP_TCPIP_CORE_LOCKING */
 4286              		.loc 1 1396 15 discriminator 1 view .LVU1303
1396:Middlewares/Third_Party/LwIP/src/api/api_msg.c **** #endif /* LWIP_TCPIP_CORE_LOCKING */
 4287              		.loc 1 1396 15 discriminator 1 view .LVU1304
1398:Middlewares/Third_Party/LwIP/src/api/api_msg.c ****             }
 4288              		.loc 1 1398 15 discriminator 1 view .LVU1305
 4289 00b0 14E0     		b	.L343
 4290              	.LVL425:
 4291              	.L359:
1392:Middlewares/Third_Party/LwIP/src/api/api_msg.c ****               UNLOCK_TCPIP_CORE();
 4292              		.loc 1 1392 15 discriminator 1 view .LVU1306
1392:Middlewares/Third_Party/LwIP/src/api/api_msg.c ****               UNLOCK_TCPIP_CORE();
 4293              		.loc 1 1392 15 discriminator 1 view .LVU1307
 4294 00b2 0E4B     		ldr	r3, .L360+8
 4295 00b4 4FF4AE62 		mov	r2, #1392
 4296 00b8 0D49     		ldr	r1, .L360+12
 4297 00ba 0E48     		ldr	r0, .L360+16
 4298              	.LVL426:
1392:Middlewares/Third_Party/LwIP/src/api/api_msg.c ****               UNLOCK_TCPIP_CORE();
 4299              		.loc 1 1392 15 is_stmt 0 discriminator 1 view .LVU1308
 4300 00bc FFF7FEFF 		bl	printf
 4301              	.LVL427:
 4302 00c0 DFE7     		b	.L349
 4303              	.L346:
1392:Middlewares/Third_Party/LwIP/src/api/api_msg.c ****               UNLOCK_TCPIP_CORE();
 4304              		.loc 1 1392 15 discriminator 1 view .LVU1309
 4305              	.LBE22:
1405:Middlewares/Third_Party/LwIP/src/api/api_msg.c ****           err = ERR_VAL;
 4306              		.loc 1 1405 9 is_stmt 1 discriminator 1 view .LVU1310
1405:Middlewares/Third_Party/LwIP/src/api/api_msg.c ****           err = ERR_VAL;
 4307              		.loc 1 1405 9 discriminator 1 view .LVU1311
1405:Middlewares/Third_Party/LwIP/src/api/api_msg.c ****           err = ERR_VAL;
 4308              		.loc 1 1405 9 discriminator 1 view .LVU1312
1405:Middlewares/Third_Party/LwIP/src/api/api_msg.c ****           err = ERR_VAL;
 4309              		.loc 1 1405 9 discriminator 1 view .LVU1313
ARM GAS  /tmp/ccMZQUTk.s 			page 129


 4310 00c2 0A4B     		ldr	r3, .L360+8
 4311 00c4 40F27D52 		movw	r2, #1405
 4312 00c8 0B49     		ldr	r1, .L360+20
 4313 00ca 0A48     		ldr	r0, .L360+16
 4314 00cc FFF7FEFF 		bl	printf
 4315              	.LVL428:
1405:Middlewares/Third_Party/LwIP/src/api/api_msg.c ****           err = ERR_VAL;
 4316              		.loc 1 1405 9 discriminator 1 view .LVU1314
1405:Middlewares/Third_Party/LwIP/src/api/api_msg.c ****           err = ERR_VAL;
 4317              		.loc 1 1405 9 discriminator 1 view .LVU1315
1405:Middlewares/Third_Party/LwIP/src/api/api_msg.c ****           err = ERR_VAL;
 4318              		.loc 1 1405 9 discriminator 1 view .LVU1316
1405:Middlewares/Third_Party/LwIP/src/api/api_msg.c ****           err = ERR_VAL;
 4319              		.loc 1 1405 9 discriminator 1 view .LVU1317
1405:Middlewares/Third_Party/LwIP/src/api/api_msg.c ****           err = ERR_VAL;
 4320              		.loc 1 1405 9 discriminator 1 view .LVU1318
1408:Middlewares/Third_Party/LwIP/src/api/api_msg.c ****     }
 4321              		.loc 1 1408 9 discriminator 1 view .LVU1319
1405:Middlewares/Third_Party/LwIP/src/api/api_msg.c ****           err = ERR_VAL;
 4322              		.loc 1 1405 9 is_stmt 0 discriminator 1 view .LVU1320
 4323 00d0 6FF00500 		mvn	r0, #5
1408:Middlewares/Third_Party/LwIP/src/api/api_msg.c ****     }
 4324              		.loc 1 1408 9 discriminator 1 view .LVU1321
 4325 00d4 01E0     		b	.L344
 4326              	.LVL429:
 4327              	.L352:
1357:Middlewares/Third_Party/LwIP/src/api/api_msg.c ****   } else {
 4328              		.loc 1 1357 9 view .LVU1322
 4329 00d6 6FF00E00 		mvn	r0, #14
 4330              	.L344:
 4331              	.LVL430:
1411:Middlewares/Third_Party/LwIP/src/api/api_msg.c ****   /* For all other protocols, netconn_connect() calls netconn_apimsg(),
 4332              		.loc 1 1411 3 is_stmt 1 view .LVU1323
1411:Middlewares/Third_Party/LwIP/src/api/api_msg.c ****   /* For all other protocols, netconn_connect() calls netconn_apimsg(),
 4333              		.loc 1 1411 12 is_stmt 0 view .LVU1324
 4334 00da 2071     		strb	r0, [r4, #4]
1414:Middlewares/Third_Party/LwIP/src/api/api_msg.c **** }
 4335              		.loc 1 1414 24 is_stmt 1 view .LVU1325
 4336              	.LVL431:
 4337              	.L343:
1415:Middlewares/Third_Party/LwIP/src/api/api_msg.c **** 
 4338              		.loc 1 1415 1 is_stmt 0 view .LVU1326
 4339 00dc 38BD     		pop	{r3, r4, r5, pc}
 4340              	.LVL432:
 4341              	.L353:
1374:Middlewares/Third_Party/LwIP/src/api/api_msg.c ****         } else if (msg->conn->state != NETCONN_NONE) {
 4342              		.loc 1 1374 15 view .LVU1327
 4343 00de 6FF00800 		mvn	r0, #8
 4344 00e2 FAE7     		b	.L344
 4345              	.L361:
 4346              		.align	2
 4347              	.L360:
 4348 00e4 00000000 		.word	lwip_netconn_do_connected
 4349 00e8 00000000 		.word	lock_tcpip_core
 4350 00ec 00000000 		.word	.LC0
 4351 00f0 50000000 		.word	.LC37
 4352 00f4 40000000 		.word	.LC2
ARM GAS  /tmp/ccMZQUTk.s 			page 130


 4353 00f8 00000000 		.word	.LC38
 4354              		.cfi_endproc
 4355              	.LFE192:
 4357              		.section	.text.lwip_netconn_do_disconnect,"ax",%progbits
 4358              		.align	1
 4359              		.global	lwip_netconn_do_disconnect
 4360              		.syntax unified
 4361              		.thumb
 4362              		.thumb_func
 4363              		.fpu fpv5-d16
 4365              	lwip_netconn_do_disconnect:
 4366              	.LVL433:
 4367              	.LFB193:
1426:Middlewares/Third_Party/LwIP/src/api/api_msg.c ****   struct api_msg *msg = (struct api_msg *)m;
 4368              		.loc 1 1426 1 is_stmt 1 view -0
 4369              		.cfi_startproc
 4370              		@ args = 0, pretend = 0, frame = 0
 4371              		@ frame_needed = 0, uses_anonymous_args = 0
1426:Middlewares/Third_Party/LwIP/src/api/api_msg.c ****   struct api_msg *msg = (struct api_msg *)m;
 4372              		.loc 1 1426 1 is_stmt 0 view .LVU1329
 4373 0000 10B5     		push	{r4, lr}
 4374              	.LCFI25:
 4375              		.cfi_def_cfa_offset 8
 4376              		.cfi_offset 4, -8
 4377              		.cfi_offset 14, -4
 4378 0002 0446     		mov	r4, r0
1427:Middlewares/Third_Party/LwIP/src/api/api_msg.c **** 
 4379              		.loc 1 1427 3 is_stmt 1 view .LVU1330
 4380              	.LVL434:
1430:Middlewares/Third_Party/LwIP/src/api/api_msg.c ****     udp_disconnect(msg->conn->pcb.udp);
 4381              		.loc 1 1430 3 view .LVU1331
1430:Middlewares/Third_Party/LwIP/src/api/api_msg.c ****     udp_disconnect(msg->conn->pcb.udp);
 4382              		.loc 1 1430 7 is_stmt 0 view .LVU1332
 4383 0004 0268     		ldr	r2, [r0]
 4384 0006 1378     		ldrb	r3, [r2]	@ zero_extendqisi2
1430:Middlewares/Third_Party/LwIP/src/api/api_msg.c ****     udp_disconnect(msg->conn->pcb.udp);
 4385              		.loc 1 1430 6 view .LVU1333
 4386 0008 03F0F003 		and	r3, r3, #240
 4387 000c 202B     		cmp	r3, #32
 4388 000e 02D0     		beq	.L366
1436:Middlewares/Third_Party/LwIP/src/api/api_msg.c ****   }
 4389              		.loc 1 1436 5 is_stmt 1 view .LVU1334
1436:Middlewares/Third_Party/LwIP/src/api/api_msg.c ****   }
 4390              		.loc 1 1436 14 is_stmt 0 view .LVU1335
 4391 0010 FA23     		movs	r3, #250
 4392 0012 0371     		strb	r3, [r0, #4]
1438:Middlewares/Third_Party/LwIP/src/api/api_msg.c **** }
 4393              		.loc 1 1438 24 is_stmt 1 view .LVU1336
 4394              	.LVL435:
 4395              	.L362:
1439:Middlewares/Third_Party/LwIP/src/api/api_msg.c **** 
 4396              		.loc 1 1439 1 is_stmt 0 view .LVU1337
 4397 0014 10BD     		pop	{r4, pc}
 4398              	.LVL436:
 4399              	.L366:
1431:Middlewares/Third_Party/LwIP/src/api/api_msg.c ****     msg->err = ERR_OK;
 4400              		.loc 1 1431 5 is_stmt 1 view .LVU1338
ARM GAS  /tmp/ccMZQUTk.s 			page 131


 4401 0016 5068     		ldr	r0, [r2, #4]
 4402              	.LVL437:
1431:Middlewares/Third_Party/LwIP/src/api/api_msg.c ****     msg->err = ERR_OK;
 4403              		.loc 1 1431 5 is_stmt 0 view .LVU1339
 4404 0018 FFF7FEFF 		bl	udp_disconnect
 4405              	.LVL438:
1432:Middlewares/Third_Party/LwIP/src/api/api_msg.c ****   } else
 4406              		.loc 1 1432 5 is_stmt 1 view .LVU1340
1432:Middlewares/Third_Party/LwIP/src/api/api_msg.c ****   } else
 4407              		.loc 1 1432 14 is_stmt 0 view .LVU1341
 4408 001c 0023     		movs	r3, #0
 4409 001e 2371     		strb	r3, [r4, #4]
 4410 0020 F8E7     		b	.L362
 4411              		.cfi_endproc
 4412              	.LFE193:
 4414              		.section	.text.lwip_netconn_do_listen,"ax",%progbits
 4415              		.align	1
 4416              		.global	lwip_netconn_do_listen
 4417              		.syntax unified
 4418              		.thumb
 4419              		.thumb_func
 4420              		.fpu fpv5-d16
 4422              	lwip_netconn_do_listen:
 4423              	.LVL439:
 4424              	.LFB194:
1450:Middlewares/Third_Party/LwIP/src/api/api_msg.c ****   struct api_msg *msg = (struct api_msg *)m;
 4425              		.loc 1 1450 1 is_stmt 1 view -0
 4426              		.cfi_startproc
 4427              		@ args = 0, pretend = 0, frame = 8
 4428              		@ frame_needed = 0, uses_anonymous_args = 0
1450:Middlewares/Third_Party/LwIP/src/api/api_msg.c ****   struct api_msg *msg = (struct api_msg *)m;
 4429              		.loc 1 1450 1 is_stmt 0 view .LVU1343
 4430 0000 30B5     		push	{r4, r5, lr}
 4431              	.LCFI26:
 4432              		.cfi_def_cfa_offset 12
 4433              		.cfi_offset 4, -12
 4434              		.cfi_offset 5, -8
 4435              		.cfi_offset 14, -4
 4436 0002 83B0     		sub	sp, sp, #12
 4437              	.LCFI27:
 4438              		.cfi_def_cfa_offset 24
 4439 0004 0446     		mov	r4, r0
1451:Middlewares/Third_Party/LwIP/src/api/api_msg.c ****   err_t err;
 4440              		.loc 1 1451 3 is_stmt 1 view .LVU1344
 4441              	.LVL440:
1452:Middlewares/Third_Party/LwIP/src/api/api_msg.c **** 
 4442              		.loc 1 1452 3 view .LVU1345
1454:Middlewares/Third_Party/LwIP/src/api/api_msg.c ****     if (NETCONNTYPE_GROUP(msg->conn->type) == NETCONN_TCP) {
 4443              		.loc 1 1454 3 view .LVU1346
1454:Middlewares/Third_Party/LwIP/src/api/api_msg.c ****     if (NETCONNTYPE_GROUP(msg->conn->type) == NETCONN_TCP) {
 4444              		.loc 1 1454 10 is_stmt 0 view .LVU1347
 4445 0006 0368     		ldr	r3, [r0]
1454:Middlewares/Third_Party/LwIP/src/api/api_msg.c ****     if (NETCONNTYPE_GROUP(msg->conn->type) == NETCONN_TCP) {
 4446              		.loc 1 1454 21 view .LVU1348
 4447 0008 5868     		ldr	r0, [r3, #4]
 4448              	.LVL441:
1454:Middlewares/Third_Party/LwIP/src/api/api_msg.c ****     if (NETCONNTYPE_GROUP(msg->conn->type) == NETCONN_TCP) {
ARM GAS  /tmp/ccMZQUTk.s 			page 132


 4449              		.loc 1 1454 6 view .LVU1349
 4450 000a 0028     		cmp	r0, #0
 4451 000c 5ED0     		beq	.L368
1455:Middlewares/Third_Party/LwIP/src/api/api_msg.c ****       if (msg->conn->state == NETCONN_NONE) {
 4452              		.loc 1 1455 5 is_stmt 1 view .LVU1350
1455:Middlewares/Third_Party/LwIP/src/api/api_msg.c ****       if (msg->conn->state == NETCONN_NONE) {
 4453              		.loc 1 1455 9 is_stmt 0 view .LVU1351
 4454 000e 1A78     		ldrb	r2, [r3]	@ zero_extendqisi2
1455:Middlewares/Third_Party/LwIP/src/api/api_msg.c ****       if (msg->conn->state == NETCONN_NONE) {
 4455              		.loc 1 1455 8 view .LVU1352
 4456 0010 02F0F002 		and	r2, r2, #240
 4457 0014 102A     		cmp	r2, #16
 4458 0016 07D0     		beq	.L378
1515:Middlewares/Third_Party/LwIP/src/api/api_msg.c ****     }
 4459              		.loc 1 1515 7 is_stmt 1 view .LVU1353
1515:Middlewares/Third_Party/LwIP/src/api/api_msg.c ****     }
 4460              		.loc 1 1515 11 is_stmt 0 view .LVU1354
 4461 0018 F023     		movs	r3, #240
 4462 001a 8DF80730 		strb	r3, [sp, #7]
 4463              	.L372:
1520:Middlewares/Third_Party/LwIP/src/api/api_msg.c ****   TCPIP_APIMSG_ACK(msg);
 4464              		.loc 1 1520 3 is_stmt 1 view .LVU1355
1520:Middlewares/Third_Party/LwIP/src/api/api_msg.c ****   TCPIP_APIMSG_ACK(msg);
 4465              		.loc 1 1520 12 is_stmt 0 view .LVU1356
 4466 001e 9DF80730 		ldrb	r3, [sp, #7]	@ zero_extendqisi2
 4467 0022 2371     		strb	r3, [r4, #4]
1521:Middlewares/Third_Party/LwIP/src/api/api_msg.c **** }
 4468              		.loc 1 1521 24 is_stmt 1 view .LVU1357
1522:Middlewares/Third_Party/LwIP/src/api/api_msg.c **** #endif /* LWIP_TCP */
 4469              		.loc 1 1522 1 is_stmt 0 view .LVU1358
 4470 0024 03B0     		add	sp, sp, #12
 4471              	.LCFI28:
 4472              		.cfi_remember_state
 4473              		.cfi_def_cfa_offset 12
 4474              		@ sp needed
 4475 0026 30BD     		pop	{r4, r5, pc}
 4476              	.LVL442:
 4477              	.L378:
 4478              	.LCFI29:
 4479              		.cfi_restore_state
1456:Middlewares/Third_Party/LwIP/src/api/api_msg.c ****         struct tcp_pcb *lpcb;
 4480              		.loc 1 1456 7 is_stmt 1 view .LVU1359
1456:Middlewares/Third_Party/LwIP/src/api/api_msg.c ****         struct tcp_pcb *lpcb;
 4481              		.loc 1 1456 20 is_stmt 0 view .LVU1360
 4482 0028 5B78     		ldrb	r3, [r3, #1]	@ zero_extendqisi2
1456:Middlewares/Third_Party/LwIP/src/api/api_msg.c ****         struct tcp_pcb *lpcb;
 4483              		.loc 1 1456 10 view .LVU1361
 4484 002a 002B     		cmp	r3, #0
 4485 002c 44D1     		bne	.L370
 4486              	.LBB23:
1457:Middlewares/Third_Party/LwIP/src/api/api_msg.c ****         if (msg->conn->pcb.tcp->state != CLOSED) {
 4487              		.loc 1 1457 9 is_stmt 1 view .LVU1362
1458:Middlewares/Third_Party/LwIP/src/api/api_msg.c ****           /* connection is not closed, cannot listen */
 4488              		.loc 1 1458 9 view .LVU1363
1458:Middlewares/Third_Party/LwIP/src/api/api_msg.c ****           /* connection is not closed, cannot listen */
 4489              		.loc 1 1458 31 is_stmt 0 view .LVU1364
 4490 002e 037D     		ldrb	r3, [r0, #20]	@ zero_extendqisi2
ARM GAS  /tmp/ccMZQUTk.s 			page 133


1458:Middlewares/Third_Party/LwIP/src/api/api_msg.c ****           /* connection is not closed, cannot listen */
 4491              		.loc 1 1458 12 view .LVU1365
 4492 0030 1BB1     		cbz	r3, .L371
1460:Middlewares/Third_Party/LwIP/src/api/api_msg.c ****         } else {
 4493              		.loc 1 1460 11 is_stmt 1 view .LVU1366
1460:Middlewares/Third_Party/LwIP/src/api/api_msg.c ****         } else {
 4494              		.loc 1 1460 15 is_stmt 0 view .LVU1367
 4495 0032 FA23     		movs	r3, #250
 4496 0034 8DF80730 		strb	r3, [sp, #7]
 4497 0038 F1E7     		b	.L372
 4498              	.L371:
 4499              	.LBB24:
1462:Middlewares/Third_Party/LwIP/src/api/api_msg.c **** #if TCP_LISTEN_BACKLOG
 4500              		.loc 1 1462 11 is_stmt 1 view .LVU1368
1466:Middlewares/Third_Party/LwIP/src/api/api_msg.c **** #endif /* TCP_LISTEN_BACKLOG */
 4501              		.loc 1 1466 11 view .LVU1369
 4502              	.LVL443:
1480:Middlewares/Third_Party/LwIP/src/api/api_msg.c **** 
 4503              		.loc 1 1480 11 view .LVU1370
1480:Middlewares/Third_Party/LwIP/src/api/api_msg.c **** 
 4504              		.loc 1 1480 18 is_stmt 0 view .LVU1371
 4505 003a 0DF10702 		add	r2, sp, #7
 4506 003e FF21     		movs	r1, #255
 4507 0040 FFF7FEFF 		bl	tcp_listen_with_backlog_and_err
 4508              	.LVL444:
1482:Middlewares/Third_Party/LwIP/src/api/api_msg.c ****             /* in this case, the old pcb is still allocated */
 4509              		.loc 1 1482 11 is_stmt 1 view .LVU1372
1482:Middlewares/Third_Party/LwIP/src/api/api_msg.c ****             /* in this case, the old pcb is still allocated */
 4510              		.loc 1 1482 14 is_stmt 0 view .LVU1373
 4511 0044 0546     		mov	r5, r0
 4512 0046 0028     		cmp	r0, #0
 4513 0048 E9D0     		beq	.L372
1486:Middlewares/Third_Party/LwIP/src/api/api_msg.c ****               /** @todo: should we drain the recvmbox here? */
 4514              		.loc 1 1486 13 is_stmt 1 view .LVU1374
1486:Middlewares/Third_Party/LwIP/src/api/api_msg.c ****               /** @todo: should we drain the recvmbox here? */
 4515              		.loc 1 1486 36 is_stmt 0 view .LVU1375
 4516 004a 2068     		ldr	r0, [r4]
 4517              	.LVL445:
1486:Middlewares/Third_Party/LwIP/src/api/api_msg.c ****               /** @todo: should we drain the recvmbox here? */
 4518              		.loc 1 1486 17 view .LVU1376
 4519 004c 1030     		adds	r0, r0, #16
 4520 004e FFF7FEFF 		bl	sys_mbox_valid
 4521              	.LVL446:
1486:Middlewares/Third_Party/LwIP/src/api/api_msg.c ****               /** @todo: should we drain the recvmbox here? */
 4522              		.loc 1 1486 16 view .LVU1377
 4523 0052 C8B9     		cbnz	r0, .L379
 4524              	.L373:
1491:Middlewares/Third_Party/LwIP/src/api/api_msg.c ****             if (!sys_mbox_valid(&msg->conn->acceptmbox)) {
 4525              		.loc 1 1491 13 is_stmt 1 view .LVU1378
1491:Middlewares/Third_Party/LwIP/src/api/api_msg.c ****             if (!sys_mbox_valid(&msg->conn->acceptmbox)) {
 4526              		.loc 1 1491 17 is_stmt 0 view .LVU1379
 4527 0054 0023     		movs	r3, #0
 4528 0056 8DF80730 		strb	r3, [sp, #7]
1492:Middlewares/Third_Party/LwIP/src/api/api_msg.c ****               err = sys_mbox_new(&msg->conn->acceptmbox, DEFAULT_ACCEPTMBOX_SIZE);
 4529              		.loc 1 1492 13 is_stmt 1 view .LVU1380
1492:Middlewares/Third_Party/LwIP/src/api/api_msg.c ****               err = sys_mbox_new(&msg->conn->acceptmbox, DEFAULT_ACCEPTMBOX_SIZE);
 4530              		.loc 1 1492 37 is_stmt 0 view .LVU1381
ARM GAS  /tmp/ccMZQUTk.s 			page 134


 4531 005a 2068     		ldr	r0, [r4]
1492:Middlewares/Third_Party/LwIP/src/api/api_msg.c ****               err = sys_mbox_new(&msg->conn->acceptmbox, DEFAULT_ACCEPTMBOX_SIZE);
 4532              		.loc 1 1492 18 view .LVU1382
 4533 005c 1430     		adds	r0, r0, #20
 4534 005e FFF7FEFF 		bl	sys_mbox_valid
 4535              	.LVL447:
1492:Middlewares/Third_Party/LwIP/src/api/api_msg.c ****               err = sys_mbox_new(&msg->conn->acceptmbox, DEFAULT_ACCEPTMBOX_SIZE);
 4536              		.loc 1 1492 16 view .LVU1383
 4537 0062 D0B1     		cbz	r0, .L380
 4538              	.L374:
1495:Middlewares/Third_Party/LwIP/src/api/api_msg.c ****               msg->conn->state = NETCONN_LISTEN;
 4539              		.loc 1 1495 13 is_stmt 1 view .LVU1384
1495:Middlewares/Third_Party/LwIP/src/api/api_msg.c ****               msg->conn->state = NETCONN_LISTEN;
 4540              		.loc 1 1495 21 is_stmt 0 view .LVU1385
 4541 0064 9DF90730 		ldrsb	r3, [sp, #7]
1495:Middlewares/Third_Party/LwIP/src/api/api_msg.c ****               msg->conn->state = NETCONN_LISTEN;
 4542              		.loc 1 1495 16 view .LVU1386
 4543 0068 FBB9     		cbnz	r3, .L375
1496:Middlewares/Third_Party/LwIP/src/api/api_msg.c ****               msg->conn->pcb.tcp = lpcb;
 4544              		.loc 1 1496 15 is_stmt 1 view .LVU1387
1496:Middlewares/Third_Party/LwIP/src/api/api_msg.c ****               msg->conn->pcb.tcp = lpcb;
 4545              		.loc 1 1496 18 is_stmt 0 view .LVU1388
 4546 006a 2368     		ldr	r3, [r4]
1496:Middlewares/Third_Party/LwIP/src/api/api_msg.c ****               msg->conn->pcb.tcp = lpcb;
 4547              		.loc 1 1496 32 view .LVU1389
 4548 006c 0222     		movs	r2, #2
 4549 006e 5A70     		strb	r2, [r3, #1]
1497:Middlewares/Third_Party/LwIP/src/api/api_msg.c ****               tcp_arg(msg->conn->pcb.tcp, msg->conn);
 4550              		.loc 1 1497 15 is_stmt 1 view .LVU1390
1497:Middlewares/Third_Party/LwIP/src/api/api_msg.c ****               tcp_arg(msg->conn->pcb.tcp, msg->conn);
 4551              		.loc 1 1497 18 is_stmt 0 view .LVU1391
 4552 0070 2368     		ldr	r3, [r4]
1497:Middlewares/Third_Party/LwIP/src/api/api_msg.c ****               tcp_arg(msg->conn->pcb.tcp, msg->conn);
 4553              		.loc 1 1497 34 view .LVU1392
 4554 0072 5D60     		str	r5, [r3, #4]
1498:Middlewares/Third_Party/LwIP/src/api/api_msg.c ****               tcp_accept(msg->conn->pcb.tcp, accept_function);
 4555              		.loc 1 1498 15 is_stmt 1 view .LVU1393
1498:Middlewares/Third_Party/LwIP/src/api/api_msg.c ****               tcp_accept(msg->conn->pcb.tcp, accept_function);
 4556              		.loc 1 1498 26 is_stmt 0 view .LVU1394
 4557 0074 2168     		ldr	r1, [r4]
1498:Middlewares/Third_Party/LwIP/src/api/api_msg.c ****               tcp_accept(msg->conn->pcb.tcp, accept_function);
 4558              		.loc 1 1498 15 view .LVU1395
 4559 0076 4868     		ldr	r0, [r1, #4]
 4560 0078 FFF7FEFF 		bl	tcp_arg
 4561              	.LVL448:
1499:Middlewares/Third_Party/LwIP/src/api/api_msg.c ****             } else {
 4562              		.loc 1 1499 15 is_stmt 1 view .LVU1396
1499:Middlewares/Third_Party/LwIP/src/api/api_msg.c ****             } else {
 4563              		.loc 1 1499 29 is_stmt 0 view .LVU1397
 4564 007c 2368     		ldr	r3, [r4]
1499:Middlewares/Third_Party/LwIP/src/api/api_msg.c ****             } else {
 4565              		.loc 1 1499 15 view .LVU1398
 4566 007e 1549     		ldr	r1, .L382
 4567 0080 5868     		ldr	r0, [r3, #4]
 4568 0082 FFF7FEFF 		bl	tcp_accept
 4569              	.LVL449:
 4570 0086 CAE7     		b	.L372
ARM GAS  /tmp/ccMZQUTk.s 			page 135


 4571              	.L379:
1488:Middlewares/Third_Party/LwIP/src/api/api_msg.c ****               sys_mbox_set_invalid(&msg->conn->recvmbox);
 4572              		.loc 1 1488 15 is_stmt 1 view .LVU1399
1488:Middlewares/Third_Party/LwIP/src/api/api_msg.c ****               sys_mbox_set_invalid(&msg->conn->recvmbox);
 4573              		.loc 1 1488 33 is_stmt 0 view .LVU1400
 4574 0088 2068     		ldr	r0, [r4]
1488:Middlewares/Third_Party/LwIP/src/api/api_msg.c ****               sys_mbox_set_invalid(&msg->conn->recvmbox);
 4575              		.loc 1 1488 15 view .LVU1401
 4576 008a 1030     		adds	r0, r0, #16
 4577 008c FFF7FEFF 		bl	sys_mbox_free
 4578              	.LVL450:
1489:Middlewares/Third_Party/LwIP/src/api/api_msg.c ****             }
 4579              		.loc 1 1489 15 is_stmt 1 view .LVU1402
1489:Middlewares/Third_Party/LwIP/src/api/api_msg.c ****             }
 4580              		.loc 1 1489 40 is_stmt 0 view .LVU1403
 4581 0090 2068     		ldr	r0, [r4]
1489:Middlewares/Third_Party/LwIP/src/api/api_msg.c ****             }
 4582              		.loc 1 1489 15 view .LVU1404
 4583 0092 1030     		adds	r0, r0, #16
 4584 0094 FFF7FEFF 		bl	sys_mbox_set_invalid
 4585              	.LVL451:
 4586 0098 DCE7     		b	.L373
 4587              	.L380:
1493:Middlewares/Third_Party/LwIP/src/api/api_msg.c ****             }
 4588              		.loc 1 1493 15 is_stmt 1 view .LVU1405
1493:Middlewares/Third_Party/LwIP/src/api/api_msg.c ****             }
 4589              		.loc 1 1493 38 is_stmt 0 view .LVU1406
 4590 009a 2068     		ldr	r0, [r4]
1493:Middlewares/Third_Party/LwIP/src/api/api_msg.c ****             }
 4591              		.loc 1 1493 21 view .LVU1407
 4592 009c 0621     		movs	r1, #6
 4593 009e 1430     		adds	r0, r0, #20
 4594 00a0 FFF7FEFF 		bl	sys_mbox_new
 4595              	.LVL452:
1493:Middlewares/Third_Party/LwIP/src/api/api_msg.c ****             }
 4596              		.loc 1 1493 19 view .LVU1408
 4597 00a4 8DF80700 		strb	r0, [sp, #7]
 4598 00a8 DCE7     		b	.L374
 4599              	.L375:
1502:Middlewares/Third_Party/LwIP/src/api/api_msg.c ****               msg->conn->pcb.tcp = NULL;
 4600              		.loc 1 1502 15 is_stmt 1 view .LVU1409
 4601 00aa 2846     		mov	r0, r5
 4602 00ac FFF7FEFF 		bl	tcp_close
 4603              	.LVL453:
1503:Middlewares/Third_Party/LwIP/src/api/api_msg.c ****             }
 4604              		.loc 1 1503 15 view .LVU1410
1503:Middlewares/Third_Party/LwIP/src/api/api_msg.c ****             }
 4605              		.loc 1 1503 18 is_stmt 0 view .LVU1411
 4606 00b0 2368     		ldr	r3, [r4]
1503:Middlewares/Third_Party/LwIP/src/api/api_msg.c ****             }
 4607              		.loc 1 1503 34 view .LVU1412
 4608 00b2 0022     		movs	r2, #0
 4609 00b4 5A60     		str	r2, [r3, #4]
 4610 00b6 B2E7     		b	.L372
 4611              	.LVL454:
 4612              	.L370:
1503:Middlewares/Third_Party/LwIP/src/api/api_msg.c ****             }
ARM GAS  /tmp/ccMZQUTk.s 			page 136


 4613              		.loc 1 1503 34 view .LVU1413
 4614              	.LBE24:
 4615              	.LBE23:
1507:Middlewares/Third_Party/LwIP/src/api/api_msg.c ****         /* already listening, allow updating of the backlog */
 4616              		.loc 1 1507 14 is_stmt 1 view .LVU1414
1507:Middlewares/Third_Party/LwIP/src/api/api_msg.c ****         /* already listening, allow updating of the backlog */
 4617              		.loc 1 1507 17 is_stmt 0 view .LVU1415
 4618 00b8 022B     		cmp	r3, #2
 4619 00ba 03D0     		beq	.L381
1512:Middlewares/Third_Party/LwIP/src/api/api_msg.c ****       }
 4620              		.loc 1 1512 9 is_stmt 1 view .LVU1416
1512:Middlewares/Third_Party/LwIP/src/api/api_msg.c ****       }
 4621              		.loc 1 1512 13 is_stmt 0 view .LVU1417
 4622 00bc F523     		movs	r3, #245
 4623 00be 8DF80730 		strb	r3, [sp, #7]
 4624 00c2 ACE7     		b	.L372
 4625              	.L381:
1509:Middlewares/Third_Party/LwIP/src/api/api_msg.c ****         tcp_backlog_set(msg->conn->pcb.tcp, msg->msg.lb.backlog);
 4626              		.loc 1 1509 9 is_stmt 1 view .LVU1418
1509:Middlewares/Third_Party/LwIP/src/api/api_msg.c ****         tcp_backlog_set(msg->conn->pcb.tcp, msg->msg.lb.backlog);
 4627              		.loc 1 1509 13 is_stmt 0 view .LVU1419
 4628 00c4 0023     		movs	r3, #0
 4629 00c6 8DF80730 		strb	r3, [sp, #7]
1510:Middlewares/Third_Party/LwIP/src/api/api_msg.c ****       } else {
 4630              		.loc 1 1510 65 is_stmt 1 view .LVU1420
 4631 00ca A8E7     		b	.L372
 4632              	.L368:
1518:Middlewares/Third_Party/LwIP/src/api/api_msg.c ****   }
 4633              		.loc 1 1518 5 view .LVU1421
1518:Middlewares/Third_Party/LwIP/src/api/api_msg.c ****   }
 4634              		.loc 1 1518 9 is_stmt 0 view .LVU1422
 4635 00cc F523     		movs	r3, #245
 4636 00ce 8DF80730 		strb	r3, [sp, #7]
 4637 00d2 A4E7     		b	.L372
 4638              	.L383:
 4639              		.align	2
 4640              	.L382:
 4641 00d4 00000000 		.word	accept_function
 4642              		.cfi_endproc
 4643              	.LFE194:
 4645              		.section	.text.lwip_netconn_do_send,"ax",%progbits
 4646              		.align	1
 4647              		.global	lwip_netconn_do_send
 4648              		.syntax unified
 4649              		.thumb
 4650              		.thumb_func
 4651              		.fpu fpv5-d16
 4653              	lwip_netconn_do_send:
 4654              	.LVL455:
 4655              	.LFB195:
1533:Middlewares/Third_Party/LwIP/src/api/api_msg.c ****   struct api_msg *msg = (struct api_msg *)m;
 4656              		.loc 1 1533 1 is_stmt 1 view -0
 4657              		.cfi_startproc
 4658              		@ args = 0, pretend = 0, frame = 0
 4659              		@ frame_needed = 0, uses_anonymous_args = 0
1533:Middlewares/Third_Party/LwIP/src/api/api_msg.c ****   struct api_msg *msg = (struct api_msg *)m;
 4660              		.loc 1 1533 1 is_stmt 0 view .LVU1424
ARM GAS  /tmp/ccMZQUTk.s 			page 137


 4661 0000 10B5     		push	{r4, lr}
 4662              	.LCFI30:
 4663              		.cfi_def_cfa_offset 8
 4664              		.cfi_offset 4, -8
 4665              		.cfi_offset 14, -4
 4666 0002 0446     		mov	r4, r0
1534:Middlewares/Third_Party/LwIP/src/api/api_msg.c **** 
 4667              		.loc 1 1534 3 is_stmt 1 view .LVU1425
 4668              	.LVL456:
1536:Middlewares/Third_Party/LwIP/src/api/api_msg.c ****   if (err == ERR_OK) {
 4669              		.loc 1 1536 3 view .LVU1426
1536:Middlewares/Third_Party/LwIP/src/api/api_msg.c ****   if (err == ERR_OK) {
 4670              		.loc 1 1536 15 is_stmt 0 view .LVU1427
 4671 0004 0068     		ldr	r0, [r0]
 4672              	.LVL457:
1536:Middlewares/Third_Party/LwIP/src/api/api_msg.c ****   if (err == ERR_OK) {
 4673              		.loc 1 1536 15 view .LVU1428
 4674 0006 FFF7FEFF 		bl	netconn_err
 4675              	.LVL458:
1537:Middlewares/Third_Party/LwIP/src/api/api_msg.c ****     if (msg->conn->pcb.tcp != NULL) {
 4676              		.loc 1 1537 3 is_stmt 1 view .LVU1429
1537:Middlewares/Third_Party/LwIP/src/api/api_msg.c ****     if (msg->conn->pcb.tcp != NULL) {
 4677              		.loc 1 1537 6 is_stmt 0 view .LVU1430
 4678 000a 0346     		mov	r3, r0
 4679 000c 48B9     		cbnz	r0, .L385
1538:Middlewares/Third_Party/LwIP/src/api/api_msg.c ****       switch (NETCONNTYPE_GROUP(msg->conn->type)) {
 4680              		.loc 1 1538 5 is_stmt 1 view .LVU1431
1538:Middlewares/Third_Party/LwIP/src/api/api_msg.c ****       switch (NETCONNTYPE_GROUP(msg->conn->type)) {
 4681              		.loc 1 1538 12 is_stmt 0 view .LVU1432
 4682 000e 2368     		ldr	r3, [r4]
1538:Middlewares/Third_Party/LwIP/src/api/api_msg.c ****       switch (NETCONNTYPE_GROUP(msg->conn->type)) {
 4683              		.loc 1 1538 23 view .LVU1433
 4684 0010 5868     		ldr	r0, [r3, #4]
 4685              	.LVL459:
1538:Middlewares/Third_Party/LwIP/src/api/api_msg.c ****       switch (NETCONNTYPE_GROUP(msg->conn->type)) {
 4686              		.loc 1 1538 8 view .LVU1434
 4687 0012 C0B1     		cbz	r0, .L387
1539:Middlewares/Third_Party/LwIP/src/api/api_msg.c **** #if LWIP_RAW
 4688              		.loc 1 1539 7 is_stmt 1 view .LVU1435
1539:Middlewares/Third_Party/LwIP/src/api/api_msg.c **** #if LWIP_RAW
 4689              		.loc 1 1539 15 is_stmt 0 view .LVU1436
 4690 0014 1B78     		ldrb	r3, [r3]	@ zero_extendqisi2
1539:Middlewares/Third_Party/LwIP/src/api/api_msg.c **** #if LWIP_RAW
 4691              		.loc 1 1539 7 view .LVU1437
 4692 0016 03F0F003 		and	r3, r3, #240
 4693 001a 202B     		cmp	r3, #32
 4694 001c 03D0     		beq	.L390
1570:Middlewares/Third_Party/LwIP/src/api/api_msg.c ****           break;
 4695              		.loc 1 1570 15 view .LVU1438
 4696 001e 6FF00A03 		mvn	r3, #10
 4697              	.L385:
 4698              	.LVL460:
1577:Middlewares/Third_Party/LwIP/src/api/api_msg.c ****   TCPIP_APIMSG_ACK(msg);
 4699              		.loc 1 1577 3 is_stmt 1 view .LVU1439
1577:Middlewares/Third_Party/LwIP/src/api/api_msg.c ****   TCPIP_APIMSG_ACK(msg);
 4700              		.loc 1 1577 12 is_stmt 0 view .LVU1440
 4701 0022 2371     		strb	r3, [r4, #4]
ARM GAS  /tmp/ccMZQUTk.s 			page 138


1578:Middlewares/Third_Party/LwIP/src/api/api_msg.c **** }
 4702              		.loc 1 1578 24 is_stmt 1 view .LVU1441
1579:Middlewares/Third_Party/LwIP/src/api/api_msg.c **** 
 4703              		.loc 1 1579 1 is_stmt 0 view .LVU1442
 4704 0024 10BD     		pop	{r4, pc}
 4705              	.LVL461:
 4706              	.L390:
1561:Middlewares/Third_Party/LwIP/src/api/api_msg.c ****             err = udp_send(msg->conn->pcb.udp, msg->msg.b->p);
 4707              		.loc 1 1561 11 is_stmt 1 view .LVU1443
1561:Middlewares/Third_Party/LwIP/src/api/api_msg.c ****             err = udp_send(msg->conn->pcb.udp, msg->msg.b->p);
 4708              		.loc 1 1561 15 is_stmt 0 view .LVU1444
 4709 0026 A168     		ldr	r1, [r4, #8]
 4710 0028 8B68     		ldr	r3, [r1, #8]
1561:Middlewares/Third_Party/LwIP/src/api/api_msg.c ****             err = udp_send(msg->conn->pcb.udp, msg->msg.b->p);
 4711              		.loc 1 1561 14 view .LVU1445
 4712 002a 23B9     		cbnz	r3, .L386
1562:Middlewares/Third_Party/LwIP/src/api/api_msg.c ****           } else {
 4713              		.loc 1 1562 13 is_stmt 1 view .LVU1446
1562:Middlewares/Third_Party/LwIP/src/api/api_msg.c ****           } else {
 4714              		.loc 1 1562 19 is_stmt 0 view .LVU1447
 4715 002c 0968     		ldr	r1, [r1]
 4716 002e FFF7FEFF 		bl	udp_send
 4717              	.LVL462:
 4718 0032 0346     		mov	r3, r0
 4719              	.LVL463:
1562:Middlewares/Third_Party/LwIP/src/api/api_msg.c ****           } else {
 4720              		.loc 1 1562 19 view .LVU1448
 4721 0034 F5E7     		b	.L385
 4722              	.LVL464:
 4723              	.L386:
1564:Middlewares/Third_Party/LwIP/src/api/api_msg.c ****           }
 4724              		.loc 1 1564 13 is_stmt 1 view .LVU1449
1564:Middlewares/Third_Party/LwIP/src/api/api_msg.c ****           }
 4725              		.loc 1 1564 19 is_stmt 0 view .LVU1450
 4726 0036 8B89     		ldrh	r3, [r1, #12]
 4727 0038 01F10802 		add	r2, r1, #8
 4728 003c 0968     		ldr	r1, [r1]
 4729 003e FFF7FEFF 		bl	udp_sendto
 4730              	.LVL465:
 4731 0042 0346     		mov	r3, r0
 4732              	.LVL466:
1564:Middlewares/Third_Party/LwIP/src/api/api_msg.c ****           }
 4733              		.loc 1 1564 19 view .LVU1451
 4734 0044 EDE7     		b	.L385
 4735              	.LVL467:
 4736              	.L387:
1574:Middlewares/Third_Party/LwIP/src/api/api_msg.c ****     }
 4737              		.loc 1 1574 11 view .LVU1452
 4738 0046 6FF00A03 		mvn	r3, #10
 4739 004a EAE7     		b	.L385
 4740              		.cfi_endproc
 4741              	.LFE195:
 4743              		.section	.text.lwip_netconn_do_recv,"ax",%progbits
 4744              		.align	1
 4745              		.global	lwip_netconn_do_recv
 4746              		.syntax unified
 4747              		.thumb
ARM GAS  /tmp/ccMZQUTk.s 			page 139


 4748              		.thumb_func
 4749              		.fpu fpv5-d16
 4751              	lwip_netconn_do_recv:
 4752              	.LVL468:
 4753              	.LFB196:
1590:Middlewares/Third_Party/LwIP/src/api/api_msg.c ****   struct api_msg *msg = (struct api_msg *)m;
 4754              		.loc 1 1590 1 is_stmt 1 view -0
 4755              		.cfi_startproc
 4756              		@ args = 0, pretend = 0, frame = 0
 4757              		@ frame_needed = 0, uses_anonymous_args = 0
1591:Middlewares/Third_Party/LwIP/src/api/api_msg.c **** 
 4758              		.loc 1 1591 3 view .LVU1454
1593:Middlewares/Third_Party/LwIP/src/api/api_msg.c ****   if (msg->conn->pcb.tcp != NULL) {
 4759              		.loc 1 1593 3 view .LVU1455
1593:Middlewares/Third_Party/LwIP/src/api/api_msg.c ****   if (msg->conn->pcb.tcp != NULL) {
 4760              		.loc 1 1593 12 is_stmt 0 view .LVU1456
 4761 0000 0023     		movs	r3, #0
 4762 0002 0371     		strb	r3, [r0, #4]
1594:Middlewares/Third_Party/LwIP/src/api/api_msg.c ****     if (NETCONNTYPE_GROUP(msg->conn->type) == NETCONN_TCP) {
 4763              		.loc 1 1594 3 is_stmt 1 view .LVU1457
1594:Middlewares/Third_Party/LwIP/src/api/api_msg.c ****     if (NETCONNTYPE_GROUP(msg->conn->type) == NETCONN_TCP) {
 4764              		.loc 1 1594 10 is_stmt 0 view .LVU1458
 4765 0004 0368     		ldr	r3, [r0]
1594:Middlewares/Third_Party/LwIP/src/api/api_msg.c ****     if (NETCONNTYPE_GROUP(msg->conn->type) == NETCONN_TCP) {
 4766              		.loc 1 1594 21 view .LVU1459
 4767 0006 5A68     		ldr	r2, [r3, #4]
1594:Middlewares/Third_Party/LwIP/src/api/api_msg.c ****     if (NETCONNTYPE_GROUP(msg->conn->type) == NETCONN_TCP) {
 4768              		.loc 1 1594 6 view .LVU1460
 4769 0008 BAB1     		cbz	r2, .L397
1590:Middlewares/Third_Party/LwIP/src/api/api_msg.c ****   struct api_msg *msg = (struct api_msg *)m;
 4770              		.loc 1 1590 1 view .LVU1461
 4771 000a 70B5     		push	{r4, r5, r6, lr}
 4772              	.LCFI31:
 4773              		.cfi_def_cfa_offset 16
 4774              		.cfi_offset 4, -16
 4775              		.cfi_offset 5, -12
 4776              		.cfi_offset 6, -8
 4777              		.cfi_offset 14, -4
 4778 000c 0646     		mov	r6, r0
1595:Middlewares/Third_Party/LwIP/src/api/api_msg.c ****       size_t remaining = msg->msg.r.len;
 4779              		.loc 1 1595 5 is_stmt 1 view .LVU1462
1595:Middlewares/Third_Party/LwIP/src/api/api_msg.c ****       size_t remaining = msg->msg.r.len;
 4780              		.loc 1 1595 9 is_stmt 0 view .LVU1463
 4781 000e 1B78     		ldrb	r3, [r3]	@ zero_extendqisi2
1595:Middlewares/Third_Party/LwIP/src/api/api_msg.c ****       size_t remaining = msg->msg.r.len;
 4782              		.loc 1 1595 8 view .LVU1464
 4783 0010 03F0F003 		and	r3, r3, #240
 4784 0014 102B     		cmp	r3, #16
 4785 0016 00D0     		beq	.L400
 4786              	.LVL469:
 4787              	.L391:
1605:Middlewares/Third_Party/LwIP/src/api/api_msg.c **** 
 4788              		.loc 1 1605 1 view .LVU1465
 4789 0018 70BD     		pop	{r4, r5, r6, pc}
 4790              	.LVL470:
 4791              	.L400:
 4792              	.LBB25:
ARM GAS  /tmp/ccMZQUTk.s 			page 140


1596:Middlewares/Third_Party/LwIP/src/api/api_msg.c ****       do {
 4793              		.loc 1 1596 7 is_stmt 1 view .LVU1466
1596:Middlewares/Third_Party/LwIP/src/api/api_msg.c ****       do {
 4794              		.loc 1 1596 14 is_stmt 0 view .LVU1467
 4795 001a 8468     		ldr	r4, [r0, #8]
 4796              	.LVL471:
1596:Middlewares/Third_Party/LwIP/src/api/api_msg.c ****       do {
 4797              		.loc 1 1596 14 view .LVU1468
 4798 001c 08E0     		b	.L394
 4799              	.LVL472:
 4800              	.L395:
 4801              	.LBB26:
1598:Middlewares/Third_Party/LwIP/src/api/api_msg.c ****         tcp_recved(msg->conn->pcb.tcp, recved);
 4802              		.loc 1 1598 24 view .LVU1469
 4803 001e 4FF6FF75 		movw	r5, #65535
 4804              	.L393:
 4805              	.LVL473:
1599:Middlewares/Third_Party/LwIP/src/api/api_msg.c ****         remaining -= recved;
 4806              		.loc 1 1599 9 is_stmt 1 discriminator 4 view .LVU1470
1599:Middlewares/Third_Party/LwIP/src/api/api_msg.c ****         remaining -= recved;
 4807              		.loc 1 1599 23 is_stmt 0 discriminator 4 view .LVU1471
 4808 0022 3368     		ldr	r3, [r6]
1599:Middlewares/Third_Party/LwIP/src/api/api_msg.c ****         remaining -= recved;
 4809              		.loc 1 1599 9 discriminator 4 view .LVU1472
 4810 0024 2946     		mov	r1, r5
 4811 0026 5868     		ldr	r0, [r3, #4]
 4812 0028 FFF7FEFF 		bl	tcp_recved
 4813              	.LVL474:
1600:Middlewares/Third_Party/LwIP/src/api/api_msg.c ****       } while (remaining != 0);
 4814              		.loc 1 1600 9 is_stmt 1 discriminator 4 view .LVU1473
1600:Middlewares/Third_Party/LwIP/src/api/api_msg.c ****       } while (remaining != 0);
 4815              		.loc 1 1600 9 is_stmt 0 discriminator 4 view .LVU1474
 4816              	.LBE26:
1601:Middlewares/Third_Party/LwIP/src/api/api_msg.c ****     }
 4817              		.loc 1 1601 15 is_stmt 1 discriminator 4 view .LVU1475
1601:Middlewares/Third_Party/LwIP/src/api/api_msg.c ****     }
 4818              		.loc 1 1601 7 is_stmt 0 discriminator 4 view .LVU1476
 4819 002c 641B     		subs	r4, r4, r5
 4820              	.LVL475:
1601:Middlewares/Third_Party/LwIP/src/api/api_msg.c ****     }
 4821              		.loc 1 1601 7 discriminator 4 view .LVU1477
 4822 002e F3D0     		beq	.L391
 4823              	.LVL476:
 4824              	.L394:
1597:Middlewares/Third_Party/LwIP/src/api/api_msg.c ****         u16_t recved = (u16_t)((remaining > 0xffff) ? 0xffff : remaining);
 4825              		.loc 1 1597 7 is_stmt 1 view .LVU1478
 4826              	.LBB27:
1598:Middlewares/Third_Party/LwIP/src/api/api_msg.c ****         tcp_recved(msg->conn->pcb.tcp, recved);
 4827              		.loc 1 1598 9 view .LVU1479
1598:Middlewares/Third_Party/LwIP/src/api/api_msg.c ****         tcp_recved(msg->conn->pcb.tcp, recved);
 4828              		.loc 1 1598 24 is_stmt 0 view .LVU1480
 4829 0030 B4F5803F 		cmp	r4, #65536
 4830 0034 F3D2     		bcs	.L395
1598:Middlewares/Third_Party/LwIP/src/api/api_msg.c ****         tcp_recved(msg->conn->pcb.tcp, recved);
 4831              		.loc 1 1598 24 discriminator 1 view .LVU1481
 4832 0036 A5B2     		uxth	r5, r4
 4833 0038 F3E7     		b	.L393
ARM GAS  /tmp/ccMZQUTk.s 			page 141


 4834              	.LVL477:
 4835              	.L397:
 4836              	.LCFI32:
 4837              		.cfi_def_cfa_offset 0
 4838              		.cfi_restore 4
 4839              		.cfi_restore 5
 4840              		.cfi_restore 6
 4841              		.cfi_restore 14
1598:Middlewares/Third_Party/LwIP/src/api/api_msg.c ****         tcp_recved(msg->conn->pcb.tcp, recved);
 4842              		.loc 1 1598 24 discriminator 1 view .LVU1482
 4843 003a 7047     		bx	lr
 4844              	.LBE27:
 4845              	.LBE25:
 4846              		.cfi_endproc
 4847              	.LFE196:
 4849              		.section	.rodata.lwip_netconn_do_write.str1.4,"aMS",%progbits,1
 4850              		.align	2
 4851              	.LC39:
 4852 0000 6D73672D 		.ascii	"msg->msg.w.len != 0\000"
 4852      3E6D7367 
 4852      2E772E6C 
 4852      656E2021 
 4852      3D203000 
 4853              		.section	.text.lwip_netconn_do_write,"ax",%progbits
 4854              		.align	1
 4855              		.global	lwip_netconn_do_write
 4856              		.syntax unified
 4857              		.thumb
 4858              		.thumb_func
 4859              		.fpu fpv5-d16
 4861              	lwip_netconn_do_write:
 4862              	.LVL478:
 4863              	.LFB198:
1804:Middlewares/Third_Party/LwIP/src/api/api_msg.c **** #endif /* LWIP_TCP */
1805:Middlewares/Third_Party/LwIP/src/api/api_msg.c **** 
1806:Middlewares/Third_Party/LwIP/src/api/api_msg.c **** /**
1807:Middlewares/Third_Party/LwIP/src/api/api_msg.c ****  * Send some data on a TCP pcb contained in a netconn
1808:Middlewares/Third_Party/LwIP/src/api/api_msg.c ****  * Called from netconn_write
1809:Middlewares/Third_Party/LwIP/src/api/api_msg.c ****  *
1810:Middlewares/Third_Party/LwIP/src/api/api_msg.c ****  * @param m the api_msg pointing to the connection
1811:Middlewares/Third_Party/LwIP/src/api/api_msg.c ****  */
1812:Middlewares/Third_Party/LwIP/src/api/api_msg.c **** void
1813:Middlewares/Third_Party/LwIP/src/api/api_msg.c **** lwip_netconn_do_write(void *m)
1814:Middlewares/Third_Party/LwIP/src/api/api_msg.c **** {
 4864              		.loc 1 1814 1 is_stmt 1 view -0
 4865              		.cfi_startproc
 4866              		@ args = 0, pretend = 0, frame = 0
 4867              		@ frame_needed = 0, uses_anonymous_args = 0
 4868              		.loc 1 1814 1 is_stmt 0 view .LVU1484
 4869 0000 38B5     		push	{r3, r4, r5, lr}
 4870              	.LCFI33:
 4871              		.cfi_def_cfa_offset 16
 4872              		.cfi_offset 3, -16
 4873              		.cfi_offset 4, -12
 4874              		.cfi_offset 5, -8
 4875              		.cfi_offset 14, -4
 4876 0002 0446     		mov	r4, r0
ARM GAS  /tmp/ccMZQUTk.s 			page 142


1815:Middlewares/Third_Party/LwIP/src/api/api_msg.c ****   struct api_msg *msg = (struct api_msg *)m;
 4877              		.loc 1 1815 3 is_stmt 1 view .LVU1485
 4878              	.LVL479:
1816:Middlewares/Third_Party/LwIP/src/api/api_msg.c **** 
1817:Middlewares/Third_Party/LwIP/src/api/api_msg.c ****   err_t err = netconn_err(msg->conn);
 4879              		.loc 1 1817 3 view .LVU1486
 4880              		.loc 1 1817 15 is_stmt 0 view .LVU1487
 4881 0004 0068     		ldr	r0, [r0]
 4882              	.LVL480:
 4883              		.loc 1 1817 15 view .LVU1488
 4884 0006 FFF7FEFF 		bl	netconn_err
 4885              	.LVL481:
1818:Middlewares/Third_Party/LwIP/src/api/api_msg.c ****   if (err == ERR_OK) {
 4886              		.loc 1 1818 3 is_stmt 1 view .LVU1489
 4887              		.loc 1 1818 6 is_stmt 0 view .LVU1490
 4888 000a 0346     		mov	r3, r0
 4889 000c 38B9     		cbnz	r0, .L402
1819:Middlewares/Third_Party/LwIP/src/api/api_msg.c ****     if (NETCONNTYPE_GROUP(msg->conn->type) == NETCONN_TCP) {
 4890              		.loc 1 1819 5 is_stmt 1 view .LVU1491
 4891              		.loc 1 1819 9 is_stmt 0 view .LVU1492
 4892 000e 2268     		ldr	r2, [r4]
 4893 0010 1378     		ldrb	r3, [r2]	@ zero_extendqisi2
 4894              		.loc 1 1819 8 view .LVU1493
 4895 0012 03F0F003 		and	r3, r3, #240
 4896 0016 102B     		cmp	r3, #16
 4897 0018 03D0     		beq	.L412
1820:Middlewares/Third_Party/LwIP/src/api/api_msg.c **** #if LWIP_TCP
1821:Middlewares/Third_Party/LwIP/src/api/api_msg.c ****       if (msg->conn->state != NETCONN_NONE) {
1822:Middlewares/Third_Party/LwIP/src/api/api_msg.c ****         /* netconn is connecting, closing or in blocking write */
1823:Middlewares/Third_Party/LwIP/src/api/api_msg.c ****         err = ERR_INPROGRESS;
1824:Middlewares/Third_Party/LwIP/src/api/api_msg.c ****       } else if (msg->conn->pcb.tcp != NULL) {
1825:Middlewares/Third_Party/LwIP/src/api/api_msg.c ****         msg->conn->state = NETCONN_WRITE;
1826:Middlewares/Third_Party/LwIP/src/api/api_msg.c ****         /* set all the variables used by lwip_netconn_do_writemore */
1827:Middlewares/Third_Party/LwIP/src/api/api_msg.c ****         LWIP_ASSERT("already writing or closing", msg->conn->current_msg == NULL);
1828:Middlewares/Third_Party/LwIP/src/api/api_msg.c ****         LWIP_ASSERT("msg->msg.w.len != 0", msg->msg.w.len != 0);
1829:Middlewares/Third_Party/LwIP/src/api/api_msg.c ****         msg->conn->current_msg = msg;
1830:Middlewares/Third_Party/LwIP/src/api/api_msg.c **** #if LWIP_TCPIP_CORE_LOCKING
1831:Middlewares/Third_Party/LwIP/src/api/api_msg.c ****         if (lwip_netconn_do_writemore(msg->conn, 0) != ERR_OK) {
1832:Middlewares/Third_Party/LwIP/src/api/api_msg.c ****           LWIP_ASSERT("state!", msg->conn->state == NETCONN_WRITE);
1833:Middlewares/Third_Party/LwIP/src/api/api_msg.c ****           UNLOCK_TCPIP_CORE();
1834:Middlewares/Third_Party/LwIP/src/api/api_msg.c ****           sys_arch_sem_wait(LWIP_API_MSG_SEM(msg), 0);
1835:Middlewares/Third_Party/LwIP/src/api/api_msg.c ****           LOCK_TCPIP_CORE();
1836:Middlewares/Third_Party/LwIP/src/api/api_msg.c ****           LWIP_ASSERT("state!", msg->conn->state != NETCONN_WRITE);
1837:Middlewares/Third_Party/LwIP/src/api/api_msg.c ****         }
1838:Middlewares/Third_Party/LwIP/src/api/api_msg.c **** #else /* LWIP_TCPIP_CORE_LOCKING */
1839:Middlewares/Third_Party/LwIP/src/api/api_msg.c ****         lwip_netconn_do_writemore(msg->conn);
1840:Middlewares/Third_Party/LwIP/src/api/api_msg.c **** #endif /* LWIP_TCPIP_CORE_LOCKING */
1841:Middlewares/Third_Party/LwIP/src/api/api_msg.c ****         /* for both cases: if lwip_netconn_do_writemore was called, don't ACK the APIMSG
1842:Middlewares/Third_Party/LwIP/src/api/api_msg.c ****            since lwip_netconn_do_writemore ACKs it! */
1843:Middlewares/Third_Party/LwIP/src/api/api_msg.c ****         return;
1844:Middlewares/Third_Party/LwIP/src/api/api_msg.c ****       } else {
1845:Middlewares/Third_Party/LwIP/src/api/api_msg.c ****         err = ERR_CONN;
1846:Middlewares/Third_Party/LwIP/src/api/api_msg.c ****       }
1847:Middlewares/Third_Party/LwIP/src/api/api_msg.c **** #else /* LWIP_TCP */
1848:Middlewares/Third_Party/LwIP/src/api/api_msg.c ****       err = ERR_VAL;
1849:Middlewares/Third_Party/LwIP/src/api/api_msg.c **** #endif /* LWIP_TCP */
1850:Middlewares/Third_Party/LwIP/src/api/api_msg.c **** #if (LWIP_UDP || LWIP_RAW)
ARM GAS  /tmp/ccMZQUTk.s 			page 143


1851:Middlewares/Third_Party/LwIP/src/api/api_msg.c ****     } else {
1852:Middlewares/Third_Party/LwIP/src/api/api_msg.c ****       err = ERR_VAL;
 4898              		.loc 1 1852 11 view .LVU1494
 4899 001a 6FF00503 		mvn	r3, #5
 4900              	.L402:
 4901              	.LVL482:
1853:Middlewares/Third_Party/LwIP/src/api/api_msg.c **** #endif /* (LWIP_UDP || LWIP_RAW) */
1854:Middlewares/Third_Party/LwIP/src/api/api_msg.c ****     }
1855:Middlewares/Third_Party/LwIP/src/api/api_msg.c ****   }
1856:Middlewares/Third_Party/LwIP/src/api/api_msg.c ****   msg->err = err;
 4902              		.loc 1 1856 3 is_stmt 1 view .LVU1495
 4903              		.loc 1 1856 12 is_stmt 0 view .LVU1496
 4904 001e 2371     		strb	r3, [r4, #4]
1857:Middlewares/Third_Party/LwIP/src/api/api_msg.c ****   TCPIP_APIMSG_ACK(msg);
 4905              		.loc 1 1857 24 is_stmt 1 view .LVU1497
 4906              	.LVL483:
 4907              	.L401:
1858:Middlewares/Third_Party/LwIP/src/api/api_msg.c **** }
 4908              		.loc 1 1858 1 is_stmt 0 view .LVU1498
 4909 0020 38BD     		pop	{r3, r4, r5, pc}
 4910              	.LVL484:
 4911              	.L412:
1821:Middlewares/Third_Party/LwIP/src/api/api_msg.c ****         /* netconn is connecting, closing or in blocking write */
 4912              		.loc 1 1821 7 is_stmt 1 view .LVU1499
1821:Middlewares/Third_Party/LwIP/src/api/api_msg.c ****         /* netconn is connecting, closing or in blocking write */
 4913              		.loc 1 1821 20 is_stmt 0 view .LVU1500
 4914 0022 5378     		ldrb	r3, [r2, #1]	@ zero_extendqisi2
1821:Middlewares/Third_Party/LwIP/src/api/api_msg.c ****         /* netconn is connecting, closing or in blocking write */
 4915              		.loc 1 1821 10 view .LVU1501
 4916 0024 002B     		cmp	r3, #0
 4917 0026 44D1     		bne	.L409
1824:Middlewares/Third_Party/LwIP/src/api/api_msg.c ****         msg->conn->state = NETCONN_WRITE;
 4918              		.loc 1 1824 14 is_stmt 1 view .LVU1502
1824:Middlewares/Third_Party/LwIP/src/api/api_msg.c ****         msg->conn->state = NETCONN_WRITE;
 4919              		.loc 1 1824 32 is_stmt 0 view .LVU1503
 4920 0028 5368     		ldr	r3, [r2, #4]
1824:Middlewares/Third_Party/LwIP/src/api/api_msg.c ****         msg->conn->state = NETCONN_WRITE;
 4921              		.loc 1 1824 17 view .LVU1504
 4922 002a 002B     		cmp	r3, #0
 4923 002c 44D0     		beq	.L410
1825:Middlewares/Third_Party/LwIP/src/api/api_msg.c ****         /* set all the variables used by lwip_netconn_do_writemore */
 4924              		.loc 1 1825 9 is_stmt 1 view .LVU1505
1825:Middlewares/Third_Party/LwIP/src/api/api_msg.c ****         /* set all the variables used by lwip_netconn_do_writemore */
 4925              		.loc 1 1825 26 is_stmt 0 view .LVU1506
 4926 002e 0123     		movs	r3, #1
 4927 0030 5370     		strb	r3, [r2, #1]
1827:Middlewares/Third_Party/LwIP/src/api/api_msg.c ****         LWIP_ASSERT("msg->msg.w.len != 0", msg->msg.w.len != 0);
 4928              		.loc 1 1827 9 is_stmt 1 view .LVU1507
1827:Middlewares/Third_Party/LwIP/src/api/api_msg.c ****         LWIP_ASSERT("msg->msg.w.len != 0", msg->msg.w.len != 0);
 4929              		.loc 1 1827 9 view .LVU1508
 4930 0032 2368     		ldr	r3, [r4]
 4931 0034 1B6A     		ldr	r3, [r3, #32]
 4932 0036 33B1     		cbz	r3, .L403
1827:Middlewares/Third_Party/LwIP/src/api/api_msg.c ****         LWIP_ASSERT("msg->msg.w.len != 0", msg->msg.w.len != 0);
 4933              		.loc 1 1827 9 discriminator 1 view .LVU1509
1827:Middlewares/Third_Party/LwIP/src/api/api_msg.c ****         LWIP_ASSERT("msg->msg.w.len != 0", msg->msg.w.len != 0);
 4934              		.loc 1 1827 9 discriminator 1 view .LVU1510
ARM GAS  /tmp/ccMZQUTk.s 			page 144


 4935 0038 214B     		ldr	r3, .L415
 4936 003a 40F22372 		movw	r2, #1827
 4937 003e 2149     		ldr	r1, .L415+4
 4938 0040 2148     		ldr	r0, .L415+8
 4939              	.LVL485:
1827:Middlewares/Third_Party/LwIP/src/api/api_msg.c ****         LWIP_ASSERT("msg->msg.w.len != 0", msg->msg.w.len != 0);
 4940              		.loc 1 1827 9 is_stmt 0 discriminator 1 view .LVU1511
 4941 0042 FFF7FEFF 		bl	printf
 4942              	.LVL486:
 4943              	.L403:
1827:Middlewares/Third_Party/LwIP/src/api/api_msg.c ****         LWIP_ASSERT("msg->msg.w.len != 0", msg->msg.w.len != 0);
 4944              		.loc 1 1827 9 is_stmt 1 discriminator 3 view .LVU1512
1827:Middlewares/Third_Party/LwIP/src/api/api_msg.c ****         LWIP_ASSERT("msg->msg.w.len != 0", msg->msg.w.len != 0);
 4945              		.loc 1 1827 9 discriminator 3 view .LVU1513
1828:Middlewares/Third_Party/LwIP/src/api/api_msg.c ****         msg->conn->current_msg = msg;
 4946              		.loc 1 1828 9 discriminator 3 view .LVU1514
1828:Middlewares/Third_Party/LwIP/src/api/api_msg.c ****         msg->conn->current_msg = msg;
 4947              		.loc 1 1828 9 discriminator 3 view .LVU1515
 4948 0046 6369     		ldr	r3, [r4, #20]
 4949 0048 1BB3     		cbz	r3, .L413
 4950              	.L404:
1828:Middlewares/Third_Party/LwIP/src/api/api_msg.c ****         msg->conn->current_msg = msg;
 4951              		.loc 1 1828 9 discriminator 3 view .LVU1516
1828:Middlewares/Third_Party/LwIP/src/api/api_msg.c ****         msg->conn->current_msg = msg;
 4952              		.loc 1 1828 9 discriminator 3 view .LVU1517
1829:Middlewares/Third_Party/LwIP/src/api/api_msg.c **** #if LWIP_TCPIP_CORE_LOCKING
 4953              		.loc 1 1829 9 discriminator 3 view .LVU1518
1829:Middlewares/Third_Party/LwIP/src/api/api_msg.c **** #if LWIP_TCPIP_CORE_LOCKING
 4954              		.loc 1 1829 12 is_stmt 0 discriminator 3 view .LVU1519
 4955 004a 2368     		ldr	r3, [r4]
1829:Middlewares/Third_Party/LwIP/src/api/api_msg.c **** #if LWIP_TCPIP_CORE_LOCKING
 4956              		.loc 1 1829 32 discriminator 3 view .LVU1520
 4957 004c 1C62     		str	r4, [r3, #32]
1831:Middlewares/Third_Party/LwIP/src/api/api_msg.c ****           LWIP_ASSERT("state!", msg->conn->state == NETCONN_WRITE);
 4958              		.loc 1 1831 9 is_stmt 1 discriminator 3 view .LVU1521
1831:Middlewares/Third_Party/LwIP/src/api/api_msg.c ****           LWIP_ASSERT("state!", msg->conn->state == NETCONN_WRITE);
 4959              		.loc 1 1831 13 is_stmt 0 discriminator 3 view .LVU1522
 4960 004e 0021     		movs	r1, #0
 4961 0050 2068     		ldr	r0, [r4]
 4962 0052 FFF7FEFF 		bl	lwip_netconn_do_writemore
 4963              	.LVL487:
1831:Middlewares/Third_Party/LwIP/src/api/api_msg.c ****           LWIP_ASSERT("state!", msg->conn->state == NETCONN_WRITE);
 4964              		.loc 1 1831 12 discriminator 3 view .LVU1523
 4965 0056 0028     		cmp	r0, #0
 4966 0058 E2D0     		beq	.L401
1832:Middlewares/Third_Party/LwIP/src/api/api_msg.c ****           UNLOCK_TCPIP_CORE();
 4967              		.loc 1 1832 11 is_stmt 1 view .LVU1524
1832:Middlewares/Third_Party/LwIP/src/api/api_msg.c ****           UNLOCK_TCPIP_CORE();
 4968              		.loc 1 1832 11 view .LVU1525
 4969 005a 2368     		ldr	r3, [r4]
 4970 005c 5B78     		ldrb	r3, [r3, #1]	@ zero_extendqisi2
 4971 005e 012B     		cmp	r3, #1
 4972 0060 1FD1     		bne	.L414
 4973              	.L406:
1832:Middlewares/Third_Party/LwIP/src/api/api_msg.c ****           UNLOCK_TCPIP_CORE();
 4974              		.loc 1 1832 11 discriminator 3 view .LVU1526
1832:Middlewares/Third_Party/LwIP/src/api/api_msg.c ****           UNLOCK_TCPIP_CORE();
ARM GAS  /tmp/ccMZQUTk.s 			page 145


 4975              		.loc 1 1832 11 discriminator 3 view .LVU1527
1833:Middlewares/Third_Party/LwIP/src/api/api_msg.c ****           sys_arch_sem_wait(LWIP_API_MSG_SEM(msg), 0);
 4976              		.loc 1 1833 11 discriminator 3 view .LVU1528
 4977 0062 1A4D     		ldr	r5, .L415+12
 4978 0064 2846     		mov	r0, r5
 4979 0066 FFF7FEFF 		bl	sys_mutex_unlock
 4980              	.LVL488:
1834:Middlewares/Third_Party/LwIP/src/api/api_msg.c ****           LOCK_TCPIP_CORE();
 4981              		.loc 1 1834 11 discriminator 3 view .LVU1529
1834:Middlewares/Third_Party/LwIP/src/api/api_msg.c ****           LOCK_TCPIP_CORE();
 4982              		.loc 1 1834 29 is_stmt 0 discriminator 3 view .LVU1530
 4983 006a 2068     		ldr	r0, [r4]
1834:Middlewares/Third_Party/LwIP/src/api/api_msg.c ****           LOCK_TCPIP_CORE();
 4984              		.loc 1 1834 11 discriminator 3 view .LVU1531
 4985 006c 0021     		movs	r1, #0
 4986 006e 0C30     		adds	r0, r0, #12
 4987 0070 FFF7FEFF 		bl	sys_arch_sem_wait
 4988              	.LVL489:
1835:Middlewares/Third_Party/LwIP/src/api/api_msg.c ****           LWIP_ASSERT("state!", msg->conn->state != NETCONN_WRITE);
 4989              		.loc 1 1835 11 is_stmt 1 discriminator 3 view .LVU1532
 4990 0074 2846     		mov	r0, r5
 4991 0076 FFF7FEFF 		bl	sys_mutex_lock
 4992              	.LVL490:
1836:Middlewares/Third_Party/LwIP/src/api/api_msg.c ****         }
 4993              		.loc 1 1836 11 discriminator 3 view .LVU1533
1836:Middlewares/Third_Party/LwIP/src/api/api_msg.c ****         }
 4994              		.loc 1 1836 11 discriminator 3 view .LVU1534
 4995 007a 2368     		ldr	r3, [r4]
 4996 007c 5B78     		ldrb	r3, [r3, #1]	@ zero_extendqisi2
 4997 007e 012B     		cmp	r3, #1
 4998 0080 CED1     		bne	.L401
1836:Middlewares/Third_Party/LwIP/src/api/api_msg.c ****         }
 4999              		.loc 1 1836 11 discriminator 1 view .LVU1535
1836:Middlewares/Third_Party/LwIP/src/api/api_msg.c ****         }
 5000              		.loc 1 1836 11 discriminator 1 view .LVU1536
 5001 0082 0F4B     		ldr	r3, .L415
 5002 0084 40F22C72 		movw	r2, #1836
 5003 0088 1149     		ldr	r1, .L415+16
 5004 008a 0F48     		ldr	r0, .L415+8
 5005 008c FFF7FEFF 		bl	printf
 5006              	.LVL491:
1836:Middlewares/Third_Party/LwIP/src/api/api_msg.c ****         }
 5007              		.loc 1 1836 11 discriminator 1 view .LVU1537
1836:Middlewares/Third_Party/LwIP/src/api/api_msg.c ****         }
 5008              		.loc 1 1836 11 discriminator 1 view .LVU1538
1843:Middlewares/Third_Party/LwIP/src/api/api_msg.c ****       } else {
 5009              		.loc 1 1843 9 discriminator 1 view .LVU1539
 5010 0090 C6E7     		b	.L401
 5011              	.L413:
1828:Middlewares/Third_Party/LwIP/src/api/api_msg.c ****         msg->conn->current_msg = msg;
 5012              		.loc 1 1828 9 discriminator 1 view .LVU1540
1828:Middlewares/Third_Party/LwIP/src/api/api_msg.c ****         msg->conn->current_msg = msg;
 5013              		.loc 1 1828 9 discriminator 1 view .LVU1541
 5014 0092 0B4B     		ldr	r3, .L415
 5015 0094 40F22472 		movw	r2, #1828
 5016 0098 0E49     		ldr	r1, .L415+20
 5017 009a 0B48     		ldr	r0, .L415+8
ARM GAS  /tmp/ccMZQUTk.s 			page 146


 5018 009c FFF7FEFF 		bl	printf
 5019              	.LVL492:
 5020 00a0 D3E7     		b	.L404
 5021              	.L414:
1832:Middlewares/Third_Party/LwIP/src/api/api_msg.c ****           UNLOCK_TCPIP_CORE();
 5022              		.loc 1 1832 11 discriminator 1 view .LVU1542
1832:Middlewares/Third_Party/LwIP/src/api/api_msg.c ****           UNLOCK_TCPIP_CORE();
 5023              		.loc 1 1832 11 discriminator 1 view .LVU1543
 5024 00a2 074B     		ldr	r3, .L415
 5025 00a4 4FF4E562 		mov	r2, #1832
 5026 00a8 0949     		ldr	r1, .L415+16
 5027 00aa 0748     		ldr	r0, .L415+8
 5028 00ac FFF7FEFF 		bl	printf
 5029              	.LVL493:
 5030 00b0 D7E7     		b	.L406
 5031              	.LVL494:
 5032              	.L409:
1823:Middlewares/Third_Party/LwIP/src/api/api_msg.c ****       } else if (msg->conn->pcb.tcp != NULL) {
 5033              		.loc 1 1823 13 is_stmt 0 view .LVU1544
 5034 00b2 6FF00403 		mvn	r3, #4
 5035 00b6 B2E7     		b	.L402
 5036              	.L410:
1845:Middlewares/Third_Party/LwIP/src/api/api_msg.c ****       }
 5037              		.loc 1 1845 13 view .LVU1545
 5038 00b8 6FF00A03 		mvn	r3, #10
 5039 00bc AFE7     		b	.L402
 5040              	.L416:
 5041 00be 00BF     		.align	2
 5042              	.L415:
 5043 00c0 00000000 		.word	.LC0
 5044 00c4 34000000 		.word	.LC36
 5045 00c8 40000000 		.word	.LC2
 5046 00cc 00000000 		.word	lock_tcpip_core
 5047 00d0 50000000 		.word	.LC37
 5048 00d4 00000000 		.word	.LC39
 5049              		.cfi_endproc
 5050              	.LFE198:
 5052              		.section	.rodata.lwip_netconn_do_getaddr.str1.4,"aMS",%progbits,1
 5053              		.align	2
 5054              	.LC40:
 5055 0000 696E7661 		.ascii	"invalid netconn_type\000"
 5055      6C696420 
 5055      6E657463 
 5055      6F6E6E5F 
 5055      74797065 
 5056              		.section	.text.lwip_netconn_do_getaddr,"ax",%progbits
 5057              		.align	1
 5058              		.global	lwip_netconn_do_getaddr
 5059              		.syntax unified
 5060              		.thumb
 5061              		.thumb_func
 5062              		.fpu fpv5-d16
 5064              	lwip_netconn_do_getaddr:
 5065              	.LVL495:
 5066              	.LFB199:
1859:Middlewares/Third_Party/LwIP/src/api/api_msg.c **** 
1860:Middlewares/Third_Party/LwIP/src/api/api_msg.c **** /**
ARM GAS  /tmp/ccMZQUTk.s 			page 147


1861:Middlewares/Third_Party/LwIP/src/api/api_msg.c ****  * Return a connection's local or remote address
1862:Middlewares/Third_Party/LwIP/src/api/api_msg.c ****  * Called from netconn_getaddr
1863:Middlewares/Third_Party/LwIP/src/api/api_msg.c ****  *
1864:Middlewares/Third_Party/LwIP/src/api/api_msg.c ****  * @param m the api_msg pointing to the connection
1865:Middlewares/Third_Party/LwIP/src/api/api_msg.c ****  */
1866:Middlewares/Third_Party/LwIP/src/api/api_msg.c **** void
1867:Middlewares/Third_Party/LwIP/src/api/api_msg.c **** lwip_netconn_do_getaddr(void *m)
1868:Middlewares/Third_Party/LwIP/src/api/api_msg.c **** {
 5067              		.loc 1 1868 1 is_stmt 1 view -0
 5068              		.cfi_startproc
 5069              		@ args = 0, pretend = 0, frame = 0
 5070              		@ frame_needed = 0, uses_anonymous_args = 0
 5071              		.loc 1 1868 1 is_stmt 0 view .LVU1547
 5072 0000 08B5     		push	{r3, lr}
 5073              	.LCFI34:
 5074              		.cfi_def_cfa_offset 8
 5075              		.cfi_offset 3, -8
 5076              		.cfi_offset 14, -4
1869:Middlewares/Third_Party/LwIP/src/api/api_msg.c ****   struct api_msg *msg = (struct api_msg *)m;
 5077              		.loc 1 1869 3 is_stmt 1 view .LVU1548
 5078              	.LVL496:
1870:Middlewares/Third_Party/LwIP/src/api/api_msg.c **** 
1871:Middlewares/Third_Party/LwIP/src/api/api_msg.c ****   if (msg->conn->pcb.ip != NULL) {
 5079              		.loc 1 1871 3 view .LVU1549
 5080              		.loc 1 1871 10 is_stmt 0 view .LVU1550
 5081 0002 0368     		ldr	r3, [r0]
 5082              		.loc 1 1871 21 view .LVU1551
 5083 0004 5B68     		ldr	r3, [r3, #4]
 5084              		.loc 1 1871 6 view .LVU1552
 5085 0006 002B     		cmp	r3, #0
 5086 0008 3FD0     		beq	.L418
1872:Middlewares/Third_Party/LwIP/src/api/api_msg.c ****     if (msg->msg.ad.local) {
 5087              		.loc 1 1872 5 is_stmt 1 view .LVU1553
 5088              		.loc 1 1872 20 is_stmt 0 view .LVU1554
 5089 000a 027C     		ldrb	r2, [r0, #16]	@ zero_extendqisi2
 5090              		.loc 1 1872 8 view .LVU1555
 5091 000c 9AB1     		cbz	r2, .L419
1873:Middlewares/Third_Party/LwIP/src/api/api_msg.c ****       ip_addr_copy(API_EXPR_DEREF(msg->msg.ad.ipaddr),
 5092              		.loc 1 1873 7 is_stmt 1 view .LVU1556
 5093 000e 8268     		ldr	r2, [r0, #8]
 5094 0010 1B68     		ldr	r3, [r3]
 5095 0012 1360     		str	r3, [r2]
 5096              	.L420:
1874:Middlewares/Third_Party/LwIP/src/api/api_msg.c ****                    msg->conn->pcb.ip->local_ip);
1875:Middlewares/Third_Party/LwIP/src/api/api_msg.c ****     } else {
1876:Middlewares/Third_Party/LwIP/src/api/api_msg.c ****       ip_addr_copy(API_EXPR_DEREF(msg->msg.ad.ipaddr),
1877:Middlewares/Third_Party/LwIP/src/api/api_msg.c ****                    msg->conn->pcb.ip->remote_ip);
1878:Middlewares/Third_Party/LwIP/src/api/api_msg.c ****     }
1879:Middlewares/Third_Party/LwIP/src/api/api_msg.c **** 
1880:Middlewares/Third_Party/LwIP/src/api/api_msg.c ****     msg->err = ERR_OK;
 5097              		.loc 1 1880 5 view .LVU1557
 5098              		.loc 1 1880 14 is_stmt 0 view .LVU1558
 5099 0014 0023     		movs	r3, #0
 5100 0016 0371     		strb	r3, [r0, #4]
1881:Middlewares/Third_Party/LwIP/src/api/api_msg.c ****     switch (NETCONNTYPE_GROUP(msg->conn->type)) {
 5101              		.loc 1 1881 5 is_stmt 1 view .LVU1559
 5102              		.loc 1 1881 13 is_stmt 0 view .LVU1560
ARM GAS  /tmp/ccMZQUTk.s 			page 148


 5103 0018 0268     		ldr	r2, [r0]
 5104 001a 1378     		ldrb	r3, [r2]	@ zero_extendqisi2
 5105 001c 03F0F003 		and	r3, r3, #240
 5106              		.loc 1 1881 5 view .LVU1561
 5107 0020 102B     		cmp	r3, #16
 5108 0022 18D0     		beq	.L421
 5109 0024 202B     		cmp	r3, #32
 5110 0026 28D1     		bne	.L422
1882:Middlewares/Third_Party/LwIP/src/api/api_msg.c **** #if LWIP_RAW
1883:Middlewares/Third_Party/LwIP/src/api/api_msg.c ****       case NETCONN_RAW:
1884:Middlewares/Third_Party/LwIP/src/api/api_msg.c ****         if (msg->msg.ad.local) {
1885:Middlewares/Third_Party/LwIP/src/api/api_msg.c ****           API_EXPR_DEREF(msg->msg.ad.port) = msg->conn->pcb.raw->protocol;
1886:Middlewares/Third_Party/LwIP/src/api/api_msg.c ****         } else {
1887:Middlewares/Third_Party/LwIP/src/api/api_msg.c ****           /* return an error as connecting is only a helper for upper layers */
1888:Middlewares/Third_Party/LwIP/src/api/api_msg.c ****           msg->err = ERR_CONN;
1889:Middlewares/Third_Party/LwIP/src/api/api_msg.c ****         }
1890:Middlewares/Third_Party/LwIP/src/api/api_msg.c ****         break;
1891:Middlewares/Third_Party/LwIP/src/api/api_msg.c **** #endif /* LWIP_RAW */
1892:Middlewares/Third_Party/LwIP/src/api/api_msg.c **** #if LWIP_UDP
1893:Middlewares/Third_Party/LwIP/src/api/api_msg.c ****       case NETCONN_UDP:
1894:Middlewares/Third_Party/LwIP/src/api/api_msg.c ****         if (msg->msg.ad.local) {
 5111              		.loc 1 1894 9 is_stmt 1 view .LVU1562
 5112              		.loc 1 1894 24 is_stmt 0 view .LVU1563
 5113 0028 037C     		ldrb	r3, [r0, #16]	@ zero_extendqisi2
 5114              		.loc 1 1894 12 view .LVU1564
 5115 002a 43B1     		cbz	r3, .L423
1895:Middlewares/Third_Party/LwIP/src/api/api_msg.c ****           API_EXPR_DEREF(msg->msg.ad.port) = msg->conn->pcb.udp->local_port;
 5116              		.loc 1 1895 11 is_stmt 1 view .LVU1565
 5117              		.loc 1 1895 60 is_stmt 0 view .LVU1566
 5118 002c 5268     		ldr	r2, [r2, #4]
 5119              		.loc 1 1895 11 view .LVU1567
 5120 002e C368     		ldr	r3, [r0, #12]
 5121              		.loc 1 1895 64 view .LVU1568
 5122 0030 528A     		ldrh	r2, [r2, #18]
 5123              		.loc 1 1895 44 view .LVU1569
 5124 0032 1A80     		strh	r2, [r3]	@ movhi
 5125 0034 2BE0     		b	.L417
 5126              	.L419:
1876:Middlewares/Third_Party/LwIP/src/api/api_msg.c ****                    msg->conn->pcb.ip->remote_ip);
 5127              		.loc 1 1876 7 is_stmt 1 view .LVU1570
 5128 0036 8268     		ldr	r2, [r0, #8]
 5129 0038 5B68     		ldr	r3, [r3, #4]
 5130 003a 1360     		str	r3, [r2]
 5131 003c EAE7     		b	.L420
 5132              	.L423:
1896:Middlewares/Third_Party/LwIP/src/api/api_msg.c ****         } else {
1897:Middlewares/Third_Party/LwIP/src/api/api_msg.c ****           if ((msg->conn->pcb.udp->flags & UDP_FLAGS_CONNECTED) == 0) {
 5133              		.loc 1 1897 11 view .LVU1571
 5134              		.loc 1 1897 30 is_stmt 0 view .LVU1572
 5135 003e 5368     		ldr	r3, [r2, #4]
 5136              		.loc 1 1897 34 view .LVU1573
 5137 0040 1A7C     		ldrb	r2, [r3, #16]	@ zero_extendqisi2
 5138              		.loc 1 1897 14 view .LVU1574
 5139 0042 12F0040F 		tst	r2, #4
 5140 0046 02D1     		bne	.L425
1898:Middlewares/Third_Party/LwIP/src/api/api_msg.c ****             msg->err = ERR_CONN;
 5141              		.loc 1 1898 13 is_stmt 1 view .LVU1575
ARM GAS  /tmp/ccMZQUTk.s 			page 149


 5142              		.loc 1 1898 22 is_stmt 0 view .LVU1576
 5143 0048 F523     		movs	r3, #245
 5144 004a 0371     		strb	r3, [r0, #4]
 5145 004c 1FE0     		b	.L417
 5146              	.L425:
1899:Middlewares/Third_Party/LwIP/src/api/api_msg.c ****           } else {
1900:Middlewares/Third_Party/LwIP/src/api/api_msg.c ****             API_EXPR_DEREF(msg->msg.ad.port) = msg->conn->pcb.udp->remote_port;
 5147              		.loc 1 1900 13 is_stmt 1 view .LVU1577
 5148 004e C268     		ldr	r2, [r0, #12]
 5149              		.loc 1 1900 66 is_stmt 0 view .LVU1578
 5150 0050 9B8A     		ldrh	r3, [r3, #20]
 5151              		.loc 1 1900 46 view .LVU1579
 5152 0052 1380     		strh	r3, [r2]	@ movhi
 5153 0054 1BE0     		b	.L417
 5154              	.L421:
1901:Middlewares/Third_Party/LwIP/src/api/api_msg.c ****           }
1902:Middlewares/Third_Party/LwIP/src/api/api_msg.c ****         }
1903:Middlewares/Third_Party/LwIP/src/api/api_msg.c ****         break;
1904:Middlewares/Third_Party/LwIP/src/api/api_msg.c **** #endif /* LWIP_UDP */
1905:Middlewares/Third_Party/LwIP/src/api/api_msg.c **** #if LWIP_TCP
1906:Middlewares/Third_Party/LwIP/src/api/api_msg.c ****       case NETCONN_TCP:
1907:Middlewares/Third_Party/LwIP/src/api/api_msg.c ****         if ((msg->msg.ad.local == 0) &&
 5155              		.loc 1 1907 9 is_stmt 1 view .LVU1580
 5156              		.loc 1 1907 25 is_stmt 0 view .LVU1581
 5157 0056 037C     		ldrb	r3, [r0, #16]	@ zero_extendqisi2
 5158              		.loc 1 1907 12 view .LVU1582
 5159 0058 1BB9     		cbnz	r3, .L426
1908:Middlewares/Third_Party/LwIP/src/api/api_msg.c ****             ((msg->conn->pcb.tcp->state == CLOSED) || (msg->conn->pcb.tcp->state == LISTEN))) {
 5160              		.loc 1 1908 29 discriminator 1 view .LVU1583
 5161 005a 5168     		ldr	r1, [r2, #4]
 5162              		.loc 1 1908 33 discriminator 1 view .LVU1584
 5163 005c 097D     		ldrb	r1, [r1, #20]	@ zero_extendqisi2
1907:Middlewares/Third_Party/LwIP/src/api/api_msg.c ****             ((msg->conn->pcb.tcp->state == CLOSED) || (msg->conn->pcb.tcp->state == LISTEN))) {
 5164              		.loc 1 1907 38 discriminator 1 view .LVU1585
 5165 005e 0129     		cmp	r1, #1
 5166 0060 05D9     		bls	.L430
 5167              	.L426:
1909:Middlewares/Third_Party/LwIP/src/api/api_msg.c ****           /* pcb is not connected and remote name is requested */
1910:Middlewares/Third_Party/LwIP/src/api/api_msg.c ****           msg->err = ERR_CONN;
1911:Middlewares/Third_Party/LwIP/src/api/api_msg.c ****         } else {
1912:Middlewares/Third_Party/LwIP/src/api/api_msg.c ****           API_EXPR_DEREF(msg->msg.ad.port) = (msg->msg.ad.local ? msg->conn->pcb.tcp->local_port : 
 5168              		.loc 1 1912 11 is_stmt 1 view .LVU1586
 5169              		.loc 1 1912 44 is_stmt 0 view .LVU1587
 5170 0062 3BB1     		cbz	r3, .L427
 5171              		.loc 1 1912 81 discriminator 1 view .LVU1588
 5172 0064 5368     		ldr	r3, [r2, #4]
 5173              		.loc 1 1912 44 discriminator 1 view .LVU1589
 5174 0066 DA8A     		ldrh	r2, [r3, #22]
 5175              	.L428:
 5176              		.loc 1 1912 11 discriminator 4 view .LVU1590
 5177 0068 C368     		ldr	r3, [r0, #12]
 5178              		.loc 1 1912 44 discriminator 4 view .LVU1591
 5179 006a 1A80     		strh	r2, [r3]	@ movhi
 5180 006c 0FE0     		b	.L417
 5181              	.L430:
1910:Middlewares/Third_Party/LwIP/src/api/api_msg.c ****         } else {
 5182              		.loc 1 1910 11 is_stmt 1 view .LVU1592
ARM GAS  /tmp/ccMZQUTk.s 			page 150


1910:Middlewares/Third_Party/LwIP/src/api/api_msg.c ****         } else {
 5183              		.loc 1 1910 20 is_stmt 0 view .LVU1593
 5184 006e F523     		movs	r3, #245
 5185 0070 0371     		strb	r3, [r0, #4]
 5186 0072 0CE0     		b	.L417
 5187              	.L427:
 5188              		.loc 1 1912 114 discriminator 2 view .LVU1594
 5189 0074 5368     		ldr	r3, [r2, #4]
 5190              		.loc 1 1912 44 discriminator 2 view .LVU1595
 5191 0076 1A8B     		ldrh	r2, [r3, #24]
 5192 0078 F6E7     		b	.L428
 5193              	.L422:
1913:Middlewares/Third_Party/LwIP/src/api/api_msg.c ****         }
1914:Middlewares/Third_Party/LwIP/src/api/api_msg.c ****         break;
1915:Middlewares/Third_Party/LwIP/src/api/api_msg.c **** #endif /* LWIP_TCP */
1916:Middlewares/Third_Party/LwIP/src/api/api_msg.c ****       default:
1917:Middlewares/Third_Party/LwIP/src/api/api_msg.c ****         LWIP_ASSERT("invalid netconn_type", 0);
 5194              		.loc 1 1917 9 is_stmt 1 discriminator 1 view .LVU1596
 5195              		.loc 1 1917 9 discriminator 1 view .LVU1597
 5196              		.loc 1 1917 9 discriminator 1 view .LVU1598
 5197              		.loc 1 1917 9 discriminator 1 view .LVU1599
 5198 007a 054B     		ldr	r3, .L431
 5199 007c 40F27D72 		movw	r2, #1917
 5200 0080 0449     		ldr	r1, .L431+4
 5201 0082 0548     		ldr	r0, .L431+8
 5202              	.LVL497:
 5203              		.loc 1 1917 9 is_stmt 0 discriminator 1 view .LVU1600
 5204 0084 FFF7FEFF 		bl	printf
 5205              	.LVL498:
 5206              		.loc 1 1917 9 is_stmt 1 discriminator 1 view .LVU1601
 5207              		.loc 1 1917 9 discriminator 1 view .LVU1602
1918:Middlewares/Third_Party/LwIP/src/api/api_msg.c ****         break;
 5208              		.loc 1 1918 9 discriminator 1 view .LVU1603
 5209 0088 01E0     		b	.L417
 5210              	.LVL499:
 5211              	.L418:
1919:Middlewares/Third_Party/LwIP/src/api/api_msg.c ****     }
1920:Middlewares/Third_Party/LwIP/src/api/api_msg.c ****   } else {
1921:Middlewares/Third_Party/LwIP/src/api/api_msg.c ****     msg->err = ERR_CONN;
 5212              		.loc 1 1921 5 view .LVU1604
 5213              		.loc 1 1921 14 is_stmt 0 view .LVU1605
 5214 008a F523     		movs	r3, #245
 5215 008c 0371     		strb	r3, [r0, #4]
1922:Middlewares/Third_Party/LwIP/src/api/api_msg.c ****   }
1923:Middlewares/Third_Party/LwIP/src/api/api_msg.c ****   TCPIP_APIMSG_ACK(msg);
 5216              		.loc 1 1923 24 is_stmt 1 view .LVU1606
 5217              	.LVL500:
 5218              	.L417:
1924:Middlewares/Third_Party/LwIP/src/api/api_msg.c **** }
 5219              		.loc 1 1924 1 is_stmt 0 view .LVU1607
 5220 008e 08BD     		pop	{r3, pc}
 5221              	.L432:
 5222              		.align	2
 5223              	.L431:
 5224 0090 00000000 		.word	.LC0
 5225 0094 00000000 		.word	.LC40
 5226 0098 40000000 		.word	.LC2
ARM GAS  /tmp/ccMZQUTk.s 			page 151


 5227              		.cfi_endproc
 5228              	.LFE199:
 5230              		.section	.text.lwip_netconn_do_close,"ax",%progbits
 5231              		.align	1
 5232              		.global	lwip_netconn_do_close
 5233              		.syntax unified
 5234              		.thumb
 5235              		.thumb_func
 5236              		.fpu fpv5-d16
 5238              	lwip_netconn_do_close:
 5239              	.LVL501:
 5240              	.LFB200:
1925:Middlewares/Third_Party/LwIP/src/api/api_msg.c **** 
1926:Middlewares/Third_Party/LwIP/src/api/api_msg.c **** /**
1927:Middlewares/Third_Party/LwIP/src/api/api_msg.c ****  * Close or half-shutdown a TCP pcb contained in a netconn
1928:Middlewares/Third_Party/LwIP/src/api/api_msg.c ****  * Called from netconn_close
1929:Middlewares/Third_Party/LwIP/src/api/api_msg.c ****  * In contrast to closing sockets, the netconn is not deallocated.
1930:Middlewares/Third_Party/LwIP/src/api/api_msg.c ****  *
1931:Middlewares/Third_Party/LwIP/src/api/api_msg.c ****  * @param m the api_msg pointing to the connection
1932:Middlewares/Third_Party/LwIP/src/api/api_msg.c ****  */
1933:Middlewares/Third_Party/LwIP/src/api/api_msg.c **** void
1934:Middlewares/Third_Party/LwIP/src/api/api_msg.c **** lwip_netconn_do_close(void *m)
1935:Middlewares/Third_Party/LwIP/src/api/api_msg.c **** {
 5241              		.loc 1 1935 1 is_stmt 1 view -0
 5242              		.cfi_startproc
 5243              		@ args = 0, pretend = 0, frame = 0
 5244              		@ frame_needed = 0, uses_anonymous_args = 0
 5245              		.loc 1 1935 1 is_stmt 0 view .LVU1609
 5246 0000 38B5     		push	{r3, r4, r5, lr}
 5247              	.LCFI35:
 5248              		.cfi_def_cfa_offset 16
 5249              		.cfi_offset 3, -16
 5250              		.cfi_offset 4, -12
 5251              		.cfi_offset 5, -8
 5252              		.cfi_offset 14, -4
 5253 0002 0446     		mov	r4, r0
1936:Middlewares/Third_Party/LwIP/src/api/api_msg.c ****   struct api_msg *msg = (struct api_msg *)m;
 5254              		.loc 1 1936 3 is_stmt 1 view .LVU1610
 5255              	.LVL502:
1937:Middlewares/Third_Party/LwIP/src/api/api_msg.c **** 
1938:Middlewares/Third_Party/LwIP/src/api/api_msg.c **** #if LWIP_TCP
1939:Middlewares/Third_Party/LwIP/src/api/api_msg.c ****   enum netconn_state state = msg->conn->state;
 5256              		.loc 1 1939 3 view .LVU1611
 5257              		.loc 1 1939 33 is_stmt 0 view .LVU1612
 5258 0004 0068     		ldr	r0, [r0]
 5259              	.LVL503:
 5260              		.loc 1 1939 22 view .LVU1613
 5261 0006 4278     		ldrb	r2, [r0, #1]	@ zero_extendqisi2
 5262              	.LVL504:
1940:Middlewares/Third_Party/LwIP/src/api/api_msg.c ****   /* First check if this is a TCP netconn and if it is in a correct state
1941:Middlewares/Third_Party/LwIP/src/api/api_msg.c ****       (LISTEN doesn't support half shutdown) */
1942:Middlewares/Third_Party/LwIP/src/api/api_msg.c ****   if ((msg->conn->pcb.tcp != NULL) &&
 5263              		.loc 1 1942 3 is_stmt 1 view .LVU1614
 5264              		.loc 1 1942 22 is_stmt 0 view .LVU1615
 5265 0008 4368     		ldr	r3, [r0, #4]
 5266              		.loc 1 1942 6 view .LVU1616
 5267 000a 23B1     		cbz	r3, .L434
ARM GAS  /tmp/ccMZQUTk.s 			page 152


1943:Middlewares/Third_Party/LwIP/src/api/api_msg.c ****       (NETCONNTYPE_GROUP(msg->conn->type) == NETCONN_TCP) &&
 5268              		.loc 1 1943 8 discriminator 1 view .LVU1617
 5269 000c 0378     		ldrb	r3, [r0]	@ zero_extendqisi2
1942:Middlewares/Third_Party/LwIP/src/api/api_msg.c ****       (NETCONNTYPE_GROUP(msg->conn->type) == NETCONN_TCP) &&
 5270              		.loc 1 1942 36 discriminator 1 view .LVU1618
 5271 000e 03F0F003 		and	r3, r3, #240
 5272 0012 102B     		cmp	r3, #16
 5273 0014 02D0     		beq	.L444
 5274              	.L434:
1944:Middlewares/Third_Party/LwIP/src/api/api_msg.c ****       ((msg->msg.sd.shut == NETCONN_SHUT_RDWR) || (state != NETCONN_LISTEN))) {
1945:Middlewares/Third_Party/LwIP/src/api/api_msg.c ****     /* Check if we are in a connected state */
1946:Middlewares/Third_Party/LwIP/src/api/api_msg.c ****     if (state == NETCONN_CONNECT) {
1947:Middlewares/Third_Party/LwIP/src/api/api_msg.c ****       /* TCP connect in progress: cannot shutdown */
1948:Middlewares/Third_Party/LwIP/src/api/api_msg.c ****       msg->err = ERR_CONN;
1949:Middlewares/Third_Party/LwIP/src/api/api_msg.c ****     } else if (state == NETCONN_WRITE) {
1950:Middlewares/Third_Party/LwIP/src/api/api_msg.c **** #if LWIP_NETCONN_FULLDUPLEX
1951:Middlewares/Third_Party/LwIP/src/api/api_msg.c ****       if (msg->msg.sd.shut & NETCONN_SHUT_WR) {
1952:Middlewares/Third_Party/LwIP/src/api/api_msg.c ****         /* close requested, abort running write */
1953:Middlewares/Third_Party/LwIP/src/api/api_msg.c ****         sys_sem_t *write_completed_sem;
1954:Middlewares/Third_Party/LwIP/src/api/api_msg.c ****         LWIP_ASSERT("msg->conn->current_msg != NULL", msg->conn->current_msg != NULL);
1955:Middlewares/Third_Party/LwIP/src/api/api_msg.c ****         write_completed_sem = LWIP_API_MSG_SEM(msg->conn->current_msg);
1956:Middlewares/Third_Party/LwIP/src/api/api_msg.c ****         msg->conn->current_msg->err = ERR_CLSD;
1957:Middlewares/Third_Party/LwIP/src/api/api_msg.c ****         msg->conn->current_msg = NULL;
1958:Middlewares/Third_Party/LwIP/src/api/api_msg.c ****         msg->conn->state = NETCONN_NONE;
1959:Middlewares/Third_Party/LwIP/src/api/api_msg.c ****         state = NETCONN_NONE;
1960:Middlewares/Third_Party/LwIP/src/api/api_msg.c ****         sys_sem_signal(write_completed_sem);
1961:Middlewares/Third_Party/LwIP/src/api/api_msg.c ****       } else {
1962:Middlewares/Third_Party/LwIP/src/api/api_msg.c ****         LWIP_ASSERT("msg->msg.sd.shut == NETCONN_SHUT_RD", msg->msg.sd.shut == NETCONN_SHUT_RD);
1963:Middlewares/Third_Party/LwIP/src/api/api_msg.c ****         /* In this case, let the write continue and do not interfere with
1964:Middlewares/Third_Party/LwIP/src/api/api_msg.c ****            conn->current_msg or conn->state! */
1965:Middlewares/Third_Party/LwIP/src/api/api_msg.c ****         msg->err = tcp_shutdown(msg->conn->pcb.tcp, 1, 0);
1966:Middlewares/Third_Party/LwIP/src/api/api_msg.c ****       }
1967:Middlewares/Third_Party/LwIP/src/api/api_msg.c ****     }
1968:Middlewares/Third_Party/LwIP/src/api/api_msg.c ****     if (state == NETCONN_NONE) {
1969:Middlewares/Third_Party/LwIP/src/api/api_msg.c **** #else /* LWIP_NETCONN_FULLDUPLEX */
1970:Middlewares/Third_Party/LwIP/src/api/api_msg.c ****       msg->err = ERR_INPROGRESS;
1971:Middlewares/Third_Party/LwIP/src/api/api_msg.c ****     } else {
1972:Middlewares/Third_Party/LwIP/src/api/api_msg.c **** #endif /* LWIP_NETCONN_FULLDUPLEX */
1973:Middlewares/Third_Party/LwIP/src/api/api_msg.c ****       if (msg->msg.sd.shut & NETCONN_SHUT_RD) {
1974:Middlewares/Third_Party/LwIP/src/api/api_msg.c **** #if LWIP_NETCONN_FULLDUPLEX
1975:Middlewares/Third_Party/LwIP/src/api/api_msg.c ****         /* Mark mboxes invalid */
1976:Middlewares/Third_Party/LwIP/src/api/api_msg.c ****         netconn_mark_mbox_invalid(msg->conn);
1977:Middlewares/Third_Party/LwIP/src/api/api_msg.c **** #else /* LWIP_NETCONN_FULLDUPLEX */
1978:Middlewares/Third_Party/LwIP/src/api/api_msg.c ****         netconn_drain(msg->conn);
1979:Middlewares/Third_Party/LwIP/src/api/api_msg.c **** #endif /* LWIP_NETCONN_FULLDUPLEX */
1980:Middlewares/Third_Party/LwIP/src/api/api_msg.c ****       }
1981:Middlewares/Third_Party/LwIP/src/api/api_msg.c ****       LWIP_ASSERT("already writing or closing", msg->conn->current_msg == NULL);
1982:Middlewares/Third_Party/LwIP/src/api/api_msg.c ****       msg->conn->state = NETCONN_CLOSE;
1983:Middlewares/Third_Party/LwIP/src/api/api_msg.c ****       msg->conn->current_msg = msg;
1984:Middlewares/Third_Party/LwIP/src/api/api_msg.c **** #if LWIP_TCPIP_CORE_LOCKING
1985:Middlewares/Third_Party/LwIP/src/api/api_msg.c ****       if (lwip_netconn_do_close_internal(msg->conn, 0) != ERR_OK) {
1986:Middlewares/Third_Party/LwIP/src/api/api_msg.c ****         LWIP_ASSERT("state!", msg->conn->state == NETCONN_CLOSE);
1987:Middlewares/Third_Party/LwIP/src/api/api_msg.c ****         UNLOCK_TCPIP_CORE();
1988:Middlewares/Third_Party/LwIP/src/api/api_msg.c ****         sys_arch_sem_wait(LWIP_API_MSG_SEM(msg), 0);
1989:Middlewares/Third_Party/LwIP/src/api/api_msg.c ****         LOCK_TCPIP_CORE();
1990:Middlewares/Third_Party/LwIP/src/api/api_msg.c ****         LWIP_ASSERT("state!", msg->conn->state == NETCONN_NONE);
1991:Middlewares/Third_Party/LwIP/src/api/api_msg.c ****       }
ARM GAS  /tmp/ccMZQUTk.s 			page 153


1992:Middlewares/Third_Party/LwIP/src/api/api_msg.c **** #else /* LWIP_TCPIP_CORE_LOCKING */
1993:Middlewares/Third_Party/LwIP/src/api/api_msg.c ****       lwip_netconn_do_close_internal(msg->conn);
1994:Middlewares/Third_Party/LwIP/src/api/api_msg.c **** #endif /* LWIP_TCPIP_CORE_LOCKING */
1995:Middlewares/Third_Party/LwIP/src/api/api_msg.c ****       /* for tcp netconns, lwip_netconn_do_close_internal ACKs the message */
1996:Middlewares/Third_Party/LwIP/src/api/api_msg.c ****       return;
1997:Middlewares/Third_Party/LwIP/src/api/api_msg.c ****     }
1998:Middlewares/Third_Party/LwIP/src/api/api_msg.c ****   } else
1999:Middlewares/Third_Party/LwIP/src/api/api_msg.c **** #endif /* LWIP_TCP */
2000:Middlewares/Third_Party/LwIP/src/api/api_msg.c ****   {
2001:Middlewares/Third_Party/LwIP/src/api/api_msg.c ****     msg->err = ERR_CONN;
 5275              		.loc 1 2001 5 is_stmt 1 view .LVU1619
 5276              		.loc 1 2001 14 is_stmt 0 view .LVU1620
 5277 0016 F523     		movs	r3, #245
 5278 0018 2371     		strb	r3, [r4, #4]
2002:Middlewares/Third_Party/LwIP/src/api/api_msg.c ****   }
2003:Middlewares/Third_Party/LwIP/src/api/api_msg.c ****   TCPIP_APIMSG_ACK(msg);
 5279              		.loc 1 2003 24 is_stmt 1 view .LVU1621
 5280              	.LVL505:
 5281              	.L433:
2004:Middlewares/Third_Party/LwIP/src/api/api_msg.c **** }
 5282              		.loc 1 2004 1 is_stmt 0 view .LVU1622
 5283 001a 38BD     		pop	{r3, r4, r5, pc}
 5284              	.LVL506:
 5285              	.L444:
1944:Middlewares/Third_Party/LwIP/src/api/api_msg.c ****       ((msg->msg.sd.shut == NETCONN_SHUT_RDWR) || (state != NETCONN_LISTEN))) {
 5286              		.loc 1 1944 20 view .LVU1623
 5287 001c 237A     		ldrb	r3, [r4, #8]	@ zero_extendqisi2
1943:Middlewares/Third_Party/LwIP/src/api/api_msg.c ****       ((msg->msg.sd.shut == NETCONN_SHUT_RDWR) || (state != NETCONN_LISTEN))) {
 5288              		.loc 1 1943 59 view .LVU1624
 5289 001e 032B     		cmp	r3, #3
 5290 0020 01D0     		beq	.L435
1944:Middlewares/Third_Party/LwIP/src/api/api_msg.c ****     /* Check if we are in a connected state */
 5291              		.loc 1 1944 48 view .LVU1625
 5292 0022 022A     		cmp	r2, #2
 5293 0024 F7D0     		beq	.L434
 5294              	.L435:
1946:Middlewares/Third_Party/LwIP/src/api/api_msg.c ****       /* TCP connect in progress: cannot shutdown */
 5295              		.loc 1 1946 5 is_stmt 1 view .LVU1626
1946:Middlewares/Third_Party/LwIP/src/api/api_msg.c ****       /* TCP connect in progress: cannot shutdown */
 5296              		.loc 1 1946 8 is_stmt 0 view .LVU1627
 5297 0026 032A     		cmp	r2, #3
 5298 0028 04D0     		beq	.L445
1949:Middlewares/Third_Party/LwIP/src/api/api_msg.c **** #if LWIP_NETCONN_FULLDUPLEX
 5299              		.loc 1 1949 12 is_stmt 1 view .LVU1628
1949:Middlewares/Third_Party/LwIP/src/api/api_msg.c **** #if LWIP_NETCONN_FULLDUPLEX
 5300              		.loc 1 1949 15 is_stmt 0 view .LVU1629
 5301 002a 012A     		cmp	r2, #1
 5302 002c 05D1     		bne	.L438
1970:Middlewares/Third_Party/LwIP/src/api/api_msg.c ****     } else {
 5303              		.loc 1 1970 7 is_stmt 1 view .LVU1630
1970:Middlewares/Third_Party/LwIP/src/api/api_msg.c ****     } else {
 5304              		.loc 1 1970 16 is_stmt 0 view .LVU1631
 5305 002e FB23     		movs	r3, #251
 5306 0030 2371     		strb	r3, [r4, #4]
 5307 0032 F2E7     		b	.L433
 5308              	.L445:
1948:Middlewares/Third_Party/LwIP/src/api/api_msg.c ****     } else if (state == NETCONN_WRITE) {
ARM GAS  /tmp/ccMZQUTk.s 			page 154


 5309              		.loc 1 1948 7 is_stmt 1 view .LVU1632
1948:Middlewares/Third_Party/LwIP/src/api/api_msg.c ****     } else if (state == NETCONN_WRITE) {
 5310              		.loc 1 1948 16 is_stmt 0 view .LVU1633
 5311 0034 F523     		movs	r3, #245
 5312 0036 2371     		strb	r3, [r4, #4]
 5313 0038 EFE7     		b	.L433
 5314              	.L438:
1973:Middlewares/Third_Party/LwIP/src/api/api_msg.c **** #if LWIP_NETCONN_FULLDUPLEX
 5315              		.loc 1 1973 7 is_stmt 1 view .LVU1634
1973:Middlewares/Third_Party/LwIP/src/api/api_msg.c **** #if LWIP_NETCONN_FULLDUPLEX
 5316              		.loc 1 1973 10 is_stmt 0 view .LVU1635
 5317 003a 13F0010F 		tst	r3, #1
 5318 003e 30D1     		bne	.L446
 5319              	.LVL507:
 5320              	.L439:
1981:Middlewares/Third_Party/LwIP/src/api/api_msg.c ****       msg->conn->state = NETCONN_CLOSE;
 5321              		.loc 1 1981 7 is_stmt 1 view .LVU1636
1981:Middlewares/Third_Party/LwIP/src/api/api_msg.c ****       msg->conn->state = NETCONN_CLOSE;
 5322              		.loc 1 1981 7 view .LVU1637
 5323 0040 2368     		ldr	r3, [r4]
 5324 0042 1B6A     		ldr	r3, [r3, #32]
 5325 0044 33B1     		cbz	r3, .L440
1981:Middlewares/Third_Party/LwIP/src/api/api_msg.c ****       msg->conn->state = NETCONN_CLOSE;
 5326              		.loc 1 1981 7 discriminator 1 view .LVU1638
1981:Middlewares/Third_Party/LwIP/src/api/api_msg.c ****       msg->conn->state = NETCONN_CLOSE;
 5327              		.loc 1 1981 7 discriminator 1 view .LVU1639
 5328 0046 1C4B     		ldr	r3, .L448
 5329 0048 40F2BD72 		movw	r2, #1981
 5330 004c 1B49     		ldr	r1, .L448+4
 5331 004e 1C48     		ldr	r0, .L448+8
 5332 0050 FFF7FEFF 		bl	printf
 5333              	.LVL508:
 5334              	.L440:
1981:Middlewares/Third_Party/LwIP/src/api/api_msg.c ****       msg->conn->state = NETCONN_CLOSE;
 5335              		.loc 1 1981 7 discriminator 3 view .LVU1640
1981:Middlewares/Third_Party/LwIP/src/api/api_msg.c ****       msg->conn->state = NETCONN_CLOSE;
 5336              		.loc 1 1981 7 discriminator 3 view .LVU1641
1982:Middlewares/Third_Party/LwIP/src/api/api_msg.c ****       msg->conn->current_msg = msg;
 5337              		.loc 1 1982 7 discriminator 3 view .LVU1642
1982:Middlewares/Third_Party/LwIP/src/api/api_msg.c ****       msg->conn->current_msg = msg;
 5338              		.loc 1 1982 10 is_stmt 0 discriminator 3 view .LVU1643
 5339 0054 2368     		ldr	r3, [r4]
1982:Middlewares/Third_Party/LwIP/src/api/api_msg.c ****       msg->conn->current_msg = msg;
 5340              		.loc 1 1982 24 discriminator 3 view .LVU1644
 5341 0056 0422     		movs	r2, #4
 5342 0058 5A70     		strb	r2, [r3, #1]
1983:Middlewares/Third_Party/LwIP/src/api/api_msg.c **** #if LWIP_TCPIP_CORE_LOCKING
 5343              		.loc 1 1983 7 is_stmt 1 discriminator 3 view .LVU1645
1983:Middlewares/Third_Party/LwIP/src/api/api_msg.c **** #if LWIP_TCPIP_CORE_LOCKING
 5344              		.loc 1 1983 10 is_stmt 0 discriminator 3 view .LVU1646
 5345 005a 2368     		ldr	r3, [r4]
1983:Middlewares/Third_Party/LwIP/src/api/api_msg.c **** #if LWIP_TCPIP_CORE_LOCKING
 5346              		.loc 1 1983 30 discriminator 3 view .LVU1647
 5347 005c 1C62     		str	r4, [r3, #32]
1985:Middlewares/Third_Party/LwIP/src/api/api_msg.c ****         LWIP_ASSERT("state!", msg->conn->state == NETCONN_CLOSE);
 5348              		.loc 1 1985 7 is_stmt 1 discriminator 3 view .LVU1648
1985:Middlewares/Third_Party/LwIP/src/api/api_msg.c ****         LWIP_ASSERT("state!", msg->conn->state == NETCONN_CLOSE);
ARM GAS  /tmp/ccMZQUTk.s 			page 155


 5349              		.loc 1 1985 11 is_stmt 0 discriminator 3 view .LVU1649
 5350 005e 0021     		movs	r1, #0
 5351 0060 2068     		ldr	r0, [r4]
 5352 0062 FFF7FEFF 		bl	lwip_netconn_do_close_internal
 5353              	.LVL509:
1985:Middlewares/Third_Party/LwIP/src/api/api_msg.c ****         LWIP_ASSERT("state!", msg->conn->state == NETCONN_CLOSE);
 5354              		.loc 1 1985 10 discriminator 3 view .LVU1650
 5355 0066 0028     		cmp	r0, #0
 5356 0068 D7D0     		beq	.L433
1986:Middlewares/Third_Party/LwIP/src/api/api_msg.c ****         UNLOCK_TCPIP_CORE();
 5357              		.loc 1 1986 9 is_stmt 1 view .LVU1651
1986:Middlewares/Third_Party/LwIP/src/api/api_msg.c ****         UNLOCK_TCPIP_CORE();
 5358              		.loc 1 1986 9 view .LVU1652
 5359 006a 2368     		ldr	r3, [r4]
 5360 006c 5B78     		ldrb	r3, [r3, #1]	@ zero_extendqisi2
 5361 006e 042B     		cmp	r3, #4
 5362 0070 1AD1     		bne	.L447
 5363              	.L442:
1986:Middlewares/Third_Party/LwIP/src/api/api_msg.c ****         UNLOCK_TCPIP_CORE();
 5364              		.loc 1 1986 9 discriminator 3 view .LVU1653
1986:Middlewares/Third_Party/LwIP/src/api/api_msg.c ****         UNLOCK_TCPIP_CORE();
 5365              		.loc 1 1986 9 discriminator 3 view .LVU1654
1987:Middlewares/Third_Party/LwIP/src/api/api_msg.c ****         sys_arch_sem_wait(LWIP_API_MSG_SEM(msg), 0);
 5366              		.loc 1 1987 9 discriminator 3 view .LVU1655
 5367 0072 144D     		ldr	r5, .L448+12
 5368 0074 2846     		mov	r0, r5
 5369 0076 FFF7FEFF 		bl	sys_mutex_unlock
 5370              	.LVL510:
1988:Middlewares/Third_Party/LwIP/src/api/api_msg.c ****         LOCK_TCPIP_CORE();
 5371              		.loc 1 1988 9 discriminator 3 view .LVU1656
1988:Middlewares/Third_Party/LwIP/src/api/api_msg.c ****         LOCK_TCPIP_CORE();
 5372              		.loc 1 1988 27 is_stmt 0 discriminator 3 view .LVU1657
 5373 007a 2068     		ldr	r0, [r4]
1988:Middlewares/Third_Party/LwIP/src/api/api_msg.c ****         LOCK_TCPIP_CORE();
 5374              		.loc 1 1988 9 discriminator 3 view .LVU1658
 5375 007c 0021     		movs	r1, #0
 5376 007e 0C30     		adds	r0, r0, #12
 5377 0080 FFF7FEFF 		bl	sys_arch_sem_wait
 5378              	.LVL511:
1989:Middlewares/Third_Party/LwIP/src/api/api_msg.c ****         LWIP_ASSERT("state!", msg->conn->state == NETCONN_NONE);
 5379              		.loc 1 1989 9 is_stmt 1 discriminator 3 view .LVU1659
 5380 0084 2846     		mov	r0, r5
 5381 0086 FFF7FEFF 		bl	sys_mutex_lock
 5382              	.LVL512:
1990:Middlewares/Third_Party/LwIP/src/api/api_msg.c ****       }
 5383              		.loc 1 1990 9 discriminator 3 view .LVU1660
1990:Middlewares/Third_Party/LwIP/src/api/api_msg.c ****       }
 5384              		.loc 1 1990 9 discriminator 3 view .LVU1661
 5385 008a 2368     		ldr	r3, [r4]
 5386 008c 5B78     		ldrb	r3, [r3, #1]	@ zero_extendqisi2
 5387 008e 002B     		cmp	r3, #0
 5388 0090 C3D0     		beq	.L433
1990:Middlewares/Third_Party/LwIP/src/api/api_msg.c ****       }
 5389              		.loc 1 1990 9 discriminator 1 view .LVU1662
1990:Middlewares/Third_Party/LwIP/src/api/api_msg.c ****       }
 5390              		.loc 1 1990 9 discriminator 1 view .LVU1663
 5391 0092 094B     		ldr	r3, .L448
ARM GAS  /tmp/ccMZQUTk.s 			page 156


 5392 0094 40F2C672 		movw	r2, #1990
 5393 0098 0B49     		ldr	r1, .L448+16
 5394 009a 0948     		ldr	r0, .L448+8
 5395 009c FFF7FEFF 		bl	printf
 5396              	.LVL513:
1990:Middlewares/Third_Party/LwIP/src/api/api_msg.c ****       }
 5397              		.loc 1 1990 9 discriminator 1 view .LVU1664
1990:Middlewares/Third_Party/LwIP/src/api/api_msg.c ****       }
 5398              		.loc 1 1990 9 discriminator 1 view .LVU1665
1996:Middlewares/Third_Party/LwIP/src/api/api_msg.c ****     }
 5399              		.loc 1 1996 7 discriminator 1 view .LVU1666
 5400 00a0 BBE7     		b	.L433
 5401              	.LVL514:
 5402              	.L446:
1978:Middlewares/Third_Party/LwIP/src/api/api_msg.c **** #endif /* LWIP_NETCONN_FULLDUPLEX */
 5403              		.loc 1 1978 9 view .LVU1667
 5404 00a2 FFF7FEFF 		bl	netconn_drain
 5405              	.LVL515:
1978:Middlewares/Third_Party/LwIP/src/api/api_msg.c **** #endif /* LWIP_NETCONN_FULLDUPLEX */
 5406              		.loc 1 1978 9 is_stmt 0 view .LVU1668
 5407 00a6 CBE7     		b	.L439
 5408              	.L447:
1986:Middlewares/Third_Party/LwIP/src/api/api_msg.c ****         UNLOCK_TCPIP_CORE();
 5409              		.loc 1 1986 9 is_stmt 1 discriminator 1 view .LVU1669
1986:Middlewares/Third_Party/LwIP/src/api/api_msg.c ****         UNLOCK_TCPIP_CORE();
 5410              		.loc 1 1986 9 discriminator 1 view .LVU1670
 5411 00a8 034B     		ldr	r3, .L448
 5412 00aa 40F2C272 		movw	r2, #1986
 5413 00ae 0649     		ldr	r1, .L448+16
 5414 00b0 0348     		ldr	r0, .L448+8
 5415 00b2 FFF7FEFF 		bl	printf
 5416              	.LVL516:
 5417 00b6 DCE7     		b	.L442
 5418              	.L449:
 5419              		.align	2
 5420              	.L448:
 5421 00b8 00000000 		.word	.LC0
 5422 00bc 34000000 		.word	.LC36
 5423 00c0 40000000 		.word	.LC2
 5424 00c4 00000000 		.word	lock_tcpip_core
 5425 00c8 50000000 		.word	.LC37
 5426              		.cfi_endproc
 5427              	.LFE200:
 5429              		.global	netconn_closed
 5430              		.global	netconn_reset
 5431              		.global	netconn_aborted
 5432              		.section	.rodata.netconn_aborted,"a"
 5433              		.set	.LANCHOR2,. + 0
 5436              	netconn_aborted:
 5437 0000 00       		.space	1
 5438              		.section	.rodata.netconn_closed,"a"
 5439              		.set	.LANCHOR1,. + 0
 5442              	netconn_closed:
 5443 0000 00       		.space	1
 5444              		.section	.rodata.netconn_reset,"a"
 5445              		.set	.LANCHOR0,. + 0
 5448              	netconn_reset:
ARM GAS  /tmp/ccMZQUTk.s 			page 157


 5449 0000 00       		.space	1
 5450              		.text
 5451              	.Letext0:
 5452              		.file 2 "/usr/lib/gcc/arm-none-eabi/10.3.1/include/stdint.h"
 5453              		.file 3 "/usr/lib/gcc/arm-none-eabi/10.3.1/include/stddef.h"
 5454              		.file 4 "Middlewares/Third_Party/LwIP/system/arch/cc.h"
 5455              		.file 5 "Middlewares/Third_Party/LwIP/src/include/lwip/arch.h"
 5456              		.file 6 "Middlewares/Third_Party/LwIP/src/include/lwip/ip4_addr.h"
 5457              		.file 7 "Middlewares/Third_Party/LwIP/src/include/lwip/ip_addr.h"
 5458              		.file 8 "Middlewares/Third_Party/LwIP/src/include/lwip/err.h"
 5459              		.file 9 "Middlewares/Third_Party/FreeRTOS/Source/CMSIS_RTOS_V2/cmsis_os2.h"
 5460              		.file 10 "Middlewares/Third_Party/LwIP/system/arch/sys_arch.h"
 5461              		.file 11 "Middlewares/Third_Party/LwIP/src/include/lwip/pbuf.h"
 5462              		.file 12 "Middlewares/Third_Party/LwIP/src/include/lwip/memp.h"
 5463              		.file 13 "Middlewares/Third_Party/LwIP/src/include/lwip/netif.h"
 5464              		.file 14 "Middlewares/Third_Party/LwIP/src/include/lwip/netbuf.h"
 5465              		.file 15 "Middlewares/Third_Party/LwIP/src/include/lwip/api.h"
 5466              		.file 16 "Middlewares/Third_Party/LwIP/src/include/lwip/ip.h"
 5467              		.file 17 "Middlewares/Third_Party/LwIP/src/include/lwip/tcp.h"
 5468              		.file 18 "Middlewares/Third_Party/LwIP/src/include/lwip/udp.h"
 5469              		.file 19 "Middlewares/Third_Party/LwIP/src/include/lwip/priv/api_msg.h"
 5470              		.file 20 "Middlewares/Third_Party/LwIP/src/include/lwip/tcpbase.h"
 5471              		.file 21 "Middlewares/Third_Party/LwIP/src/include/lwip/tcpip.h"
 5472              		.file 22 "/usr/include/newlib/stdio.h"
 5473              		.file 23 "Middlewares/Third_Party/LwIP/src/include/lwip/sys.h"
ARM GAS  /tmp/ccMZQUTk.s 			page 158


DEFINED SYMBOLS
                            *ABS*:0000000000000000 api_msg.c
     /tmp/ccMZQUTk.s:17     .rodata.lwip_netconn_err_to_msg.str1.4:0000000000000000 $d
     /tmp/ccMZQUTk.s:27     .text.lwip_netconn_err_to_msg:0000000000000000 $t
     /tmp/ccMZQUTk.s:34     .text.lwip_netconn_err_to_msg:0000000000000000 lwip_netconn_err_to_msg
     /tmp/ccMZQUTk.s:107    .text.lwip_netconn_err_to_msg:0000000000000038 $d
     /tmp/ccMZQUTk.s:117    .rodata.recv_udp.str1.4:0000000000000000 $d
     /tmp/ccMZQUTk.s:127    .text.recv_udp:0000000000000000 $t
     /tmp/ccMZQUTk.s:133    .text.recv_udp:0000000000000000 recv_udp
     /tmp/ccMZQUTk.s:328    .text.recv_udp:00000000000000b0 $d
     /tmp/ccMZQUTk.s:337    .text.setup_tcp:0000000000000000 $t
     /tmp/ccMZQUTk.s:343    .text.setup_tcp:0000000000000000 setup_tcp
     /tmp/ccMZQUTk.s:396    .text.setup_tcp:0000000000000030 $d
     /tmp/ccMZQUTk.s:2545   .text.recv_tcp:0000000000000000 recv_tcp
     /tmp/ccMZQUTk.s:2407   .text.sent_tcp:0000000000000000 sent_tcp
     /tmp/ccMZQUTk.s:2271   .text.poll_tcp:0000000000000000 poll_tcp
     /tmp/ccMZQUTk.s:570    .text.err_tcp:0000000000000000 err_tcp
     /tmp/ccMZQUTk.s:404    .rodata.pcb_new.str1.4:0000000000000000 $d
     /tmp/ccMZQUTk.s:408    .text.pcb_new:0000000000000000 $t
     /tmp/ccMZQUTk.s:414    .text.pcb_new:0000000000000000 pcb_new
     /tmp/ccMZQUTk.s:543    .text.pcb_new:0000000000000078 $d
     /tmp/ccMZQUTk.s:551    .rodata.err_tcp.str1.4:0000000000000000 $d
     /tmp/ccMZQUTk.s:564    .text.err_tcp:0000000000000000 $t
     /tmp/ccMZQUTk.s:847    .text.err_tcp:000000000000010c $d
     /tmp/ccMZQUTk.s:859    .rodata.lwip_netconn_do_connected.str1.4:0000000000000000 $d
     /tmp/ccMZQUTk.s:870    .text.lwip_netconn_do_connected:0000000000000000 $t
     /tmp/ccMZQUTk.s:876    .text.lwip_netconn_do_connected:0000000000000000 lwip_netconn_do_connected
     /tmp/ccMZQUTk.s:1081   .text.lwip_netconn_do_connected:00000000000000c8 $d
     /tmp/ccMZQUTk.s:1090   .rodata.lwip_netconn_do_writemore.str1.4:0000000000000000 $d
     /tmp/ccMZQUTk.s:1107   .text.lwip_netconn_do_writemore:0000000000000000 $t
     /tmp/ccMZQUTk.s:1113   .text.lwip_netconn_do_writemore:0000000000000000 lwip_netconn_do_writemore
     /tmp/ccMZQUTk.s:1753   .text.lwip_netconn_do_writemore:0000000000000278 $d
     /tmp/ccMZQUTk.s:1766   .rodata.lwip_netconn_do_close_internal.str1.4:0000000000000000 $d
     /tmp/ccMZQUTk.s:1782   .text.lwip_netconn_do_close_internal:0000000000000000 $t
     /tmp/ccMZQUTk.s:1788   .text.lwip_netconn_do_close_internal:0000000000000000 lwip_netconn_do_close_internal
     /tmp/ccMZQUTk.s:2250   .text.lwip_netconn_do_close_internal:00000000000001ec $d
     /tmp/ccMZQUTk.s:2265   .text.poll_tcp:0000000000000000 $t
     /tmp/ccMZQUTk.s:2394   .text.poll_tcp:0000000000000078 $d
     /tmp/ccMZQUTk.s:2401   .text.sent_tcp:0000000000000000 $t
     /tmp/ccMZQUTk.s:2519   .text.sent_tcp:0000000000000068 $d
     /tmp/ccMZQUTk.s:2526   .rodata.recv_tcp.str1.4:0000000000000000 $d
     /tmp/ccMZQUTk.s:2539   .text.recv_tcp:0000000000000000 $t
     /tmp/ccMZQUTk.s:2740   .text.recv_tcp:00000000000000ac $d
     /tmp/ccMZQUTk.s:2751   .rodata.lwip_netconn_is_err_msg.str1.4:0000000000000000 $d
     /tmp/ccMZQUTk.s:2755   .text.lwip_netconn_is_err_msg:0000000000000000 $t
     /tmp/ccMZQUTk.s:2762   .text.lwip_netconn_is_err_msg:0000000000000000 lwip_netconn_is_err_msg
     /tmp/ccMZQUTk.s:2851   .text.lwip_netconn_is_err_msg:0000000000000044 $d
     /tmp/ccMZQUTk.s:2861   .text.lwip_netconn_do_newconn:0000000000000000 $t
     /tmp/ccMZQUTk.s:2868   .text.lwip_netconn_do_newconn:0000000000000000 lwip_netconn_do_newconn
     /tmp/ccMZQUTk.s:2910   .rodata.netconn_alloc.str1.4:0000000000000000 $d
     /tmp/ccMZQUTk.s:2914   .text.netconn_alloc:0000000000000000 $t
     /tmp/ccMZQUTk.s:2921   .text.netconn_alloc:0000000000000000 netconn_alloc
     /tmp/ccMZQUTk.s:3056   .text.netconn_alloc:000000000000007c $d
     /tmp/ccMZQUTk.s:3063   .rodata.netconn_free.str1.4:0000000000000000 $d
     /tmp/ccMZQUTk.s:3075   .text.netconn_free:0000000000000000 $t
     /tmp/ccMZQUTk.s:3082   .text.netconn_free:0000000000000000 netconn_free
     /tmp/ccMZQUTk.s:3173   .text.netconn_free:0000000000000064 $d
ARM GAS  /tmp/ccMZQUTk.s 			page 159


     /tmp/ccMZQUTk.s:3182   .text.netconn_drain:0000000000000000 $t
     /tmp/ccMZQUTk.s:3188   .text.netconn_drain:0000000000000000 netconn_drain
     /tmp/ccMZQUTk.s:3364   .rodata.accept_function.str1.4:0000000000000000 $d
     /tmp/ccMZQUTk.s:3368   .text.accept_function:0000000000000000 $t
     /tmp/ccMZQUTk.s:3374   .text.accept_function:0000000000000000 accept_function
     /tmp/ccMZQUTk.s:3609   .text.accept_function:00000000000000fc $d
     /tmp/ccMZQUTk.s:3616   .rodata.lwip_netconn_do_delconn.str1.4:0000000000000000 $d
     /tmp/ccMZQUTk.s:3629   .text.lwip_netconn_do_delconn:0000000000000000 $t
     /tmp/ccMZQUTk.s:3636   .text.lwip_netconn_do_delconn:0000000000000000 lwip_netconn_do_delconn
     /tmp/ccMZQUTk.s:3913   .text.lwip_netconn_do_delconn:000000000000012c $d
     /tmp/ccMZQUTk.s:3924   .text.lwip_netconn_do_bind:0000000000000000 $t
     /tmp/ccMZQUTk.s:3931   .text.lwip_netconn_do_bind:0000000000000000 lwip_netconn_do_bind
     /tmp/ccMZQUTk.s:4004   .text.lwip_netconn_do_bind_if:0000000000000000 $t
     /tmp/ccMZQUTk.s:4011   .text.lwip_netconn_do_bind_if:0000000000000000 lwip_netconn_do_bind_if
     /tmp/ccMZQUTk.s:4102   .rodata.lwip_netconn_do_connect.str1.4:0000000000000000 $d
     /tmp/ccMZQUTk.s:4106   .text.lwip_netconn_do_connect:0000000000000000 $t
     /tmp/ccMZQUTk.s:4113   .text.lwip_netconn_do_connect:0000000000000000 lwip_netconn_do_connect
     /tmp/ccMZQUTk.s:4348   .text.lwip_netconn_do_connect:00000000000000e4 $d
     /tmp/ccMZQUTk.s:4358   .text.lwip_netconn_do_disconnect:0000000000000000 $t
     /tmp/ccMZQUTk.s:4365   .text.lwip_netconn_do_disconnect:0000000000000000 lwip_netconn_do_disconnect
     /tmp/ccMZQUTk.s:4415   .text.lwip_netconn_do_listen:0000000000000000 $t
     /tmp/ccMZQUTk.s:4422   .text.lwip_netconn_do_listen:0000000000000000 lwip_netconn_do_listen
     /tmp/ccMZQUTk.s:4641   .text.lwip_netconn_do_listen:00000000000000d4 $d
     /tmp/ccMZQUTk.s:4646   .text.lwip_netconn_do_send:0000000000000000 $t
     /tmp/ccMZQUTk.s:4653   .text.lwip_netconn_do_send:0000000000000000 lwip_netconn_do_send
     /tmp/ccMZQUTk.s:4744   .text.lwip_netconn_do_recv:0000000000000000 $t
     /tmp/ccMZQUTk.s:4751   .text.lwip_netconn_do_recv:0000000000000000 lwip_netconn_do_recv
     /tmp/ccMZQUTk.s:4850   .rodata.lwip_netconn_do_write.str1.4:0000000000000000 $d
     /tmp/ccMZQUTk.s:4854   .text.lwip_netconn_do_write:0000000000000000 $t
     /tmp/ccMZQUTk.s:4861   .text.lwip_netconn_do_write:0000000000000000 lwip_netconn_do_write
     /tmp/ccMZQUTk.s:5043   .text.lwip_netconn_do_write:00000000000000c0 $d
     /tmp/ccMZQUTk.s:5053   .rodata.lwip_netconn_do_getaddr.str1.4:0000000000000000 $d
     /tmp/ccMZQUTk.s:5057   .text.lwip_netconn_do_getaddr:0000000000000000 $t
     /tmp/ccMZQUTk.s:5064   .text.lwip_netconn_do_getaddr:0000000000000000 lwip_netconn_do_getaddr
     /tmp/ccMZQUTk.s:5224   .text.lwip_netconn_do_getaddr:0000000000000090 $d
     /tmp/ccMZQUTk.s:5231   .text.lwip_netconn_do_close:0000000000000000 $t
     /tmp/ccMZQUTk.s:5238   .text.lwip_netconn_do_close:0000000000000000 lwip_netconn_do_close
     /tmp/ccMZQUTk.s:5421   .text.lwip_netconn_do_close:00000000000000b8 $d
     /tmp/ccMZQUTk.s:5442   .rodata.netconn_closed:0000000000000000 netconn_closed
     /tmp/ccMZQUTk.s:5448   .rodata.netconn_reset:0000000000000000 netconn_reset
     /tmp/ccMZQUTk.s:5436   .rodata.netconn_aborted:0000000000000000 netconn_aborted
     /tmp/ccMZQUTk.s:5437   .rodata.netconn_aborted:0000000000000000 $d
     /tmp/ccMZQUTk.s:5443   .rodata.netconn_closed:0000000000000000 $d
     /tmp/ccMZQUTk.s:5449   .rodata.netconn_reset:0000000000000000 $d

UNDEFINED SYMBOLS
printf
sys_mbox_valid
memp_malloc
sys_mbox_trypost
pbuf_free
netbuf_delete
tcp_arg
tcp_recv
tcp_sent
tcp_poll
tcp_err
ARM GAS  /tmp/ccMZQUTk.s 			page 160


udp_new_ip_type
udp_recv
tcp_new_ip_type
sys_arch_protect
sys_arch_unprotect
sys_sem_valid
sys_sem_signal
tcp_write
tcp_output
tcp_close
tcp_accept
tcp_shutdown
tcp_abort
tcp_recved
sys_mbox_new
sys_sem_new
sys_mbox_set_invalid
memp_free
sys_mbox_free
sys_sem_free
sys_sem_set_invalid
sys_arch_mbox_tryfetch
udp_remove
sys_mutex_unlock
sys_arch_sem_wait
sys_mutex_lock
lock_tcpip_core
udp_bind
tcp_bind
netif_get_by_index
udp_bind_netif
tcp_bind_netif
udp_connect
tcp_connect
udp_disconnect
tcp_listen_with_backlog_and_err
netconn_err
udp_send
udp_sendto
