ARM GAS  /tmp/cc5F3p9I.s 			page 1


   1              		.cpu cortex-m7
   2              		.eabi_attribute 28, 1
   3              		.eabi_attribute 20, 1
   4              		.eabi_attribute 21, 1
   5              		.eabi_attribute 23, 3
   6              		.eabi_attribute 24, 1
   7              		.eabi_attribute 25, 1
   8              		.eabi_attribute 26, 1
   9              		.eabi_attribute 30, 1
  10              		.eabi_attribute 34, 1
  11              		.eabi_attribute 18, 4
  12              		.file	"lan8742.c"
  13              		.text
  14              	.Ltext0:
  15              		.cfi_sections	.debug_frame
  16              		.section	.text.LAN8742_RegisterBusIO,"ax",%progbits
  17              		.align	1
  18              		.global	LAN8742_RegisterBusIO
  19              		.arch armv7e-m
  20              		.syntax unified
  21              		.thumb
  22              		.thumb_func
  23              		.fpu fpv5-d16
  25              	LAN8742_RegisterBusIO:
  26              	.LVL0:
  27              	.LFB0:
  28              		.file 1 "Drivers/BSP/Components/lan8742/lan8742.c"
   1:Drivers/BSP/Components/lan8742/lan8742.c **** /**
   2:Drivers/BSP/Components/lan8742/lan8742.c ****   ******************************************************************************
   3:Drivers/BSP/Components/lan8742/lan8742.c ****   * @file    lan8742.c
   4:Drivers/BSP/Components/lan8742/lan8742.c ****   * @author  MCD Application Team
   5:Drivers/BSP/Components/lan8742/lan8742.c ****   * @brief   This file provides a set of functions needed to manage the LAN742
   6:Drivers/BSP/Components/lan8742/lan8742.c ****   *          PHY devices.
   7:Drivers/BSP/Components/lan8742/lan8742.c ****   ******************************************************************************
   8:Drivers/BSP/Components/lan8742/lan8742.c ****   * @attention
   9:Drivers/BSP/Components/lan8742/lan8742.c ****   *
  10:Drivers/BSP/Components/lan8742/lan8742.c ****   * Copyright (c) 2017 STMicroelectronics.
  11:Drivers/BSP/Components/lan8742/lan8742.c ****   * All rights reserved.
  12:Drivers/BSP/Components/lan8742/lan8742.c ****   *
  13:Drivers/BSP/Components/lan8742/lan8742.c ****   * This software is licensed under terms that can be found in the LICENSE file
  14:Drivers/BSP/Components/lan8742/lan8742.c ****   * in the root directory of this software component.
  15:Drivers/BSP/Components/lan8742/lan8742.c ****   * If no LICENSE file comes with this software, it is provided AS-IS.
  16:Drivers/BSP/Components/lan8742/lan8742.c ****   *
  17:Drivers/BSP/Components/lan8742/lan8742.c ****   ******************************************************************************
  18:Drivers/BSP/Components/lan8742/lan8742.c ****   */
  19:Drivers/BSP/Components/lan8742/lan8742.c **** 
  20:Drivers/BSP/Components/lan8742/lan8742.c **** /* Includes ------------------------------------------------------------------*/
  21:Drivers/BSP/Components/lan8742/lan8742.c **** #include "lan8742.h"
  22:Drivers/BSP/Components/lan8742/lan8742.c **** 
  23:Drivers/BSP/Components/lan8742/lan8742.c **** /** @addtogroup BSP
  24:Drivers/BSP/Components/lan8742/lan8742.c ****   * @{
  25:Drivers/BSP/Components/lan8742/lan8742.c ****   */
  26:Drivers/BSP/Components/lan8742/lan8742.c **** 
  27:Drivers/BSP/Components/lan8742/lan8742.c **** /** @addtogroup Component
  28:Drivers/BSP/Components/lan8742/lan8742.c ****   * @{
  29:Drivers/BSP/Components/lan8742/lan8742.c ****   */
  30:Drivers/BSP/Components/lan8742/lan8742.c **** 
ARM GAS  /tmp/cc5F3p9I.s 			page 2


  31:Drivers/BSP/Components/lan8742/lan8742.c **** /** @defgroup LAN8742 LAN8742
  32:Drivers/BSP/Components/lan8742/lan8742.c ****   * @{
  33:Drivers/BSP/Components/lan8742/lan8742.c ****   */
  34:Drivers/BSP/Components/lan8742/lan8742.c **** 
  35:Drivers/BSP/Components/lan8742/lan8742.c **** /* Private typedef -----------------------------------------------------------*/
  36:Drivers/BSP/Components/lan8742/lan8742.c **** /* Private define ------------------------------------------------------------*/
  37:Drivers/BSP/Components/lan8742/lan8742.c **** /** @defgroup LAN8742_Private_Defines LAN8742 Private Defines
  38:Drivers/BSP/Components/lan8742/lan8742.c ****   * @{
  39:Drivers/BSP/Components/lan8742/lan8742.c ****   */
  40:Drivers/BSP/Components/lan8742/lan8742.c **** #define LAN8742_MAX_DEV_ADDR   ((uint32_t)31U)
  41:Drivers/BSP/Components/lan8742/lan8742.c **** /**
  42:Drivers/BSP/Components/lan8742/lan8742.c ****   * @}
  43:Drivers/BSP/Components/lan8742/lan8742.c ****   */
  44:Drivers/BSP/Components/lan8742/lan8742.c **** 
  45:Drivers/BSP/Components/lan8742/lan8742.c **** /* Private macro -------------------------------------------------------------*/
  46:Drivers/BSP/Components/lan8742/lan8742.c **** /* Private variables ---------------------------------------------------------*/
  47:Drivers/BSP/Components/lan8742/lan8742.c **** /* Private function prototypes -----------------------------------------------*/
  48:Drivers/BSP/Components/lan8742/lan8742.c **** /* Private functions ---------------------------------------------------------*/
  49:Drivers/BSP/Components/lan8742/lan8742.c **** /** @defgroup LAN8742_Private_Functions LAN8742 Private Functions
  50:Drivers/BSP/Components/lan8742/lan8742.c ****   * @{
  51:Drivers/BSP/Components/lan8742/lan8742.c ****   */
  52:Drivers/BSP/Components/lan8742/lan8742.c **** 
  53:Drivers/BSP/Components/lan8742/lan8742.c **** /**
  54:Drivers/BSP/Components/lan8742/lan8742.c ****   * @brief  Register IO functions to component object
  55:Drivers/BSP/Components/lan8742/lan8742.c ****   * @param  pObj: device object  of LAN8742_Object_t.
  56:Drivers/BSP/Components/lan8742/lan8742.c ****   * @param  ioctx: holds device IO functions.
  57:Drivers/BSP/Components/lan8742/lan8742.c ****   * @retval LAN8742_STATUS_OK  if OK
  58:Drivers/BSP/Components/lan8742/lan8742.c ****   *         LAN8742_STATUS_ERROR if missing mandatory function
  59:Drivers/BSP/Components/lan8742/lan8742.c ****   */
  60:Drivers/BSP/Components/lan8742/lan8742.c **** int32_t  LAN8742_RegisterBusIO(lan8742_Object_t *pObj, lan8742_IOCtx_t *ioctx)
  61:Drivers/BSP/Components/lan8742/lan8742.c **** {
  29              		.loc 1 61 1 view -0
  30              		.cfi_startproc
  31              		@ args = 0, pretend = 0, frame = 0
  32              		@ frame_needed = 0, uses_anonymous_args = 0
  33              		@ link register save eliminated.
  62:Drivers/BSP/Components/lan8742/lan8742.c ****   if(!pObj || !ioctx->ReadReg || !ioctx->WriteReg || !ioctx->GetTick)
  34              		.loc 1 62 3 view .LVU1
  35              		.loc 1 62 5 is_stmt 0 view .LVU2
  36 0000 88B1     		cbz	r0, .L3
  37              		.loc 1 62 21 discriminator 1 view .LVU3
  38 0002 CA68     		ldr	r2, [r1, #12]
  39              		.loc 1 62 12 discriminator 1 view .LVU4
  40 0004 92B1     		cbz	r2, .L4
  41              		.loc 1 62 40 discriminator 2 view .LVU5
  42 0006 8A68     		ldr	r2, [r1, #8]
  43              		.loc 1 62 31 discriminator 2 view .LVU6
  44 0008 9AB1     		cbz	r2, .L5
  45              		.loc 1 62 60 discriminator 3 view .LVU7
  46 000a 0A69     		ldr	r2, [r1, #16]
  47              		.loc 1 62 51 discriminator 3 view .LVU8
  48 000c A2B1     		cbz	r2, .L6
  63:Drivers/BSP/Components/lan8742/lan8742.c ****   {
  64:Drivers/BSP/Components/lan8742/lan8742.c ****     return LAN8742_STATUS_ERROR;
  65:Drivers/BSP/Components/lan8742/lan8742.c ****   }
  66:Drivers/BSP/Components/lan8742/lan8742.c **** 
  67:Drivers/BSP/Components/lan8742/lan8742.c ****   pObj->IO.Init = ioctx->Init;
ARM GAS  /tmp/cc5F3p9I.s 			page 3


  49              		.loc 1 67 3 is_stmt 1 view .LVU9
  50              		.loc 1 67 24 is_stmt 0 view .LVU10
  51 000e 0A68     		ldr	r2, [r1]
  52              		.loc 1 67 17 view .LVU11
  53 0010 8260     		str	r2, [r0, #8]
  68:Drivers/BSP/Components/lan8742/lan8742.c ****   pObj->IO.DeInit = ioctx->DeInit;
  54              		.loc 1 68 3 is_stmt 1 view .LVU12
  55              		.loc 1 68 26 is_stmt 0 view .LVU13
  56 0012 4A68     		ldr	r2, [r1, #4]
  57              		.loc 1 68 19 view .LVU14
  58 0014 C260     		str	r2, [r0, #12]
  69:Drivers/BSP/Components/lan8742/lan8742.c ****   pObj->IO.ReadReg = ioctx->ReadReg;
  59              		.loc 1 69 3 is_stmt 1 view .LVU15
  60              		.loc 1 69 27 is_stmt 0 view .LVU16
  61 0016 CA68     		ldr	r2, [r1, #12]
  62              		.loc 1 69 20 view .LVU17
  63 0018 4261     		str	r2, [r0, #20]
  70:Drivers/BSP/Components/lan8742/lan8742.c ****   pObj->IO.WriteReg = ioctx->WriteReg;
  64              		.loc 1 70 3 is_stmt 1 view .LVU18
  65              		.loc 1 70 28 is_stmt 0 view .LVU19
  66 001a 8A68     		ldr	r2, [r1, #8]
  67              		.loc 1 70 21 view .LVU20
  68 001c 0261     		str	r2, [r0, #16]
  71:Drivers/BSP/Components/lan8742/lan8742.c ****   pObj->IO.GetTick = ioctx->GetTick;
  69              		.loc 1 71 3 is_stmt 1 view .LVU21
  70              		.loc 1 71 27 is_stmt 0 view .LVU22
  71 001e 0A69     		ldr	r2, [r1, #16]
  72              		.loc 1 71 20 view .LVU23
  73 0020 8261     		str	r2, [r0, #24]
  72:Drivers/BSP/Components/lan8742/lan8742.c **** 
  73:Drivers/BSP/Components/lan8742/lan8742.c ****   return LAN8742_STATUS_OK;
  74              		.loc 1 73 3 is_stmt 1 view .LVU24
  75              		.loc 1 73 10 is_stmt 0 view .LVU25
  76 0022 0020     		movs	r0, #0
  77              	.LVL1:
  78              		.loc 1 73 10 view .LVU26
  79 0024 7047     		bx	lr
  80              	.LVL2:
  81              	.L3:
  64:Drivers/BSP/Components/lan8742/lan8742.c ****   }
  82              		.loc 1 64 12 view .LVU27
  83 0026 4FF0FF30 		mov	r0, #-1
  84              	.LVL3:
  64:Drivers/BSP/Components/lan8742/lan8742.c ****   }
  85              		.loc 1 64 12 view .LVU28
  86 002a 7047     		bx	lr
  87              	.LVL4:
  88              	.L4:
  64:Drivers/BSP/Components/lan8742/lan8742.c ****   }
  89              		.loc 1 64 12 view .LVU29
  90 002c 4FF0FF30 		mov	r0, #-1
  91              	.LVL5:
  64:Drivers/BSP/Components/lan8742/lan8742.c ****   }
  92              		.loc 1 64 12 view .LVU30
  93 0030 7047     		bx	lr
  94              	.LVL6:
  95              	.L5:
ARM GAS  /tmp/cc5F3p9I.s 			page 4


  64:Drivers/BSP/Components/lan8742/lan8742.c ****   }
  96              		.loc 1 64 12 view .LVU31
  97 0032 4FF0FF30 		mov	r0, #-1
  98              	.LVL7:
  64:Drivers/BSP/Components/lan8742/lan8742.c ****   }
  99              		.loc 1 64 12 view .LVU32
 100 0036 7047     		bx	lr
 101              	.LVL8:
 102              	.L6:
  64:Drivers/BSP/Components/lan8742/lan8742.c ****   }
 103              		.loc 1 64 12 view .LVU33
 104 0038 4FF0FF30 		mov	r0, #-1
 105              	.LVL9:
  74:Drivers/BSP/Components/lan8742/lan8742.c **** }
 106              		.loc 1 74 1 view .LVU34
 107 003c 7047     		bx	lr
 108              		.cfi_endproc
 109              	.LFE0:
 111              		.section	.text.LAN8742_Init,"ax",%progbits
 112              		.align	1
 113              		.global	LAN8742_Init
 114              		.syntax unified
 115              		.thumb
 116              		.thumb_func
 117              		.fpu fpv5-d16
 119              	LAN8742_Init:
 120              	.LVL10:
 121              	.LFB1:
  75:Drivers/BSP/Components/lan8742/lan8742.c **** 
  76:Drivers/BSP/Components/lan8742/lan8742.c **** /**
  77:Drivers/BSP/Components/lan8742/lan8742.c ****   * @brief  Initialize the lan8742 and configure the needed hardware resources
  78:Drivers/BSP/Components/lan8742/lan8742.c ****   * @param  pObj: device object LAN8742_Object_t.
  79:Drivers/BSP/Components/lan8742/lan8742.c ****   * @retval LAN8742_STATUS_OK  if OK
  80:Drivers/BSP/Components/lan8742/lan8742.c ****   *         LAN8742_STATUS_ADDRESS_ERROR if cannot find device address
  81:Drivers/BSP/Components/lan8742/lan8742.c ****   *         LAN8742_STATUS_READ_ERROR if cannot read register
  82:Drivers/BSP/Components/lan8742/lan8742.c ****   */
  83:Drivers/BSP/Components/lan8742/lan8742.c ****  int32_t LAN8742_Init(lan8742_Object_t *pObj)
  84:Drivers/BSP/Components/lan8742/lan8742.c ****  {
 122              		.loc 1 84 2 is_stmt 1 view -0
 123              		.cfi_startproc
 124              		@ args = 0, pretend = 0, frame = 8
 125              		@ frame_needed = 0, uses_anonymous_args = 0
 126              		.loc 1 84 2 is_stmt 0 view .LVU36
 127 0000 70B5     		push	{r4, r5, r6, lr}
 128              	.LCFI0:
 129              		.cfi_def_cfa_offset 16
 130              		.cfi_offset 4, -16
 131              		.cfi_offset 5, -12
 132              		.cfi_offset 6, -8
 133              		.cfi_offset 14, -4
 134 0002 82B0     		sub	sp, sp, #8
 135              	.LCFI1:
 136              		.cfi_def_cfa_offset 24
  85:Drivers/BSP/Components/lan8742/lan8742.c ****    uint32_t regvalue = 0, addr = 0;
 137              		.loc 1 85 4 is_stmt 1 view .LVU37
 138              		.loc 1 85 13 is_stmt 0 view .LVU38
 139 0004 0023     		movs	r3, #0
ARM GAS  /tmp/cc5F3p9I.s 			page 5


 140 0006 0193     		str	r3, [sp, #4]
 141              	.LVL11:
  86:Drivers/BSP/Components/lan8742/lan8742.c ****    int32_t status = LAN8742_STATUS_OK;
 142              		.loc 1 86 4 is_stmt 1 view .LVU39
  87:Drivers/BSP/Components/lan8742/lan8742.c **** 
  88:Drivers/BSP/Components/lan8742/lan8742.c ****    if(pObj->Is_Initialized == 0)
 143              		.loc 1 88 4 view .LVU40
 144              		.loc 1 88 11 is_stmt 0 view .LVU41
 145 0008 4468     		ldr	r4, [r0, #4]
 146              		.loc 1 88 6 view .LVU42
 147 000a 0CBB     		cbnz	r4, .L14
 148 000c 0546     		mov	r5, r0
  89:Drivers/BSP/Components/lan8742/lan8742.c ****    {
  90:Drivers/BSP/Components/lan8742/lan8742.c ****      if(pObj->IO.Init != 0)
 149              		.loc 1 90 6 is_stmt 1 view .LVU43
 150              		.loc 1 90 17 is_stmt 0 view .LVU44
 151 000e 8368     		ldr	r3, [r0, #8]
 152              		.loc 1 90 8 view .LVU45
 153 0010 03B1     		cbz	r3, .L9
  91:Drivers/BSP/Components/lan8742/lan8742.c ****      {
  92:Drivers/BSP/Components/lan8742/lan8742.c ****        /* GPIO and Clocks initialization */
  93:Drivers/BSP/Components/lan8742/lan8742.c ****        pObj->IO.Init();
 154              		.loc 1 93 8 is_stmt 1 view .LVU46
 155 0012 9847     		blx	r3
 156              	.LVL12:
 157              	.L9:
  94:Drivers/BSP/Components/lan8742/lan8742.c ****      }
  95:Drivers/BSP/Components/lan8742/lan8742.c **** 
  96:Drivers/BSP/Components/lan8742/lan8742.c ****      /* for later check */
  97:Drivers/BSP/Components/lan8742/lan8742.c ****      pObj->DevAddr = LAN8742_MAX_DEV_ADDR + 1;
 158              		.loc 1 97 6 view .LVU47
 159              		.loc 1 97 20 is_stmt 0 view .LVU48
 160 0014 2023     		movs	r3, #32
 161 0016 2B60     		str	r3, [r5]
  98:Drivers/BSP/Components/lan8742/lan8742.c **** 
  99:Drivers/BSP/Components/lan8742/lan8742.c ****      /* Get the device address from special mode register */
 100:Drivers/BSP/Components/lan8742/lan8742.c ****      for(addr = 0; addr <= LAN8742_MAX_DEV_ADDR; addr ++)
 162              		.loc 1 100 6 is_stmt 1 view .LVU49
  86:Drivers/BSP/Components/lan8742/lan8742.c **** 
 163              		.loc 1 86 12 is_stmt 0 view .LVU50
 164 0018 0026     		movs	r6, #0
 165              		.loc 1 100 6 view .LVU51
 166 001a 02E0     		b	.L10
 167              	.LVL13:
 168              	.L15:
 101:Drivers/BSP/Components/lan8742/lan8742.c ****      {
 102:Drivers/BSP/Components/lan8742/lan8742.c ****        if(pObj->IO.ReadReg(addr, LAN8742_SMR, &regvalue) < 0)
 103:Drivers/BSP/Components/lan8742/lan8742.c ****        {
 104:Drivers/BSP/Components/lan8742/lan8742.c ****          status = LAN8742_STATUS_READ_ERROR;
 169              		.loc 1 104 17 view .LVU52
 170 001c 6FF00406 		mvn	r6, #4
 171              	.LVL14:
 172              	.L11:
 100:Drivers/BSP/Components/lan8742/lan8742.c ****      {
 173              		.loc 1 100 50 is_stmt 1 discriminator 2 view .LVU53
 100:Drivers/BSP/Components/lan8742/lan8742.c ****      {
 174              		.loc 1 100 55 is_stmt 0 discriminator 2 view .LVU54
ARM GAS  /tmp/cc5F3p9I.s 			page 6


 175 0020 0134     		adds	r4, r4, #1
 176              	.LVL15:
 177              	.L10:
 100:Drivers/BSP/Components/lan8742/lan8742.c ****      {
 178              		.loc 1 100 20 is_stmt 1 discriminator 1 view .LVU55
 100:Drivers/BSP/Components/lan8742/lan8742.c ****      {
 179              		.loc 1 100 6 is_stmt 0 discriminator 1 view .LVU56
 180 0022 1F2C     		cmp	r4, #31
 181 0024 0DD8     		bhi	.L12
 102:Drivers/BSP/Components/lan8742/lan8742.c ****        {
 182              		.loc 1 102 8 is_stmt 1 view .LVU57
 102:Drivers/BSP/Components/lan8742/lan8742.c ****        {
 183              		.loc 1 102 19 is_stmt 0 view .LVU58
 184 0026 6B69     		ldr	r3, [r5, #20]
 102:Drivers/BSP/Components/lan8742/lan8742.c ****        {
 185              		.loc 1 102 11 view .LVU59
 186 0028 01AA     		add	r2, sp, #4
 187 002a 1221     		movs	r1, #18
 188 002c 2046     		mov	r0, r4
 189 002e 9847     		blx	r3
 190              	.LVL16:
 102:Drivers/BSP/Components/lan8742/lan8742.c ****        {
 191              		.loc 1 102 10 view .LVU60
 192 0030 0028     		cmp	r0, #0
 193 0032 F3DB     		blt	.L15
 105:Drivers/BSP/Components/lan8742/lan8742.c ****          /* Can't read from this device address
 106:Drivers/BSP/Components/lan8742/lan8742.c ****             continue with next address */
 107:Drivers/BSP/Components/lan8742/lan8742.c ****          continue;
 108:Drivers/BSP/Components/lan8742/lan8742.c ****        }
 109:Drivers/BSP/Components/lan8742/lan8742.c **** 
 110:Drivers/BSP/Components/lan8742/lan8742.c ****        if((regvalue & LAN8742_SMR_PHY_ADDR) == addr)
 194              		.loc 1 110 8 is_stmt 1 view .LVU61
 195              		.loc 1 110 21 is_stmt 0 view .LVU62
 196 0034 019B     		ldr	r3, [sp, #4]
 197 0036 03F01F03 		and	r3, r3, #31
 198              		.loc 1 110 10 view .LVU63
 199 003a A342     		cmp	r3, r4
 200 003c F0D1     		bne	.L11
 111:Drivers/BSP/Components/lan8742/lan8742.c ****        {
 112:Drivers/BSP/Components/lan8742/lan8742.c ****          pObj->DevAddr = addr;
 201              		.loc 1 112 10 is_stmt 1 view .LVU64
 202              		.loc 1 112 24 is_stmt 0 view .LVU65
 203 003e 2C60     		str	r4, [r5]
 113:Drivers/BSP/Components/lan8742/lan8742.c ****          status = LAN8742_STATUS_OK;
 204              		.loc 1 113 10 is_stmt 1 view .LVU66
 205              	.LVL17:
 114:Drivers/BSP/Components/lan8742/lan8742.c ****          break;
 206              		.loc 1 114 10 view .LVU67
 113:Drivers/BSP/Components/lan8742/lan8742.c ****          status = LAN8742_STATUS_OK;
 207              		.loc 1 113 17 is_stmt 0 view .LVU68
 208 0040 0026     		movs	r6, #0
 209              	.LVL18:
 210              	.L12:
 115:Drivers/BSP/Components/lan8742/lan8742.c ****        }
 116:Drivers/BSP/Components/lan8742/lan8742.c ****      }
 117:Drivers/BSP/Components/lan8742/lan8742.c **** 
 118:Drivers/BSP/Components/lan8742/lan8742.c ****      if(pObj->DevAddr > LAN8742_MAX_DEV_ADDR)
ARM GAS  /tmp/cc5F3p9I.s 			page 7


 211              		.loc 1 118 6 is_stmt 1 view .LVU69
 212              		.loc 1 118 13 is_stmt 0 view .LVU70
 213 0042 2B68     		ldr	r3, [r5]
 214              		.loc 1 118 8 view .LVU71
 215 0044 1F2B     		cmp	r3, #31
 216 0046 07D8     		bhi	.L16
 119:Drivers/BSP/Components/lan8742/lan8742.c ****      {
 120:Drivers/BSP/Components/lan8742/lan8742.c ****        status = LAN8742_STATUS_ADDRESS_ERROR;
 121:Drivers/BSP/Components/lan8742/lan8742.c ****      }
 122:Drivers/BSP/Components/lan8742/lan8742.c **** 
 123:Drivers/BSP/Components/lan8742/lan8742.c ****      /* if device address is matched */
 124:Drivers/BSP/Components/lan8742/lan8742.c ****      if(status == LAN8742_STATUS_OK)
 217              		.loc 1 124 6 is_stmt 1 view .LVU72
 218              		.loc 1 124 8 is_stmt 0 view .LVU73
 219 0048 1EB9     		cbnz	r6, .L7
 125:Drivers/BSP/Components/lan8742/lan8742.c ****      {
 126:Drivers/BSP/Components/lan8742/lan8742.c ****        pObj->Is_Initialized = 1;
 220              		.loc 1 126 8 is_stmt 1 view .LVU74
 221              		.loc 1 126 29 is_stmt 0 view .LVU75
 222 004a 0123     		movs	r3, #1
 223 004c 6B60     		str	r3, [r5, #4]
 224 004e 00E0     		b	.L7
 225              	.LVL19:
 226              	.L14:
  86:Drivers/BSP/Components/lan8742/lan8742.c **** 
 227              		.loc 1 86 12 view .LVU76
 228 0050 0026     		movs	r6, #0
 229              	.LVL20:
 230              	.L7:
 127:Drivers/BSP/Components/lan8742/lan8742.c ****      }
 128:Drivers/BSP/Components/lan8742/lan8742.c ****    }
 129:Drivers/BSP/Components/lan8742/lan8742.c **** 
 130:Drivers/BSP/Components/lan8742/lan8742.c ****    return status;
 131:Drivers/BSP/Components/lan8742/lan8742.c ****  }
 231              		.loc 1 131 2 view .LVU77
 232 0052 3046     		mov	r0, r6
 233 0054 02B0     		add	sp, sp, #8
 234              	.LCFI2:
 235              		.cfi_remember_state
 236              		.cfi_def_cfa_offset 16
 237              		@ sp needed
 238 0056 70BD     		pop	{r4, r5, r6, pc}
 239              	.LVL21:
 240              	.L16:
 241              	.LCFI3:
 242              		.cfi_restore_state
 120:Drivers/BSP/Components/lan8742/lan8742.c ****      }
 243              		.loc 1 120 15 view .LVU78
 244 0058 6FF00206 		mvn	r6, #2
 245              	.LVL22:
 130:Drivers/BSP/Components/lan8742/lan8742.c ****  }
 246              		.loc 1 130 4 is_stmt 1 view .LVU79
 130:Drivers/BSP/Components/lan8742/lan8742.c ****  }
 247              		.loc 1 130 11 is_stmt 0 view .LVU80
 248 005c F9E7     		b	.L7
 249              		.cfi_endproc
 250              	.LFE1:
ARM GAS  /tmp/cc5F3p9I.s 			page 8


 252              		.section	.text.LAN8742_DeInit,"ax",%progbits
 253              		.align	1
 254              		.global	LAN8742_DeInit
 255              		.syntax unified
 256              		.thumb
 257              		.thumb_func
 258              		.fpu fpv5-d16
 260              	LAN8742_DeInit:
 261              	.LVL23:
 262              	.LFB2:
 132:Drivers/BSP/Components/lan8742/lan8742.c **** 
 133:Drivers/BSP/Components/lan8742/lan8742.c **** /**
 134:Drivers/BSP/Components/lan8742/lan8742.c ****   * @brief  De-Initialize the lan8742 and it's hardware resources
 135:Drivers/BSP/Components/lan8742/lan8742.c ****   * @param  pObj: device object LAN8742_Object_t.
 136:Drivers/BSP/Components/lan8742/lan8742.c ****   * @retval None
 137:Drivers/BSP/Components/lan8742/lan8742.c ****   */
 138:Drivers/BSP/Components/lan8742/lan8742.c **** int32_t LAN8742_DeInit(lan8742_Object_t *pObj)
 139:Drivers/BSP/Components/lan8742/lan8742.c **** {
 263              		.loc 1 139 1 is_stmt 1 view -0
 264              		.cfi_startproc
 265              		@ args = 0, pretend = 0, frame = 0
 266              		@ frame_needed = 0, uses_anonymous_args = 0
 140:Drivers/BSP/Components/lan8742/lan8742.c ****   if(pObj->Is_Initialized)
 267              		.loc 1 140 3 view .LVU82
 268              		.loc 1 140 10 is_stmt 0 view .LVU83
 269 0000 4368     		ldr	r3, [r0, #4]
 270              		.loc 1 140 5 view .LVU84
 271 0002 4BB1     		cbz	r3, .L21
 139:Drivers/BSP/Components/lan8742/lan8742.c ****   if(pObj->Is_Initialized)
 272              		.loc 1 139 1 view .LVU85
 273 0004 10B5     		push	{r4, lr}
 274              	.LCFI4:
 275              		.cfi_def_cfa_offset 8
 276              		.cfi_offset 4, -8
 277              		.cfi_offset 14, -4
 278 0006 0446     		mov	r4, r0
 141:Drivers/BSP/Components/lan8742/lan8742.c ****   {
 142:Drivers/BSP/Components/lan8742/lan8742.c ****     if(pObj->IO.DeInit != 0)
 279              		.loc 1 142 5 is_stmt 1 view .LVU86
 280              		.loc 1 142 16 is_stmt 0 view .LVU87
 281 0008 C368     		ldr	r3, [r0, #12]
 282              		.loc 1 142 7 view .LVU88
 283 000a 13B1     		cbz	r3, .L20
 143:Drivers/BSP/Components/lan8742/lan8742.c ****     {
 144:Drivers/BSP/Components/lan8742/lan8742.c ****       if(pObj->IO.DeInit() < 0)
 284              		.loc 1 144 7 is_stmt 1 view .LVU89
 285              		.loc 1 144 10 is_stmt 0 view .LVU90
 286 000c 9847     		blx	r3
 287              	.LVL24:
 288              		.loc 1 144 9 view .LVU91
 289 000e 0028     		cmp	r0, #0
 290 0010 04DB     		blt	.L22
 291              	.L20:
 145:Drivers/BSP/Components/lan8742/lan8742.c ****       {
 146:Drivers/BSP/Components/lan8742/lan8742.c ****         return LAN8742_STATUS_ERROR;
 147:Drivers/BSP/Components/lan8742/lan8742.c ****       }
 148:Drivers/BSP/Components/lan8742/lan8742.c ****     }
ARM GAS  /tmp/cc5F3p9I.s 			page 9


 149:Drivers/BSP/Components/lan8742/lan8742.c **** 
 150:Drivers/BSP/Components/lan8742/lan8742.c ****     pObj->Is_Initialized = 0;
 292              		.loc 1 150 5 is_stmt 1 view .LVU92
 293              		.loc 1 150 26 is_stmt 0 view .LVU93
 294 0012 0020     		movs	r0, #0
 295 0014 6060     		str	r0, [r4, #4]
 296              	.L18:
 151:Drivers/BSP/Components/lan8742/lan8742.c ****   }
 152:Drivers/BSP/Components/lan8742/lan8742.c **** 
 153:Drivers/BSP/Components/lan8742/lan8742.c ****   return LAN8742_STATUS_OK;
 154:Drivers/BSP/Components/lan8742/lan8742.c **** }
 297              		.loc 1 154 1 view .LVU94
 298 0016 10BD     		pop	{r4, pc}
 299              	.LVL25:
 300              	.L21:
 301              	.LCFI5:
 302              		.cfi_def_cfa_offset 0
 303              		.cfi_restore 4
 304              		.cfi_restore 14
 153:Drivers/BSP/Components/lan8742/lan8742.c **** }
 305              		.loc 1 153 10 view .LVU95
 306 0018 0020     		movs	r0, #0
 307              	.LVL26:
 308              		.loc 1 154 1 view .LVU96
 309 001a 7047     		bx	lr
 310              	.LVL27:
 311              	.L22:
 312              	.LCFI6:
 313              		.cfi_def_cfa_offset 8
 314              		.cfi_offset 4, -8
 315              		.cfi_offset 14, -4
 146:Drivers/BSP/Components/lan8742/lan8742.c ****       }
 316              		.loc 1 146 16 view .LVU97
 317 001c 4FF0FF30 		mov	r0, #-1
 318 0020 F9E7     		b	.L18
 319              		.cfi_endproc
 320              	.LFE2:
 322              		.section	.text.LAN8742_DisablePowerDownMode,"ax",%progbits
 323              		.align	1
 324              		.global	LAN8742_DisablePowerDownMode
 325              		.syntax unified
 326              		.thumb
 327              		.thumb_func
 328              		.fpu fpv5-d16
 330              	LAN8742_DisablePowerDownMode:
 331              	.LVL28:
 332              	.LFB3:
 155:Drivers/BSP/Components/lan8742/lan8742.c **** 
 156:Drivers/BSP/Components/lan8742/lan8742.c **** /**
 157:Drivers/BSP/Components/lan8742/lan8742.c ****   * @brief  Disable the LAN8742 power down mode.
 158:Drivers/BSP/Components/lan8742/lan8742.c ****   * @param  pObj: device object LAN8742_Object_t.
 159:Drivers/BSP/Components/lan8742/lan8742.c ****   * @retval LAN8742_STATUS_OK  if OK
 160:Drivers/BSP/Components/lan8742/lan8742.c ****   *         LAN8742_STATUS_READ_ERROR if cannot read register
 161:Drivers/BSP/Components/lan8742/lan8742.c ****   *         LAN8742_STATUS_WRITE_ERROR if cannot write to register
 162:Drivers/BSP/Components/lan8742/lan8742.c ****   */
 163:Drivers/BSP/Components/lan8742/lan8742.c **** int32_t LAN8742_DisablePowerDownMode(lan8742_Object_t *pObj)
 164:Drivers/BSP/Components/lan8742/lan8742.c **** {
ARM GAS  /tmp/cc5F3p9I.s 			page 10


 333              		.loc 1 164 1 is_stmt 1 view -0
 334              		.cfi_startproc
 335              		@ args = 0, pretend = 0, frame = 8
 336              		@ frame_needed = 0, uses_anonymous_args = 0
 337              		.loc 1 164 1 is_stmt 0 view .LVU99
 338 0000 10B5     		push	{r4, lr}
 339              	.LCFI7:
 340              		.cfi_def_cfa_offset 8
 341              		.cfi_offset 4, -8
 342              		.cfi_offset 14, -4
 343 0002 82B0     		sub	sp, sp, #8
 344              	.LCFI8:
 345              		.cfi_def_cfa_offset 16
 346 0004 0446     		mov	r4, r0
 165:Drivers/BSP/Components/lan8742/lan8742.c ****   uint32_t readval = 0;
 347              		.loc 1 165 3 is_stmt 1 view .LVU100
 348              		.loc 1 165 12 is_stmt 0 view .LVU101
 349 0006 0021     		movs	r1, #0
 350 0008 0191     		str	r1, [sp, #4]
 166:Drivers/BSP/Components/lan8742/lan8742.c ****   int32_t status = LAN8742_STATUS_OK;
 351              		.loc 1 166 3 is_stmt 1 view .LVU102
 352              	.LVL29:
 167:Drivers/BSP/Components/lan8742/lan8742.c **** 
 168:Drivers/BSP/Components/lan8742/lan8742.c ****   if(pObj->IO.ReadReg(pObj->DevAddr, LAN8742_BCR, &readval) >= 0)
 353              		.loc 1 168 3 view .LVU103
 354              		.loc 1 168 14 is_stmt 0 view .LVU104
 355 000a 4369     		ldr	r3, [r0, #20]
 356              		.loc 1 168 6 view .LVU105
 357 000c 01AA     		add	r2, sp, #4
 358 000e 0068     		ldr	r0, [r0]
 359              	.LVL30:
 360              		.loc 1 168 6 view .LVU106
 361 0010 9847     		blx	r3
 362              	.LVL31:
 363              		.loc 1 168 5 view .LVU107
 364 0012 0028     		cmp	r0, #0
 365 0014 0CDB     		blt	.L29
 169:Drivers/BSP/Components/lan8742/lan8742.c ****   {
 170:Drivers/BSP/Components/lan8742/lan8742.c ****     readval &= ~LAN8742_BCR_POWER_DOWN;
 366              		.loc 1 170 5 is_stmt 1 view .LVU108
 367              		.loc 1 170 13 is_stmt 0 view .LVU109
 368 0016 019A     		ldr	r2, [sp, #4]
 369 0018 22F40062 		bic	r2, r2, #2048
 370 001c 0192     		str	r2, [sp, #4]
 171:Drivers/BSP/Components/lan8742/lan8742.c **** 
 172:Drivers/BSP/Components/lan8742/lan8742.c ****     /* Apply configuration */
 173:Drivers/BSP/Components/lan8742/lan8742.c ****     if(pObj->IO.WriteReg(pObj->DevAddr, LAN8742_BCR, readval) < 0)
 371              		.loc 1 173 5 is_stmt 1 view .LVU110
 372              		.loc 1 173 16 is_stmt 0 view .LVU111
 373 001e 2369     		ldr	r3, [r4, #16]
 374              		.loc 1 173 8 view .LVU112
 375 0020 0021     		movs	r1, #0
 376 0022 2068     		ldr	r0, [r4]
 377 0024 9847     		blx	r3
 378              	.LVL32:
 379              		.loc 1 173 7 view .LVU113
 380 0026 0028     		cmp	r0, #0
ARM GAS  /tmp/cc5F3p9I.s 			page 11


 381 0028 05DB     		blt	.L30
 166:Drivers/BSP/Components/lan8742/lan8742.c **** 
 382              		.loc 1 166 11 view .LVU114
 383 002a 0020     		movs	r0, #0
 384              	.LVL33:
 385              	.L27:
 174:Drivers/BSP/Components/lan8742/lan8742.c ****     {
 175:Drivers/BSP/Components/lan8742/lan8742.c ****       status =  LAN8742_STATUS_WRITE_ERROR;
 176:Drivers/BSP/Components/lan8742/lan8742.c ****     }
 177:Drivers/BSP/Components/lan8742/lan8742.c ****   }
 178:Drivers/BSP/Components/lan8742/lan8742.c ****   else
 179:Drivers/BSP/Components/lan8742/lan8742.c ****   {
 180:Drivers/BSP/Components/lan8742/lan8742.c ****     status = LAN8742_STATUS_READ_ERROR;
 181:Drivers/BSP/Components/lan8742/lan8742.c ****   }
 182:Drivers/BSP/Components/lan8742/lan8742.c **** 
 183:Drivers/BSP/Components/lan8742/lan8742.c ****   return status;
 184:Drivers/BSP/Components/lan8742/lan8742.c **** }
 386              		.loc 1 184 1 view .LVU115
 387 002c 02B0     		add	sp, sp, #8
 388              	.LCFI9:
 389              		.cfi_remember_state
 390              		.cfi_def_cfa_offset 8
 391              		@ sp needed
 392 002e 10BD     		pop	{r4, pc}
 393              	.LVL34:
 394              	.L29:
 395              	.LCFI10:
 396              		.cfi_restore_state
 180:Drivers/BSP/Components/lan8742/lan8742.c ****   }
 397              		.loc 1 180 12 view .LVU116
 398 0030 6FF00400 		mvn	r0, #4
 399 0034 FAE7     		b	.L27
 400              	.L30:
 175:Drivers/BSP/Components/lan8742/lan8742.c ****     }
 401              		.loc 1 175 14 view .LVU117
 402 0036 6FF00300 		mvn	r0, #3
 403              	.LVL35:
 183:Drivers/BSP/Components/lan8742/lan8742.c **** }
 404              		.loc 1 183 3 is_stmt 1 view .LVU118
 183:Drivers/BSP/Components/lan8742/lan8742.c **** }
 405              		.loc 1 183 10 is_stmt 0 view .LVU119
 406 003a F7E7     		b	.L27
 407              		.cfi_endproc
 408              	.LFE3:
 410              		.section	.text.LAN8742_EnablePowerDownMode,"ax",%progbits
 411              		.align	1
 412              		.global	LAN8742_EnablePowerDownMode
 413              		.syntax unified
 414              		.thumb
 415              		.thumb_func
 416              		.fpu fpv5-d16
 418              	LAN8742_EnablePowerDownMode:
 419              	.LVL36:
 420              	.LFB4:
 185:Drivers/BSP/Components/lan8742/lan8742.c **** 
 186:Drivers/BSP/Components/lan8742/lan8742.c **** /**
 187:Drivers/BSP/Components/lan8742/lan8742.c ****   * @brief  Enable the LAN8742 power down mode.
ARM GAS  /tmp/cc5F3p9I.s 			page 12


 188:Drivers/BSP/Components/lan8742/lan8742.c ****   * @param  pObj: device object LAN8742_Object_t.
 189:Drivers/BSP/Components/lan8742/lan8742.c ****   * @retval LAN8742_STATUS_OK  if OK
 190:Drivers/BSP/Components/lan8742/lan8742.c ****   *         LAN8742_STATUS_READ_ERROR if cannot read register
 191:Drivers/BSP/Components/lan8742/lan8742.c ****   *         LAN8742_STATUS_WRITE_ERROR if cannot write to register
 192:Drivers/BSP/Components/lan8742/lan8742.c ****   */
 193:Drivers/BSP/Components/lan8742/lan8742.c **** int32_t LAN8742_EnablePowerDownMode(lan8742_Object_t *pObj)
 194:Drivers/BSP/Components/lan8742/lan8742.c **** {
 421              		.loc 1 194 1 is_stmt 1 view -0
 422              		.cfi_startproc
 423              		@ args = 0, pretend = 0, frame = 8
 424              		@ frame_needed = 0, uses_anonymous_args = 0
 425              		.loc 1 194 1 is_stmt 0 view .LVU121
 426 0000 10B5     		push	{r4, lr}
 427              	.LCFI11:
 428              		.cfi_def_cfa_offset 8
 429              		.cfi_offset 4, -8
 430              		.cfi_offset 14, -4
 431 0002 82B0     		sub	sp, sp, #8
 432              	.LCFI12:
 433              		.cfi_def_cfa_offset 16
 434 0004 0446     		mov	r4, r0
 195:Drivers/BSP/Components/lan8742/lan8742.c ****   uint32_t readval = 0;
 435              		.loc 1 195 3 is_stmt 1 view .LVU122
 436              		.loc 1 195 12 is_stmt 0 view .LVU123
 437 0006 0021     		movs	r1, #0
 438 0008 0191     		str	r1, [sp, #4]
 196:Drivers/BSP/Components/lan8742/lan8742.c ****   int32_t status = LAN8742_STATUS_OK;
 439              		.loc 1 196 3 is_stmt 1 view .LVU124
 440              	.LVL37:
 197:Drivers/BSP/Components/lan8742/lan8742.c **** 
 198:Drivers/BSP/Components/lan8742/lan8742.c ****   if(pObj->IO.ReadReg(pObj->DevAddr, LAN8742_BCR, &readval) >= 0)
 441              		.loc 1 198 3 view .LVU125
 442              		.loc 1 198 14 is_stmt 0 view .LVU126
 443 000a 4369     		ldr	r3, [r0, #20]
 444              		.loc 1 198 6 view .LVU127
 445 000c 01AA     		add	r2, sp, #4
 446 000e 0068     		ldr	r0, [r0]
 447              	.LVL38:
 448              		.loc 1 198 6 view .LVU128
 449 0010 9847     		blx	r3
 450              	.LVL39:
 451              		.loc 1 198 5 view .LVU129
 452 0012 0028     		cmp	r0, #0
 453 0014 0CDB     		blt	.L34
 199:Drivers/BSP/Components/lan8742/lan8742.c ****   {
 200:Drivers/BSP/Components/lan8742/lan8742.c ****     readval |= LAN8742_BCR_POWER_DOWN;
 454              		.loc 1 200 5 is_stmt 1 view .LVU130
 455              		.loc 1 200 13 is_stmt 0 view .LVU131
 456 0016 019A     		ldr	r2, [sp, #4]
 457 0018 42F40062 		orr	r2, r2, #2048
 458 001c 0192     		str	r2, [sp, #4]
 201:Drivers/BSP/Components/lan8742/lan8742.c **** 
 202:Drivers/BSP/Components/lan8742/lan8742.c ****     /* Apply configuration */
 203:Drivers/BSP/Components/lan8742/lan8742.c ****     if(pObj->IO.WriteReg(pObj->DevAddr, LAN8742_BCR, readval) < 0)
 459              		.loc 1 203 5 is_stmt 1 view .LVU132
 460              		.loc 1 203 16 is_stmt 0 view .LVU133
 461 001e 2369     		ldr	r3, [r4, #16]
ARM GAS  /tmp/cc5F3p9I.s 			page 13


 462              		.loc 1 203 8 view .LVU134
 463 0020 0021     		movs	r1, #0
 464 0022 2068     		ldr	r0, [r4]
 465 0024 9847     		blx	r3
 466              	.LVL40:
 467              		.loc 1 203 7 view .LVU135
 468 0026 0028     		cmp	r0, #0
 469 0028 05DB     		blt	.L35
 196:Drivers/BSP/Components/lan8742/lan8742.c **** 
 470              		.loc 1 196 11 view .LVU136
 471 002a 0020     		movs	r0, #0
 472              	.LVL41:
 473              	.L32:
 204:Drivers/BSP/Components/lan8742/lan8742.c ****     {
 205:Drivers/BSP/Components/lan8742/lan8742.c ****       status =  LAN8742_STATUS_WRITE_ERROR;
 206:Drivers/BSP/Components/lan8742/lan8742.c ****     }
 207:Drivers/BSP/Components/lan8742/lan8742.c ****   }
 208:Drivers/BSP/Components/lan8742/lan8742.c ****   else
 209:Drivers/BSP/Components/lan8742/lan8742.c ****   {
 210:Drivers/BSP/Components/lan8742/lan8742.c ****     status = LAN8742_STATUS_READ_ERROR;
 211:Drivers/BSP/Components/lan8742/lan8742.c ****   }
 212:Drivers/BSP/Components/lan8742/lan8742.c **** 
 213:Drivers/BSP/Components/lan8742/lan8742.c ****   return status;
 214:Drivers/BSP/Components/lan8742/lan8742.c **** }
 474              		.loc 1 214 1 view .LVU137
 475 002c 02B0     		add	sp, sp, #8
 476              	.LCFI13:
 477              		.cfi_remember_state
 478              		.cfi_def_cfa_offset 8
 479              		@ sp needed
 480 002e 10BD     		pop	{r4, pc}
 481              	.LVL42:
 482              	.L34:
 483              	.LCFI14:
 484              		.cfi_restore_state
 210:Drivers/BSP/Components/lan8742/lan8742.c ****   }
 485              		.loc 1 210 12 view .LVU138
 486 0030 6FF00400 		mvn	r0, #4
 487 0034 FAE7     		b	.L32
 488              	.L35:
 205:Drivers/BSP/Components/lan8742/lan8742.c ****     }
 489              		.loc 1 205 14 view .LVU139
 490 0036 6FF00300 		mvn	r0, #3
 491              	.LVL43:
 213:Drivers/BSP/Components/lan8742/lan8742.c **** }
 492              		.loc 1 213 3 is_stmt 1 view .LVU140
 213:Drivers/BSP/Components/lan8742/lan8742.c **** }
 493              		.loc 1 213 10 is_stmt 0 view .LVU141
 494 003a F7E7     		b	.L32
 495              		.cfi_endproc
 496              	.LFE4:
 498              		.section	.text.LAN8742_StartAutoNego,"ax",%progbits
 499              		.align	1
 500              		.global	LAN8742_StartAutoNego
 501              		.syntax unified
 502              		.thumb
 503              		.thumb_func
ARM GAS  /tmp/cc5F3p9I.s 			page 14


 504              		.fpu fpv5-d16
 506              	LAN8742_StartAutoNego:
 507              	.LVL44:
 508              	.LFB5:
 215:Drivers/BSP/Components/lan8742/lan8742.c **** 
 216:Drivers/BSP/Components/lan8742/lan8742.c **** /**
 217:Drivers/BSP/Components/lan8742/lan8742.c ****   * @brief  Start the auto negotiation process.
 218:Drivers/BSP/Components/lan8742/lan8742.c ****   * @param  pObj: device object LAN8742_Object_t.
 219:Drivers/BSP/Components/lan8742/lan8742.c ****   * @retval LAN8742_STATUS_OK  if OK
 220:Drivers/BSP/Components/lan8742/lan8742.c ****   *         LAN8742_STATUS_READ_ERROR if cannot read register
 221:Drivers/BSP/Components/lan8742/lan8742.c ****   *         LAN8742_STATUS_WRITE_ERROR if cannot write to register
 222:Drivers/BSP/Components/lan8742/lan8742.c ****   */
 223:Drivers/BSP/Components/lan8742/lan8742.c **** int32_t LAN8742_StartAutoNego(lan8742_Object_t *pObj)
 224:Drivers/BSP/Components/lan8742/lan8742.c **** {
 509              		.loc 1 224 1 is_stmt 1 view -0
 510              		.cfi_startproc
 511              		@ args = 0, pretend = 0, frame = 8
 512              		@ frame_needed = 0, uses_anonymous_args = 0
 513              		.loc 1 224 1 is_stmt 0 view .LVU143
 514 0000 10B5     		push	{r4, lr}
 515              	.LCFI15:
 516              		.cfi_def_cfa_offset 8
 517              		.cfi_offset 4, -8
 518              		.cfi_offset 14, -4
 519 0002 82B0     		sub	sp, sp, #8
 520              	.LCFI16:
 521              		.cfi_def_cfa_offset 16
 522 0004 0446     		mov	r4, r0
 225:Drivers/BSP/Components/lan8742/lan8742.c ****   uint32_t readval = 0;
 523              		.loc 1 225 3 is_stmt 1 view .LVU144
 524              		.loc 1 225 12 is_stmt 0 view .LVU145
 525 0006 0021     		movs	r1, #0
 526 0008 0191     		str	r1, [sp, #4]
 226:Drivers/BSP/Components/lan8742/lan8742.c ****   int32_t status = LAN8742_STATUS_OK;
 527              		.loc 1 226 3 is_stmt 1 view .LVU146
 528              	.LVL45:
 227:Drivers/BSP/Components/lan8742/lan8742.c **** 
 228:Drivers/BSP/Components/lan8742/lan8742.c ****   if(pObj->IO.ReadReg(pObj->DevAddr, LAN8742_BCR, &readval) >= 0)
 529              		.loc 1 228 3 view .LVU147
 530              		.loc 1 228 14 is_stmt 0 view .LVU148
 531 000a 4369     		ldr	r3, [r0, #20]
 532              		.loc 1 228 6 view .LVU149
 533 000c 01AA     		add	r2, sp, #4
 534 000e 0068     		ldr	r0, [r0]
 535              	.LVL46:
 536              		.loc 1 228 6 view .LVU150
 537 0010 9847     		blx	r3
 538              	.LVL47:
 539              		.loc 1 228 5 view .LVU151
 540 0012 0028     		cmp	r0, #0
 541 0014 0CDB     		blt	.L39
 229:Drivers/BSP/Components/lan8742/lan8742.c ****   {
 230:Drivers/BSP/Components/lan8742/lan8742.c ****     readval |= LAN8742_BCR_AUTONEGO_EN;
 542              		.loc 1 230 5 is_stmt 1 view .LVU152
 543              		.loc 1 230 13 is_stmt 0 view .LVU153
 544 0016 019A     		ldr	r2, [sp, #4]
 545 0018 42F48052 		orr	r2, r2, #4096
ARM GAS  /tmp/cc5F3p9I.s 			page 15


 546 001c 0192     		str	r2, [sp, #4]
 231:Drivers/BSP/Components/lan8742/lan8742.c **** 
 232:Drivers/BSP/Components/lan8742/lan8742.c ****     /* Apply configuration */
 233:Drivers/BSP/Components/lan8742/lan8742.c ****     if(pObj->IO.WriteReg(pObj->DevAddr, LAN8742_BCR, readval) < 0)
 547              		.loc 1 233 5 is_stmt 1 view .LVU154
 548              		.loc 1 233 16 is_stmt 0 view .LVU155
 549 001e 2369     		ldr	r3, [r4, #16]
 550              		.loc 1 233 8 view .LVU156
 551 0020 0021     		movs	r1, #0
 552 0022 2068     		ldr	r0, [r4]
 553 0024 9847     		blx	r3
 554              	.LVL48:
 555              		.loc 1 233 7 view .LVU157
 556 0026 0028     		cmp	r0, #0
 557 0028 05DB     		blt	.L40
 226:Drivers/BSP/Components/lan8742/lan8742.c **** 
 558              		.loc 1 226 11 view .LVU158
 559 002a 0020     		movs	r0, #0
 560              	.LVL49:
 561              	.L37:
 234:Drivers/BSP/Components/lan8742/lan8742.c ****     {
 235:Drivers/BSP/Components/lan8742/lan8742.c ****       status =  LAN8742_STATUS_WRITE_ERROR;
 236:Drivers/BSP/Components/lan8742/lan8742.c ****     }
 237:Drivers/BSP/Components/lan8742/lan8742.c ****   }
 238:Drivers/BSP/Components/lan8742/lan8742.c ****   else
 239:Drivers/BSP/Components/lan8742/lan8742.c ****   {
 240:Drivers/BSP/Components/lan8742/lan8742.c ****     status = LAN8742_STATUS_READ_ERROR;
 241:Drivers/BSP/Components/lan8742/lan8742.c ****   }
 242:Drivers/BSP/Components/lan8742/lan8742.c **** 
 243:Drivers/BSP/Components/lan8742/lan8742.c ****   return status;
 244:Drivers/BSP/Components/lan8742/lan8742.c **** }
 562              		.loc 1 244 1 view .LVU159
 563 002c 02B0     		add	sp, sp, #8
 564              	.LCFI17:
 565              		.cfi_remember_state
 566              		.cfi_def_cfa_offset 8
 567              		@ sp needed
 568 002e 10BD     		pop	{r4, pc}
 569              	.LVL50:
 570              	.L39:
 571              	.LCFI18:
 572              		.cfi_restore_state
 240:Drivers/BSP/Components/lan8742/lan8742.c ****   }
 573              		.loc 1 240 12 view .LVU160
 574 0030 6FF00400 		mvn	r0, #4
 575 0034 FAE7     		b	.L37
 576              	.L40:
 235:Drivers/BSP/Components/lan8742/lan8742.c ****     }
 577              		.loc 1 235 14 view .LVU161
 578 0036 6FF00300 		mvn	r0, #3
 579              	.LVL51:
 243:Drivers/BSP/Components/lan8742/lan8742.c **** }
 580              		.loc 1 243 3 is_stmt 1 view .LVU162
 243:Drivers/BSP/Components/lan8742/lan8742.c **** }
 581              		.loc 1 243 10 is_stmt 0 view .LVU163
 582 003a F7E7     		b	.L37
 583              		.cfi_endproc
ARM GAS  /tmp/cc5F3p9I.s 			page 16


 584              	.LFE5:
 586              		.section	.text.LAN8742_GetLinkState,"ax",%progbits
 587              		.align	1
 588              		.global	LAN8742_GetLinkState
 589              		.syntax unified
 590              		.thumb
 591              		.thumb_func
 592              		.fpu fpv5-d16
 594              	LAN8742_GetLinkState:
 595              	.LVL52:
 596              	.LFB6:
 245:Drivers/BSP/Components/lan8742/lan8742.c **** 
 246:Drivers/BSP/Components/lan8742/lan8742.c **** /**
 247:Drivers/BSP/Components/lan8742/lan8742.c ****   * @brief  Get the link state of LAN8742 device.
 248:Drivers/BSP/Components/lan8742/lan8742.c ****   * @param  pObj: Pointer to device object.
 249:Drivers/BSP/Components/lan8742/lan8742.c ****   * @param  pLinkState: Pointer to link state
 250:Drivers/BSP/Components/lan8742/lan8742.c ****   * @retval LAN8742_STATUS_LINK_DOWN  if link is down
 251:Drivers/BSP/Components/lan8742/lan8742.c ****   *         LAN8742_STATUS_AUTONEGO_NOTDONE if Auto nego not completed
 252:Drivers/BSP/Components/lan8742/lan8742.c ****   *         LAN8742_STATUS_100MBITS_FULLDUPLEX if 100Mb/s FD
 253:Drivers/BSP/Components/lan8742/lan8742.c ****   *         LAN8742_STATUS_100MBITS_HALFDUPLEX if 100Mb/s HD
 254:Drivers/BSP/Components/lan8742/lan8742.c ****   *         LAN8742_STATUS_10MBITS_FULLDUPLEX  if 10Mb/s FD
 255:Drivers/BSP/Components/lan8742/lan8742.c ****   *         LAN8742_STATUS_10MBITS_HALFDUPLEX  if 10Mb/s HD
 256:Drivers/BSP/Components/lan8742/lan8742.c ****   *         LAN8742_STATUS_READ_ERROR if cannot read register
 257:Drivers/BSP/Components/lan8742/lan8742.c ****   *         LAN8742_STATUS_WRITE_ERROR if cannot write to register
 258:Drivers/BSP/Components/lan8742/lan8742.c ****   */
 259:Drivers/BSP/Components/lan8742/lan8742.c **** int32_t LAN8742_GetLinkState(lan8742_Object_t *pObj)
 260:Drivers/BSP/Components/lan8742/lan8742.c **** {
 597              		.loc 1 260 1 is_stmt 1 view -0
 598              		.cfi_startproc
 599              		@ args = 0, pretend = 0, frame = 8
 600              		@ frame_needed = 0, uses_anonymous_args = 0
 601              		.loc 1 260 1 is_stmt 0 view .LVU165
 602 0000 10B5     		push	{r4, lr}
 603              	.LCFI19:
 604              		.cfi_def_cfa_offset 8
 605              		.cfi_offset 4, -8
 606              		.cfi_offset 14, -4
 607 0002 82B0     		sub	sp, sp, #8
 608              	.LCFI20:
 609              		.cfi_def_cfa_offset 16
 610 0004 0446     		mov	r4, r0
 261:Drivers/BSP/Components/lan8742/lan8742.c ****   uint32_t readval = 0;
 611              		.loc 1 261 3 is_stmt 1 view .LVU166
 612              		.loc 1 261 12 is_stmt 0 view .LVU167
 613 0006 0023     		movs	r3, #0
 614 0008 0193     		str	r3, [sp, #4]
 262:Drivers/BSP/Components/lan8742/lan8742.c **** 
 263:Drivers/BSP/Components/lan8742/lan8742.c ****   /* Read Status register  */
 264:Drivers/BSP/Components/lan8742/lan8742.c ****   if(pObj->IO.ReadReg(pObj->DevAddr, LAN8742_BSR, &readval) < 0)
 615              		.loc 1 264 3 is_stmt 1 view .LVU168
 616              		.loc 1 264 14 is_stmt 0 view .LVU169
 617 000a 4369     		ldr	r3, [r0, #20]
 618              		.loc 1 264 6 view .LVU170
 619 000c 01AA     		add	r2, sp, #4
 620 000e 0121     		movs	r1, #1
 621 0010 0068     		ldr	r0, [r0]
 622              	.LVL53:
ARM GAS  /tmp/cc5F3p9I.s 			page 17


 623              		.loc 1 264 6 view .LVU171
 624 0012 9847     		blx	r3
 625              	.LVL54:
 626              		.loc 1 264 5 view .LVU172
 627 0014 0028     		cmp	r0, #0
 628 0016 39DB     		blt	.L45
 265:Drivers/BSP/Components/lan8742/lan8742.c ****   {
 266:Drivers/BSP/Components/lan8742/lan8742.c ****     return LAN8742_STATUS_READ_ERROR;
 267:Drivers/BSP/Components/lan8742/lan8742.c ****   }
 268:Drivers/BSP/Components/lan8742/lan8742.c **** 
 269:Drivers/BSP/Components/lan8742/lan8742.c ****   /* Read Status register again */
 270:Drivers/BSP/Components/lan8742/lan8742.c ****   if(pObj->IO.ReadReg(pObj->DevAddr, LAN8742_BSR, &readval) < 0)
 629              		.loc 1 270 3 is_stmt 1 view .LVU173
 630              		.loc 1 270 14 is_stmt 0 view .LVU174
 631 0018 6369     		ldr	r3, [r4, #20]
 632              		.loc 1 270 6 view .LVU175
 633 001a 01AA     		add	r2, sp, #4
 634 001c 0121     		movs	r1, #1
 635 001e 2068     		ldr	r0, [r4]
 636 0020 9847     		blx	r3
 637              	.LVL55:
 638              		.loc 1 270 5 view .LVU176
 639 0022 0028     		cmp	r0, #0
 640 0024 35DB     		blt	.L46
 271:Drivers/BSP/Components/lan8742/lan8742.c ****   {
 272:Drivers/BSP/Components/lan8742/lan8742.c ****     return LAN8742_STATUS_READ_ERROR;
 273:Drivers/BSP/Components/lan8742/lan8742.c ****   }
 274:Drivers/BSP/Components/lan8742/lan8742.c **** 
 275:Drivers/BSP/Components/lan8742/lan8742.c ****   if((readval & LAN8742_BSR_LINK_STATUS) == 0)
 641              		.loc 1 275 3 is_stmt 1 view .LVU177
 642              		.loc 1 275 5 is_stmt 0 view .LVU178
 643 0026 019B     		ldr	r3, [sp, #4]
 644 0028 13F0040F 		tst	r3, #4
 645 002c 34D0     		beq	.L47
 276:Drivers/BSP/Components/lan8742/lan8742.c ****   {
 277:Drivers/BSP/Components/lan8742/lan8742.c ****     /* Return Link Down status */
 278:Drivers/BSP/Components/lan8742/lan8742.c ****     return LAN8742_STATUS_LINK_DOWN;
 279:Drivers/BSP/Components/lan8742/lan8742.c ****   }
 280:Drivers/BSP/Components/lan8742/lan8742.c **** 
 281:Drivers/BSP/Components/lan8742/lan8742.c ****   /* Check Auto negotiation */
 282:Drivers/BSP/Components/lan8742/lan8742.c ****   if(pObj->IO.ReadReg(pObj->DevAddr, LAN8742_BCR, &readval) < 0)
 646              		.loc 1 282 3 is_stmt 1 view .LVU179
 647              		.loc 1 282 14 is_stmt 0 view .LVU180
 648 002e 6369     		ldr	r3, [r4, #20]
 649              		.loc 1 282 6 view .LVU181
 650 0030 01AA     		add	r2, sp, #4
 651 0032 0021     		movs	r1, #0
 652 0034 2068     		ldr	r0, [r4]
 653 0036 9847     		blx	r3
 654              	.LVL56:
 655              		.loc 1 282 5 view .LVU182
 656 0038 0028     		cmp	r0, #0
 657 003a 30DB     		blt	.L48
 283:Drivers/BSP/Components/lan8742/lan8742.c ****   {
 284:Drivers/BSP/Components/lan8742/lan8742.c ****     return LAN8742_STATUS_READ_ERROR;
 285:Drivers/BSP/Components/lan8742/lan8742.c ****   }
 286:Drivers/BSP/Components/lan8742/lan8742.c **** 
ARM GAS  /tmp/cc5F3p9I.s 			page 18


 287:Drivers/BSP/Components/lan8742/lan8742.c ****   if((readval & LAN8742_BCR_AUTONEGO_EN) != LAN8742_BCR_AUTONEGO_EN)
 658              		.loc 1 287 3 is_stmt 1 view .LVU183
 659              		.loc 1 287 15 is_stmt 0 view .LVU184
 660 003c 019B     		ldr	r3, [sp, #4]
 661              		.loc 1 287 5 view .LVU185
 662 003e 13F4805F 		tst	r3, #4096
 663 0042 0CD1     		bne	.L44
 288:Drivers/BSP/Components/lan8742/lan8742.c ****   {
 289:Drivers/BSP/Components/lan8742/lan8742.c ****     if(((readval & LAN8742_BCR_SPEED_SELECT) == LAN8742_BCR_SPEED_SELECT) && ((readval & LAN8742_BC
 664              		.loc 1 289 5 is_stmt 1 view .LVU186
 665              		.loc 1 289 75 is_stmt 0 view .LVU187
 666 0044 03F40452 		and	r2, r3, #8448
 667              		.loc 1 289 7 view .LVU188
 668 0048 B2F5045F 		cmp	r2, #8448
 669 004c 2AD0     		beq	.L49
 290:Drivers/BSP/Components/lan8742/lan8742.c ****     {
 291:Drivers/BSP/Components/lan8742/lan8742.c ****       return LAN8742_STATUS_100MBITS_FULLDUPLEX;
 292:Drivers/BSP/Components/lan8742/lan8742.c ****     }
 293:Drivers/BSP/Components/lan8742/lan8742.c ****     else if ((readval & LAN8742_BCR_SPEED_SELECT) == LAN8742_BCR_SPEED_SELECT)
 670              		.loc 1 293 10 is_stmt 1 view .LVU189
 671              		.loc 1 293 13 is_stmt 0 view .LVU190
 672 004e 13F4005F 		tst	r3, #8192
 673 0052 29D1     		bne	.L50
 294:Drivers/BSP/Components/lan8742/lan8742.c ****     {
 295:Drivers/BSP/Components/lan8742/lan8742.c ****       return LAN8742_STATUS_100MBITS_HALFDUPLEX;
 296:Drivers/BSP/Components/lan8742/lan8742.c ****     }
 297:Drivers/BSP/Components/lan8742/lan8742.c ****     else if ((readval & LAN8742_BCR_DUPLEX_MODE) == LAN8742_BCR_DUPLEX_MODE)
 674              		.loc 1 297 10 is_stmt 1 view .LVU191
 675              		.loc 1 297 13 is_stmt 0 view .LVU192
 676 0054 13F4807F 		tst	r3, #256
 677 0058 28D0     		beq	.L51
 298:Drivers/BSP/Components/lan8742/lan8742.c ****     {
 299:Drivers/BSP/Components/lan8742/lan8742.c ****       return LAN8742_STATUS_10MBITS_FULLDUPLEX;
 678              		.loc 1 299 14 view .LVU193
 679 005a 0420     		movs	r0, #4
 680 005c 1DE0     		b	.L42
 681              	.L44:
 300:Drivers/BSP/Components/lan8742/lan8742.c ****     }
 301:Drivers/BSP/Components/lan8742/lan8742.c ****     else
 302:Drivers/BSP/Components/lan8742/lan8742.c ****     {
 303:Drivers/BSP/Components/lan8742/lan8742.c ****       return LAN8742_STATUS_10MBITS_HALFDUPLEX;
 304:Drivers/BSP/Components/lan8742/lan8742.c ****     }
 305:Drivers/BSP/Components/lan8742/lan8742.c ****   }
 306:Drivers/BSP/Components/lan8742/lan8742.c ****   else /* Auto Nego enabled */
 307:Drivers/BSP/Components/lan8742/lan8742.c ****   {
 308:Drivers/BSP/Components/lan8742/lan8742.c ****     if(pObj->IO.ReadReg(pObj->DevAddr, LAN8742_PHYSCSR, &readval) < 0)
 682              		.loc 1 308 5 is_stmt 1 view .LVU194
 683              		.loc 1 308 16 is_stmt 0 view .LVU195
 684 005e 6369     		ldr	r3, [r4, #20]
 685              		.loc 1 308 8 view .LVU196
 686 0060 01AA     		add	r2, sp, #4
 687 0062 1F21     		movs	r1, #31
 688 0064 2068     		ldr	r0, [r4]
 689 0066 9847     		blx	r3
 690              	.LVL57:
 691              		.loc 1 308 7 view .LVU197
 692 0068 0028     		cmp	r0, #0
ARM GAS  /tmp/cc5F3p9I.s 			page 19


 693 006a 21DB     		blt	.L52
 309:Drivers/BSP/Components/lan8742/lan8742.c ****     {
 310:Drivers/BSP/Components/lan8742/lan8742.c ****       return LAN8742_STATUS_READ_ERROR;
 311:Drivers/BSP/Components/lan8742/lan8742.c ****     }
 312:Drivers/BSP/Components/lan8742/lan8742.c **** 
 313:Drivers/BSP/Components/lan8742/lan8742.c ****     /* Check if auto nego not done */
 314:Drivers/BSP/Components/lan8742/lan8742.c ****     if((readval & LAN8742_PHYSCSR_AUTONEGO_DONE) == 0)
 694              		.loc 1 314 5 is_stmt 1 view .LVU198
 695              		.loc 1 314 17 is_stmt 0 view .LVU199
 696 006c 019B     		ldr	r3, [sp, #4]
 697              		.loc 1 314 7 view .LVU200
 698 006e 13F4805F 		tst	r3, #4096
 699 0072 20D0     		beq	.L53
 315:Drivers/BSP/Components/lan8742/lan8742.c ****     {
 316:Drivers/BSP/Components/lan8742/lan8742.c ****       return LAN8742_STATUS_AUTONEGO_NOTDONE;
 317:Drivers/BSP/Components/lan8742/lan8742.c ****     }
 318:Drivers/BSP/Components/lan8742/lan8742.c **** 
 319:Drivers/BSP/Components/lan8742/lan8742.c ****     if((readval & LAN8742_PHYSCSR_HCDSPEEDMASK) == LAN8742_PHYSCSR_100BTX_FD)
 700              		.loc 1 319 5 is_stmt 1 view .LVU201
 701              		.loc 1 319 17 is_stmt 0 view .LVU202
 702 0074 03F01C03 		and	r3, r3, #28
 703              		.loc 1 319 7 view .LVU203
 704 0078 182B     		cmp	r3, #24
 705 007a 1ED0     		beq	.L54
 320:Drivers/BSP/Components/lan8742/lan8742.c ****     {
 321:Drivers/BSP/Components/lan8742/lan8742.c ****       return LAN8742_STATUS_100MBITS_FULLDUPLEX;
 322:Drivers/BSP/Components/lan8742/lan8742.c ****     }
 323:Drivers/BSP/Components/lan8742/lan8742.c ****     else if ((readval & LAN8742_PHYSCSR_HCDSPEEDMASK) == LAN8742_PHYSCSR_100BTX_HD)
 706              		.loc 1 323 10 is_stmt 1 view .LVU204
 707              		.loc 1 323 13 is_stmt 0 view .LVU205
 708 007c 082B     		cmp	r3, #8
 709 007e 1ED0     		beq	.L55
 324:Drivers/BSP/Components/lan8742/lan8742.c ****     {
 325:Drivers/BSP/Components/lan8742/lan8742.c ****       return LAN8742_STATUS_100MBITS_HALFDUPLEX;
 326:Drivers/BSP/Components/lan8742/lan8742.c ****     }
 327:Drivers/BSP/Components/lan8742/lan8742.c ****     else if ((readval & LAN8742_PHYSCSR_HCDSPEEDMASK) == LAN8742_PHYSCSR_10BT_FD)
 710              		.loc 1 327 10 is_stmt 1 view .LVU206
 711              		.loc 1 327 13 is_stmt 0 view .LVU207
 712 0080 142B     		cmp	r3, #20
 713 0082 01D0     		beq	.L58
 328:Drivers/BSP/Components/lan8742/lan8742.c ****     {
 329:Drivers/BSP/Components/lan8742/lan8742.c ****       return LAN8742_STATUS_10MBITS_FULLDUPLEX;
 330:Drivers/BSP/Components/lan8742/lan8742.c ****     }
 331:Drivers/BSP/Components/lan8742/lan8742.c ****     else
 332:Drivers/BSP/Components/lan8742/lan8742.c ****     {
 333:Drivers/BSP/Components/lan8742/lan8742.c ****       return LAN8742_STATUS_10MBITS_HALFDUPLEX;
 714              		.loc 1 333 14 view .LVU208
 715 0084 0520     		movs	r0, #5
 716 0086 08E0     		b	.L42
 717              	.L58:
 329:Drivers/BSP/Components/lan8742/lan8742.c ****     }
 718              		.loc 1 329 14 view .LVU209
 719 0088 0420     		movs	r0, #4
 720 008a 06E0     		b	.L42
 721              	.L45:
 266:Drivers/BSP/Components/lan8742/lan8742.c ****   }
 722              		.loc 1 266 12 view .LVU210
ARM GAS  /tmp/cc5F3p9I.s 			page 20


 723 008c 6FF00400 		mvn	r0, #4
 724 0090 03E0     		b	.L42
 725              	.L46:
 272:Drivers/BSP/Components/lan8742/lan8742.c ****   }
 726              		.loc 1 272 12 view .LVU211
 727 0092 6FF00400 		mvn	r0, #4
 728 0096 00E0     		b	.L42
 729              	.L47:
 278:Drivers/BSP/Components/lan8742/lan8742.c ****   }
 730              		.loc 1 278 12 view .LVU212
 731 0098 0120     		movs	r0, #1
 732              	.L42:
 334:Drivers/BSP/Components/lan8742/lan8742.c ****     }
 335:Drivers/BSP/Components/lan8742/lan8742.c ****   }
 336:Drivers/BSP/Components/lan8742/lan8742.c **** }
 733              		.loc 1 336 1 view .LVU213
 734 009a 02B0     		add	sp, sp, #8
 735              	.LCFI21:
 736              		.cfi_remember_state
 737              		.cfi_def_cfa_offset 8
 738              		@ sp needed
 739 009c 10BD     		pop	{r4, pc}
 740              	.LVL58:
 741              	.L48:
 742              	.LCFI22:
 743              		.cfi_restore_state
 284:Drivers/BSP/Components/lan8742/lan8742.c ****   }
 744              		.loc 1 284 12 view .LVU214
 745 009e 6FF00400 		mvn	r0, #4
 746 00a2 FAE7     		b	.L42
 747              	.L49:
 291:Drivers/BSP/Components/lan8742/lan8742.c ****     }
 748              		.loc 1 291 14 view .LVU215
 749 00a4 0220     		movs	r0, #2
 750 00a6 F8E7     		b	.L42
 751              	.L50:
 295:Drivers/BSP/Components/lan8742/lan8742.c ****     }
 752              		.loc 1 295 14 view .LVU216
 753 00a8 0320     		movs	r0, #3
 754 00aa F6E7     		b	.L42
 755              	.L51:
 303:Drivers/BSP/Components/lan8742/lan8742.c ****     }
 756              		.loc 1 303 14 view .LVU217
 757 00ac 0520     		movs	r0, #5
 758 00ae F4E7     		b	.L42
 759              	.L52:
 310:Drivers/BSP/Components/lan8742/lan8742.c ****     }
 760              		.loc 1 310 14 view .LVU218
 761 00b0 6FF00400 		mvn	r0, #4
 762 00b4 F1E7     		b	.L42
 763              	.L53:
 316:Drivers/BSP/Components/lan8742/lan8742.c ****     }
 764              		.loc 1 316 14 view .LVU219
 765 00b6 0620     		movs	r0, #6
 766 00b8 EFE7     		b	.L42
 767              	.L54:
 321:Drivers/BSP/Components/lan8742/lan8742.c ****     }
ARM GAS  /tmp/cc5F3p9I.s 			page 21


 768              		.loc 1 321 14 view .LVU220
 769 00ba 0220     		movs	r0, #2
 770 00bc EDE7     		b	.L42
 771              	.L55:
 325:Drivers/BSP/Components/lan8742/lan8742.c ****     }
 772              		.loc 1 325 14 view .LVU221
 773 00be 0320     		movs	r0, #3
 774 00c0 EBE7     		b	.L42
 775              		.cfi_endproc
 776              	.LFE6:
 778              		.section	.text.LAN8742_SetLinkState,"ax",%progbits
 779              		.align	1
 780              		.global	LAN8742_SetLinkState
 781              		.syntax unified
 782              		.thumb
 783              		.thumb_func
 784              		.fpu fpv5-d16
 786              	LAN8742_SetLinkState:
 787              	.LVL59:
 788              	.LFB7:
 337:Drivers/BSP/Components/lan8742/lan8742.c **** 
 338:Drivers/BSP/Components/lan8742/lan8742.c **** /**
 339:Drivers/BSP/Components/lan8742/lan8742.c ****   * @brief  Set the link state of LAN8742 device.
 340:Drivers/BSP/Components/lan8742/lan8742.c ****   * @param  pObj: Pointer to device object.
 341:Drivers/BSP/Components/lan8742/lan8742.c ****   * @param  pLinkState: link state can be one of the following
 342:Drivers/BSP/Components/lan8742/lan8742.c ****   *         LAN8742_STATUS_100MBITS_FULLDUPLEX if 100Mb/s FD
 343:Drivers/BSP/Components/lan8742/lan8742.c ****   *         LAN8742_STATUS_100MBITS_HALFDUPLEX if 100Mb/s HD
 344:Drivers/BSP/Components/lan8742/lan8742.c ****   *         LAN8742_STATUS_10MBITS_FULLDUPLEX  if 10Mb/s FD
 345:Drivers/BSP/Components/lan8742/lan8742.c ****   *         LAN8742_STATUS_10MBITS_HALFDUPLEX  if 10Mb/s HD
 346:Drivers/BSP/Components/lan8742/lan8742.c ****   * @retval LAN8742_STATUS_OK  if OK
 347:Drivers/BSP/Components/lan8742/lan8742.c ****   *         LAN8742_STATUS_ERROR  if parameter error
 348:Drivers/BSP/Components/lan8742/lan8742.c ****   *         LAN8742_STATUS_READ_ERROR if cannot read register
 349:Drivers/BSP/Components/lan8742/lan8742.c ****   *         LAN8742_STATUS_WRITE_ERROR if cannot write to register
 350:Drivers/BSP/Components/lan8742/lan8742.c ****   */
 351:Drivers/BSP/Components/lan8742/lan8742.c **** int32_t LAN8742_SetLinkState(lan8742_Object_t *pObj, uint32_t LinkState)
 352:Drivers/BSP/Components/lan8742/lan8742.c **** {
 789              		.loc 1 352 1 is_stmt 1 view -0
 790              		.cfi_startproc
 791              		@ args = 0, pretend = 0, frame = 8
 792              		@ frame_needed = 0, uses_anonymous_args = 0
 793              		.loc 1 352 1 is_stmt 0 view .LVU223
 794 0000 30B5     		push	{r4, r5, lr}
 795              	.LCFI23:
 796              		.cfi_def_cfa_offset 12
 797              		.cfi_offset 4, -12
 798              		.cfi_offset 5, -8
 799              		.cfi_offset 14, -4
 800 0002 83B0     		sub	sp, sp, #12
 801              	.LCFI24:
 802              		.cfi_def_cfa_offset 24
 803 0004 0446     		mov	r4, r0
 804 0006 0D46     		mov	r5, r1
 353:Drivers/BSP/Components/lan8742/lan8742.c ****   uint32_t bcrvalue = 0;
 805              		.loc 1 353 3 is_stmt 1 view .LVU224
 806              		.loc 1 353 12 is_stmt 0 view .LVU225
 807 0008 0021     		movs	r1, #0
 808              	.LVL60:
ARM GAS  /tmp/cc5F3p9I.s 			page 22


 809              		.loc 1 353 12 view .LVU226
 810 000a 0191     		str	r1, [sp, #4]
 354:Drivers/BSP/Components/lan8742/lan8742.c ****   int32_t status = LAN8742_STATUS_OK;
 811              		.loc 1 354 3 is_stmt 1 view .LVU227
 812              	.LVL61:
 355:Drivers/BSP/Components/lan8742/lan8742.c **** 
 356:Drivers/BSP/Components/lan8742/lan8742.c ****   if(pObj->IO.ReadReg(pObj->DevAddr, LAN8742_BCR, &bcrvalue) >= 0)
 813              		.loc 1 356 3 view .LVU228
 814              		.loc 1 356 14 is_stmt 0 view .LVU229
 815 000c 4369     		ldr	r3, [r0, #20]
 816              		.loc 1 356 6 view .LVU230
 817 000e 01AA     		add	r2, sp, #4
 818 0010 0068     		ldr	r0, [r0]
 819              	.LVL62:
 820              		.loc 1 356 6 view .LVU231
 821 0012 9847     		blx	r3
 822              	.LVL63:
 823              		.loc 1 356 5 view .LVU232
 824 0014 0028     		cmp	r0, #0
 825 0016 1EDB     		blt	.L64
 357:Drivers/BSP/Components/lan8742/lan8742.c ****   {
 358:Drivers/BSP/Components/lan8742/lan8742.c ****     /* Disable link config (Auto nego, speed and duplex) */
 359:Drivers/BSP/Components/lan8742/lan8742.c ****     bcrvalue &= ~(LAN8742_BCR_AUTONEGO_EN | LAN8742_BCR_SPEED_SELECT | LAN8742_BCR_DUPLEX_MODE);
 826              		.loc 1 359 5 is_stmt 1 view .LVU233
 827              		.loc 1 359 14 is_stmt 0 view .LVU234
 828 0018 019B     		ldr	r3, [sp, #4]
 829 001a 23F44453 		bic	r3, r3, #12544
 830 001e 0193     		str	r3, [sp, #4]
 360:Drivers/BSP/Components/lan8742/lan8742.c **** 
 361:Drivers/BSP/Components/lan8742/lan8742.c ****     if(LinkState == LAN8742_STATUS_100MBITS_FULLDUPLEX)
 831              		.loc 1 361 5 is_stmt 1 view .LVU235
 832              		.loc 1 361 7 is_stmt 0 view .LVU236
 833 0020 022D     		cmp	r5, #2
 834 0022 10D0     		beq	.L68
 362:Drivers/BSP/Components/lan8742/lan8742.c ****     {
 363:Drivers/BSP/Components/lan8742/lan8742.c ****       bcrvalue |= (LAN8742_BCR_SPEED_SELECT | LAN8742_BCR_DUPLEX_MODE);
 364:Drivers/BSP/Components/lan8742/lan8742.c ****     }
 365:Drivers/BSP/Components/lan8742/lan8742.c ****     else if (LinkState == LAN8742_STATUS_100MBITS_HALFDUPLEX)
 835              		.loc 1 365 10 is_stmt 1 view .LVU237
 836              		.loc 1 365 13 is_stmt 0 view .LVU238
 837 0024 032D     		cmp	r5, #3
 838 0026 12D0     		beq	.L69
 366:Drivers/BSP/Components/lan8742/lan8742.c ****     {
 367:Drivers/BSP/Components/lan8742/lan8742.c ****       bcrvalue |= LAN8742_BCR_SPEED_SELECT;
 368:Drivers/BSP/Components/lan8742/lan8742.c ****     }
 369:Drivers/BSP/Components/lan8742/lan8742.c ****     else if (LinkState == LAN8742_STATUS_10MBITS_FULLDUPLEX)
 839              		.loc 1 369 10 is_stmt 1 view .LVU239
 840              		.loc 1 369 13 is_stmt 0 view .LVU240
 841 0028 042D     		cmp	r5, #4
 842 002a 17D1     		bne	.L65
 370:Drivers/BSP/Components/lan8742/lan8742.c ****     {
 371:Drivers/BSP/Components/lan8742/lan8742.c ****       bcrvalue |= LAN8742_BCR_DUPLEX_MODE;
 843              		.loc 1 371 7 is_stmt 1 view .LVU241
 844              		.loc 1 371 16 is_stmt 0 view .LVU242
 845 002c 43F48073 		orr	r3, r3, #256
 846 0030 0193     		str	r3, [sp, #4]
 372:Drivers/BSP/Components/lan8742/lan8742.c ****     }
ARM GAS  /tmp/cc5F3p9I.s 			page 23


 373:Drivers/BSP/Components/lan8742/lan8742.c ****     else
 374:Drivers/BSP/Components/lan8742/lan8742.c ****     {
 375:Drivers/BSP/Components/lan8742/lan8742.c ****       /* Wrong link status parameter */
 376:Drivers/BSP/Components/lan8742/lan8742.c ****       status = LAN8742_STATUS_ERROR;
 377:Drivers/BSP/Components/lan8742/lan8742.c ****     }
 378:Drivers/BSP/Components/lan8742/lan8742.c ****   }
 379:Drivers/BSP/Components/lan8742/lan8742.c ****   else
 380:Drivers/BSP/Components/lan8742/lan8742.c ****   {
 381:Drivers/BSP/Components/lan8742/lan8742.c ****     status = LAN8742_STATUS_READ_ERROR;
 382:Drivers/BSP/Components/lan8742/lan8742.c ****   }
 383:Drivers/BSP/Components/lan8742/lan8742.c **** 
 384:Drivers/BSP/Components/lan8742/lan8742.c ****   if(status == LAN8742_STATUS_OK)
 847              		.loc 1 384 3 is_stmt 1 view .LVU243
 848              	.L62:
 385:Drivers/BSP/Components/lan8742/lan8742.c ****   {
 386:Drivers/BSP/Components/lan8742/lan8742.c ****     /* Apply configuration */
 387:Drivers/BSP/Components/lan8742/lan8742.c ****     if(pObj->IO.WriteReg(pObj->DevAddr, LAN8742_BCR, bcrvalue) < 0)
 849              		.loc 1 387 5 view .LVU244
 850              		.loc 1 387 16 is_stmt 0 view .LVU245
 851 0032 2369     		ldr	r3, [r4, #16]
 852              		.loc 1 387 8 view .LVU246
 853 0034 019A     		ldr	r2, [sp, #4]
 854 0036 0021     		movs	r1, #0
 855 0038 2068     		ldr	r0, [r4]
 856 003a 9847     		blx	r3
 857              	.LVL64:
 858              		.loc 1 387 7 view .LVU247
 859 003c 0028     		cmp	r0, #0
 860 003e 10DB     		blt	.L66
 861 0040 0020     		movs	r0, #0
 862              	.LVL65:
 863              	.L59:
 388:Drivers/BSP/Components/lan8742/lan8742.c ****     {
 389:Drivers/BSP/Components/lan8742/lan8742.c ****       status = LAN8742_STATUS_WRITE_ERROR;
 390:Drivers/BSP/Components/lan8742/lan8742.c ****     }
 391:Drivers/BSP/Components/lan8742/lan8742.c ****   }
 392:Drivers/BSP/Components/lan8742/lan8742.c **** 
 393:Drivers/BSP/Components/lan8742/lan8742.c ****   return status;
 394:Drivers/BSP/Components/lan8742/lan8742.c **** }
 864              		.loc 1 394 1 view .LVU248
 865 0042 03B0     		add	sp, sp, #12
 866              	.LCFI25:
 867              		.cfi_remember_state
 868              		.cfi_def_cfa_offset 12
 869              		@ sp needed
 870 0044 30BD     		pop	{r4, r5, pc}
 871              	.LVL66:
 872              	.L68:
 873              	.LCFI26:
 874              		.cfi_restore_state
 363:Drivers/BSP/Components/lan8742/lan8742.c ****     }
 875              		.loc 1 363 7 is_stmt 1 view .LVU249
 363:Drivers/BSP/Components/lan8742/lan8742.c ****     }
 876              		.loc 1 363 16 is_stmt 0 view .LVU250
 877 0046 43F40453 		orr	r3, r3, #8448
 878 004a 0193     		str	r3, [sp, #4]
 384:Drivers/BSP/Components/lan8742/lan8742.c ****   {
ARM GAS  /tmp/cc5F3p9I.s 			page 24


 879              		.loc 1 384 3 is_stmt 1 view .LVU251
 880 004c F1E7     		b	.L62
 881              	.L69:
 367:Drivers/BSP/Components/lan8742/lan8742.c ****     }
 882              		.loc 1 367 7 view .LVU252
 367:Drivers/BSP/Components/lan8742/lan8742.c ****     }
 883              		.loc 1 367 16 is_stmt 0 view .LVU253
 884 004e 43F40053 		orr	r3, r3, #8192
 885 0052 0193     		str	r3, [sp, #4]
 384:Drivers/BSP/Components/lan8742/lan8742.c ****   {
 886              		.loc 1 384 3 is_stmt 1 view .LVU254
 887 0054 EDE7     		b	.L62
 888              	.L64:
 381:Drivers/BSP/Components/lan8742/lan8742.c ****   }
 889              		.loc 1 381 12 is_stmt 0 view .LVU255
 890 0056 6FF00400 		mvn	r0, #4
 891 005a F2E7     		b	.L59
 892              	.L65:
 376:Drivers/BSP/Components/lan8742/lan8742.c ****     }
 893              		.loc 1 376 14 view .LVU256
 894 005c 4FF0FF30 		mov	r0, #-1
 895 0060 EFE7     		b	.L59
 896              	.L66:
 389:Drivers/BSP/Components/lan8742/lan8742.c ****     }
 897              		.loc 1 389 14 view .LVU257
 898 0062 6FF00300 		mvn	r0, #3
 899              	.LVL67:
 393:Drivers/BSP/Components/lan8742/lan8742.c **** }
 900              		.loc 1 393 3 is_stmt 1 view .LVU258
 393:Drivers/BSP/Components/lan8742/lan8742.c **** }
 901              		.loc 1 393 10 is_stmt 0 view .LVU259
 902 0066 ECE7     		b	.L59
 903              		.cfi_endproc
 904              	.LFE7:
 906              		.section	.text.LAN8742_EnableLoopbackMode,"ax",%progbits
 907              		.align	1
 908              		.global	LAN8742_EnableLoopbackMode
 909              		.syntax unified
 910              		.thumb
 911              		.thumb_func
 912              		.fpu fpv5-d16
 914              	LAN8742_EnableLoopbackMode:
 915              	.LVL68:
 916              	.LFB8:
 395:Drivers/BSP/Components/lan8742/lan8742.c **** 
 396:Drivers/BSP/Components/lan8742/lan8742.c **** /**
 397:Drivers/BSP/Components/lan8742/lan8742.c ****   * @brief  Enable loopback mode.
 398:Drivers/BSP/Components/lan8742/lan8742.c ****   * @param  pObj: Pointer to device object.
 399:Drivers/BSP/Components/lan8742/lan8742.c ****   * @retval LAN8742_STATUS_OK  if OK
 400:Drivers/BSP/Components/lan8742/lan8742.c ****   *         LAN8742_STATUS_READ_ERROR if cannot read register
 401:Drivers/BSP/Components/lan8742/lan8742.c ****   *         LAN8742_STATUS_WRITE_ERROR if cannot write to register
 402:Drivers/BSP/Components/lan8742/lan8742.c ****   */
 403:Drivers/BSP/Components/lan8742/lan8742.c **** int32_t LAN8742_EnableLoopbackMode(lan8742_Object_t *pObj)
 404:Drivers/BSP/Components/lan8742/lan8742.c **** {
 917              		.loc 1 404 1 is_stmt 1 view -0
 918              		.cfi_startproc
 919              		@ args = 0, pretend = 0, frame = 8
ARM GAS  /tmp/cc5F3p9I.s 			page 25


 920              		@ frame_needed = 0, uses_anonymous_args = 0
 921              		.loc 1 404 1 is_stmt 0 view .LVU261
 922 0000 10B5     		push	{r4, lr}
 923              	.LCFI27:
 924              		.cfi_def_cfa_offset 8
 925              		.cfi_offset 4, -8
 926              		.cfi_offset 14, -4
 927 0002 82B0     		sub	sp, sp, #8
 928              	.LCFI28:
 929              		.cfi_def_cfa_offset 16
 930 0004 0446     		mov	r4, r0
 405:Drivers/BSP/Components/lan8742/lan8742.c ****   uint32_t readval = 0;
 931              		.loc 1 405 3 is_stmt 1 view .LVU262
 932              		.loc 1 405 12 is_stmt 0 view .LVU263
 933 0006 0021     		movs	r1, #0
 934 0008 0191     		str	r1, [sp, #4]
 406:Drivers/BSP/Components/lan8742/lan8742.c ****   int32_t status = LAN8742_STATUS_OK;
 935              		.loc 1 406 3 is_stmt 1 view .LVU264
 936              	.LVL69:
 407:Drivers/BSP/Components/lan8742/lan8742.c **** 
 408:Drivers/BSP/Components/lan8742/lan8742.c ****   if(pObj->IO.ReadReg(pObj->DevAddr, LAN8742_BCR, &readval) >= 0)
 937              		.loc 1 408 3 view .LVU265
 938              		.loc 1 408 14 is_stmt 0 view .LVU266
 939 000a 4369     		ldr	r3, [r0, #20]
 940              		.loc 1 408 6 view .LVU267
 941 000c 01AA     		add	r2, sp, #4
 942 000e 0068     		ldr	r0, [r0]
 943              	.LVL70:
 944              		.loc 1 408 6 view .LVU268
 945 0010 9847     		blx	r3
 946              	.LVL71:
 947              		.loc 1 408 5 view .LVU269
 948 0012 0028     		cmp	r0, #0
 949 0014 0CDB     		blt	.L72
 409:Drivers/BSP/Components/lan8742/lan8742.c ****   {
 410:Drivers/BSP/Components/lan8742/lan8742.c ****     readval |= LAN8742_BCR_LOOPBACK;
 950              		.loc 1 410 5 is_stmt 1 view .LVU270
 951              		.loc 1 410 13 is_stmt 0 view .LVU271
 952 0016 019A     		ldr	r2, [sp, #4]
 953 0018 42F48042 		orr	r2, r2, #16384
 954 001c 0192     		str	r2, [sp, #4]
 411:Drivers/BSP/Components/lan8742/lan8742.c **** 
 412:Drivers/BSP/Components/lan8742/lan8742.c ****     /* Apply configuration */
 413:Drivers/BSP/Components/lan8742/lan8742.c ****     if(pObj->IO.WriteReg(pObj->DevAddr, LAN8742_BCR, readval) < 0)
 955              		.loc 1 413 5 is_stmt 1 view .LVU272
 956              		.loc 1 413 16 is_stmt 0 view .LVU273
 957 001e 2369     		ldr	r3, [r4, #16]
 958              		.loc 1 413 8 view .LVU274
 959 0020 0021     		movs	r1, #0
 960 0022 2068     		ldr	r0, [r4]
 961 0024 9847     		blx	r3
 962              	.LVL72:
 963              		.loc 1 413 7 view .LVU275
 964 0026 0028     		cmp	r0, #0
 965 0028 05DB     		blt	.L73
 406:Drivers/BSP/Components/lan8742/lan8742.c **** 
 966              		.loc 1 406 11 view .LVU276
ARM GAS  /tmp/cc5F3p9I.s 			page 26


 967 002a 0020     		movs	r0, #0
 968              	.LVL73:
 969              	.L70:
 414:Drivers/BSP/Components/lan8742/lan8742.c ****     {
 415:Drivers/BSP/Components/lan8742/lan8742.c ****       status = LAN8742_STATUS_WRITE_ERROR;
 416:Drivers/BSP/Components/lan8742/lan8742.c ****     }
 417:Drivers/BSP/Components/lan8742/lan8742.c ****   }
 418:Drivers/BSP/Components/lan8742/lan8742.c ****   else
 419:Drivers/BSP/Components/lan8742/lan8742.c ****   {
 420:Drivers/BSP/Components/lan8742/lan8742.c ****     status = LAN8742_STATUS_READ_ERROR;
 421:Drivers/BSP/Components/lan8742/lan8742.c ****   }
 422:Drivers/BSP/Components/lan8742/lan8742.c **** 
 423:Drivers/BSP/Components/lan8742/lan8742.c ****   return status;
 424:Drivers/BSP/Components/lan8742/lan8742.c **** }
 970              		.loc 1 424 1 view .LVU277
 971 002c 02B0     		add	sp, sp, #8
 972              	.LCFI29:
 973              		.cfi_remember_state
 974              		.cfi_def_cfa_offset 8
 975              		@ sp needed
 976 002e 10BD     		pop	{r4, pc}
 977              	.LVL74:
 978              	.L72:
 979              	.LCFI30:
 980              		.cfi_restore_state
 420:Drivers/BSP/Components/lan8742/lan8742.c ****   }
 981              		.loc 1 420 12 view .LVU278
 982 0030 6FF00400 		mvn	r0, #4
 983 0034 FAE7     		b	.L70
 984              	.L73:
 415:Drivers/BSP/Components/lan8742/lan8742.c ****     }
 985              		.loc 1 415 14 view .LVU279
 986 0036 6FF00300 		mvn	r0, #3
 987              	.LVL75:
 423:Drivers/BSP/Components/lan8742/lan8742.c **** }
 988              		.loc 1 423 3 is_stmt 1 view .LVU280
 423:Drivers/BSP/Components/lan8742/lan8742.c **** }
 989              		.loc 1 423 10 is_stmt 0 view .LVU281
 990 003a F7E7     		b	.L70
 991              		.cfi_endproc
 992              	.LFE8:
 994              		.section	.text.LAN8742_DisableLoopbackMode,"ax",%progbits
 995              		.align	1
 996              		.global	LAN8742_DisableLoopbackMode
 997              		.syntax unified
 998              		.thumb
 999              		.thumb_func
 1000              		.fpu fpv5-d16
 1002              	LAN8742_DisableLoopbackMode:
 1003              	.LVL76:
 1004              	.LFB9:
 425:Drivers/BSP/Components/lan8742/lan8742.c **** 
 426:Drivers/BSP/Components/lan8742/lan8742.c **** /**
 427:Drivers/BSP/Components/lan8742/lan8742.c ****   * @brief  Disable loopback mode.
 428:Drivers/BSP/Components/lan8742/lan8742.c ****   * @param  pObj: Pointer to device object.
 429:Drivers/BSP/Components/lan8742/lan8742.c ****   * @retval LAN8742_STATUS_OK  if OK
 430:Drivers/BSP/Components/lan8742/lan8742.c ****   *         LAN8742_STATUS_READ_ERROR if cannot read register
ARM GAS  /tmp/cc5F3p9I.s 			page 27


 431:Drivers/BSP/Components/lan8742/lan8742.c ****   *         LAN8742_STATUS_WRITE_ERROR if cannot write to register
 432:Drivers/BSP/Components/lan8742/lan8742.c ****   */
 433:Drivers/BSP/Components/lan8742/lan8742.c **** int32_t LAN8742_DisableLoopbackMode(lan8742_Object_t *pObj)
 434:Drivers/BSP/Components/lan8742/lan8742.c **** {
 1005              		.loc 1 434 1 is_stmt 1 view -0
 1006              		.cfi_startproc
 1007              		@ args = 0, pretend = 0, frame = 8
 1008              		@ frame_needed = 0, uses_anonymous_args = 0
 1009              		.loc 1 434 1 is_stmt 0 view .LVU283
 1010 0000 10B5     		push	{r4, lr}
 1011              	.LCFI31:
 1012              		.cfi_def_cfa_offset 8
 1013              		.cfi_offset 4, -8
 1014              		.cfi_offset 14, -4
 1015 0002 82B0     		sub	sp, sp, #8
 1016              	.LCFI32:
 1017              		.cfi_def_cfa_offset 16
 1018 0004 0446     		mov	r4, r0
 435:Drivers/BSP/Components/lan8742/lan8742.c ****   uint32_t readval = 0;
 1019              		.loc 1 435 3 is_stmt 1 view .LVU284
 1020              		.loc 1 435 12 is_stmt 0 view .LVU285
 1021 0006 0021     		movs	r1, #0
 1022 0008 0191     		str	r1, [sp, #4]
 436:Drivers/BSP/Components/lan8742/lan8742.c ****   int32_t status = LAN8742_STATUS_OK;
 1023              		.loc 1 436 3 is_stmt 1 view .LVU286
 1024              	.LVL77:
 437:Drivers/BSP/Components/lan8742/lan8742.c **** 
 438:Drivers/BSP/Components/lan8742/lan8742.c ****   if(pObj->IO.ReadReg(pObj->DevAddr, LAN8742_BCR, &readval) >= 0)
 1025              		.loc 1 438 3 view .LVU287
 1026              		.loc 1 438 14 is_stmt 0 view .LVU288
 1027 000a 4369     		ldr	r3, [r0, #20]
 1028              		.loc 1 438 6 view .LVU289
 1029 000c 01AA     		add	r2, sp, #4
 1030 000e 0068     		ldr	r0, [r0]
 1031              	.LVL78:
 1032              		.loc 1 438 6 view .LVU290
 1033 0010 9847     		blx	r3
 1034              	.LVL79:
 1035              		.loc 1 438 5 view .LVU291
 1036 0012 0028     		cmp	r0, #0
 1037 0014 0CDB     		blt	.L77
 439:Drivers/BSP/Components/lan8742/lan8742.c ****   {
 440:Drivers/BSP/Components/lan8742/lan8742.c ****     readval &= ~LAN8742_BCR_LOOPBACK;
 1038              		.loc 1 440 5 is_stmt 1 view .LVU292
 1039              		.loc 1 440 13 is_stmt 0 view .LVU293
 1040 0016 019A     		ldr	r2, [sp, #4]
 1041 0018 22F48042 		bic	r2, r2, #16384
 1042 001c 0192     		str	r2, [sp, #4]
 441:Drivers/BSP/Components/lan8742/lan8742.c **** 
 442:Drivers/BSP/Components/lan8742/lan8742.c ****     /* Apply configuration */
 443:Drivers/BSP/Components/lan8742/lan8742.c ****     if(pObj->IO.WriteReg(pObj->DevAddr, LAN8742_BCR, readval) < 0)
 1043              		.loc 1 443 5 is_stmt 1 view .LVU294
 1044              		.loc 1 443 16 is_stmt 0 view .LVU295
 1045 001e 2369     		ldr	r3, [r4, #16]
 1046              		.loc 1 443 8 view .LVU296
 1047 0020 0021     		movs	r1, #0
 1048 0022 2068     		ldr	r0, [r4]
ARM GAS  /tmp/cc5F3p9I.s 			page 28


 1049 0024 9847     		blx	r3
 1050              	.LVL80:
 1051              		.loc 1 443 7 view .LVU297
 1052 0026 0028     		cmp	r0, #0
 1053 0028 05DB     		blt	.L78
 436:Drivers/BSP/Components/lan8742/lan8742.c **** 
 1054              		.loc 1 436 11 view .LVU298
 1055 002a 0020     		movs	r0, #0
 1056              	.LVL81:
 1057              	.L75:
 444:Drivers/BSP/Components/lan8742/lan8742.c ****     {
 445:Drivers/BSP/Components/lan8742/lan8742.c ****       status =  LAN8742_STATUS_WRITE_ERROR;
 446:Drivers/BSP/Components/lan8742/lan8742.c ****     }
 447:Drivers/BSP/Components/lan8742/lan8742.c ****   }
 448:Drivers/BSP/Components/lan8742/lan8742.c ****   else
 449:Drivers/BSP/Components/lan8742/lan8742.c ****   {
 450:Drivers/BSP/Components/lan8742/lan8742.c ****     status = LAN8742_STATUS_READ_ERROR;
 451:Drivers/BSP/Components/lan8742/lan8742.c ****   }
 452:Drivers/BSP/Components/lan8742/lan8742.c **** 
 453:Drivers/BSP/Components/lan8742/lan8742.c ****   return status;
 454:Drivers/BSP/Components/lan8742/lan8742.c **** }
 1058              		.loc 1 454 1 view .LVU299
 1059 002c 02B0     		add	sp, sp, #8
 1060              	.LCFI33:
 1061              		.cfi_remember_state
 1062              		.cfi_def_cfa_offset 8
 1063              		@ sp needed
 1064 002e 10BD     		pop	{r4, pc}
 1065              	.LVL82:
 1066              	.L77:
 1067              	.LCFI34:
 1068              		.cfi_restore_state
 450:Drivers/BSP/Components/lan8742/lan8742.c ****   }
 1069              		.loc 1 450 12 view .LVU300
 1070 0030 6FF00400 		mvn	r0, #4
 1071 0034 FAE7     		b	.L75
 1072              	.L78:
 445:Drivers/BSP/Components/lan8742/lan8742.c ****     }
 1073              		.loc 1 445 14 view .LVU301
 1074 0036 6FF00300 		mvn	r0, #3
 1075              	.LVL83:
 453:Drivers/BSP/Components/lan8742/lan8742.c **** }
 1076              		.loc 1 453 3 is_stmt 1 view .LVU302
 453:Drivers/BSP/Components/lan8742/lan8742.c **** }
 1077              		.loc 1 453 10 is_stmt 0 view .LVU303
 1078 003a F7E7     		b	.L75
 1079              		.cfi_endproc
 1080              	.LFE9:
 1082              		.section	.text.LAN8742_EnableIT,"ax",%progbits
 1083              		.align	1
 1084              		.global	LAN8742_EnableIT
 1085              		.syntax unified
 1086              		.thumb
 1087              		.thumb_func
 1088              		.fpu fpv5-d16
 1090              	LAN8742_EnableIT:
 1091              	.LVL84:
ARM GAS  /tmp/cc5F3p9I.s 			page 29


 1092              	.LFB10:
 455:Drivers/BSP/Components/lan8742/lan8742.c **** 
 456:Drivers/BSP/Components/lan8742/lan8742.c **** /**
 457:Drivers/BSP/Components/lan8742/lan8742.c ****   * @brief  Enable IT source.
 458:Drivers/BSP/Components/lan8742/lan8742.c ****   * @param  pObj: Pointer to device object.
 459:Drivers/BSP/Components/lan8742/lan8742.c ****   * @param  Interrupt: IT source to be enabled
 460:Drivers/BSP/Components/lan8742/lan8742.c ****   *         should be a value or a combination of the following:
 461:Drivers/BSP/Components/lan8742/lan8742.c ****   *         LAN8742_WOL_IT
 462:Drivers/BSP/Components/lan8742/lan8742.c ****   *         LAN8742_ENERGYON_IT
 463:Drivers/BSP/Components/lan8742/lan8742.c ****   *         LAN8742_AUTONEGO_COMPLETE_IT
 464:Drivers/BSP/Components/lan8742/lan8742.c ****   *         LAN8742_REMOTE_FAULT_IT
 465:Drivers/BSP/Components/lan8742/lan8742.c ****   *         LAN8742_LINK_DOWN_IT
 466:Drivers/BSP/Components/lan8742/lan8742.c ****   *         LAN8742_AUTONEGO_LP_ACK_IT
 467:Drivers/BSP/Components/lan8742/lan8742.c ****   *         LAN8742_PARALLEL_DETECTION_FAULT_IT
 468:Drivers/BSP/Components/lan8742/lan8742.c ****   *         LAN8742_AUTONEGO_PAGE_RECEIVED_IT
 469:Drivers/BSP/Components/lan8742/lan8742.c ****   * @retval LAN8742_STATUS_OK  if OK
 470:Drivers/BSP/Components/lan8742/lan8742.c ****   *         LAN8742_STATUS_READ_ERROR if cannot read register
 471:Drivers/BSP/Components/lan8742/lan8742.c ****   *         LAN8742_STATUS_WRITE_ERROR if cannot write to register
 472:Drivers/BSP/Components/lan8742/lan8742.c ****   */
 473:Drivers/BSP/Components/lan8742/lan8742.c **** int32_t LAN8742_EnableIT(lan8742_Object_t *pObj, uint32_t Interrupt)
 474:Drivers/BSP/Components/lan8742/lan8742.c **** {
 1093              		.loc 1 474 1 is_stmt 1 view -0
 1094              		.cfi_startproc
 1095              		@ args = 0, pretend = 0, frame = 8
 1096              		@ frame_needed = 0, uses_anonymous_args = 0
 1097              		.loc 1 474 1 is_stmt 0 view .LVU305
 1098 0000 30B5     		push	{r4, r5, lr}
 1099              	.LCFI35:
 1100              		.cfi_def_cfa_offset 12
 1101              		.cfi_offset 4, -12
 1102              		.cfi_offset 5, -8
 1103              		.cfi_offset 14, -4
 1104 0002 83B0     		sub	sp, sp, #12
 1105              	.LCFI36:
 1106              		.cfi_def_cfa_offset 24
 1107 0004 0446     		mov	r4, r0
 1108 0006 0D46     		mov	r5, r1
 475:Drivers/BSP/Components/lan8742/lan8742.c ****   uint32_t readval = 0;
 1109              		.loc 1 475 3 is_stmt 1 view .LVU306
 1110              		.loc 1 475 12 is_stmt 0 view .LVU307
 1111 0008 0023     		movs	r3, #0
 1112 000a 0193     		str	r3, [sp, #4]
 476:Drivers/BSP/Components/lan8742/lan8742.c ****   int32_t status = LAN8742_STATUS_OK;
 1113              		.loc 1 476 3 is_stmt 1 view .LVU308
 1114              	.LVL85:
 477:Drivers/BSP/Components/lan8742/lan8742.c **** 
 478:Drivers/BSP/Components/lan8742/lan8742.c ****   if(pObj->IO.ReadReg(pObj->DevAddr, LAN8742_IMR, &readval) >= 0)
 1115              		.loc 1 478 3 view .LVU309
 1116              		.loc 1 478 14 is_stmt 0 view .LVU310
 1117 000c 4369     		ldr	r3, [r0, #20]
 1118              		.loc 1 478 6 view .LVU311
 1119 000e 01AA     		add	r2, sp, #4
 1120 0010 1E21     		movs	r1, #30
 1121              	.LVL86:
 1122              		.loc 1 478 6 view .LVU312
 1123 0012 0068     		ldr	r0, [r0]
 1124              	.LVL87:
ARM GAS  /tmp/cc5F3p9I.s 			page 30


 1125              		.loc 1 478 6 view .LVU313
 1126 0014 9847     		blx	r3
 1127              	.LVL88:
 1128              		.loc 1 478 5 view .LVU314
 1129 0016 0028     		cmp	r0, #0
 1130 0018 0BDB     		blt	.L82
 479:Drivers/BSP/Components/lan8742/lan8742.c ****   {
 480:Drivers/BSP/Components/lan8742/lan8742.c ****     readval |= Interrupt;
 1131              		.loc 1 480 5 is_stmt 1 view .LVU315
 1132              		.loc 1 480 13 is_stmt 0 view .LVU316
 1133 001a 019A     		ldr	r2, [sp, #4]
 1134 001c 2A43     		orrs	r2, r2, r5
 1135 001e 0192     		str	r2, [sp, #4]
 481:Drivers/BSP/Components/lan8742/lan8742.c **** 
 482:Drivers/BSP/Components/lan8742/lan8742.c ****     /* Apply configuration */
 483:Drivers/BSP/Components/lan8742/lan8742.c ****     if(pObj->IO.WriteReg(pObj->DevAddr, LAN8742_IMR, readval) < 0)
 1136              		.loc 1 483 5 is_stmt 1 view .LVU317
 1137              		.loc 1 483 16 is_stmt 0 view .LVU318
 1138 0020 2369     		ldr	r3, [r4, #16]
 1139              		.loc 1 483 8 view .LVU319
 1140 0022 1E21     		movs	r1, #30
 1141 0024 2068     		ldr	r0, [r4]
 1142 0026 9847     		blx	r3
 1143              	.LVL89:
 1144              		.loc 1 483 7 view .LVU320
 1145 0028 0028     		cmp	r0, #0
 1146 002a 05DB     		blt	.L83
 476:Drivers/BSP/Components/lan8742/lan8742.c **** 
 1147              		.loc 1 476 11 view .LVU321
 1148 002c 0020     		movs	r0, #0
 1149              	.LVL90:
 1150              	.L80:
 484:Drivers/BSP/Components/lan8742/lan8742.c ****     {
 485:Drivers/BSP/Components/lan8742/lan8742.c ****       status =  LAN8742_STATUS_WRITE_ERROR;
 486:Drivers/BSP/Components/lan8742/lan8742.c ****     }
 487:Drivers/BSP/Components/lan8742/lan8742.c ****   }
 488:Drivers/BSP/Components/lan8742/lan8742.c ****   else
 489:Drivers/BSP/Components/lan8742/lan8742.c ****   {
 490:Drivers/BSP/Components/lan8742/lan8742.c ****     status = LAN8742_STATUS_READ_ERROR;
 491:Drivers/BSP/Components/lan8742/lan8742.c ****   }
 492:Drivers/BSP/Components/lan8742/lan8742.c **** 
 493:Drivers/BSP/Components/lan8742/lan8742.c ****   return status;
 494:Drivers/BSP/Components/lan8742/lan8742.c **** }
 1151              		.loc 1 494 1 view .LVU322
 1152 002e 03B0     		add	sp, sp, #12
 1153              	.LCFI37:
 1154              		.cfi_remember_state
 1155              		.cfi_def_cfa_offset 12
 1156              		@ sp needed
 1157 0030 30BD     		pop	{r4, r5, pc}
 1158              	.LVL91:
 1159              	.L82:
 1160              	.LCFI38:
 1161              		.cfi_restore_state
 490:Drivers/BSP/Components/lan8742/lan8742.c ****   }
 1162              		.loc 1 490 12 view .LVU323
 1163 0032 6FF00400 		mvn	r0, #4
ARM GAS  /tmp/cc5F3p9I.s 			page 31


 1164 0036 FAE7     		b	.L80
 1165              	.L83:
 485:Drivers/BSP/Components/lan8742/lan8742.c ****     }
 1166              		.loc 1 485 14 view .LVU324
 1167 0038 6FF00300 		mvn	r0, #3
 1168              	.LVL92:
 493:Drivers/BSP/Components/lan8742/lan8742.c **** }
 1169              		.loc 1 493 3 is_stmt 1 view .LVU325
 493:Drivers/BSP/Components/lan8742/lan8742.c **** }
 1170              		.loc 1 493 10 is_stmt 0 view .LVU326
 1171 003c F7E7     		b	.L80
 1172              		.cfi_endproc
 1173              	.LFE10:
 1175              		.section	.text.LAN8742_DisableIT,"ax",%progbits
 1176              		.align	1
 1177              		.global	LAN8742_DisableIT
 1178              		.syntax unified
 1179              		.thumb
 1180              		.thumb_func
 1181              		.fpu fpv5-d16
 1183              	LAN8742_DisableIT:
 1184              	.LVL93:
 1185              	.LFB11:
 495:Drivers/BSP/Components/lan8742/lan8742.c **** 
 496:Drivers/BSP/Components/lan8742/lan8742.c **** /**
 497:Drivers/BSP/Components/lan8742/lan8742.c ****   * @brief  Disable IT source.
 498:Drivers/BSP/Components/lan8742/lan8742.c ****   * @param  pObj: Pointer to device object.
 499:Drivers/BSP/Components/lan8742/lan8742.c ****   * @param  Interrupt: IT source to be disabled
 500:Drivers/BSP/Components/lan8742/lan8742.c ****   *         should be a value or a combination of the following:
 501:Drivers/BSP/Components/lan8742/lan8742.c ****   *         LAN8742_WOL_IT
 502:Drivers/BSP/Components/lan8742/lan8742.c ****   *         LAN8742_ENERGYON_IT
 503:Drivers/BSP/Components/lan8742/lan8742.c ****   *         LAN8742_AUTONEGO_COMPLETE_IT
 504:Drivers/BSP/Components/lan8742/lan8742.c ****   *         LAN8742_REMOTE_FAULT_IT
 505:Drivers/BSP/Components/lan8742/lan8742.c ****   *         LAN8742_LINK_DOWN_IT
 506:Drivers/BSP/Components/lan8742/lan8742.c ****   *         LAN8742_AUTONEGO_LP_ACK_IT
 507:Drivers/BSP/Components/lan8742/lan8742.c ****   *         LAN8742_PARALLEL_DETECTION_FAULT_IT
 508:Drivers/BSP/Components/lan8742/lan8742.c ****   *         LAN8742_AUTONEGO_PAGE_RECEIVED_IT
 509:Drivers/BSP/Components/lan8742/lan8742.c ****   * @retval LAN8742_STATUS_OK  if OK
 510:Drivers/BSP/Components/lan8742/lan8742.c ****   *         LAN8742_STATUS_READ_ERROR if cannot read register
 511:Drivers/BSP/Components/lan8742/lan8742.c ****   *         LAN8742_STATUS_WRITE_ERROR if cannot write to register
 512:Drivers/BSP/Components/lan8742/lan8742.c ****   */
 513:Drivers/BSP/Components/lan8742/lan8742.c **** int32_t LAN8742_DisableIT(lan8742_Object_t *pObj, uint32_t Interrupt)
 514:Drivers/BSP/Components/lan8742/lan8742.c **** {
 1186              		.loc 1 514 1 is_stmt 1 view -0
 1187              		.cfi_startproc
 1188              		@ args = 0, pretend = 0, frame = 8
 1189              		@ frame_needed = 0, uses_anonymous_args = 0
 1190              		.loc 1 514 1 is_stmt 0 view .LVU328
 1191 0000 30B5     		push	{r4, r5, lr}
 1192              	.LCFI39:
 1193              		.cfi_def_cfa_offset 12
 1194              		.cfi_offset 4, -12
 1195              		.cfi_offset 5, -8
 1196              		.cfi_offset 14, -4
 1197 0002 83B0     		sub	sp, sp, #12
 1198              	.LCFI40:
 1199              		.cfi_def_cfa_offset 24
ARM GAS  /tmp/cc5F3p9I.s 			page 32


 1200 0004 0446     		mov	r4, r0
 1201 0006 0D46     		mov	r5, r1
 515:Drivers/BSP/Components/lan8742/lan8742.c ****   uint32_t readval = 0;
 1202              		.loc 1 515 3 is_stmt 1 view .LVU329
 1203              		.loc 1 515 12 is_stmt 0 view .LVU330
 1204 0008 0023     		movs	r3, #0
 1205 000a 0193     		str	r3, [sp, #4]
 516:Drivers/BSP/Components/lan8742/lan8742.c ****   int32_t status = LAN8742_STATUS_OK;
 1206              		.loc 1 516 3 is_stmt 1 view .LVU331
 1207              	.LVL94:
 517:Drivers/BSP/Components/lan8742/lan8742.c **** 
 518:Drivers/BSP/Components/lan8742/lan8742.c ****   if(pObj->IO.ReadReg(pObj->DevAddr, LAN8742_IMR, &readval) >= 0)
 1208              		.loc 1 518 3 view .LVU332
 1209              		.loc 1 518 14 is_stmt 0 view .LVU333
 1210 000c 4369     		ldr	r3, [r0, #20]
 1211              		.loc 1 518 6 view .LVU334
 1212 000e 01AA     		add	r2, sp, #4
 1213 0010 1E21     		movs	r1, #30
 1214              	.LVL95:
 1215              		.loc 1 518 6 view .LVU335
 1216 0012 0068     		ldr	r0, [r0]
 1217              	.LVL96:
 1218              		.loc 1 518 6 view .LVU336
 1219 0014 9847     		blx	r3
 1220              	.LVL97:
 1221              		.loc 1 518 5 view .LVU337
 1222 0016 0028     		cmp	r0, #0
 1223 0018 0CDB     		blt	.L87
 519:Drivers/BSP/Components/lan8742/lan8742.c ****   {
 520:Drivers/BSP/Components/lan8742/lan8742.c ****     readval &= ~Interrupt;
 1224              		.loc 1 520 5 is_stmt 1 view .LVU338
 1225              		.loc 1 520 13 is_stmt 0 view .LVU339
 1226 001a 019A     		ldr	r2, [sp, #4]
 1227 001c 22EA0502 		bic	r2, r2, r5
 1228 0020 0192     		str	r2, [sp, #4]
 521:Drivers/BSP/Components/lan8742/lan8742.c **** 
 522:Drivers/BSP/Components/lan8742/lan8742.c ****     /* Apply configuration */
 523:Drivers/BSP/Components/lan8742/lan8742.c ****     if(pObj->IO.WriteReg(pObj->DevAddr, LAN8742_IMR, readval) < 0)
 1229              		.loc 1 523 5 is_stmt 1 view .LVU340
 1230              		.loc 1 523 16 is_stmt 0 view .LVU341
 1231 0022 2369     		ldr	r3, [r4, #16]
 1232              		.loc 1 523 8 view .LVU342
 1233 0024 1E21     		movs	r1, #30
 1234 0026 2068     		ldr	r0, [r4]
 1235 0028 9847     		blx	r3
 1236              	.LVL98:
 1237              		.loc 1 523 7 view .LVU343
 1238 002a 0028     		cmp	r0, #0
 1239 002c 05DB     		blt	.L88
 516:Drivers/BSP/Components/lan8742/lan8742.c **** 
 1240              		.loc 1 516 11 view .LVU344
 1241 002e 0020     		movs	r0, #0
 1242              	.LVL99:
 1243              	.L85:
 524:Drivers/BSP/Components/lan8742/lan8742.c ****     {
 525:Drivers/BSP/Components/lan8742/lan8742.c ****       status = LAN8742_STATUS_WRITE_ERROR;
 526:Drivers/BSP/Components/lan8742/lan8742.c ****     }
ARM GAS  /tmp/cc5F3p9I.s 			page 33


 527:Drivers/BSP/Components/lan8742/lan8742.c ****   }
 528:Drivers/BSP/Components/lan8742/lan8742.c ****   else
 529:Drivers/BSP/Components/lan8742/lan8742.c ****   {
 530:Drivers/BSP/Components/lan8742/lan8742.c ****     status = LAN8742_STATUS_READ_ERROR;
 531:Drivers/BSP/Components/lan8742/lan8742.c ****   }
 532:Drivers/BSP/Components/lan8742/lan8742.c **** 
 533:Drivers/BSP/Components/lan8742/lan8742.c ****   return status;
 534:Drivers/BSP/Components/lan8742/lan8742.c **** }
 1244              		.loc 1 534 1 view .LVU345
 1245 0030 03B0     		add	sp, sp, #12
 1246              	.LCFI41:
 1247              		.cfi_remember_state
 1248              		.cfi_def_cfa_offset 12
 1249              		@ sp needed
 1250 0032 30BD     		pop	{r4, r5, pc}
 1251              	.LVL100:
 1252              	.L87:
 1253              	.LCFI42:
 1254              		.cfi_restore_state
 530:Drivers/BSP/Components/lan8742/lan8742.c ****   }
 1255              		.loc 1 530 12 view .LVU346
 1256 0034 6FF00400 		mvn	r0, #4
 1257 0038 FAE7     		b	.L85
 1258              	.L88:
 525:Drivers/BSP/Components/lan8742/lan8742.c ****     }
 1259              		.loc 1 525 14 view .LVU347
 1260 003a 6FF00300 		mvn	r0, #3
 1261              	.LVL101:
 533:Drivers/BSP/Components/lan8742/lan8742.c **** }
 1262              		.loc 1 533 3 is_stmt 1 view .LVU348
 533:Drivers/BSP/Components/lan8742/lan8742.c **** }
 1263              		.loc 1 533 10 is_stmt 0 view .LVU349
 1264 003e F7E7     		b	.L85
 1265              		.cfi_endproc
 1266              	.LFE11:
 1268              		.section	.text.LAN8742_ClearIT,"ax",%progbits
 1269              		.align	1
 1270              		.global	LAN8742_ClearIT
 1271              		.syntax unified
 1272              		.thumb
 1273              		.thumb_func
 1274              		.fpu fpv5-d16
 1276              	LAN8742_ClearIT:
 1277              	.LVL102:
 1278              	.LFB12:
 535:Drivers/BSP/Components/lan8742/lan8742.c **** 
 536:Drivers/BSP/Components/lan8742/lan8742.c **** /**
 537:Drivers/BSP/Components/lan8742/lan8742.c ****   * @brief  Clear IT flag.
 538:Drivers/BSP/Components/lan8742/lan8742.c ****   * @param  pObj: Pointer to device object.
 539:Drivers/BSP/Components/lan8742/lan8742.c ****   * @param  Interrupt: IT flag to be cleared
 540:Drivers/BSP/Components/lan8742/lan8742.c ****   *         should be a value or a combination of the following:
 541:Drivers/BSP/Components/lan8742/lan8742.c ****   *         LAN8742_WOL_IT
 542:Drivers/BSP/Components/lan8742/lan8742.c ****   *         LAN8742_ENERGYON_IT
 543:Drivers/BSP/Components/lan8742/lan8742.c ****   *         LAN8742_AUTONEGO_COMPLETE_IT
 544:Drivers/BSP/Components/lan8742/lan8742.c ****   *         LAN8742_REMOTE_FAULT_IT
 545:Drivers/BSP/Components/lan8742/lan8742.c ****   *         LAN8742_LINK_DOWN_IT
 546:Drivers/BSP/Components/lan8742/lan8742.c ****   *         LAN8742_AUTONEGO_LP_ACK_IT
ARM GAS  /tmp/cc5F3p9I.s 			page 34


 547:Drivers/BSP/Components/lan8742/lan8742.c ****   *         LAN8742_PARALLEL_DETECTION_FAULT_IT
 548:Drivers/BSP/Components/lan8742/lan8742.c ****   *         LAN8742_AUTONEGO_PAGE_RECEIVED_IT
 549:Drivers/BSP/Components/lan8742/lan8742.c ****   * @retval LAN8742_STATUS_OK  if OK
 550:Drivers/BSP/Components/lan8742/lan8742.c ****   *         LAN8742_STATUS_READ_ERROR if cannot read register
 551:Drivers/BSP/Components/lan8742/lan8742.c ****   */
 552:Drivers/BSP/Components/lan8742/lan8742.c **** int32_t  LAN8742_ClearIT(lan8742_Object_t *pObj, uint32_t Interrupt)
 553:Drivers/BSP/Components/lan8742/lan8742.c **** {
 1279              		.loc 1 553 1 is_stmt 1 view -0
 1280              		.cfi_startproc
 1281              		@ args = 0, pretend = 0, frame = 8
 1282              		@ frame_needed = 0, uses_anonymous_args = 0
 1283              		.loc 1 553 1 is_stmt 0 view .LVU351
 1284 0000 00B5     		push	{lr}
 1285              	.LCFI43:
 1286              		.cfi_def_cfa_offset 4
 1287              		.cfi_offset 14, -4
 1288 0002 83B0     		sub	sp, sp, #12
 1289              	.LCFI44:
 1290              		.cfi_def_cfa_offset 16
 554:Drivers/BSP/Components/lan8742/lan8742.c ****   uint32_t readval = 0;
 1291              		.loc 1 554 3 is_stmt 1 view .LVU352
 1292              		.loc 1 554 12 is_stmt 0 view .LVU353
 1293 0004 0023     		movs	r3, #0
 1294 0006 0193     		str	r3, [sp, #4]
 555:Drivers/BSP/Components/lan8742/lan8742.c ****   int32_t status = LAN8742_STATUS_OK;
 1295              		.loc 1 555 3 is_stmt 1 view .LVU354
 1296              	.LVL103:
 556:Drivers/BSP/Components/lan8742/lan8742.c **** 
 557:Drivers/BSP/Components/lan8742/lan8742.c ****   if(pObj->IO.ReadReg(pObj->DevAddr, LAN8742_ISFR, &readval) < 0)
 1297              		.loc 1 557 3 view .LVU355
 1298              		.loc 1 557 14 is_stmt 0 view .LVU356
 1299 0008 4369     		ldr	r3, [r0, #20]
 1300              		.loc 1 557 6 view .LVU357
 1301 000a 01AA     		add	r2, sp, #4
 1302 000c 1D21     		movs	r1, #29
 1303              	.LVL104:
 1304              		.loc 1 557 6 view .LVU358
 1305 000e 0068     		ldr	r0, [r0]
 1306              	.LVL105:
 1307              		.loc 1 557 6 view .LVU359
 1308 0010 9847     		blx	r3
 1309              	.LVL106:
 1310              		.loc 1 557 5 view .LVU360
 1311 0012 0028     		cmp	r0, #0
 1312 0014 03DB     		blt	.L92
 555:Drivers/BSP/Components/lan8742/lan8742.c ****   int32_t status = LAN8742_STATUS_OK;
 1313              		.loc 1 555 11 view .LVU361
 1314 0016 0020     		movs	r0, #0
 1315              	.LVL107:
 1316              	.L90:
 558:Drivers/BSP/Components/lan8742/lan8742.c ****   {
 559:Drivers/BSP/Components/lan8742/lan8742.c ****     status =  LAN8742_STATUS_READ_ERROR;
 560:Drivers/BSP/Components/lan8742/lan8742.c ****   }
 561:Drivers/BSP/Components/lan8742/lan8742.c **** 
 562:Drivers/BSP/Components/lan8742/lan8742.c ****   return status;
 563:Drivers/BSP/Components/lan8742/lan8742.c **** }
 1317              		.loc 1 563 1 view .LVU362
ARM GAS  /tmp/cc5F3p9I.s 			page 35


 1318 0018 03B0     		add	sp, sp, #12
 1319              	.LCFI45:
 1320              		.cfi_remember_state
 1321              		.cfi_def_cfa_offset 4
 1322              		@ sp needed
 1323 001a 5DF804FB 		ldr	pc, [sp], #4
 1324              	.LVL108:
 1325              	.L92:
 1326              	.LCFI46:
 1327              		.cfi_restore_state
 559:Drivers/BSP/Components/lan8742/lan8742.c ****   }
 1328              		.loc 1 559 12 view .LVU363
 1329 001e 6FF00400 		mvn	r0, #4
 1330              	.LVL109:
 562:Drivers/BSP/Components/lan8742/lan8742.c **** }
 1331              		.loc 1 562 3 is_stmt 1 view .LVU364
 562:Drivers/BSP/Components/lan8742/lan8742.c **** }
 1332              		.loc 1 562 10 is_stmt 0 view .LVU365
 1333 0022 F9E7     		b	.L90
 1334              		.cfi_endproc
 1335              	.LFE12:
 1337              		.section	.text.LAN8742_GetITStatus,"ax",%progbits
 1338              		.align	1
 1339              		.global	LAN8742_GetITStatus
 1340              		.syntax unified
 1341              		.thumb
 1342              		.thumb_func
 1343              		.fpu fpv5-d16
 1345              	LAN8742_GetITStatus:
 1346              	.LVL110:
 1347              	.LFB13:
 564:Drivers/BSP/Components/lan8742/lan8742.c **** 
 565:Drivers/BSP/Components/lan8742/lan8742.c **** /**
 566:Drivers/BSP/Components/lan8742/lan8742.c ****   * @brief  Get IT Flag status.
 567:Drivers/BSP/Components/lan8742/lan8742.c ****   * @param  pObj: Pointer to device object.
 568:Drivers/BSP/Components/lan8742/lan8742.c ****   * @param  Interrupt: IT Flag to be checked,
 569:Drivers/BSP/Components/lan8742/lan8742.c ****   *         should be a value or a combination of the following:
 570:Drivers/BSP/Components/lan8742/lan8742.c ****   *         LAN8742_WOL_IT
 571:Drivers/BSP/Components/lan8742/lan8742.c ****   *         LAN8742_ENERGYON_IT
 572:Drivers/BSP/Components/lan8742/lan8742.c ****   *         LAN8742_AUTONEGO_COMPLETE_IT
 573:Drivers/BSP/Components/lan8742/lan8742.c ****   *         LAN8742_REMOTE_FAULT_IT
 574:Drivers/BSP/Components/lan8742/lan8742.c ****   *         LAN8742_LINK_DOWN_IT
 575:Drivers/BSP/Components/lan8742/lan8742.c ****   *         LAN8742_AUTONEGO_LP_ACK_IT
 576:Drivers/BSP/Components/lan8742/lan8742.c ****   *         LAN8742_PARALLEL_DETECTION_FAULT_IT
 577:Drivers/BSP/Components/lan8742/lan8742.c ****   *         LAN8742_AUTONEGO_PAGE_RECEIVED_IT
 578:Drivers/BSP/Components/lan8742/lan8742.c ****   * @retval 1 IT flag is SET
 579:Drivers/BSP/Components/lan8742/lan8742.c ****   *         0 IT flag is RESET
 580:Drivers/BSP/Components/lan8742/lan8742.c ****   *         LAN8742_STATUS_READ_ERROR if cannot read register
 581:Drivers/BSP/Components/lan8742/lan8742.c ****   */
 582:Drivers/BSP/Components/lan8742/lan8742.c **** int32_t LAN8742_GetITStatus(lan8742_Object_t *pObj, uint32_t Interrupt)
 583:Drivers/BSP/Components/lan8742/lan8742.c **** {
 1348              		.loc 1 583 1 is_stmt 1 view -0
 1349              		.cfi_startproc
 1350              		@ args = 0, pretend = 0, frame = 8
 1351              		@ frame_needed = 0, uses_anonymous_args = 0
 1352              		.loc 1 583 1 is_stmt 0 view .LVU367
 1353 0000 10B5     		push	{r4, lr}
ARM GAS  /tmp/cc5F3p9I.s 			page 36


 1354              	.LCFI47:
 1355              		.cfi_def_cfa_offset 8
 1356              		.cfi_offset 4, -8
 1357              		.cfi_offset 14, -4
 1358 0002 82B0     		sub	sp, sp, #8
 1359              	.LCFI48:
 1360              		.cfi_def_cfa_offset 16
 1361 0004 0C46     		mov	r4, r1
 584:Drivers/BSP/Components/lan8742/lan8742.c ****   uint32_t readval = 0;
 1362              		.loc 1 584 3 is_stmt 1 view .LVU368
 1363              		.loc 1 584 12 is_stmt 0 view .LVU369
 1364 0006 0023     		movs	r3, #0
 1365 0008 0193     		str	r3, [sp, #4]
 585:Drivers/BSP/Components/lan8742/lan8742.c ****   int32_t status = 0;
 1366              		.loc 1 585 3 is_stmt 1 view .LVU370
 1367              	.LVL111:
 586:Drivers/BSP/Components/lan8742/lan8742.c **** 
 587:Drivers/BSP/Components/lan8742/lan8742.c ****   if(pObj->IO.ReadReg(pObj->DevAddr, LAN8742_ISFR, &readval) >= 0)
 1368              		.loc 1 587 3 view .LVU371
 1369              		.loc 1 587 14 is_stmt 0 view .LVU372
 1370 000a 4369     		ldr	r3, [r0, #20]
 1371              		.loc 1 587 6 view .LVU373
 1372 000c 01AA     		add	r2, sp, #4
 1373 000e 1D21     		movs	r1, #29
 1374              	.LVL112:
 1375              		.loc 1 587 6 view .LVU374
 1376 0010 0068     		ldr	r0, [r0]
 1377              	.LVL113:
 1378              		.loc 1 587 6 view .LVU375
 1379 0012 9847     		blx	r3
 1380              	.LVL114:
 1381              		.loc 1 587 5 view .LVU376
 1382 0014 0028     		cmp	r0, #0
 1383 0016 07DB     		blt	.L96
 588:Drivers/BSP/Components/lan8742/lan8742.c ****   {
 589:Drivers/BSP/Components/lan8742/lan8742.c ****     status = ((readval & Interrupt) == Interrupt);
 1384              		.loc 1 589 5 is_stmt 1 view .LVU377
 1385              		.loc 1 589 37 is_stmt 0 view .LVU378
 1386 0018 019B     		ldr	r3, [sp, #4]
 1387 001a 34EA0303 		bics	r3, r4, r3
 1388 001e 0CBF     		ite	eq
 1389 0020 0120     		moveq	r0, #1
 1390 0022 0020     		movne	r0, #0
 1391              	.LVL115:
 1392              	.L94:
 590:Drivers/BSP/Components/lan8742/lan8742.c ****   }
 591:Drivers/BSP/Components/lan8742/lan8742.c ****   else
 592:Drivers/BSP/Components/lan8742/lan8742.c ****   {
 593:Drivers/BSP/Components/lan8742/lan8742.c ****     status = LAN8742_STATUS_READ_ERROR;
 594:Drivers/BSP/Components/lan8742/lan8742.c ****   }
 595:Drivers/BSP/Components/lan8742/lan8742.c **** 
 596:Drivers/BSP/Components/lan8742/lan8742.c ****   return status;
 597:Drivers/BSP/Components/lan8742/lan8742.c **** }
 1393              		.loc 1 597 1 view .LVU379
 1394 0024 02B0     		add	sp, sp, #8
 1395              	.LCFI49:
 1396              		.cfi_remember_state
ARM GAS  /tmp/cc5F3p9I.s 			page 37


 1397              		.cfi_def_cfa_offset 8
 1398              		@ sp needed
 1399 0026 10BD     		pop	{r4, pc}
 1400              	.LVL116:
 1401              	.L96:
 1402              	.LCFI50:
 1403              		.cfi_restore_state
 593:Drivers/BSP/Components/lan8742/lan8742.c ****   }
 1404              		.loc 1 593 12 view .LVU380
 1405 0028 6FF00400 		mvn	r0, #4
 1406              	.LVL117:
 596:Drivers/BSP/Components/lan8742/lan8742.c **** }
 1407              		.loc 1 596 3 is_stmt 1 view .LVU381
 596:Drivers/BSP/Components/lan8742/lan8742.c **** }
 1408              		.loc 1 596 10 is_stmt 0 view .LVU382
 1409 002c FAE7     		b	.L94
 1410              		.cfi_endproc
 1411              	.LFE13:
 1413              		.text
 1414              	.Letext0:
 1415              		.file 2 "/usr/lib/gcc/arm-none-eabi/10.3.1/include/stdint.h"
 1416              		.file 3 "Drivers/BSP/Components/lan8742/lan8742.h"
ARM GAS  /tmp/cc5F3p9I.s 			page 38


DEFINED SYMBOLS
                            *ABS*:0000000000000000 lan8742.c
     /tmp/cc5F3p9I.s:17     .text.LAN8742_RegisterBusIO:0000000000000000 $t
     /tmp/cc5F3p9I.s:25     .text.LAN8742_RegisterBusIO:0000000000000000 LAN8742_RegisterBusIO
     /tmp/cc5F3p9I.s:112    .text.LAN8742_Init:0000000000000000 $t
     /tmp/cc5F3p9I.s:119    .text.LAN8742_Init:0000000000000000 LAN8742_Init
     /tmp/cc5F3p9I.s:253    .text.LAN8742_DeInit:0000000000000000 $t
     /tmp/cc5F3p9I.s:260    .text.LAN8742_DeInit:0000000000000000 LAN8742_DeInit
     /tmp/cc5F3p9I.s:323    .text.LAN8742_DisablePowerDownMode:0000000000000000 $t
     /tmp/cc5F3p9I.s:330    .text.LAN8742_DisablePowerDownMode:0000000000000000 LAN8742_DisablePowerDownMode
     /tmp/cc5F3p9I.s:411    .text.LAN8742_EnablePowerDownMode:0000000000000000 $t
     /tmp/cc5F3p9I.s:418    .text.LAN8742_EnablePowerDownMode:0000000000000000 LAN8742_EnablePowerDownMode
     /tmp/cc5F3p9I.s:499    .text.LAN8742_StartAutoNego:0000000000000000 $t
     /tmp/cc5F3p9I.s:506    .text.LAN8742_StartAutoNego:0000000000000000 LAN8742_StartAutoNego
     /tmp/cc5F3p9I.s:587    .text.LAN8742_GetLinkState:0000000000000000 $t
     /tmp/cc5F3p9I.s:594    .text.LAN8742_GetLinkState:0000000000000000 LAN8742_GetLinkState
     /tmp/cc5F3p9I.s:779    .text.LAN8742_SetLinkState:0000000000000000 $t
     /tmp/cc5F3p9I.s:786    .text.LAN8742_SetLinkState:0000000000000000 LAN8742_SetLinkState
     /tmp/cc5F3p9I.s:907    .text.LAN8742_EnableLoopbackMode:0000000000000000 $t
     /tmp/cc5F3p9I.s:914    .text.LAN8742_EnableLoopbackMode:0000000000000000 LAN8742_EnableLoopbackMode
     /tmp/cc5F3p9I.s:995    .text.LAN8742_DisableLoopbackMode:0000000000000000 $t
     /tmp/cc5F3p9I.s:1002   .text.LAN8742_DisableLoopbackMode:0000000000000000 LAN8742_DisableLoopbackMode
     /tmp/cc5F3p9I.s:1083   .text.LAN8742_EnableIT:0000000000000000 $t
     /tmp/cc5F3p9I.s:1090   .text.LAN8742_EnableIT:0000000000000000 LAN8742_EnableIT
     /tmp/cc5F3p9I.s:1176   .text.LAN8742_DisableIT:0000000000000000 $t
     /tmp/cc5F3p9I.s:1183   .text.LAN8742_DisableIT:0000000000000000 LAN8742_DisableIT
     /tmp/cc5F3p9I.s:1269   .text.LAN8742_ClearIT:0000000000000000 $t
     /tmp/cc5F3p9I.s:1276   .text.LAN8742_ClearIT:0000000000000000 LAN8742_ClearIT
     /tmp/cc5F3p9I.s:1338   .text.LAN8742_GetITStatus:0000000000000000 $t
     /tmp/cc5F3p9I.s:1345   .text.LAN8742_GetITStatus:0000000000000000 LAN8742_GetITStatus

NO UNDEFINED SYMBOLS
