ARM GAS  /tmp/ccU4oX3W.s 			page 1


   1              		.cpu cortex-m7
   2              		.eabi_attribute 28, 1
   3              		.eabi_attribute 20, 1
   4              		.eabi_attribute 21, 1
   5              		.eabi_attribute 23, 3
   6              		.eabi_attribute 24, 1
   7              		.eabi_attribute 25, 1
   8              		.eabi_attribute 26, 1
   9              		.eabi_attribute 30, 1
  10              		.eabi_attribute 34, 1
  11              		.eabi_attribute 18, 4
  12              		.file	"main.c"
  13              		.text
  14              	.Ltext0:
  15              		.cfi_sections	.debug_frame
  16              		.section	.text.MPU_Config,"ax",%progbits
  17              		.align	1
  18              		.arch armv7e-m
  19              		.syntax unified
  20              		.thumb
  21              		.thumb_func
  22              		.fpu fpv5-d16
  24              	MPU_Config:
  25              	.LFB183:
  26              		.file 1 "Core/Src/main.c"
   1:Core/Src/main.c **** /* USER CODE BEGIN Header */
   2:Core/Src/main.c **** /**
   3:Core/Src/main.c ****   ******************************************************************************
   4:Core/Src/main.c ****   * @file           : main.c
   5:Core/Src/main.c ****   * @brief          : Main program body
   6:Core/Src/main.c ****   ******************************************************************************
   7:Core/Src/main.c ****   * @attention
   8:Core/Src/main.c ****   *
   9:Core/Src/main.c ****   * Copyright (c) 2026 STMicroelectronics.
  10:Core/Src/main.c ****   * All rights reserved.
  11:Core/Src/main.c ****   *
  12:Core/Src/main.c ****   * This software is licensed under terms that can be found in the LICENSE file
  13:Core/Src/main.c ****   * in the root directory of this software component.
  14:Core/Src/main.c ****   * If no LICENSE file comes with this software, it is provided AS-IS.
  15:Core/Src/main.c ****   *
  16:Core/Src/main.c ****   ******************************************************************************
  17:Core/Src/main.c ****   */
  18:Core/Src/main.c **** /* USER CODE END Header */
  19:Core/Src/main.c **** /* Includes ------------------------------------------------------------------*/
  20:Core/Src/main.c **** #include "main.h"
  21:Core/Src/main.c **** #include "cmsis_os.h"
  22:Core/Src/main.c **** #include "lwip.h"
  23:Core/Src/main.c **** 
  24:Core/Src/main.c **** /* Private includes ----------------------------------------------------------*/
  25:Core/Src/main.c **** /* USER CODE BEGIN Includes */
  26:Core/Src/main.c **** 
  27:Core/Src/main.c **** /* USER CODE END Includes */
  28:Core/Src/main.c **** 
  29:Core/Src/main.c **** /* Private typedef -----------------------------------------------------------*/
  30:Core/Src/main.c **** /* USER CODE BEGIN PTD */
  31:Core/Src/main.c **** 
  32:Core/Src/main.c **** /* USER CODE END PTD */
ARM GAS  /tmp/ccU4oX3W.s 			page 2


  33:Core/Src/main.c **** 
  34:Core/Src/main.c **** /* Private define ------------------------------------------------------------*/
  35:Core/Src/main.c **** /* USER CODE BEGIN PD */
  36:Core/Src/main.c **** 
  37:Core/Src/main.c **** /* USER CODE END PD */
  38:Core/Src/main.c **** 
  39:Core/Src/main.c **** /* Private macro -------------------------------------------------------------*/
  40:Core/Src/main.c **** /* USER CODE BEGIN PM */
  41:Core/Src/main.c **** 
  42:Core/Src/main.c **** /* USER CODE END PM */
  43:Core/Src/main.c **** 
  44:Core/Src/main.c **** /* Private variables ---------------------------------------------------------*/
  45:Core/Src/main.c **** CORDIC_HandleTypeDef hcordic;
  46:Core/Src/main.c **** DMA_HandleTypeDef hdma_cordic_wr;
  47:Core/Src/main.c **** DMA_HandleTypeDef hdma_cordic_rd;
  48:Core/Src/main.c **** 
  49:Core/Src/main.c **** FDCAN_HandleTypeDef hfdcan1;
  50:Core/Src/main.c **** 
  51:Core/Src/main.c **** FMAC_HandleTypeDef hfmac;
  52:Core/Src/main.c **** DMA_HandleTypeDef hdma_fmac_rd;
  53:Core/Src/main.c **** DMA_HandleTypeDef hdma_fmac_wr;
  54:Core/Src/main.c **** 
  55:Core/Src/main.c **** UART_HandleTypeDef huart3;
  56:Core/Src/main.c **** 
  57:Core/Src/main.c **** /* Definitions for defaultTask */
  58:Core/Src/main.c **** osThreadId_t defaultTaskHandle;
  59:Core/Src/main.c **** const osThreadAttr_t defaultTask_attributes = {
  60:Core/Src/main.c ****   .name = "defaultTask",
  61:Core/Src/main.c ****   .stack_size = 512 * 4,
  62:Core/Src/main.c ****   .priority = (osPriority_t) osPriorityNormal,
  63:Core/Src/main.c **** };
  64:Core/Src/main.c **** /* USER CODE BEGIN PV */
  65:Core/Src/main.c **** 
  66:Core/Src/main.c **** /* USER CODE END PV */
  67:Core/Src/main.c **** 
  68:Core/Src/main.c **** /* Private function prototypes -----------------------------------------------*/
  69:Core/Src/main.c **** void SystemClock_Config(void);
  70:Core/Src/main.c **** static void MPU_Config(void);
  71:Core/Src/main.c **** static void MX_GPIO_Init(void);
  72:Core/Src/main.c **** static void MX_DMA_Init(void);
  73:Core/Src/main.c **** static void MX_CORDIC_Init(void);
  74:Core/Src/main.c **** static void MX_FDCAN1_Init(void);
  75:Core/Src/main.c **** static void MX_FMAC_Init(void);
  76:Core/Src/main.c **** static void MX_USART3_UART_Init(void);
  77:Core/Src/main.c **** void StartDefaultTask(void *argument);
  78:Core/Src/main.c **** 
  79:Core/Src/main.c **** /* USER CODE BEGIN PFP */
  80:Core/Src/main.c **** 
  81:Core/Src/main.c **** /* USER CODE END PFP */
  82:Core/Src/main.c **** 
  83:Core/Src/main.c **** /* Private user code ---------------------------------------------------------*/
  84:Core/Src/main.c **** /* USER CODE BEGIN 0 */
  85:Core/Src/main.c **** 
  86:Core/Src/main.c **** /* USER CODE END 0 */
  87:Core/Src/main.c **** 
  88:Core/Src/main.c **** /**
  89:Core/Src/main.c ****   * @brief  The application entry point.
ARM GAS  /tmp/ccU4oX3W.s 			page 3


  90:Core/Src/main.c ****   * @retval int
  91:Core/Src/main.c ****   */
  92:Core/Src/main.c **** int main(void)
  93:Core/Src/main.c **** {
  94:Core/Src/main.c **** 
  95:Core/Src/main.c ****   /* USER CODE BEGIN 1 */
  96:Core/Src/main.c **** 
  97:Core/Src/main.c ****   /* USER CODE END 1 */
  98:Core/Src/main.c **** 
  99:Core/Src/main.c ****   /* MPU Configuration--------------------------------------------------------*/
 100:Core/Src/main.c ****   MPU_Config();
 101:Core/Src/main.c **** 
 102:Core/Src/main.c ****   /* MCU Configuration--------------------------------------------------------*/
 103:Core/Src/main.c **** 
 104:Core/Src/main.c ****   /* Reset of all peripherals, Initializes the Flash interface and the Systick. */
 105:Core/Src/main.c ****   HAL_Init();
 106:Core/Src/main.c **** 
 107:Core/Src/main.c ****   /* USER CODE BEGIN Init */
 108:Core/Src/main.c **** 
 109:Core/Src/main.c ****   /* USER CODE END Init */
 110:Core/Src/main.c **** 
 111:Core/Src/main.c ****   /* Configure the system clock */
 112:Core/Src/main.c ****   SystemClock_Config();
 113:Core/Src/main.c **** 
 114:Core/Src/main.c ****   /* USER CODE BEGIN SysInit */
 115:Core/Src/main.c **** 
 116:Core/Src/main.c ****   /* USER CODE END SysInit */
 117:Core/Src/main.c **** 
 118:Core/Src/main.c ****   /* Initialize all configured peripherals */
 119:Core/Src/main.c ****   MX_GPIO_Init();
 120:Core/Src/main.c ****   MX_DMA_Init();
 121:Core/Src/main.c ****   MX_CORDIC_Init();
 122:Core/Src/main.c ****   MX_FDCAN1_Init();
 123:Core/Src/main.c ****   MX_FMAC_Init();
 124:Core/Src/main.c ****   MX_USART3_UART_Init();
 125:Core/Src/main.c ****   /* USER CODE BEGIN 2 */
 126:Core/Src/main.c **** 
 127:Core/Src/main.c ****   /* USER CODE END 2 */
 128:Core/Src/main.c **** 
 129:Core/Src/main.c ****   /* Init scheduler */
 130:Core/Src/main.c ****   osKernelInitialize();
 131:Core/Src/main.c **** 
 132:Core/Src/main.c ****   /* USER CODE BEGIN RTOS_MUTEX */
 133:Core/Src/main.c ****   /* add mutexes, ... */
 134:Core/Src/main.c ****   /* USER CODE END RTOS_MUTEX */
 135:Core/Src/main.c **** 
 136:Core/Src/main.c ****   /* USER CODE BEGIN RTOS_SEMAPHORES */
 137:Core/Src/main.c ****   /* add semaphores, ... */
 138:Core/Src/main.c ****   /* USER CODE END RTOS_SEMAPHORES */
 139:Core/Src/main.c **** 
 140:Core/Src/main.c ****   /* USER CODE BEGIN RTOS_TIMERS */
 141:Core/Src/main.c ****   /* start timers, add new ones, ... */
 142:Core/Src/main.c ****   /* USER CODE END RTOS_TIMERS */
 143:Core/Src/main.c **** 
 144:Core/Src/main.c ****   /* USER CODE BEGIN RTOS_QUEUES */
 145:Core/Src/main.c ****   /* add queues, ... */
 146:Core/Src/main.c ****   /* USER CODE END RTOS_QUEUES */
ARM GAS  /tmp/ccU4oX3W.s 			page 4


 147:Core/Src/main.c **** 
 148:Core/Src/main.c ****   /* Create the thread(s) */
 149:Core/Src/main.c ****   /* creation of defaultTask */
 150:Core/Src/main.c ****   defaultTaskHandle = osThreadNew(StartDefaultTask, NULL, &defaultTask_attributes);
 151:Core/Src/main.c **** 
 152:Core/Src/main.c ****   /* USER CODE BEGIN RTOS_THREADS */
 153:Core/Src/main.c ****   /* add threads, ... */
 154:Core/Src/main.c ****   extern void StartBlinkTask(void *argument);
 155:Core/Src/main.c ****   const osThreadAttr_t blinkTask_attributes = {
 156:Core/Src/main.c ****     .name = "blinkTask",
 157:Core/Src/main.c ****     .stack_size = 256 * 4,
 158:Core/Src/main.c ****     .priority = (osPriority_t) osPriorityNormal,
 159:Core/Src/main.c ****   };
 160:Core/Src/main.c ****   osThreadNew(StartBlinkTask, NULL, &blinkTask_attributes);
 161:Core/Src/main.c ****   /* USER CODE END RTOS_THREADS */
 162:Core/Src/main.c **** 
 163:Core/Src/main.c ****   /* USER CODE BEGIN RTOS_EVENTS */
 164:Core/Src/main.c ****   /* add events, ... */
 165:Core/Src/main.c ****   /* USER CODE END RTOS_EVENTS */
 166:Core/Src/main.c **** 
 167:Core/Src/main.c ****   /* Start scheduler */
 168:Core/Src/main.c ****   osKernelStart();
 169:Core/Src/main.c **** 
 170:Core/Src/main.c ****   /* We should never get here as control is now taken by the scheduler */
 171:Core/Src/main.c **** 
 172:Core/Src/main.c ****   /* Infinite loop */
 173:Core/Src/main.c ****   /* USER CODE BEGIN WHILE */
 174:Core/Src/main.c ****   while (1)
 175:Core/Src/main.c ****   {
 176:Core/Src/main.c ****     /* USER CODE END WHILE */
 177:Core/Src/main.c ****     /* USER CODE BEGIN 3 */
 178:Core/Src/main.c ****   }
 179:Core/Src/main.c ****   /* USER CODE END 3 */
 180:Core/Src/main.c **** }
 181:Core/Src/main.c **** 
 182:Core/Src/main.c **** /**
 183:Core/Src/main.c ****   * @brief System Clock Configuration
 184:Core/Src/main.c ****   * @retval None
 185:Core/Src/main.c ****   */
 186:Core/Src/main.c **** void SystemClock_Config(void)
 187:Core/Src/main.c **** {
 188:Core/Src/main.c ****   RCC_OscInitTypeDef RCC_OscInitStruct = {0};
 189:Core/Src/main.c ****   RCC_ClkInitTypeDef RCC_ClkInitStruct = {0};
 190:Core/Src/main.c **** 
 191:Core/Src/main.c ****   /** Supply configuration update enable
 192:Core/Src/main.c ****   */
 193:Core/Src/main.c ****   HAL_PWREx_ConfigSupply(PWR_LDO_SUPPLY);
 194:Core/Src/main.c **** 
 195:Core/Src/main.c ****   /** Configure the main internal regulator output voltage
 196:Core/Src/main.c ****   */
 197:Core/Src/main.c ****   __HAL_PWR_VOLTAGESCALING_CONFIG(PWR_REGULATOR_VOLTAGE_SCALE0);
 198:Core/Src/main.c **** 
 199:Core/Src/main.c ****   while(!__HAL_PWR_GET_FLAG(PWR_FLAG_VOSRDY)) {}
 200:Core/Src/main.c **** 
 201:Core/Src/main.c ****   /** Initializes the RCC Oscillators according to the specified parameters
 202:Core/Src/main.c ****   * in the RCC_OscInitTypeDef structure.
 203:Core/Src/main.c ****   */
ARM GAS  /tmp/ccU4oX3W.s 			page 5


 204:Core/Src/main.c ****   RCC_OscInitStruct.OscillatorType = RCC_OSCILLATORTYPE_HSI;
 205:Core/Src/main.c ****   RCC_OscInitStruct.HSIState = RCC_HSI_DIV1;
 206:Core/Src/main.c ****   RCC_OscInitStruct.HSICalibrationValue = 64;
 207:Core/Src/main.c ****   RCC_OscInitStruct.PLL.PLLState = RCC_PLL_ON;
 208:Core/Src/main.c ****   RCC_OscInitStruct.PLL.PLLSource = RCC_PLLSOURCE_HSI;
 209:Core/Src/main.c ****   RCC_OscInitStruct.PLL.PLLM = 4;
 210:Core/Src/main.c ****   RCC_OscInitStruct.PLL.PLLN = 32;
 211:Core/Src/main.c ****   RCC_OscInitStruct.PLL.PLLP = 1;
 212:Core/Src/main.c ****   RCC_OscInitStruct.PLL.PLLQ = 4;
 213:Core/Src/main.c ****   RCC_OscInitStruct.PLL.PLLR = 2;
 214:Core/Src/main.c ****   RCC_OscInitStruct.PLL.PLLRGE = RCC_PLL1VCIRANGE_3;
 215:Core/Src/main.c ****   RCC_OscInitStruct.PLL.PLLVCOSEL = RCC_PLL1VCOWIDE;
 216:Core/Src/main.c ****   RCC_OscInitStruct.PLL.PLLFRACN = 4096;
 217:Core/Src/main.c ****   if (HAL_RCC_OscConfig(&RCC_OscInitStruct) != HAL_OK)
 218:Core/Src/main.c ****   {
 219:Core/Src/main.c ****     Error_Handler();
 220:Core/Src/main.c ****   }
 221:Core/Src/main.c **** 
 222:Core/Src/main.c ****   /** Initializes the CPU, AHB and APB buses clocks
 223:Core/Src/main.c ****   */
 224:Core/Src/main.c ****   RCC_ClkInitStruct.ClockType = RCC_CLOCKTYPE_HCLK|RCC_CLOCKTYPE_SYSCLK
 225:Core/Src/main.c ****                               |RCC_CLOCKTYPE_PCLK1|RCC_CLOCKTYPE_PCLK2
 226:Core/Src/main.c ****                               |RCC_CLOCKTYPE_D3PCLK1|RCC_CLOCKTYPE_D1PCLK1;
 227:Core/Src/main.c ****   RCC_ClkInitStruct.SYSCLKSource = RCC_SYSCLKSOURCE_PLLCLK;
 228:Core/Src/main.c ****   RCC_ClkInitStruct.SYSCLKDivider = RCC_SYSCLK_DIV1;
 229:Core/Src/main.c ****   RCC_ClkInitStruct.AHBCLKDivider = RCC_HCLK_DIV2;
 230:Core/Src/main.c ****   RCC_ClkInitStruct.APB3CLKDivider = RCC_APB3_DIV2;
 231:Core/Src/main.c ****   RCC_ClkInitStruct.APB1CLKDivider = RCC_APB1_DIV2;
 232:Core/Src/main.c ****   RCC_ClkInitStruct.APB2CLKDivider = RCC_APB2_DIV2;
 233:Core/Src/main.c ****   RCC_ClkInitStruct.APB4CLKDivider = RCC_APB4_DIV2;
 234:Core/Src/main.c **** 
 235:Core/Src/main.c ****   if (HAL_RCC_ClockConfig(&RCC_ClkInitStruct, FLASH_LATENCY_3) != HAL_OK)
 236:Core/Src/main.c ****   {
 237:Core/Src/main.c ****     Error_Handler();
 238:Core/Src/main.c ****   }
 239:Core/Src/main.c **** }
 240:Core/Src/main.c **** 
 241:Core/Src/main.c **** /**
 242:Core/Src/main.c ****   * @brief CORDIC Initialization Function
 243:Core/Src/main.c ****   * @param None
 244:Core/Src/main.c ****   * @retval None
 245:Core/Src/main.c ****   */
 246:Core/Src/main.c **** static void MX_CORDIC_Init(void)
 247:Core/Src/main.c **** {
 248:Core/Src/main.c **** 
 249:Core/Src/main.c ****   /* USER CODE BEGIN CORDIC_Init 0 */
 250:Core/Src/main.c **** 
 251:Core/Src/main.c ****   /* USER CODE END CORDIC_Init 0 */
 252:Core/Src/main.c **** 
 253:Core/Src/main.c ****   /* USER CODE BEGIN CORDIC_Init 1 */
 254:Core/Src/main.c **** 
 255:Core/Src/main.c ****   /* USER CODE END CORDIC_Init 1 */
 256:Core/Src/main.c ****   hcordic.Instance = CORDIC;
 257:Core/Src/main.c ****   if (HAL_CORDIC_Init(&hcordic) != HAL_OK)
 258:Core/Src/main.c ****   {
 259:Core/Src/main.c ****     Error_Handler();
 260:Core/Src/main.c ****   }
ARM GAS  /tmp/ccU4oX3W.s 			page 6


 261:Core/Src/main.c ****   /* USER CODE BEGIN CORDIC_Init 2 */
 262:Core/Src/main.c **** 
 263:Core/Src/main.c ****   /* USER CODE END CORDIC_Init 2 */
 264:Core/Src/main.c **** 
 265:Core/Src/main.c **** }
 266:Core/Src/main.c **** 
 267:Core/Src/main.c **** /**
 268:Core/Src/main.c ****   * @brief FDCAN1 Initialization Function
 269:Core/Src/main.c ****   * @param None
 270:Core/Src/main.c ****   * @retval None
 271:Core/Src/main.c ****   */
 272:Core/Src/main.c **** static void MX_FDCAN1_Init(void)
 273:Core/Src/main.c **** {
 274:Core/Src/main.c **** 
 275:Core/Src/main.c ****   /* USER CODE BEGIN FDCAN1_Init 0 */
 276:Core/Src/main.c **** 
 277:Core/Src/main.c ****   /* USER CODE END FDCAN1_Init 0 */
 278:Core/Src/main.c **** 
 279:Core/Src/main.c ****   /* USER CODE BEGIN FDCAN1_Init 1 */
 280:Core/Src/main.c **** 
 281:Core/Src/main.c ****   /* USER CODE END FDCAN1_Init 1 */
 282:Core/Src/main.c ****   hfdcan1.Instance = FDCAN1;
 283:Core/Src/main.c ****   hfdcan1.Init.FrameFormat = FDCAN_FRAME_CLASSIC;
 284:Core/Src/main.c ****   hfdcan1.Init.Mode = FDCAN_MODE_NORMAL;
 285:Core/Src/main.c ****   hfdcan1.Init.AutoRetransmission = ENABLE;
 286:Core/Src/main.c ****   hfdcan1.Init.TransmitPause = DISABLE;
 287:Core/Src/main.c ****   hfdcan1.Init.ProtocolException = DISABLE;
 288:Core/Src/main.c ****   hfdcan1.Init.NominalPrescaler = 10;
 289:Core/Src/main.c ****   hfdcan1.Init.NominalSyncJumpWidth = 1;
 290:Core/Src/main.c ****   hfdcan1.Init.NominalTimeSeg1 = 10;
 291:Core/Src/main.c ****   hfdcan1.Init.NominalTimeSeg2 = 2;
 292:Core/Src/main.c ****   hfdcan1.Init.DataPrescaler = 1;
 293:Core/Src/main.c ****   hfdcan1.Init.DataSyncJumpWidth = 1;
 294:Core/Src/main.c ****   hfdcan1.Init.DataTimeSeg1 = 1;
 295:Core/Src/main.c ****   hfdcan1.Init.DataTimeSeg2 = 1;
 296:Core/Src/main.c ****   hfdcan1.Init.MessageRAMOffset = 0;
 297:Core/Src/main.c ****   hfdcan1.Init.StdFiltersNbr = 1;
 298:Core/Src/main.c ****   hfdcan1.Init.ExtFiltersNbr = 0;
 299:Core/Src/main.c ****   hfdcan1.Init.RxFifo0ElmtsNbr = 8;
 300:Core/Src/main.c ****   hfdcan1.Init.RxFifo0ElmtSize = FDCAN_DATA_BYTES_8;
 301:Core/Src/main.c ****   hfdcan1.Init.RxFifo1ElmtsNbr = 0;
 302:Core/Src/main.c ****   hfdcan1.Init.RxFifo1ElmtSize = FDCAN_DATA_BYTES_8;
 303:Core/Src/main.c ****   hfdcan1.Init.RxBuffersNbr = 0;
 304:Core/Src/main.c ****   hfdcan1.Init.RxBufferSize = FDCAN_DATA_BYTES_8;
 305:Core/Src/main.c ****   hfdcan1.Init.TxEventsNbr = 0;
 306:Core/Src/main.c ****   hfdcan1.Init.TxBuffersNbr = 0;
 307:Core/Src/main.c ****   hfdcan1.Init.TxFifoQueueElmtsNbr = 32;
 308:Core/Src/main.c ****   hfdcan1.Init.TxFifoQueueMode = FDCAN_TX_FIFO_OPERATION;
 309:Core/Src/main.c ****   hfdcan1.Init.TxElmtSize = FDCAN_DATA_BYTES_8;
 310:Core/Src/main.c ****   if (HAL_FDCAN_Init(&hfdcan1) != HAL_OK)
 311:Core/Src/main.c ****   {
 312:Core/Src/main.c ****     Error_Handler();
 313:Core/Src/main.c ****   }
 314:Core/Src/main.c ****   /* USER CODE BEGIN FDCAN1_Init 2 */
 315:Core/Src/main.c **** 
 316:Core/Src/main.c ****   /* USER CODE END FDCAN1_Init 2 */
 317:Core/Src/main.c **** 
ARM GAS  /tmp/ccU4oX3W.s 			page 7


 318:Core/Src/main.c **** }
 319:Core/Src/main.c **** 
 320:Core/Src/main.c **** /**
 321:Core/Src/main.c ****   * @brief FMAC Initialization Function
 322:Core/Src/main.c ****   * @param None
 323:Core/Src/main.c ****   * @retval None
 324:Core/Src/main.c ****   */
 325:Core/Src/main.c **** static void MX_FMAC_Init(void)
 326:Core/Src/main.c **** {
 327:Core/Src/main.c **** 
 328:Core/Src/main.c ****   /* USER CODE BEGIN FMAC_Init 0 */
 329:Core/Src/main.c **** 
 330:Core/Src/main.c ****   /* USER CODE END FMAC_Init 0 */
 331:Core/Src/main.c **** 
 332:Core/Src/main.c ****   /* USER CODE BEGIN FMAC_Init 1 */
 333:Core/Src/main.c **** 
 334:Core/Src/main.c ****   /* USER CODE END FMAC_Init 1 */
 335:Core/Src/main.c ****   hfmac.Instance = FMAC;
 336:Core/Src/main.c ****   if (HAL_FMAC_Init(&hfmac) != HAL_OK)
 337:Core/Src/main.c ****   {
 338:Core/Src/main.c ****     Error_Handler();
 339:Core/Src/main.c ****   }
 340:Core/Src/main.c ****   /* USER CODE BEGIN FMAC_Init 2 */
 341:Core/Src/main.c **** 
 342:Core/Src/main.c ****   /* USER CODE END FMAC_Init 2 */
 343:Core/Src/main.c **** 
 344:Core/Src/main.c **** }
 345:Core/Src/main.c **** 
 346:Core/Src/main.c **** /**
 347:Core/Src/main.c ****   * @brief USART3 Initialization Function
 348:Core/Src/main.c ****   * @param None
 349:Core/Src/main.c ****   * @retval None
 350:Core/Src/main.c ****   */
 351:Core/Src/main.c **** static void MX_USART3_UART_Init(void)
 352:Core/Src/main.c **** {
 353:Core/Src/main.c **** 
 354:Core/Src/main.c ****   /* USER CODE BEGIN USART3_Init 0 */
 355:Core/Src/main.c **** 
 356:Core/Src/main.c ****   /* USER CODE END USART3_Init 0 */
 357:Core/Src/main.c **** 
 358:Core/Src/main.c ****   /* USER CODE BEGIN USART3_Init 1 */
 359:Core/Src/main.c **** 
 360:Core/Src/main.c ****   /* USER CODE END USART3_Init 1 */
 361:Core/Src/main.c ****   huart3.Instance = USART3;
 362:Core/Src/main.c ****   huart3.Init.BaudRate = 115200;
 363:Core/Src/main.c ****   huart3.Init.WordLength = UART_WORDLENGTH_8B;
 364:Core/Src/main.c ****   huart3.Init.StopBits = UART_STOPBITS_1;
 365:Core/Src/main.c ****   huart3.Init.Parity = UART_PARITY_NONE;
 366:Core/Src/main.c ****   huart3.Init.Mode = UART_MODE_TX_RX;
 367:Core/Src/main.c ****   huart3.Init.HwFlowCtl = UART_HWCONTROL_NONE;
 368:Core/Src/main.c ****   huart3.Init.OverSampling = UART_OVERSAMPLING_16;
 369:Core/Src/main.c ****   huart3.Init.OneBitSampling = UART_ONE_BIT_SAMPLE_DISABLE;
 370:Core/Src/main.c ****   huart3.Init.ClockPrescaler = UART_PRESCALER_DIV1;
 371:Core/Src/main.c ****   huart3.AdvancedInit.AdvFeatureInit = UART_ADVFEATURE_NO_INIT;
 372:Core/Src/main.c ****   if (HAL_UART_Init(&huart3) != HAL_OK)
 373:Core/Src/main.c ****   {
 374:Core/Src/main.c ****     Error_Handler();
ARM GAS  /tmp/ccU4oX3W.s 			page 8


 375:Core/Src/main.c ****   }
 376:Core/Src/main.c ****   if (HAL_UARTEx_SetTxFifoThreshold(&huart3, UART_TXFIFO_THRESHOLD_1_8) != HAL_OK)
 377:Core/Src/main.c ****   {
 378:Core/Src/main.c ****     Error_Handler();
 379:Core/Src/main.c ****   }
 380:Core/Src/main.c ****   if (HAL_UARTEx_SetRxFifoThreshold(&huart3, UART_RXFIFO_THRESHOLD_1_8) != HAL_OK)
 381:Core/Src/main.c ****   {
 382:Core/Src/main.c ****     Error_Handler();
 383:Core/Src/main.c ****   }
 384:Core/Src/main.c ****   if (HAL_UARTEx_DisableFifoMode(&huart3) != HAL_OK)
 385:Core/Src/main.c ****   {
 386:Core/Src/main.c ****     Error_Handler();
 387:Core/Src/main.c ****   }
 388:Core/Src/main.c ****   /* USER CODE BEGIN USART3_Init 2 */
 389:Core/Src/main.c **** 
 390:Core/Src/main.c ****   /* USER CODE END USART3_Init 2 */
 391:Core/Src/main.c **** 
 392:Core/Src/main.c **** }
 393:Core/Src/main.c **** 
 394:Core/Src/main.c **** /**
 395:Core/Src/main.c ****   * Enable DMA controller clock
 396:Core/Src/main.c ****   */
 397:Core/Src/main.c **** static void MX_DMA_Init(void)
 398:Core/Src/main.c **** {
 399:Core/Src/main.c **** 
 400:Core/Src/main.c ****   /* DMA controller clock enable */
 401:Core/Src/main.c ****   __HAL_RCC_DMA1_CLK_ENABLE();
 402:Core/Src/main.c **** 
 403:Core/Src/main.c ****   /* DMA interrupt init */
 404:Core/Src/main.c ****   /* DMA1_Stream0_IRQn interrupt configuration */
 405:Core/Src/main.c ****   HAL_NVIC_SetPriority(DMA1_Stream0_IRQn, 5, 0);
 406:Core/Src/main.c ****   HAL_NVIC_EnableIRQ(DMA1_Stream0_IRQn);
 407:Core/Src/main.c ****   /* DMA1_Stream1_IRQn interrupt configuration */
 408:Core/Src/main.c ****   HAL_NVIC_SetPriority(DMA1_Stream1_IRQn, 5, 0);
 409:Core/Src/main.c ****   HAL_NVIC_EnableIRQ(DMA1_Stream1_IRQn);
 410:Core/Src/main.c ****   /* DMA1_Stream2_IRQn interrupt configuration */
 411:Core/Src/main.c ****   HAL_NVIC_SetPriority(DMA1_Stream2_IRQn, 5, 0);
 412:Core/Src/main.c ****   HAL_NVIC_EnableIRQ(DMA1_Stream2_IRQn);
 413:Core/Src/main.c ****   /* DMA1_Stream3_IRQn interrupt configuration */
 414:Core/Src/main.c ****   HAL_NVIC_SetPriority(DMA1_Stream3_IRQn, 5, 0);
 415:Core/Src/main.c ****   HAL_NVIC_EnableIRQ(DMA1_Stream3_IRQn);
 416:Core/Src/main.c **** 
 417:Core/Src/main.c **** }
 418:Core/Src/main.c **** 
 419:Core/Src/main.c **** /**
 420:Core/Src/main.c ****   * @brief GPIO Initialization Function
 421:Core/Src/main.c ****   * @param None
 422:Core/Src/main.c ****   * @retval None
 423:Core/Src/main.c ****   */
 424:Core/Src/main.c **** static void MX_GPIO_Init(void)
 425:Core/Src/main.c **** {
 426:Core/Src/main.c ****   /* USER CODE BEGIN MX_GPIO_Init_1 */
 427:Core/Src/main.c **** 
 428:Core/Src/main.c ****   /* USER CODE END MX_GPIO_Init_1 */
 429:Core/Src/main.c **** 
 430:Core/Src/main.c ****   /* GPIO Ports Clock Enable */
 431:Core/Src/main.c ****   __HAL_RCC_GPIOC_CLK_ENABLE();
ARM GAS  /tmp/ccU4oX3W.s 			page 9


 432:Core/Src/main.c ****   __HAL_RCC_GPIOH_CLK_ENABLE();
 433:Core/Src/main.c ****   __HAL_RCC_GPIOA_CLK_ENABLE();
 434:Core/Src/main.c ****   __HAL_RCC_GPIOB_CLK_ENABLE();
 435:Core/Src/main.c ****   __HAL_RCC_GPIOD_CLK_ENABLE();
 436:Core/Src/main.c ****   __HAL_RCC_GPIOG_CLK_ENABLE();
 437:Core/Src/main.c **** 
 438:Core/Src/main.c ****   /* USER CODE BEGIN MX_GPIO_Init_2 */
 439:Core/Src/main.c ****   GPIO_InitTypeDef GPIO_InitStruct = {0};
 440:Core/Src/main.c **** 
 441:Core/Src/main.c ****   /*Configure GPIO pin : PB0 */
 442:Core/Src/main.c ****   GPIO_InitStruct.Pin = GPIO_PIN_0;
 443:Core/Src/main.c ****   GPIO_InitStruct.Mode = GPIO_MODE_OUTPUT_PP;
 444:Core/Src/main.c ****   GPIO_InitStruct.Pull = GPIO_NOPULL;
 445:Core/Src/main.c ****   GPIO_InitStruct.Speed = GPIO_SPEED_FREQ_LOW;
 446:Core/Src/main.c ****   HAL_GPIO_Init(GPIOB, &GPIO_InitStruct);
 447:Core/Src/main.c ****   /* USER CODE END MX_GPIO_Init_2 */
 448:Core/Src/main.c **** }
 449:Core/Src/main.c **** 
 450:Core/Src/main.c **** /* USER CODE BEGIN 4 */
 451:Core/Src/main.c **** void StartBlinkTask(void *argument)
 452:Core/Src/main.c **** {
 453:Core/Src/main.c ****   for(;;)
 454:Core/Src/main.c ****   {
 455:Core/Src/main.c ****     HAL_GPIO_TogglePin(GPIOB, GPIO_PIN_0);
 456:Core/Src/main.c ****     osDelay(100);
 457:Core/Src/main.c ****   }
 458:Core/Src/main.c **** }
 459:Core/Src/main.c **** /* USER CODE END 4 */
 460:Core/Src/main.c **** 
 461:Core/Src/main.c **** /* USER CODE BEGIN Header_StartDefaultTask */
 462:Core/Src/main.c **** /**
 463:Core/Src/main.c ****   * @brief  Function implementing the defaultTask thread.
 464:Core/Src/main.c ****   * @param  argument: Not used
 465:Core/Src/main.c ****   * @retval None
 466:Core/Src/main.c ****   */
 467:Core/Src/main.c **** /* USER CODE END Header_StartDefaultTask */
 468:Core/Src/main.c **** void StartDefaultTask(void *argument)
 469:Core/Src/main.c **** {
 470:Core/Src/main.c ****   /* init code for LWIP */
 471:Core/Src/main.c ****   MX_LWIP_Init();
 472:Core/Src/main.c ****   /* USER CODE BEGIN 5 */
 473:Core/Src/main.c ****   /* Infinite loop */
 474:Core/Src/main.c ****   for(;;)
 475:Core/Src/main.c ****   {
 476:Core/Src/main.c ****     osDelay(1000);
 477:Core/Src/main.c ****   }
 478:Core/Src/main.c ****   /* USER CODE END 5 */
 479:Core/Src/main.c **** }
 480:Core/Src/main.c **** 
 481:Core/Src/main.c ****  /* MPU Configuration */
 482:Core/Src/main.c **** 
 483:Core/Src/main.c **** void MPU_Config(void)
 484:Core/Src/main.c **** {
  27              		.loc 1 484 1 view -0
  28              		.cfi_startproc
  29              		@ args = 0, pretend = 0, frame = 16
  30              		@ frame_needed = 0, uses_anonymous_args = 0
ARM GAS  /tmp/ccU4oX3W.s 			page 10


  31 0000 30B5     		push	{r4, r5, lr}
  32              	.LCFI0:
  33              		.cfi_def_cfa_offset 12
  34              		.cfi_offset 4, -12
  35              		.cfi_offset 5, -8
  36              		.cfi_offset 14, -4
  37 0002 85B0     		sub	sp, sp, #20
  38              	.LCFI1:
  39              		.cfi_def_cfa_offset 32
 485:Core/Src/main.c ****   MPU_Region_InitTypeDef MPU_InitStruct = {0};
  40              		.loc 1 485 3 view .LVU1
  41              		.loc 1 485 26 is_stmt 0 view .LVU2
  42 0004 0024     		movs	r4, #0
  43 0006 0094     		str	r4, [sp]
  44 0008 0194     		str	r4, [sp, #4]
  45 000a 0294     		str	r4, [sp, #8]
  46 000c 0394     		str	r4, [sp, #12]
 486:Core/Src/main.c **** 
 487:Core/Src/main.c ****   /* Disables the MPU */
 488:Core/Src/main.c ****   HAL_MPU_Disable();
  47              		.loc 1 488 3 is_stmt 1 view .LVU3
  48 000e FFF7FEFF 		bl	HAL_MPU_Disable
  49              	.LVL0:
 489:Core/Src/main.c **** 
 490:Core/Src/main.c ****   /** Initializes and configures the Region and the memory to be protected
 491:Core/Src/main.c ****   */
 492:Core/Src/main.c ****   MPU_InitStruct.Enable = MPU_REGION_ENABLE;
  50              		.loc 1 492 3 view .LVU4
  51              		.loc 1 492 25 is_stmt 0 view .LVU5
  52 0012 0125     		movs	r5, #1
  53 0014 8DF80050 		strb	r5, [sp]
 493:Core/Src/main.c ****   MPU_InitStruct.Number = MPU_REGION_NUMBER0;
  54              		.loc 1 493 3 is_stmt 1 view .LVU6
  55              		.loc 1 493 25 is_stmt 0 view .LVU7
  56 0018 8DF80140 		strb	r4, [sp, #1]
 494:Core/Src/main.c ****   MPU_InitStruct.BaseAddress = 0x0;
  57              		.loc 1 494 3 is_stmt 1 view .LVU8
  58              		.loc 1 494 30 is_stmt 0 view .LVU9
  59 001c 0194     		str	r4, [sp, #4]
 495:Core/Src/main.c ****   MPU_InitStruct.Size = MPU_REGION_SIZE_4GB;
  60              		.loc 1 495 3 is_stmt 1 view .LVU10
  61              		.loc 1 495 23 is_stmt 0 view .LVU11
  62 001e 1F23     		movs	r3, #31
  63 0020 8DF80830 		strb	r3, [sp, #8]
 496:Core/Src/main.c ****   MPU_InitStruct.SubRegionDisable = 0x87;
  64              		.loc 1 496 3 is_stmt 1 view .LVU12
  65              		.loc 1 496 35 is_stmt 0 view .LVU13
  66 0024 8723     		movs	r3, #135
  67 0026 8DF80930 		strb	r3, [sp, #9]
 497:Core/Src/main.c ****   MPU_InitStruct.TypeExtField = MPU_TEX_LEVEL0;
  68              		.loc 1 497 3 is_stmt 1 view .LVU14
  69              		.loc 1 497 31 is_stmt 0 view .LVU15
  70 002a 8DF80A40 		strb	r4, [sp, #10]
 498:Core/Src/main.c ****   MPU_InitStruct.AccessPermission = MPU_REGION_NO_ACCESS;
  71              		.loc 1 498 3 is_stmt 1 view .LVU16
  72              		.loc 1 498 35 is_stmt 0 view .LVU17
  73 002e 8DF80B40 		strb	r4, [sp, #11]
ARM GAS  /tmp/ccU4oX3W.s 			page 11


 499:Core/Src/main.c ****   MPU_InitStruct.DisableExec = MPU_INSTRUCTION_ACCESS_DISABLE;
  74              		.loc 1 499 3 is_stmt 1 view .LVU18
  75              		.loc 1 499 30 is_stmt 0 view .LVU19
  76 0032 8DF80C50 		strb	r5, [sp, #12]
 500:Core/Src/main.c ****   MPU_InitStruct.IsShareable = MPU_ACCESS_SHAREABLE;
  77              		.loc 1 500 3 is_stmt 1 view .LVU20
  78              		.loc 1 500 30 is_stmt 0 view .LVU21
  79 0036 8DF80D50 		strb	r5, [sp, #13]
 501:Core/Src/main.c ****   MPU_InitStruct.IsCacheable = MPU_ACCESS_NOT_CACHEABLE;
  80              		.loc 1 501 3 is_stmt 1 view .LVU22
  81              		.loc 1 501 30 is_stmt 0 view .LVU23
  82 003a 8DF80E40 		strb	r4, [sp, #14]
 502:Core/Src/main.c ****   MPU_InitStruct.IsBufferable = MPU_ACCESS_NOT_BUFFERABLE;
  83              		.loc 1 502 3 is_stmt 1 view .LVU24
  84              		.loc 1 502 31 is_stmt 0 view .LVU25
  85 003e 8DF80F40 		strb	r4, [sp, #15]
 503:Core/Src/main.c **** 
 504:Core/Src/main.c ****   HAL_MPU_ConfigRegion(&MPU_InitStruct);
  86              		.loc 1 504 3 is_stmt 1 view .LVU26
  87 0042 6846     		mov	r0, sp
  88 0044 FFF7FEFF 		bl	HAL_MPU_ConfigRegion
  89              	.LVL1:
 505:Core/Src/main.c **** 
 506:Core/Src/main.c ****   /** Initializes and configures the Region and the memory to be protected
 507:Core/Src/main.c ****   */
 508:Core/Src/main.c ****   MPU_InitStruct.Number = MPU_REGION_NUMBER1;
  90              		.loc 1 508 3 view .LVU27
  91              		.loc 1 508 25 is_stmt 0 view .LVU28
  92 0048 8DF80150 		strb	r5, [sp, #1]
 509:Core/Src/main.c ****   MPU_InitStruct.BaseAddress = 0x30000000;
  93              		.loc 1 509 3 is_stmt 1 view .LVU29
  94              		.loc 1 509 30 is_stmt 0 view .LVU30
  95 004c 4FF04053 		mov	r3, #805306368
  96 0050 0193     		str	r3, [sp, #4]
 510:Core/Src/main.c ****   MPU_InitStruct.Size = MPU_REGION_SIZE_256B;
  97              		.loc 1 510 3 is_stmt 1 view .LVU31
  98              		.loc 1 510 23 is_stmt 0 view .LVU32
  99 0052 0723     		movs	r3, #7
 100 0054 8DF80830 		strb	r3, [sp, #8]
 511:Core/Src/main.c ****   MPU_InitStruct.SubRegionDisable = 0x0;
 101              		.loc 1 511 3 is_stmt 1 view .LVU33
 102              		.loc 1 511 35 is_stmt 0 view .LVU34
 103 0058 8DF80940 		strb	r4, [sp, #9]
 512:Core/Src/main.c ****   MPU_InitStruct.AccessPermission = MPU_REGION_FULL_ACCESS;
 104              		.loc 1 512 3 is_stmt 1 view .LVU35
 105              		.loc 1 512 35 is_stmt 0 view .LVU36
 106 005c 0323     		movs	r3, #3
 107 005e 8DF80B30 		strb	r3, [sp, #11]
 513:Core/Src/main.c ****   MPU_InitStruct.DisableExec = MPU_INSTRUCTION_ACCESS_ENABLE;
 108              		.loc 1 513 3 is_stmt 1 view .LVU37
 109              		.loc 1 513 30 is_stmt 0 view .LVU38
 110 0062 8DF80C40 		strb	r4, [sp, #12]
 514:Core/Src/main.c ****   MPU_InitStruct.IsShareable = MPU_ACCESS_NOT_SHAREABLE;
 111              		.loc 1 514 3 is_stmt 1 view .LVU39
 112              		.loc 1 514 30 is_stmt 0 view .LVU40
 113 0066 8DF80D40 		strb	r4, [sp, #13]
 515:Core/Src/main.c ****   MPU_InitStruct.IsBufferable = MPU_ACCESS_BUFFERABLE;
ARM GAS  /tmp/ccU4oX3W.s 			page 12


 114              		.loc 1 515 3 is_stmt 1 view .LVU41
 115              		.loc 1 515 31 is_stmt 0 view .LVU42
 116 006a 8DF80F50 		strb	r5, [sp, #15]
 516:Core/Src/main.c **** 
 517:Core/Src/main.c ****   HAL_MPU_ConfigRegion(&MPU_InitStruct);
 117              		.loc 1 517 3 is_stmt 1 view .LVU43
 118 006e 6846     		mov	r0, sp
 119 0070 FFF7FEFF 		bl	HAL_MPU_ConfigRegion
 120              	.LVL2:
 518:Core/Src/main.c **** 
 519:Core/Src/main.c ****   /** Initializes and configures the Region and the memory to be protected
 520:Core/Src/main.c ****   */
 521:Core/Src/main.c ****   MPU_InitStruct.Number = MPU_REGION_NUMBER2;
 121              		.loc 1 521 3 view .LVU44
 122              		.loc 1 521 25 is_stmt 0 view .LVU45
 123 0074 0223     		movs	r3, #2
 124 0076 8DF80130 		strb	r3, [sp, #1]
 522:Core/Src/main.c ****   MPU_InitStruct.BaseAddress = 0x30004000;
 125              		.loc 1 522 3 is_stmt 1 view .LVU46
 126              		.loc 1 522 30 is_stmt 0 view .LVU47
 127 007a 094B     		ldr	r3, .L3
 128 007c 0193     		str	r3, [sp, #4]
 523:Core/Src/main.c ****   MPU_InitStruct.Size = MPU_REGION_SIZE_16KB;
 129              		.loc 1 523 3 is_stmt 1 view .LVU48
 130              		.loc 1 523 23 is_stmt 0 view .LVU49
 131 007e 0D23     		movs	r3, #13
 132 0080 8DF80830 		strb	r3, [sp, #8]
 524:Core/Src/main.c ****   MPU_InitStruct.TypeExtField = MPU_TEX_LEVEL1;
 133              		.loc 1 524 3 is_stmt 1 view .LVU50
 134              		.loc 1 524 31 is_stmt 0 view .LVU51
 135 0084 8DF80A50 		strb	r5, [sp, #10]
 525:Core/Src/main.c ****   MPU_InitStruct.IsShareable = MPU_ACCESS_SHAREABLE;
 136              		.loc 1 525 3 is_stmt 1 view .LVU52
 137              		.loc 1 525 30 is_stmt 0 view .LVU53
 138 0088 8DF80D50 		strb	r5, [sp, #13]
 526:Core/Src/main.c ****   MPU_InitStruct.IsBufferable = MPU_ACCESS_NOT_BUFFERABLE;
 139              		.loc 1 526 3 is_stmt 1 view .LVU54
 140              		.loc 1 526 31 is_stmt 0 view .LVU55
 141 008c 8DF80F40 		strb	r4, [sp, #15]
 527:Core/Src/main.c **** 
 528:Core/Src/main.c ****   HAL_MPU_ConfigRegion(&MPU_InitStruct);
 142              		.loc 1 528 3 is_stmt 1 view .LVU56
 143 0090 6846     		mov	r0, sp
 144 0092 FFF7FEFF 		bl	HAL_MPU_ConfigRegion
 145              	.LVL3:
 529:Core/Src/main.c ****   /* Enables the MPU */
 530:Core/Src/main.c ****   HAL_MPU_Enable(MPU_PRIVILEGED_DEFAULT);
 146              		.loc 1 530 3 view .LVU57
 147 0096 0420     		movs	r0, #4
 148 0098 FFF7FEFF 		bl	HAL_MPU_Enable
 149              	.LVL4:
 531:Core/Src/main.c **** 
 532:Core/Src/main.c **** }
 150              		.loc 1 532 1 is_stmt 0 view .LVU58
 151 009c 05B0     		add	sp, sp, #20
 152              	.LCFI2:
 153              		.cfi_def_cfa_offset 12
ARM GAS  /tmp/ccU4oX3W.s 			page 13


 154              		@ sp needed
 155 009e 30BD     		pop	{r4, r5, pc}
 156              	.L4:
 157              		.align	2
 158              	.L3:
 159 00a0 00400030 		.word	805322752
 160              		.cfi_endproc
 161              	.LFE183:
 163              		.section	.text.MX_GPIO_Init,"ax",%progbits
 164              		.align	1
 165              		.syntax unified
 166              		.thumb
 167              		.thumb_func
 168              		.fpu fpv5-d16
 170              	MX_GPIO_Init:
 171              	.LFB180:
 425:Core/Src/main.c ****   /* USER CODE BEGIN MX_GPIO_Init_1 */
 172              		.loc 1 425 1 is_stmt 1 view -0
 173              		.cfi_startproc
 174              		@ args = 0, pretend = 0, frame = 48
 175              		@ frame_needed = 0, uses_anonymous_args = 0
 176 0000 00B5     		push	{lr}
 177              	.LCFI3:
 178              		.cfi_def_cfa_offset 4
 179              		.cfi_offset 14, -4
 180 0002 8DB0     		sub	sp, sp, #52
 181              	.LCFI4:
 182              		.cfi_def_cfa_offset 56
 431:Core/Src/main.c ****   __HAL_RCC_GPIOH_CLK_ENABLE();
 183              		.loc 1 431 3 view .LVU60
 184              	.LBB4:
 431:Core/Src/main.c ****   __HAL_RCC_GPIOH_CLK_ENABLE();
 185              		.loc 1 431 3 view .LVU61
 431:Core/Src/main.c ****   __HAL_RCC_GPIOH_CLK_ENABLE();
 186              		.loc 1 431 3 view .LVU62
 187 0004 2C4B     		ldr	r3, .L7
 188 0006 D3F8E020 		ldr	r2, [r3, #224]
 189 000a 42F00402 		orr	r2, r2, #4
 190 000e C3F8E020 		str	r2, [r3, #224]
 431:Core/Src/main.c ****   __HAL_RCC_GPIOH_CLK_ENABLE();
 191              		.loc 1 431 3 view .LVU63
 192 0012 D3F8E020 		ldr	r2, [r3, #224]
 193 0016 02F00402 		and	r2, r2, #4
 194 001a 0192     		str	r2, [sp, #4]
 431:Core/Src/main.c ****   __HAL_RCC_GPIOH_CLK_ENABLE();
 195              		.loc 1 431 3 view .LVU64
 196 001c 019A     		ldr	r2, [sp, #4]
 197              	.LBE4:
 431:Core/Src/main.c ****   __HAL_RCC_GPIOH_CLK_ENABLE();
 198              		.loc 1 431 3 view .LVU65
 432:Core/Src/main.c ****   __HAL_RCC_GPIOA_CLK_ENABLE();
 199              		.loc 1 432 3 view .LVU66
 200              	.LBB5:
 432:Core/Src/main.c ****   __HAL_RCC_GPIOA_CLK_ENABLE();
 201              		.loc 1 432 3 view .LVU67
 432:Core/Src/main.c ****   __HAL_RCC_GPIOA_CLK_ENABLE();
 202              		.loc 1 432 3 view .LVU68
ARM GAS  /tmp/ccU4oX3W.s 			page 14


 203 001e D3F8E020 		ldr	r2, [r3, #224]
 204 0022 42F08002 		orr	r2, r2, #128
 205 0026 C3F8E020 		str	r2, [r3, #224]
 432:Core/Src/main.c ****   __HAL_RCC_GPIOA_CLK_ENABLE();
 206              		.loc 1 432 3 view .LVU69
 207 002a D3F8E020 		ldr	r2, [r3, #224]
 208 002e 02F08002 		and	r2, r2, #128
 209 0032 0292     		str	r2, [sp, #8]
 432:Core/Src/main.c ****   __HAL_RCC_GPIOA_CLK_ENABLE();
 210              		.loc 1 432 3 view .LVU70
 211 0034 029A     		ldr	r2, [sp, #8]
 212              	.LBE5:
 432:Core/Src/main.c ****   __HAL_RCC_GPIOA_CLK_ENABLE();
 213              		.loc 1 432 3 view .LVU71
 433:Core/Src/main.c ****   __HAL_RCC_GPIOB_CLK_ENABLE();
 214              		.loc 1 433 3 view .LVU72
 215              	.LBB6:
 433:Core/Src/main.c ****   __HAL_RCC_GPIOB_CLK_ENABLE();
 216              		.loc 1 433 3 view .LVU73
 433:Core/Src/main.c ****   __HAL_RCC_GPIOB_CLK_ENABLE();
 217              		.loc 1 433 3 view .LVU74
 218 0036 D3F8E020 		ldr	r2, [r3, #224]
 219 003a 42F00102 		orr	r2, r2, #1
 220 003e C3F8E020 		str	r2, [r3, #224]
 433:Core/Src/main.c ****   __HAL_RCC_GPIOB_CLK_ENABLE();
 221              		.loc 1 433 3 view .LVU75
 222 0042 D3F8E020 		ldr	r2, [r3, #224]
 223 0046 02F00102 		and	r2, r2, #1
 224 004a 0392     		str	r2, [sp, #12]
 433:Core/Src/main.c ****   __HAL_RCC_GPIOB_CLK_ENABLE();
 225              		.loc 1 433 3 view .LVU76
 226 004c 039A     		ldr	r2, [sp, #12]
 227              	.LBE6:
 433:Core/Src/main.c ****   __HAL_RCC_GPIOB_CLK_ENABLE();
 228              		.loc 1 433 3 view .LVU77
 434:Core/Src/main.c ****   __HAL_RCC_GPIOD_CLK_ENABLE();
 229              		.loc 1 434 3 view .LVU78
 230              	.LBB7:
 434:Core/Src/main.c ****   __HAL_RCC_GPIOD_CLK_ENABLE();
 231              		.loc 1 434 3 view .LVU79
 434:Core/Src/main.c ****   __HAL_RCC_GPIOD_CLK_ENABLE();
 232              		.loc 1 434 3 view .LVU80
 233 004e D3F8E020 		ldr	r2, [r3, #224]
 234 0052 42F00202 		orr	r2, r2, #2
 235 0056 C3F8E020 		str	r2, [r3, #224]
 434:Core/Src/main.c ****   __HAL_RCC_GPIOD_CLK_ENABLE();
 236              		.loc 1 434 3 view .LVU81
 237 005a D3F8E020 		ldr	r2, [r3, #224]
 238 005e 02F00202 		and	r2, r2, #2
 239 0062 0492     		str	r2, [sp, #16]
 434:Core/Src/main.c ****   __HAL_RCC_GPIOD_CLK_ENABLE();
 240              		.loc 1 434 3 view .LVU82
 241 0064 049A     		ldr	r2, [sp, #16]
 242              	.LBE7:
 434:Core/Src/main.c ****   __HAL_RCC_GPIOD_CLK_ENABLE();
 243              		.loc 1 434 3 view .LVU83
 435:Core/Src/main.c ****   __HAL_RCC_GPIOG_CLK_ENABLE();
ARM GAS  /tmp/ccU4oX3W.s 			page 15


 244              		.loc 1 435 3 view .LVU84
 245              	.LBB8:
 435:Core/Src/main.c ****   __HAL_RCC_GPIOG_CLK_ENABLE();
 246              		.loc 1 435 3 view .LVU85
 435:Core/Src/main.c ****   __HAL_RCC_GPIOG_CLK_ENABLE();
 247              		.loc 1 435 3 view .LVU86
 248 0066 D3F8E020 		ldr	r2, [r3, #224]
 249 006a 42F00802 		orr	r2, r2, #8
 250 006e C3F8E020 		str	r2, [r3, #224]
 435:Core/Src/main.c ****   __HAL_RCC_GPIOG_CLK_ENABLE();
 251              		.loc 1 435 3 view .LVU87
 252 0072 D3F8E020 		ldr	r2, [r3, #224]
 253 0076 02F00802 		and	r2, r2, #8
 254 007a 0592     		str	r2, [sp, #20]
 435:Core/Src/main.c ****   __HAL_RCC_GPIOG_CLK_ENABLE();
 255              		.loc 1 435 3 view .LVU88
 256 007c 059A     		ldr	r2, [sp, #20]
 257              	.LBE8:
 435:Core/Src/main.c ****   __HAL_RCC_GPIOG_CLK_ENABLE();
 258              		.loc 1 435 3 view .LVU89
 436:Core/Src/main.c **** 
 259              		.loc 1 436 3 view .LVU90
 260              	.LBB9:
 436:Core/Src/main.c **** 
 261              		.loc 1 436 3 view .LVU91
 436:Core/Src/main.c **** 
 262              		.loc 1 436 3 view .LVU92
 263 007e D3F8E020 		ldr	r2, [r3, #224]
 264 0082 42F04002 		orr	r2, r2, #64
 265 0086 C3F8E020 		str	r2, [r3, #224]
 436:Core/Src/main.c **** 
 266              		.loc 1 436 3 view .LVU93
 267 008a D3F8E030 		ldr	r3, [r3, #224]
 268 008e 03F04003 		and	r3, r3, #64
 269 0092 0693     		str	r3, [sp, #24]
 436:Core/Src/main.c **** 
 270              		.loc 1 436 3 view .LVU94
 271 0094 069B     		ldr	r3, [sp, #24]
 272              	.LBE9:
 436:Core/Src/main.c **** 
 273              		.loc 1 436 3 view .LVU95
 439:Core/Src/main.c **** 
 274              		.loc 1 439 3 view .LVU96
 439:Core/Src/main.c **** 
 275              		.loc 1 439 20 is_stmt 0 view .LVU97
 276 0096 0023     		movs	r3, #0
 277 0098 0793     		str	r3, [sp, #28]
 278 009a 0893     		str	r3, [sp, #32]
 279 009c 0993     		str	r3, [sp, #36]
 280 009e 0A93     		str	r3, [sp, #40]
 281 00a0 0B93     		str	r3, [sp, #44]
 442:Core/Src/main.c ****   GPIO_InitStruct.Mode = GPIO_MODE_OUTPUT_PP;
 282              		.loc 1 442 3 is_stmt 1 view .LVU98
 442:Core/Src/main.c ****   GPIO_InitStruct.Mode = GPIO_MODE_OUTPUT_PP;
 283              		.loc 1 442 23 is_stmt 0 view .LVU99
 284 00a2 0123     		movs	r3, #1
 285 00a4 0793     		str	r3, [sp, #28]
ARM GAS  /tmp/ccU4oX3W.s 			page 16


 443:Core/Src/main.c ****   GPIO_InitStruct.Pull = GPIO_NOPULL;
 286              		.loc 1 443 3 is_stmt 1 view .LVU100
 443:Core/Src/main.c ****   GPIO_InitStruct.Pull = GPIO_NOPULL;
 287              		.loc 1 443 24 is_stmt 0 view .LVU101
 288 00a6 0893     		str	r3, [sp, #32]
 444:Core/Src/main.c ****   GPIO_InitStruct.Speed = GPIO_SPEED_FREQ_LOW;
 289              		.loc 1 444 3 is_stmt 1 view .LVU102
 445:Core/Src/main.c ****   HAL_GPIO_Init(GPIOB, &GPIO_InitStruct);
 290              		.loc 1 445 3 view .LVU103
 446:Core/Src/main.c ****   /* USER CODE END MX_GPIO_Init_2 */
 291              		.loc 1 446 3 view .LVU104
 292 00a8 07A9     		add	r1, sp, #28
 293 00aa 0448     		ldr	r0, .L7+4
 294 00ac FFF7FEFF 		bl	HAL_GPIO_Init
 295              	.LVL5:
 448:Core/Src/main.c **** 
 296              		.loc 1 448 1 is_stmt 0 view .LVU105
 297 00b0 0DB0     		add	sp, sp, #52
 298              	.LCFI5:
 299              		.cfi_def_cfa_offset 4
 300              		@ sp needed
 301 00b2 5DF804FB 		ldr	pc, [sp], #4
 302              	.L8:
 303 00b6 00BF     		.align	2
 304              	.L7:
 305 00b8 00440258 		.word	1476543488
 306 00bc 00040258 		.word	1476527104
 307              		.cfi_endproc
 308              	.LFE180:
 310              		.section	.text.MX_DMA_Init,"ax",%progbits
 311              		.align	1
 312              		.syntax unified
 313              		.thumb
 314              		.thumb_func
 315              		.fpu fpv5-d16
 317              	MX_DMA_Init:
 318              	.LFB179:
 398:Core/Src/main.c **** 
 319              		.loc 1 398 1 is_stmt 1 view -0
 320              		.cfi_startproc
 321              		@ args = 0, pretend = 0, frame = 8
 322              		@ frame_needed = 0, uses_anonymous_args = 0
 323 0000 00B5     		push	{lr}
 324              	.LCFI6:
 325              		.cfi_def_cfa_offset 4
 326              		.cfi_offset 14, -4
 327 0002 83B0     		sub	sp, sp, #12
 328              	.LCFI7:
 329              		.cfi_def_cfa_offset 16
 401:Core/Src/main.c **** 
 330              		.loc 1 401 3 view .LVU107
 331              	.LBB10:
 401:Core/Src/main.c **** 
 332              		.loc 1 401 3 view .LVU108
 401:Core/Src/main.c **** 
 333              		.loc 1 401 3 view .LVU109
 334 0004 174B     		ldr	r3, .L11
ARM GAS  /tmp/ccU4oX3W.s 			page 17


 335 0006 D3F8D820 		ldr	r2, [r3, #216]
 336 000a 42F00102 		orr	r2, r2, #1
 337 000e C3F8D820 		str	r2, [r3, #216]
 401:Core/Src/main.c **** 
 338              		.loc 1 401 3 view .LVU110
 339 0012 D3F8D830 		ldr	r3, [r3, #216]
 340 0016 03F00103 		and	r3, r3, #1
 341 001a 0193     		str	r3, [sp, #4]
 401:Core/Src/main.c **** 
 342              		.loc 1 401 3 view .LVU111
 343 001c 019B     		ldr	r3, [sp, #4]
 344              	.LBE10:
 401:Core/Src/main.c **** 
 345              		.loc 1 401 3 view .LVU112
 405:Core/Src/main.c ****   HAL_NVIC_EnableIRQ(DMA1_Stream0_IRQn);
 346              		.loc 1 405 3 view .LVU113
 347 001e 0022     		movs	r2, #0
 348 0020 0521     		movs	r1, #5
 349 0022 0B20     		movs	r0, #11
 350 0024 FFF7FEFF 		bl	HAL_NVIC_SetPriority
 351              	.LVL6:
 406:Core/Src/main.c ****   /* DMA1_Stream1_IRQn interrupt configuration */
 352              		.loc 1 406 3 view .LVU114
 353 0028 0B20     		movs	r0, #11
 354 002a FFF7FEFF 		bl	HAL_NVIC_EnableIRQ
 355              	.LVL7:
 408:Core/Src/main.c ****   HAL_NVIC_EnableIRQ(DMA1_Stream1_IRQn);
 356              		.loc 1 408 3 view .LVU115
 357 002e 0022     		movs	r2, #0
 358 0030 0521     		movs	r1, #5
 359 0032 0C20     		movs	r0, #12
 360 0034 FFF7FEFF 		bl	HAL_NVIC_SetPriority
 361              	.LVL8:
 409:Core/Src/main.c ****   /* DMA1_Stream2_IRQn interrupt configuration */
 362              		.loc 1 409 3 view .LVU116
 363 0038 0C20     		movs	r0, #12
 364 003a FFF7FEFF 		bl	HAL_NVIC_EnableIRQ
 365              	.LVL9:
 411:Core/Src/main.c ****   HAL_NVIC_EnableIRQ(DMA1_Stream2_IRQn);
 366              		.loc 1 411 3 view .LVU117
 367 003e 0022     		movs	r2, #0
 368 0040 0521     		movs	r1, #5
 369 0042 0D20     		movs	r0, #13
 370 0044 FFF7FEFF 		bl	HAL_NVIC_SetPriority
 371              	.LVL10:
 412:Core/Src/main.c ****   /* DMA1_Stream3_IRQn interrupt configuration */
 372              		.loc 1 412 3 view .LVU118
 373 0048 0D20     		movs	r0, #13
 374 004a FFF7FEFF 		bl	HAL_NVIC_EnableIRQ
 375              	.LVL11:
 414:Core/Src/main.c ****   HAL_NVIC_EnableIRQ(DMA1_Stream3_IRQn);
 376              		.loc 1 414 3 view .LVU119
 377 004e 0022     		movs	r2, #0
 378 0050 0521     		movs	r1, #5
 379 0052 0E20     		movs	r0, #14
 380 0054 FFF7FEFF 		bl	HAL_NVIC_SetPriority
 381              	.LVL12:
ARM GAS  /tmp/ccU4oX3W.s 			page 18


 415:Core/Src/main.c **** 
 382              		.loc 1 415 3 view .LVU120
 383 0058 0E20     		movs	r0, #14
 384 005a FFF7FEFF 		bl	HAL_NVIC_EnableIRQ
 385              	.LVL13:
 417:Core/Src/main.c **** 
 386              		.loc 1 417 1 is_stmt 0 view .LVU121
 387 005e 03B0     		add	sp, sp, #12
 388              	.LCFI8:
 389              		.cfi_def_cfa_offset 4
 390              		@ sp needed
 391 0060 5DF804FB 		ldr	pc, [sp], #4
 392              	.L12:
 393              		.align	2
 394              	.L11:
 395 0064 00440258 		.word	1476543488
 396              		.cfi_endproc
 397              	.LFE179:
 399              		.section	.text.StartBlinkTask,"ax",%progbits
 400              		.align	1
 401              		.global	StartBlinkTask
 402              		.syntax unified
 403              		.thumb
 404              		.thumb_func
 405              		.fpu fpv5-d16
 407              	StartBlinkTask:
 408              	.LFB181:
 452:Core/Src/main.c ****   for(;;)
 409              		.loc 1 452 1 is_stmt 1 view -0
 410              		.cfi_startproc
 411              		@ Volatile: function does not return.
 412              		@ args = 0, pretend = 0, frame = 0
 413              		@ frame_needed = 0, uses_anonymous_args = 0
 414              	.LVL14:
 452:Core/Src/main.c ****   for(;;)
 415              		.loc 1 452 1 is_stmt 0 view .LVU123
 416 0000 08B5     		push	{r3, lr}
 417              	.LCFI9:
 418              		.cfi_def_cfa_offset 8
 419              		.cfi_offset 3, -8
 420              		.cfi_offset 14, -4
 421              	.LVL15:
 422              	.L14:
 453:Core/Src/main.c ****   {
 423              		.loc 1 453 3 is_stmt 1 discriminator 1 view .LVU124
 455:Core/Src/main.c ****     osDelay(100);
 424              		.loc 1 455 5 discriminator 1 view .LVU125
 425 0002 0121     		movs	r1, #1
 426 0004 0348     		ldr	r0, .L16
 427 0006 FFF7FEFF 		bl	HAL_GPIO_TogglePin
 428              	.LVL16:
 456:Core/Src/main.c ****   }
 429              		.loc 1 456 5 discriminator 1 view .LVU126
 430 000a 6420     		movs	r0, #100
 431 000c FFF7FEFF 		bl	osDelay
 432              	.LVL17:
 453:Core/Src/main.c ****   {
ARM GAS  /tmp/ccU4oX3W.s 			page 19


 433              		.loc 1 453 8 discriminator 1 view .LVU127
 434 0010 F7E7     		b	.L14
 435              	.L17:
 436 0012 00BF     		.align	2
 437              	.L16:
 438 0014 00040258 		.word	1476527104
 439              		.cfi_endproc
 440              	.LFE181:
 442              		.section	.text.StartDefaultTask,"ax",%progbits
 443              		.align	1
 444              		.global	StartDefaultTask
 445              		.syntax unified
 446              		.thumb
 447              		.thumb_func
 448              		.fpu fpv5-d16
 450              	StartDefaultTask:
 451              	.LVL18:
 452              	.LFB182:
 469:Core/Src/main.c ****   /* init code for LWIP */
 453              		.loc 1 469 1 view -0
 454              		.cfi_startproc
 455              		@ Volatile: function does not return.
 456              		@ args = 0, pretend = 0, frame = 0
 457              		@ frame_needed = 0, uses_anonymous_args = 0
 469:Core/Src/main.c ****   /* init code for LWIP */
 458              		.loc 1 469 1 is_stmt 0 view .LVU129
 459 0000 08B5     		push	{r3, lr}
 460              	.LCFI10:
 461              		.cfi_def_cfa_offset 8
 462              		.cfi_offset 3, -8
 463              		.cfi_offset 14, -4
 471:Core/Src/main.c ****   /* USER CODE BEGIN 5 */
 464              		.loc 1 471 3 is_stmt 1 view .LVU130
 465 0002 FFF7FEFF 		bl	MX_LWIP_Init
 466              	.LVL19:
 467              	.L19:
 474:Core/Src/main.c ****   {
 468              		.loc 1 474 3 discriminator 1 view .LVU131
 476:Core/Src/main.c ****   }
 469              		.loc 1 476 5 discriminator 1 view .LVU132
 470 0006 4FF47A70 		mov	r0, #1000
 471 000a FFF7FEFF 		bl	osDelay
 472              	.LVL20:
 474:Core/Src/main.c ****   {
 473              		.loc 1 474 8 discriminator 1 view .LVU133
 474 000e FAE7     		b	.L19
 475              		.cfi_endproc
 476              	.LFE182:
 478              		.section	.text.HAL_TIM_PeriodElapsedCallback,"ax",%progbits
 479              		.align	1
 480              		.global	HAL_TIM_PeriodElapsedCallback
 481              		.syntax unified
 482              		.thumb
 483              		.thumb_func
 484              		.fpu fpv5-d16
 486              	HAL_TIM_PeriodElapsedCallback:
 487              	.LVL21:
ARM GAS  /tmp/ccU4oX3W.s 			page 20


 488              	.LFB184:
 533:Core/Src/main.c **** 
 534:Core/Src/main.c **** /**
 535:Core/Src/main.c ****   * @brief  Period elapsed callback in non blocking mode
 536:Core/Src/main.c ****   * @note   This function is called  when TIM6 interrupt took place, inside
 537:Core/Src/main.c ****   * HAL_TIM_IRQHandler(). It makes a direct call to HAL_IncTick() to increment
 538:Core/Src/main.c ****   * a global variable "uwTick" used as application time base.
 539:Core/Src/main.c ****   * @param  htim : TIM handle
 540:Core/Src/main.c ****   * @retval None
 541:Core/Src/main.c ****   */
 542:Core/Src/main.c **** void HAL_TIM_PeriodElapsedCallback(TIM_HandleTypeDef *htim)
 543:Core/Src/main.c **** {
 489              		.loc 1 543 1 view -0
 490              		.cfi_startproc
 491              		@ args = 0, pretend = 0, frame = 0
 492              		@ frame_needed = 0, uses_anonymous_args = 0
 493              		.loc 1 543 1 is_stmt 0 view .LVU135
 494 0000 08B5     		push	{r3, lr}
 495              	.LCFI11:
 496              		.cfi_def_cfa_offset 8
 497              		.cfi_offset 3, -8
 498              		.cfi_offset 14, -4
 544:Core/Src/main.c ****   /* USER CODE BEGIN Callback 0 */
 545:Core/Src/main.c **** 
 546:Core/Src/main.c ****   /* USER CODE END Callback 0 */
 547:Core/Src/main.c ****   if (htim->Instance == TIM6)
 499              		.loc 1 547 3 is_stmt 1 view .LVU136
 500              		.loc 1 547 11 is_stmt 0 view .LVU137
 501 0002 0268     		ldr	r2, [r0]
 502              		.loc 1 547 6 view .LVU138
 503 0004 034B     		ldr	r3, .L25
 504 0006 9A42     		cmp	r2, r3
 505 0008 00D0     		beq	.L24
 506              	.LVL22:
 507              	.L21:
 548:Core/Src/main.c ****   {
 549:Core/Src/main.c ****     HAL_IncTick();
 550:Core/Src/main.c ****   }
 551:Core/Src/main.c ****   /* USER CODE BEGIN Callback 1 */
 552:Core/Src/main.c **** 
 553:Core/Src/main.c ****   /* USER CODE END Callback 1 */
 554:Core/Src/main.c **** }
 508              		.loc 1 554 1 view .LVU139
 509 000a 08BD     		pop	{r3, pc}
 510              	.LVL23:
 511              	.L24:
 549:Core/Src/main.c ****   }
 512              		.loc 1 549 5 is_stmt 1 view .LVU140
 513 000c FFF7FEFF 		bl	HAL_IncTick
 514              	.LVL24:
 515              		.loc 1 554 1 is_stmt 0 view .LVU141
 516 0010 FBE7     		b	.L21
 517              	.L26:
 518 0012 00BF     		.align	2
 519              	.L25:
 520 0014 00100040 		.word	1073745920
 521              		.cfi_endproc
ARM GAS  /tmp/ccU4oX3W.s 			page 21


 522              	.LFE184:
 524              		.section	.text.Error_Handler,"ax",%progbits
 525              		.align	1
 526              		.global	Error_Handler
 527              		.syntax unified
 528              		.thumb
 529              		.thumb_func
 530              		.fpu fpv5-d16
 532              	Error_Handler:
 533              	.LFB185:
 555:Core/Src/main.c **** 
 556:Core/Src/main.c **** /**
 557:Core/Src/main.c ****   * @brief  This function is executed in case of error occurrence.
 558:Core/Src/main.c ****   * @retval None
 559:Core/Src/main.c ****   */
 560:Core/Src/main.c **** void Error_Handler(void)
 561:Core/Src/main.c **** {
 534              		.loc 1 561 1 is_stmt 1 view -0
 535              		.cfi_startproc
 536              		@ Volatile: function does not return.
 537              		@ args = 0, pretend = 0, frame = 0
 538              		@ frame_needed = 0, uses_anonymous_args = 0
 539              		@ link register save eliminated.
 562:Core/Src/main.c ****   /* USER CODE BEGIN Error_Handler_Debug */
 563:Core/Src/main.c ****   /* User can add his own implementation to report the HAL error return state */
 564:Core/Src/main.c ****   __disable_irq();
 540              		.loc 1 564 3 view .LVU143
 541              	.LBB11:
 542              	.LBI11:
 543              		.file 2 "Drivers/CMSIS/Include/cmsis_gcc.h"
   1:Drivers/CMSIS/Include/cmsis_gcc.h **** /**************************************************************************//**
   2:Drivers/CMSIS/Include/cmsis_gcc.h ****  * @file     cmsis_gcc.h
   3:Drivers/CMSIS/Include/cmsis_gcc.h ****  * @brief    CMSIS compiler GCC header file
   4:Drivers/CMSIS/Include/cmsis_gcc.h ****  * @version  V5.2.0
   5:Drivers/CMSIS/Include/cmsis_gcc.h ****  * @date     08. May 2019
   6:Drivers/CMSIS/Include/cmsis_gcc.h ****  ******************************************************************************/
   7:Drivers/CMSIS/Include/cmsis_gcc.h **** /*
   8:Drivers/CMSIS/Include/cmsis_gcc.h ****  * Copyright (c) 2009-2019 Arm Limited. All rights reserved.
   9:Drivers/CMSIS/Include/cmsis_gcc.h ****  *
  10:Drivers/CMSIS/Include/cmsis_gcc.h ****  * SPDX-License-Identifier: Apache-2.0
  11:Drivers/CMSIS/Include/cmsis_gcc.h ****  *
  12:Drivers/CMSIS/Include/cmsis_gcc.h ****  * Licensed under the Apache License, Version 2.0 (the License); you may
  13:Drivers/CMSIS/Include/cmsis_gcc.h ****  * not use this file except in compliance with the License.
  14:Drivers/CMSIS/Include/cmsis_gcc.h ****  * You may obtain a copy of the License at
  15:Drivers/CMSIS/Include/cmsis_gcc.h ****  *
  16:Drivers/CMSIS/Include/cmsis_gcc.h ****  * www.apache.org/licenses/LICENSE-2.0
  17:Drivers/CMSIS/Include/cmsis_gcc.h ****  *
  18:Drivers/CMSIS/Include/cmsis_gcc.h ****  * Unless required by applicable law or agreed to in writing, software
  19:Drivers/CMSIS/Include/cmsis_gcc.h ****  * distributed under the License is distributed on an AS IS BASIS, WITHOUT
  20:Drivers/CMSIS/Include/cmsis_gcc.h ****  * WARRANTIES OR CONDITIONS OF ANY KIND, either express or implied.
  21:Drivers/CMSIS/Include/cmsis_gcc.h ****  * See the License for the specific language governing permissions and
  22:Drivers/CMSIS/Include/cmsis_gcc.h ****  * limitations under the License.
  23:Drivers/CMSIS/Include/cmsis_gcc.h ****  */
  24:Drivers/CMSIS/Include/cmsis_gcc.h **** 
  25:Drivers/CMSIS/Include/cmsis_gcc.h **** #ifndef __CMSIS_GCC_H
  26:Drivers/CMSIS/Include/cmsis_gcc.h **** #define __CMSIS_GCC_H
  27:Drivers/CMSIS/Include/cmsis_gcc.h **** 
ARM GAS  /tmp/ccU4oX3W.s 			page 22


  28:Drivers/CMSIS/Include/cmsis_gcc.h **** /* ignore some GCC warnings */
  29:Drivers/CMSIS/Include/cmsis_gcc.h **** #pragma GCC diagnostic push
  30:Drivers/CMSIS/Include/cmsis_gcc.h **** #pragma GCC diagnostic ignored "-Wsign-conversion"
  31:Drivers/CMSIS/Include/cmsis_gcc.h **** #pragma GCC diagnostic ignored "-Wconversion"
  32:Drivers/CMSIS/Include/cmsis_gcc.h **** #pragma GCC diagnostic ignored "-Wunused-parameter"
  33:Drivers/CMSIS/Include/cmsis_gcc.h **** 
  34:Drivers/CMSIS/Include/cmsis_gcc.h **** /* Fallback for __has_builtin */
  35:Drivers/CMSIS/Include/cmsis_gcc.h **** #ifndef __has_builtin
  36:Drivers/CMSIS/Include/cmsis_gcc.h ****   #define __has_builtin(x) (0)
  37:Drivers/CMSIS/Include/cmsis_gcc.h **** #endif
  38:Drivers/CMSIS/Include/cmsis_gcc.h **** 
  39:Drivers/CMSIS/Include/cmsis_gcc.h **** /* CMSIS compiler specific defines */
  40:Drivers/CMSIS/Include/cmsis_gcc.h **** #ifndef   __ASM
  41:Drivers/CMSIS/Include/cmsis_gcc.h ****   #define __ASM                                  __asm
  42:Drivers/CMSIS/Include/cmsis_gcc.h **** #endif
  43:Drivers/CMSIS/Include/cmsis_gcc.h **** #ifndef   __INLINE
  44:Drivers/CMSIS/Include/cmsis_gcc.h ****   #define __INLINE                               inline
  45:Drivers/CMSIS/Include/cmsis_gcc.h **** #endif
  46:Drivers/CMSIS/Include/cmsis_gcc.h **** #ifndef   __STATIC_INLINE
  47:Drivers/CMSIS/Include/cmsis_gcc.h ****   #define __STATIC_INLINE                        static inline
  48:Drivers/CMSIS/Include/cmsis_gcc.h **** #endif
  49:Drivers/CMSIS/Include/cmsis_gcc.h **** #ifndef   __STATIC_FORCEINLINE                 
  50:Drivers/CMSIS/Include/cmsis_gcc.h ****   #define __STATIC_FORCEINLINE                   __attribute__((always_inline)) static inline
  51:Drivers/CMSIS/Include/cmsis_gcc.h **** #endif                                           
  52:Drivers/CMSIS/Include/cmsis_gcc.h **** #ifndef   __NO_RETURN
  53:Drivers/CMSIS/Include/cmsis_gcc.h ****   #define __NO_RETURN                            __attribute__((__noreturn__))
  54:Drivers/CMSIS/Include/cmsis_gcc.h **** #endif
  55:Drivers/CMSIS/Include/cmsis_gcc.h **** #ifndef   __USED
  56:Drivers/CMSIS/Include/cmsis_gcc.h ****   #define __USED                                 __attribute__((used))
  57:Drivers/CMSIS/Include/cmsis_gcc.h **** #endif
  58:Drivers/CMSIS/Include/cmsis_gcc.h **** #ifndef   __WEAK
  59:Drivers/CMSIS/Include/cmsis_gcc.h ****   #define __WEAK                                 __attribute__((weak))
  60:Drivers/CMSIS/Include/cmsis_gcc.h **** #endif
  61:Drivers/CMSIS/Include/cmsis_gcc.h **** #ifndef   __PACKED
  62:Drivers/CMSIS/Include/cmsis_gcc.h ****   #define __PACKED                               __attribute__((packed, aligned(1)))
  63:Drivers/CMSIS/Include/cmsis_gcc.h **** #endif
  64:Drivers/CMSIS/Include/cmsis_gcc.h **** #ifndef   __PACKED_STRUCT
  65:Drivers/CMSIS/Include/cmsis_gcc.h ****   #define __PACKED_STRUCT                        struct __attribute__((packed, aligned(1)))
  66:Drivers/CMSIS/Include/cmsis_gcc.h **** #endif
  67:Drivers/CMSIS/Include/cmsis_gcc.h **** #ifndef   __PACKED_UNION
  68:Drivers/CMSIS/Include/cmsis_gcc.h ****   #define __PACKED_UNION                         union __attribute__((packed, aligned(1)))
  69:Drivers/CMSIS/Include/cmsis_gcc.h **** #endif
  70:Drivers/CMSIS/Include/cmsis_gcc.h **** #ifndef   __UNALIGNED_UINT32        /* deprecated */
  71:Drivers/CMSIS/Include/cmsis_gcc.h ****   #pragma GCC diagnostic push
  72:Drivers/CMSIS/Include/cmsis_gcc.h ****   #pragma GCC diagnostic ignored "-Wpacked"
  73:Drivers/CMSIS/Include/cmsis_gcc.h ****   #pragma GCC diagnostic ignored "-Wattributes"
  74:Drivers/CMSIS/Include/cmsis_gcc.h ****   struct __attribute__((packed)) T_UINT32 { uint32_t v; };
  75:Drivers/CMSIS/Include/cmsis_gcc.h ****   #pragma GCC diagnostic pop
  76:Drivers/CMSIS/Include/cmsis_gcc.h ****   #define __UNALIGNED_UINT32(x)                  (((struct T_UINT32 *)(x))->v)
  77:Drivers/CMSIS/Include/cmsis_gcc.h **** #endif
  78:Drivers/CMSIS/Include/cmsis_gcc.h **** #ifndef   __UNALIGNED_UINT16_WRITE
  79:Drivers/CMSIS/Include/cmsis_gcc.h ****   #pragma GCC diagnostic push
  80:Drivers/CMSIS/Include/cmsis_gcc.h ****   #pragma GCC diagnostic ignored "-Wpacked"
  81:Drivers/CMSIS/Include/cmsis_gcc.h ****   #pragma GCC diagnostic ignored "-Wattributes"
  82:Drivers/CMSIS/Include/cmsis_gcc.h ****   __PACKED_STRUCT T_UINT16_WRITE { uint16_t v; };
  83:Drivers/CMSIS/Include/cmsis_gcc.h ****   #pragma GCC diagnostic pop
  84:Drivers/CMSIS/Include/cmsis_gcc.h ****   #define __UNALIGNED_UINT16_WRITE(addr, val)    (void)((((struct T_UINT16_WRITE *)(void *)(addr))-
ARM GAS  /tmp/ccU4oX3W.s 			page 23


  85:Drivers/CMSIS/Include/cmsis_gcc.h **** #endif
  86:Drivers/CMSIS/Include/cmsis_gcc.h **** #ifndef   __UNALIGNED_UINT16_READ
  87:Drivers/CMSIS/Include/cmsis_gcc.h ****   #pragma GCC diagnostic push
  88:Drivers/CMSIS/Include/cmsis_gcc.h ****   #pragma GCC diagnostic ignored "-Wpacked"
  89:Drivers/CMSIS/Include/cmsis_gcc.h ****   #pragma GCC diagnostic ignored "-Wattributes"
  90:Drivers/CMSIS/Include/cmsis_gcc.h ****   __PACKED_STRUCT T_UINT16_READ { uint16_t v; };
  91:Drivers/CMSIS/Include/cmsis_gcc.h ****   #pragma GCC diagnostic pop
  92:Drivers/CMSIS/Include/cmsis_gcc.h ****   #define __UNALIGNED_UINT16_READ(addr)          (((const struct T_UINT16_READ *)(const void *)(add
  93:Drivers/CMSIS/Include/cmsis_gcc.h **** #endif
  94:Drivers/CMSIS/Include/cmsis_gcc.h **** #ifndef   __UNALIGNED_UINT32_WRITE
  95:Drivers/CMSIS/Include/cmsis_gcc.h ****   #pragma GCC diagnostic push
  96:Drivers/CMSIS/Include/cmsis_gcc.h ****   #pragma GCC diagnostic ignored "-Wpacked"
  97:Drivers/CMSIS/Include/cmsis_gcc.h ****   #pragma GCC diagnostic ignored "-Wattributes"
  98:Drivers/CMSIS/Include/cmsis_gcc.h ****   __PACKED_STRUCT T_UINT32_WRITE { uint32_t v; };
  99:Drivers/CMSIS/Include/cmsis_gcc.h ****   #pragma GCC diagnostic pop
 100:Drivers/CMSIS/Include/cmsis_gcc.h ****   #define __UNALIGNED_UINT32_WRITE(addr, val)    (void)((((struct T_UINT32_WRITE *)(void *)(addr))-
 101:Drivers/CMSIS/Include/cmsis_gcc.h **** #endif
 102:Drivers/CMSIS/Include/cmsis_gcc.h **** #ifndef   __UNALIGNED_UINT32_READ
 103:Drivers/CMSIS/Include/cmsis_gcc.h ****   #pragma GCC diagnostic push
 104:Drivers/CMSIS/Include/cmsis_gcc.h ****   #pragma GCC diagnostic ignored "-Wpacked"
 105:Drivers/CMSIS/Include/cmsis_gcc.h ****   #pragma GCC diagnostic ignored "-Wattributes"
 106:Drivers/CMSIS/Include/cmsis_gcc.h ****   __PACKED_STRUCT T_UINT32_READ { uint32_t v; };
 107:Drivers/CMSIS/Include/cmsis_gcc.h ****   #pragma GCC diagnostic pop
 108:Drivers/CMSIS/Include/cmsis_gcc.h ****   #define __UNALIGNED_UINT32_READ(addr)          (((const struct T_UINT32_READ *)(const void *)(add
 109:Drivers/CMSIS/Include/cmsis_gcc.h **** #endif
 110:Drivers/CMSIS/Include/cmsis_gcc.h **** #ifndef   __ALIGNED
 111:Drivers/CMSIS/Include/cmsis_gcc.h ****   #define __ALIGNED(x)                           __attribute__((aligned(x)))
 112:Drivers/CMSIS/Include/cmsis_gcc.h **** #endif
 113:Drivers/CMSIS/Include/cmsis_gcc.h **** #ifndef   __RESTRICT
 114:Drivers/CMSIS/Include/cmsis_gcc.h ****   #define __RESTRICT                             __restrict
 115:Drivers/CMSIS/Include/cmsis_gcc.h **** #endif
 116:Drivers/CMSIS/Include/cmsis_gcc.h **** #ifndef   __COMPILER_BARRIER
 117:Drivers/CMSIS/Include/cmsis_gcc.h ****   #define __COMPILER_BARRIER()                   __ASM volatile("":::"memory")
 118:Drivers/CMSIS/Include/cmsis_gcc.h **** #endif
 119:Drivers/CMSIS/Include/cmsis_gcc.h **** 
 120:Drivers/CMSIS/Include/cmsis_gcc.h **** /* #########################  Startup and Lowlevel Init  ######################## */
 121:Drivers/CMSIS/Include/cmsis_gcc.h **** 
 122:Drivers/CMSIS/Include/cmsis_gcc.h **** #ifndef __PROGRAM_START
 123:Drivers/CMSIS/Include/cmsis_gcc.h **** 
 124:Drivers/CMSIS/Include/cmsis_gcc.h **** /**
 125:Drivers/CMSIS/Include/cmsis_gcc.h ****   \brief   Initializes data and bss sections
 126:Drivers/CMSIS/Include/cmsis_gcc.h ****   \details This default implementations initialized all data and additional bss
 127:Drivers/CMSIS/Include/cmsis_gcc.h ****            sections relying on .copy.table and .zero.table specified properly
 128:Drivers/CMSIS/Include/cmsis_gcc.h ****            in the used linker script.
 129:Drivers/CMSIS/Include/cmsis_gcc.h ****   
 130:Drivers/CMSIS/Include/cmsis_gcc.h ****  */
 131:Drivers/CMSIS/Include/cmsis_gcc.h **** __STATIC_FORCEINLINE __NO_RETURN void __cmsis_start(void)
 132:Drivers/CMSIS/Include/cmsis_gcc.h **** {
 133:Drivers/CMSIS/Include/cmsis_gcc.h ****   extern void _start(void) __NO_RETURN;
 134:Drivers/CMSIS/Include/cmsis_gcc.h ****   
 135:Drivers/CMSIS/Include/cmsis_gcc.h ****   typedef struct {
 136:Drivers/CMSIS/Include/cmsis_gcc.h ****     uint32_t const* src;
 137:Drivers/CMSIS/Include/cmsis_gcc.h ****     uint32_t* dest;
 138:Drivers/CMSIS/Include/cmsis_gcc.h ****     uint32_t  wlen;
 139:Drivers/CMSIS/Include/cmsis_gcc.h ****   } __copy_table_t;
 140:Drivers/CMSIS/Include/cmsis_gcc.h ****   
 141:Drivers/CMSIS/Include/cmsis_gcc.h ****   typedef struct {
ARM GAS  /tmp/ccU4oX3W.s 			page 24


 142:Drivers/CMSIS/Include/cmsis_gcc.h ****     uint32_t* dest;
 143:Drivers/CMSIS/Include/cmsis_gcc.h ****     uint32_t  wlen;
 144:Drivers/CMSIS/Include/cmsis_gcc.h ****   } __zero_table_t;
 145:Drivers/CMSIS/Include/cmsis_gcc.h ****   
 146:Drivers/CMSIS/Include/cmsis_gcc.h ****   extern const __copy_table_t __copy_table_start__;
 147:Drivers/CMSIS/Include/cmsis_gcc.h ****   extern const __copy_table_t __copy_table_end__;
 148:Drivers/CMSIS/Include/cmsis_gcc.h ****   extern const __zero_table_t __zero_table_start__;
 149:Drivers/CMSIS/Include/cmsis_gcc.h ****   extern const __zero_table_t __zero_table_end__;
 150:Drivers/CMSIS/Include/cmsis_gcc.h **** 
 151:Drivers/CMSIS/Include/cmsis_gcc.h ****   for (__copy_table_t const* pTable = &__copy_table_start__; pTable < &__copy_table_end__; ++pTable
 152:Drivers/CMSIS/Include/cmsis_gcc.h ****     for(uint32_t i=0u; i<pTable->wlen; ++i) {
 153:Drivers/CMSIS/Include/cmsis_gcc.h ****       pTable->dest[i] = pTable->src[i];
 154:Drivers/CMSIS/Include/cmsis_gcc.h ****     }
 155:Drivers/CMSIS/Include/cmsis_gcc.h ****   }
 156:Drivers/CMSIS/Include/cmsis_gcc.h ****  
 157:Drivers/CMSIS/Include/cmsis_gcc.h ****   for (__zero_table_t const* pTable = &__zero_table_start__; pTable < &__zero_table_end__; ++pTable
 158:Drivers/CMSIS/Include/cmsis_gcc.h ****     for(uint32_t i=0u; i<pTable->wlen; ++i) {
 159:Drivers/CMSIS/Include/cmsis_gcc.h ****       pTable->dest[i] = 0u;
 160:Drivers/CMSIS/Include/cmsis_gcc.h ****     }
 161:Drivers/CMSIS/Include/cmsis_gcc.h ****   }
 162:Drivers/CMSIS/Include/cmsis_gcc.h ****  
 163:Drivers/CMSIS/Include/cmsis_gcc.h ****   _start();
 164:Drivers/CMSIS/Include/cmsis_gcc.h **** }
 165:Drivers/CMSIS/Include/cmsis_gcc.h ****   
 166:Drivers/CMSIS/Include/cmsis_gcc.h **** #define __PROGRAM_START           __cmsis_start
 167:Drivers/CMSIS/Include/cmsis_gcc.h **** #endif
 168:Drivers/CMSIS/Include/cmsis_gcc.h **** 
 169:Drivers/CMSIS/Include/cmsis_gcc.h **** #ifndef __INITIAL_SP
 170:Drivers/CMSIS/Include/cmsis_gcc.h **** #define __INITIAL_SP              __StackTop
 171:Drivers/CMSIS/Include/cmsis_gcc.h **** #endif
 172:Drivers/CMSIS/Include/cmsis_gcc.h **** 
 173:Drivers/CMSIS/Include/cmsis_gcc.h **** #ifndef __STACK_LIMIT
 174:Drivers/CMSIS/Include/cmsis_gcc.h **** #define __STACK_LIMIT             __StackLimit
 175:Drivers/CMSIS/Include/cmsis_gcc.h **** #endif
 176:Drivers/CMSIS/Include/cmsis_gcc.h **** 
 177:Drivers/CMSIS/Include/cmsis_gcc.h **** #ifndef __VECTOR_TABLE
 178:Drivers/CMSIS/Include/cmsis_gcc.h **** #define __VECTOR_TABLE            __Vectors
 179:Drivers/CMSIS/Include/cmsis_gcc.h **** #endif
 180:Drivers/CMSIS/Include/cmsis_gcc.h **** 
 181:Drivers/CMSIS/Include/cmsis_gcc.h **** #ifndef __VECTOR_TABLE_ATTRIBUTE
 182:Drivers/CMSIS/Include/cmsis_gcc.h **** #define __VECTOR_TABLE_ATTRIBUTE  __attribute((used, section(".vectors")))
 183:Drivers/CMSIS/Include/cmsis_gcc.h **** #endif
 184:Drivers/CMSIS/Include/cmsis_gcc.h **** 
 185:Drivers/CMSIS/Include/cmsis_gcc.h **** /* ###########################  Core Function Access  ########################### */
 186:Drivers/CMSIS/Include/cmsis_gcc.h **** /** \ingroup  CMSIS_Core_FunctionInterface
 187:Drivers/CMSIS/Include/cmsis_gcc.h ****     \defgroup CMSIS_Core_RegAccFunctions CMSIS Core Register Access Functions
 188:Drivers/CMSIS/Include/cmsis_gcc.h ****   @{
 189:Drivers/CMSIS/Include/cmsis_gcc.h ****  */
 190:Drivers/CMSIS/Include/cmsis_gcc.h **** 
 191:Drivers/CMSIS/Include/cmsis_gcc.h **** /**
 192:Drivers/CMSIS/Include/cmsis_gcc.h ****   \brief   Enable IRQ Interrupts
 193:Drivers/CMSIS/Include/cmsis_gcc.h ****   \details Enables IRQ interrupts by clearing the I-bit in the CPSR.
 194:Drivers/CMSIS/Include/cmsis_gcc.h ****            Can only be executed in Privileged modes.
 195:Drivers/CMSIS/Include/cmsis_gcc.h ****  */
 196:Drivers/CMSIS/Include/cmsis_gcc.h **** __STATIC_FORCEINLINE void __enable_irq(void)
 197:Drivers/CMSIS/Include/cmsis_gcc.h **** {
 198:Drivers/CMSIS/Include/cmsis_gcc.h ****   __ASM volatile ("cpsie i" : : : "memory");
ARM GAS  /tmp/ccU4oX3W.s 			page 25


 199:Drivers/CMSIS/Include/cmsis_gcc.h **** }
 200:Drivers/CMSIS/Include/cmsis_gcc.h **** 
 201:Drivers/CMSIS/Include/cmsis_gcc.h **** 
 202:Drivers/CMSIS/Include/cmsis_gcc.h **** /**
 203:Drivers/CMSIS/Include/cmsis_gcc.h ****   \brief   Disable IRQ Interrupts
 204:Drivers/CMSIS/Include/cmsis_gcc.h ****   \details Disables IRQ interrupts by setting the I-bit in the CPSR.
 205:Drivers/CMSIS/Include/cmsis_gcc.h ****            Can only be executed in Privileged modes.
 206:Drivers/CMSIS/Include/cmsis_gcc.h ****  */
 207:Drivers/CMSIS/Include/cmsis_gcc.h **** __STATIC_FORCEINLINE void __disable_irq(void)
 544              		.loc 2 207 27 view .LVU144
 545              	.LBB12:
 208:Drivers/CMSIS/Include/cmsis_gcc.h **** {
 209:Drivers/CMSIS/Include/cmsis_gcc.h ****   __ASM volatile ("cpsid i" : : : "memory");
 546              		.loc 2 209 3 view .LVU145
 547              		.syntax unified
 548              	@ 209 "Drivers/CMSIS/Include/cmsis_gcc.h" 1
 549 0000 72B6     		cpsid i
 550              	@ 0 "" 2
 551              		.thumb
 552              		.syntax unified
 553              	.L28:
 554              	.LBE12:
 555              	.LBE11:
 565:Core/Src/main.c ****   while (1)
 556              		.loc 1 565 3 discriminator 1 view .LVU146
 566:Core/Src/main.c ****   {
 567:Core/Src/main.c ****   }
 557              		.loc 1 567 3 discriminator 1 view .LVU147
 565:Core/Src/main.c ****   while (1)
 558              		.loc 1 565 9 discriminator 1 view .LVU148
 559 0002 FEE7     		b	.L28
 560              		.cfi_endproc
 561              	.LFE185:
 563              		.section	.text.MX_CORDIC_Init,"ax",%progbits
 564              		.align	1
 565              		.syntax unified
 566              		.thumb
 567              		.thumb_func
 568              		.fpu fpv5-d16
 570              	MX_CORDIC_Init:
 571              	.LFB175:
 247:Core/Src/main.c **** 
 572              		.loc 1 247 1 view -0
 573              		.cfi_startproc
 574              		@ args = 0, pretend = 0, frame = 0
 575              		@ frame_needed = 0, uses_anonymous_args = 0
 576 0000 08B5     		push	{r3, lr}
 577              	.LCFI12:
 578              		.cfi_def_cfa_offset 8
 579              		.cfi_offset 3, -8
 580              		.cfi_offset 14, -4
 256:Core/Src/main.c ****   if (HAL_CORDIC_Init(&hcordic) != HAL_OK)
 581              		.loc 1 256 3 view .LVU150
 256:Core/Src/main.c ****   if (HAL_CORDIC_Init(&hcordic) != HAL_OK)
 582              		.loc 1 256 20 is_stmt 0 view .LVU151
 583 0002 0448     		ldr	r0, .L33
 584 0004 044B     		ldr	r3, .L33+4
ARM GAS  /tmp/ccU4oX3W.s 			page 26


 585 0006 0360     		str	r3, [r0]
 257:Core/Src/main.c ****   {
 586              		.loc 1 257 3 is_stmt 1 view .LVU152
 257:Core/Src/main.c ****   {
 587              		.loc 1 257 7 is_stmt 0 view .LVU153
 588 0008 FFF7FEFF 		bl	HAL_CORDIC_Init
 589              	.LVL25:
 257:Core/Src/main.c ****   {
 590              		.loc 1 257 6 view .LVU154
 591 000c 00B9     		cbnz	r0, .L32
 265:Core/Src/main.c **** 
 592              		.loc 1 265 1 view .LVU155
 593 000e 08BD     		pop	{r3, pc}
 594              	.L32:
 259:Core/Src/main.c ****   }
 595              		.loc 1 259 5 is_stmt 1 view .LVU156
 596 0010 FFF7FEFF 		bl	Error_Handler
 597              	.LVL26:
 598              	.L34:
 599              		.align	2
 600              	.L33:
 601 0014 00000000 		.word	.LANCHOR0
 602 0018 00440248 		.word	1208108032
 603              		.cfi_endproc
 604              	.LFE175:
 606              		.section	.text.MX_FDCAN1_Init,"ax",%progbits
 607              		.align	1
 608              		.syntax unified
 609              		.thumb
 610              		.thumb_func
 611              		.fpu fpv5-d16
 613              	MX_FDCAN1_Init:
 614              	.LFB176:
 273:Core/Src/main.c **** 
 615              		.loc 1 273 1 view -0
 616              		.cfi_startproc
 617              		@ args = 0, pretend = 0, frame = 0
 618              		@ frame_needed = 0, uses_anonymous_args = 0
 619 0000 08B5     		push	{r3, lr}
 620              	.LCFI13:
 621              		.cfi_def_cfa_offset 8
 622              		.cfi_offset 3, -8
 623              		.cfi_offset 14, -4
 282:Core/Src/main.c ****   hfdcan1.Init.FrameFormat = FDCAN_FRAME_CLASSIC;
 624              		.loc 1 282 3 view .LVU158
 282:Core/Src/main.c ****   hfdcan1.Init.FrameFormat = FDCAN_FRAME_CLASSIC;
 625              		.loc 1 282 20 is_stmt 0 view .LVU159
 626 0002 1548     		ldr	r0, .L39
 627 0004 154B     		ldr	r3, .L39+4
 628 0006 0360     		str	r3, [r0]
 283:Core/Src/main.c ****   hfdcan1.Init.Mode = FDCAN_MODE_NORMAL;
 629              		.loc 1 283 3 is_stmt 1 view .LVU160
 283:Core/Src/main.c ****   hfdcan1.Init.Mode = FDCAN_MODE_NORMAL;
 630              		.loc 1 283 28 is_stmt 0 view .LVU161
 631 0008 0023     		movs	r3, #0
 632 000a 8360     		str	r3, [r0, #8]
 284:Core/Src/main.c ****   hfdcan1.Init.AutoRetransmission = ENABLE;
ARM GAS  /tmp/ccU4oX3W.s 			page 27


 633              		.loc 1 284 3 is_stmt 1 view .LVU162
 284:Core/Src/main.c ****   hfdcan1.Init.AutoRetransmission = ENABLE;
 634              		.loc 1 284 21 is_stmt 0 view .LVU163
 635 000c C360     		str	r3, [r0, #12]
 285:Core/Src/main.c ****   hfdcan1.Init.TransmitPause = DISABLE;
 636              		.loc 1 285 3 is_stmt 1 view .LVU164
 285:Core/Src/main.c ****   hfdcan1.Init.TransmitPause = DISABLE;
 637              		.loc 1 285 35 is_stmt 0 view .LVU165
 638 000e 0122     		movs	r2, #1
 639 0010 0274     		strb	r2, [r0, #16]
 286:Core/Src/main.c ****   hfdcan1.Init.ProtocolException = DISABLE;
 640              		.loc 1 286 3 is_stmt 1 view .LVU166
 286:Core/Src/main.c ****   hfdcan1.Init.ProtocolException = DISABLE;
 641              		.loc 1 286 30 is_stmt 0 view .LVU167
 642 0012 4374     		strb	r3, [r0, #17]
 287:Core/Src/main.c ****   hfdcan1.Init.NominalPrescaler = 10;
 643              		.loc 1 287 3 is_stmt 1 view .LVU168
 287:Core/Src/main.c ****   hfdcan1.Init.NominalPrescaler = 10;
 644              		.loc 1 287 34 is_stmt 0 view .LVU169
 645 0014 8374     		strb	r3, [r0, #18]
 288:Core/Src/main.c ****   hfdcan1.Init.NominalSyncJumpWidth = 1;
 646              		.loc 1 288 3 is_stmt 1 view .LVU170
 288:Core/Src/main.c ****   hfdcan1.Init.NominalSyncJumpWidth = 1;
 647              		.loc 1 288 33 is_stmt 0 view .LVU171
 648 0016 0A21     		movs	r1, #10
 649 0018 4161     		str	r1, [r0, #20]
 289:Core/Src/main.c ****   hfdcan1.Init.NominalTimeSeg1 = 10;
 650              		.loc 1 289 3 is_stmt 1 view .LVU172
 289:Core/Src/main.c ****   hfdcan1.Init.NominalTimeSeg1 = 10;
 651              		.loc 1 289 37 is_stmt 0 view .LVU173
 652 001a 8261     		str	r2, [r0, #24]
 290:Core/Src/main.c ****   hfdcan1.Init.NominalTimeSeg2 = 2;
 653              		.loc 1 290 3 is_stmt 1 view .LVU174
 290:Core/Src/main.c ****   hfdcan1.Init.NominalTimeSeg2 = 2;
 654              		.loc 1 290 32 is_stmt 0 view .LVU175
 655 001c C161     		str	r1, [r0, #28]
 291:Core/Src/main.c ****   hfdcan1.Init.DataPrescaler = 1;
 656              		.loc 1 291 3 is_stmt 1 view .LVU176
 291:Core/Src/main.c ****   hfdcan1.Init.DataPrescaler = 1;
 657              		.loc 1 291 32 is_stmt 0 view .LVU177
 658 001e 0221     		movs	r1, #2
 659 0020 0162     		str	r1, [r0, #32]
 292:Core/Src/main.c ****   hfdcan1.Init.DataSyncJumpWidth = 1;
 660              		.loc 1 292 3 is_stmt 1 view .LVU178
 292:Core/Src/main.c ****   hfdcan1.Init.DataSyncJumpWidth = 1;
 661              		.loc 1 292 30 is_stmt 0 view .LVU179
 662 0022 4262     		str	r2, [r0, #36]
 293:Core/Src/main.c ****   hfdcan1.Init.DataTimeSeg1 = 1;
 663              		.loc 1 293 3 is_stmt 1 view .LVU180
 293:Core/Src/main.c ****   hfdcan1.Init.DataTimeSeg1 = 1;
 664              		.loc 1 293 34 is_stmt 0 view .LVU181
 665 0024 8262     		str	r2, [r0, #40]
 294:Core/Src/main.c ****   hfdcan1.Init.DataTimeSeg2 = 1;
 666              		.loc 1 294 3 is_stmt 1 view .LVU182
 294:Core/Src/main.c ****   hfdcan1.Init.DataTimeSeg2 = 1;
 667              		.loc 1 294 29 is_stmt 0 view .LVU183
 668 0026 C262     		str	r2, [r0, #44]
ARM GAS  /tmp/ccU4oX3W.s 			page 28


 295:Core/Src/main.c ****   hfdcan1.Init.MessageRAMOffset = 0;
 669              		.loc 1 295 3 is_stmt 1 view .LVU184
 295:Core/Src/main.c ****   hfdcan1.Init.MessageRAMOffset = 0;
 670              		.loc 1 295 29 is_stmt 0 view .LVU185
 671 0028 0263     		str	r2, [r0, #48]
 296:Core/Src/main.c ****   hfdcan1.Init.StdFiltersNbr = 1;
 672              		.loc 1 296 3 is_stmt 1 view .LVU186
 296:Core/Src/main.c ****   hfdcan1.Init.StdFiltersNbr = 1;
 673              		.loc 1 296 33 is_stmt 0 view .LVU187
 674 002a 4363     		str	r3, [r0, #52]
 297:Core/Src/main.c ****   hfdcan1.Init.ExtFiltersNbr = 0;
 675              		.loc 1 297 3 is_stmt 1 view .LVU188
 297:Core/Src/main.c ****   hfdcan1.Init.ExtFiltersNbr = 0;
 676              		.loc 1 297 30 is_stmt 0 view .LVU189
 677 002c 8263     		str	r2, [r0, #56]
 298:Core/Src/main.c ****   hfdcan1.Init.RxFifo0ElmtsNbr = 8;
 678              		.loc 1 298 3 is_stmt 1 view .LVU190
 298:Core/Src/main.c ****   hfdcan1.Init.RxFifo0ElmtsNbr = 8;
 679              		.loc 1 298 30 is_stmt 0 view .LVU191
 680 002e C363     		str	r3, [r0, #60]
 299:Core/Src/main.c ****   hfdcan1.Init.RxFifo0ElmtSize = FDCAN_DATA_BYTES_8;
 681              		.loc 1 299 3 is_stmt 1 view .LVU192
 299:Core/Src/main.c ****   hfdcan1.Init.RxFifo0ElmtSize = FDCAN_DATA_BYTES_8;
 682              		.loc 1 299 32 is_stmt 0 view .LVU193
 683 0030 0822     		movs	r2, #8
 684 0032 0264     		str	r2, [r0, #64]
 300:Core/Src/main.c ****   hfdcan1.Init.RxFifo1ElmtsNbr = 0;
 685              		.loc 1 300 3 is_stmt 1 view .LVU194
 300:Core/Src/main.c ****   hfdcan1.Init.RxFifo1ElmtsNbr = 0;
 686              		.loc 1 300 32 is_stmt 0 view .LVU195
 687 0034 0422     		movs	r2, #4
 688 0036 4264     		str	r2, [r0, #68]
 301:Core/Src/main.c ****   hfdcan1.Init.RxFifo1ElmtSize = FDCAN_DATA_BYTES_8;
 689              		.loc 1 301 3 is_stmt 1 view .LVU196
 301:Core/Src/main.c ****   hfdcan1.Init.RxFifo1ElmtSize = FDCAN_DATA_BYTES_8;
 690              		.loc 1 301 32 is_stmt 0 view .LVU197
 691 0038 8364     		str	r3, [r0, #72]
 302:Core/Src/main.c ****   hfdcan1.Init.RxBuffersNbr = 0;
 692              		.loc 1 302 3 is_stmt 1 view .LVU198
 302:Core/Src/main.c ****   hfdcan1.Init.RxBuffersNbr = 0;
 693              		.loc 1 302 32 is_stmt 0 view .LVU199
 694 003a C264     		str	r2, [r0, #76]
 303:Core/Src/main.c ****   hfdcan1.Init.RxBufferSize = FDCAN_DATA_BYTES_8;
 695              		.loc 1 303 3 is_stmt 1 view .LVU200
 303:Core/Src/main.c ****   hfdcan1.Init.RxBufferSize = FDCAN_DATA_BYTES_8;
 696              		.loc 1 303 29 is_stmt 0 view .LVU201
 697 003c 0365     		str	r3, [r0, #80]
 304:Core/Src/main.c ****   hfdcan1.Init.TxEventsNbr = 0;
 698              		.loc 1 304 3 is_stmt 1 view .LVU202
 304:Core/Src/main.c ****   hfdcan1.Init.TxEventsNbr = 0;
 699              		.loc 1 304 29 is_stmt 0 view .LVU203
 700 003e 4265     		str	r2, [r0, #84]
 305:Core/Src/main.c ****   hfdcan1.Init.TxBuffersNbr = 0;
 701              		.loc 1 305 3 is_stmt 1 view .LVU204
 305:Core/Src/main.c ****   hfdcan1.Init.TxBuffersNbr = 0;
 702              		.loc 1 305 28 is_stmt 0 view .LVU205
 703 0040 8365     		str	r3, [r0, #88]
ARM GAS  /tmp/ccU4oX3W.s 			page 29


 306:Core/Src/main.c ****   hfdcan1.Init.TxFifoQueueElmtsNbr = 32;
 704              		.loc 1 306 3 is_stmt 1 view .LVU206
 306:Core/Src/main.c ****   hfdcan1.Init.TxFifoQueueElmtsNbr = 32;
 705              		.loc 1 306 29 is_stmt 0 view .LVU207
 706 0042 C365     		str	r3, [r0, #92]
 307:Core/Src/main.c ****   hfdcan1.Init.TxFifoQueueMode = FDCAN_TX_FIFO_OPERATION;
 707              		.loc 1 307 3 is_stmt 1 view .LVU208
 307:Core/Src/main.c ****   hfdcan1.Init.TxFifoQueueMode = FDCAN_TX_FIFO_OPERATION;
 708              		.loc 1 307 36 is_stmt 0 view .LVU209
 709 0044 2021     		movs	r1, #32
 710 0046 0166     		str	r1, [r0, #96]
 308:Core/Src/main.c ****   hfdcan1.Init.TxElmtSize = FDCAN_DATA_BYTES_8;
 711              		.loc 1 308 3 is_stmt 1 view .LVU210
 308:Core/Src/main.c ****   hfdcan1.Init.TxElmtSize = FDCAN_DATA_BYTES_8;
 712              		.loc 1 308 32 is_stmt 0 view .LVU211
 713 0048 4366     		str	r3, [r0, #100]
 309:Core/Src/main.c ****   if (HAL_FDCAN_Init(&hfdcan1) != HAL_OK)
 714              		.loc 1 309 3 is_stmt 1 view .LVU212
 309:Core/Src/main.c ****   if (HAL_FDCAN_Init(&hfdcan1) != HAL_OK)
 715              		.loc 1 309 27 is_stmt 0 view .LVU213
 716 004a 8266     		str	r2, [r0, #104]
 310:Core/Src/main.c ****   {
 717              		.loc 1 310 3 is_stmt 1 view .LVU214
 310:Core/Src/main.c ****   {
 718              		.loc 1 310 7 is_stmt 0 view .LVU215
 719 004c FFF7FEFF 		bl	HAL_FDCAN_Init
 720              	.LVL27:
 310:Core/Src/main.c ****   {
 721              		.loc 1 310 6 view .LVU216
 722 0050 00B9     		cbnz	r0, .L38
 318:Core/Src/main.c **** 
 723              		.loc 1 318 1 view .LVU217
 724 0052 08BD     		pop	{r3, pc}
 725              	.L38:
 312:Core/Src/main.c ****   }
 726              		.loc 1 312 5 is_stmt 1 view .LVU218
 727 0054 FFF7FEFF 		bl	Error_Handler
 728              	.LVL28:
 729              	.L40:
 730              		.align	2
 731              	.L39:
 732 0058 00000000 		.word	.LANCHOR1
 733 005c 00A00040 		.word	1073782784
 734              		.cfi_endproc
 735              	.LFE176:
 737              		.section	.text.MX_FMAC_Init,"ax",%progbits
 738              		.align	1
 739              		.syntax unified
 740              		.thumb
 741              		.thumb_func
 742              		.fpu fpv5-d16
 744              	MX_FMAC_Init:
 745              	.LFB177:
 326:Core/Src/main.c **** 
 746              		.loc 1 326 1 view -0
 747              		.cfi_startproc
 748              		@ args = 0, pretend = 0, frame = 0
ARM GAS  /tmp/ccU4oX3W.s 			page 30


 749              		@ frame_needed = 0, uses_anonymous_args = 0
 750 0000 08B5     		push	{r3, lr}
 751              	.LCFI14:
 752              		.cfi_def_cfa_offset 8
 753              		.cfi_offset 3, -8
 754              		.cfi_offset 14, -4
 335:Core/Src/main.c ****   if (HAL_FMAC_Init(&hfmac) != HAL_OK)
 755              		.loc 1 335 3 view .LVU220
 335:Core/Src/main.c ****   if (HAL_FMAC_Init(&hfmac) != HAL_OK)
 756              		.loc 1 335 18 is_stmt 0 view .LVU221
 757 0002 0448     		ldr	r0, .L45
 758 0004 044B     		ldr	r3, .L45+4
 759 0006 0360     		str	r3, [r0]
 336:Core/Src/main.c ****   {
 760              		.loc 1 336 3 is_stmt 1 view .LVU222
 336:Core/Src/main.c ****   {
 761              		.loc 1 336 7 is_stmt 0 view .LVU223
 762 0008 FFF7FEFF 		bl	HAL_FMAC_Init
 763              	.LVL29:
 336:Core/Src/main.c ****   {
 764              		.loc 1 336 6 view .LVU224
 765 000c 00B9     		cbnz	r0, .L44
 344:Core/Src/main.c **** 
 766              		.loc 1 344 1 view .LVU225
 767 000e 08BD     		pop	{r3, pc}
 768              	.L44:
 338:Core/Src/main.c ****   }
 769              		.loc 1 338 5 is_stmt 1 view .LVU226
 770 0010 FFF7FEFF 		bl	Error_Handler
 771              	.LVL30:
 772              	.L46:
 773              		.align	2
 774              	.L45:
 775 0014 00000000 		.word	.LANCHOR2
 776 0018 00400248 		.word	1208107008
 777              		.cfi_endproc
 778              	.LFE177:
 780              		.section	.text.MX_USART3_UART_Init,"ax",%progbits
 781              		.align	1
 782              		.syntax unified
 783              		.thumb
 784              		.thumb_func
 785              		.fpu fpv5-d16
 787              	MX_USART3_UART_Init:
 788              	.LFB178:
 352:Core/Src/main.c **** 
 789              		.loc 1 352 1 view -0
 790              		.cfi_startproc
 791              		@ args = 0, pretend = 0, frame = 0
 792              		@ frame_needed = 0, uses_anonymous_args = 0
 793 0000 08B5     		push	{r3, lr}
 794              	.LCFI15:
 795              		.cfi_def_cfa_offset 8
 796              		.cfi_offset 3, -8
 797              		.cfi_offset 14, -4
 361:Core/Src/main.c ****   huart3.Init.BaudRate = 115200;
 798              		.loc 1 361 3 view .LVU228
ARM GAS  /tmp/ccU4oX3W.s 			page 31


 361:Core/Src/main.c ****   huart3.Init.BaudRate = 115200;
 799              		.loc 1 361 19 is_stmt 0 view .LVU229
 800 0002 1548     		ldr	r0, .L57
 801 0004 154B     		ldr	r3, .L57+4
 802 0006 0360     		str	r3, [r0]
 362:Core/Src/main.c ****   huart3.Init.WordLength = UART_WORDLENGTH_8B;
 803              		.loc 1 362 3 is_stmt 1 view .LVU230
 362:Core/Src/main.c ****   huart3.Init.WordLength = UART_WORDLENGTH_8B;
 804              		.loc 1 362 24 is_stmt 0 view .LVU231
 805 0008 4FF4E133 		mov	r3, #115200
 806 000c 4360     		str	r3, [r0, #4]
 363:Core/Src/main.c ****   huart3.Init.StopBits = UART_STOPBITS_1;
 807              		.loc 1 363 3 is_stmt 1 view .LVU232
 363:Core/Src/main.c ****   huart3.Init.StopBits = UART_STOPBITS_1;
 808              		.loc 1 363 26 is_stmt 0 view .LVU233
 809 000e 0023     		movs	r3, #0
 810 0010 8360     		str	r3, [r0, #8]
 364:Core/Src/main.c ****   huart3.Init.Parity = UART_PARITY_NONE;
 811              		.loc 1 364 3 is_stmt 1 view .LVU234
 364:Core/Src/main.c ****   huart3.Init.Parity = UART_PARITY_NONE;
 812              		.loc 1 364 24 is_stmt 0 view .LVU235
 813 0012 C360     		str	r3, [r0, #12]
 365:Core/Src/main.c ****   huart3.Init.Mode = UART_MODE_TX_RX;
 814              		.loc 1 365 3 is_stmt 1 view .LVU236
 365:Core/Src/main.c ****   huart3.Init.Mode = UART_MODE_TX_RX;
 815              		.loc 1 365 22 is_stmt 0 view .LVU237
 816 0014 0361     		str	r3, [r0, #16]
 366:Core/Src/main.c ****   huart3.Init.HwFlowCtl = UART_HWCONTROL_NONE;
 817              		.loc 1 366 3 is_stmt 1 view .LVU238
 366:Core/Src/main.c ****   huart3.Init.HwFlowCtl = UART_HWCONTROL_NONE;
 818              		.loc 1 366 20 is_stmt 0 view .LVU239
 819 0016 0C22     		movs	r2, #12
 820 0018 4261     		str	r2, [r0, #20]
 367:Core/Src/main.c ****   huart3.Init.OverSampling = UART_OVERSAMPLING_16;
 821              		.loc 1 367 3 is_stmt 1 view .LVU240
 367:Core/Src/main.c ****   huart3.Init.OverSampling = UART_OVERSAMPLING_16;
 822              		.loc 1 367 25 is_stmt 0 view .LVU241
 823 001a 8361     		str	r3, [r0, #24]
 368:Core/Src/main.c ****   huart3.Init.OneBitSampling = UART_ONE_BIT_SAMPLE_DISABLE;
 824              		.loc 1 368 3 is_stmt 1 view .LVU242
 368:Core/Src/main.c ****   huart3.Init.OneBitSampling = UART_ONE_BIT_SAMPLE_DISABLE;
 825              		.loc 1 368 28 is_stmt 0 view .LVU243
 826 001c C361     		str	r3, [r0, #28]
 369:Core/Src/main.c ****   huart3.Init.ClockPrescaler = UART_PRESCALER_DIV1;
 827              		.loc 1 369 3 is_stmt 1 view .LVU244
 369:Core/Src/main.c ****   huart3.Init.ClockPrescaler = UART_PRESCALER_DIV1;
 828              		.loc 1 369 30 is_stmt 0 view .LVU245
 829 001e 0362     		str	r3, [r0, #32]
 370:Core/Src/main.c ****   huart3.AdvancedInit.AdvFeatureInit = UART_ADVFEATURE_NO_INIT;
 830              		.loc 1 370 3 is_stmt 1 view .LVU246
 370:Core/Src/main.c ****   huart3.AdvancedInit.AdvFeatureInit = UART_ADVFEATURE_NO_INIT;
 831              		.loc 1 370 30 is_stmt 0 view .LVU247
 832 0020 4362     		str	r3, [r0, #36]
 371:Core/Src/main.c ****   if (HAL_UART_Init(&huart3) != HAL_OK)
 833              		.loc 1 371 3 is_stmt 1 view .LVU248
 371:Core/Src/main.c ****   if (HAL_UART_Init(&huart3) != HAL_OK)
 834              		.loc 1 371 38 is_stmt 0 view .LVU249
ARM GAS  /tmp/ccU4oX3W.s 			page 32


 835 0022 8362     		str	r3, [r0, #40]
 372:Core/Src/main.c ****   {
 836              		.loc 1 372 3 is_stmt 1 view .LVU250
 372:Core/Src/main.c ****   {
 837              		.loc 1 372 7 is_stmt 0 view .LVU251
 838 0024 FFF7FEFF 		bl	HAL_UART_Init
 839              	.LVL31:
 372:Core/Src/main.c ****   {
 840              		.loc 1 372 6 view .LVU252
 841 0028 70B9     		cbnz	r0, .L53
 376:Core/Src/main.c ****   {
 842              		.loc 1 376 3 is_stmt 1 view .LVU253
 376:Core/Src/main.c ****   {
 843              		.loc 1 376 7 is_stmt 0 view .LVU254
 844 002a 0021     		movs	r1, #0
 845 002c 0A48     		ldr	r0, .L57
 846 002e FFF7FEFF 		bl	HAL_UARTEx_SetTxFifoThreshold
 847              	.LVL32:
 376:Core/Src/main.c ****   {
 848              		.loc 1 376 6 view .LVU255
 849 0032 58B9     		cbnz	r0, .L54
 380:Core/Src/main.c ****   {
 850              		.loc 1 380 3 is_stmt 1 view .LVU256
 380:Core/Src/main.c ****   {
 851              		.loc 1 380 7 is_stmt 0 view .LVU257
 852 0034 0021     		movs	r1, #0
 853 0036 0848     		ldr	r0, .L57
 854 0038 FFF7FEFF 		bl	HAL_UARTEx_SetRxFifoThreshold
 855              	.LVL33:
 380:Core/Src/main.c ****   {
 856              		.loc 1 380 6 view .LVU258
 857 003c 40B9     		cbnz	r0, .L55
 384:Core/Src/main.c ****   {
 858              		.loc 1 384 3 is_stmt 1 view .LVU259
 384:Core/Src/main.c ****   {
 859              		.loc 1 384 7 is_stmt 0 view .LVU260
 860 003e 0648     		ldr	r0, .L57
 861 0040 FFF7FEFF 		bl	HAL_UARTEx_DisableFifoMode
 862              	.LVL34:
 384:Core/Src/main.c ****   {
 863              		.loc 1 384 6 view .LVU261
 864 0044 30B9     		cbnz	r0, .L56
 392:Core/Src/main.c **** 
 865              		.loc 1 392 1 view .LVU262
 866 0046 08BD     		pop	{r3, pc}
 867              	.L53:
 374:Core/Src/main.c ****   }
 868              		.loc 1 374 5 is_stmt 1 view .LVU263
 869 0048 FFF7FEFF 		bl	Error_Handler
 870              	.LVL35:
 871              	.L54:
 378:Core/Src/main.c ****   }
 872              		.loc 1 378 5 view .LVU264
 873 004c FFF7FEFF 		bl	Error_Handler
 874              	.LVL36:
 875              	.L55:
 382:Core/Src/main.c ****   }
ARM GAS  /tmp/ccU4oX3W.s 			page 33


 876              		.loc 1 382 5 view .LVU265
 877 0050 FFF7FEFF 		bl	Error_Handler
 878              	.LVL37:
 879              	.L56:
 386:Core/Src/main.c ****   }
 880              		.loc 1 386 5 view .LVU266
 881 0054 FFF7FEFF 		bl	Error_Handler
 882              	.LVL38:
 883              	.L58:
 884              		.align	2
 885              	.L57:
 886 0058 00000000 		.word	.LANCHOR3
 887 005c 00480040 		.word	1073760256
 888              		.cfi_endproc
 889              	.LFE178:
 891              		.section	.text.SystemClock_Config,"ax",%progbits
 892              		.align	1
 893              		.global	SystemClock_Config
 894              		.syntax unified
 895              		.thumb
 896              		.thumb_func
 897              		.fpu fpv5-d16
 899              	SystemClock_Config:
 900              	.LFB174:
 187:Core/Src/main.c ****   RCC_OscInitTypeDef RCC_OscInitStruct = {0};
 901              		.loc 1 187 1 view -0
 902              		.cfi_startproc
 903              		@ args = 0, pretend = 0, frame = 112
 904              		@ frame_needed = 0, uses_anonymous_args = 0
 905 0000 10B5     		push	{r4, lr}
 906              	.LCFI16:
 907              		.cfi_def_cfa_offset 8
 908              		.cfi_offset 4, -8
 909              		.cfi_offset 14, -4
 910 0002 9CB0     		sub	sp, sp, #112
 911              	.LCFI17:
 912              		.cfi_def_cfa_offset 120
 188:Core/Src/main.c ****   RCC_ClkInitTypeDef RCC_ClkInitStruct = {0};
 913              		.loc 1 188 3 view .LVU268
 188:Core/Src/main.c ****   RCC_ClkInitTypeDef RCC_ClkInitStruct = {0};
 914              		.loc 1 188 22 is_stmt 0 view .LVU269
 915 0004 4C22     		movs	r2, #76
 916 0006 0021     		movs	r1, #0
 917 0008 09A8     		add	r0, sp, #36
 918 000a FFF7FEFF 		bl	memset
 919              	.LVL39:
 189:Core/Src/main.c **** 
 920              		.loc 1 189 3 is_stmt 1 view .LVU270
 189:Core/Src/main.c **** 
 921              		.loc 1 189 22 is_stmt 0 view .LVU271
 922 000e 2022     		movs	r2, #32
 923 0010 0021     		movs	r1, #0
 924 0012 01A8     		add	r0, sp, #4
 925 0014 FFF7FEFF 		bl	memset
 926              	.LVL40:
 193:Core/Src/main.c **** 
 927              		.loc 1 193 3 is_stmt 1 view .LVU272
ARM GAS  /tmp/ccU4oX3W.s 			page 34


 928 0018 0220     		movs	r0, #2
 929 001a FFF7FEFF 		bl	HAL_PWREx_ConfigSupply
 930              	.LVL41:
 197:Core/Src/main.c **** 
 931              		.loc 1 197 3 view .LVU273
 932              	.LBB13:
 197:Core/Src/main.c **** 
 933              		.loc 1 197 3 view .LVU274
 934 001e 0023     		movs	r3, #0
 935 0020 0093     		str	r3, [sp]
 197:Core/Src/main.c **** 
 936              		.loc 1 197 3 view .LVU275
 937 0022 214B     		ldr	r3, .L66
 938 0024 9A69     		ldr	r2, [r3, #24]
 939 0026 22F44042 		bic	r2, r2, #49152
 940 002a 9A61     		str	r2, [r3, #24]
 197:Core/Src/main.c **** 
 941              		.loc 1 197 3 view .LVU276
 942 002c 9B69     		ldr	r3, [r3, #24]
 943 002e 03F44043 		and	r3, r3, #49152
 944 0032 0093     		str	r3, [sp]
 197:Core/Src/main.c **** 
 945              		.loc 1 197 3 view .LVU277
 946 0034 009B     		ldr	r3, [sp]
 947              	.LBE13:
 197:Core/Src/main.c **** 
 948              		.loc 1 197 3 view .LVU278
 199:Core/Src/main.c **** 
 949              		.loc 1 199 3 view .LVU279
 950              	.L60:
 199:Core/Src/main.c **** 
 951              		.loc 1 199 48 discriminator 1 view .LVU280
 199:Core/Src/main.c **** 
 952              		.loc 1 199 8 discriminator 1 view .LVU281
 199:Core/Src/main.c **** 
 953              		.loc 1 199 10 is_stmt 0 discriminator 1 view .LVU282
 954 0036 1C4B     		ldr	r3, .L66
 955 0038 9B69     		ldr	r3, [r3, #24]
 199:Core/Src/main.c **** 
 956              		.loc 1 199 8 discriminator 1 view .LVU283
 957 003a 13F4005F 		tst	r3, #8192
 958 003e FAD0     		beq	.L60
 204:Core/Src/main.c ****   RCC_OscInitStruct.HSIState = RCC_HSI_DIV1;
 959              		.loc 1 204 3 is_stmt 1 view .LVU284
 204:Core/Src/main.c ****   RCC_OscInitStruct.HSIState = RCC_HSI_DIV1;
 960              		.loc 1 204 36 is_stmt 0 view .LVU285
 961 0040 0223     		movs	r3, #2
 962 0042 0993     		str	r3, [sp, #36]
 205:Core/Src/main.c ****   RCC_OscInitStruct.HSICalibrationValue = 64;
 963              		.loc 1 205 3 is_stmt 1 view .LVU286
 205:Core/Src/main.c ****   RCC_OscInitStruct.HSICalibrationValue = 64;
 964              		.loc 1 205 30 is_stmt 0 view .LVU287
 965 0044 0120     		movs	r0, #1
 966 0046 0C90     		str	r0, [sp, #48]
 206:Core/Src/main.c ****   RCC_OscInitStruct.PLL.PLLState = RCC_PLL_ON;
 967              		.loc 1 206 3 is_stmt 1 view .LVU288
 206:Core/Src/main.c ****   RCC_OscInitStruct.PLL.PLLState = RCC_PLL_ON;
ARM GAS  /tmp/ccU4oX3W.s 			page 35


 968              		.loc 1 206 41 is_stmt 0 view .LVU289
 969 0048 4022     		movs	r2, #64
 970 004a 0D92     		str	r2, [sp, #52]
 207:Core/Src/main.c ****   RCC_OscInitStruct.PLL.PLLSource = RCC_PLLSOURCE_HSI;
 971              		.loc 1 207 3 is_stmt 1 view .LVU290
 207:Core/Src/main.c ****   RCC_OscInitStruct.PLL.PLLSource = RCC_PLLSOURCE_HSI;
 972              		.loc 1 207 34 is_stmt 0 view .LVU291
 973 004c 1293     		str	r3, [sp, #72]
 208:Core/Src/main.c ****   RCC_OscInitStruct.PLL.PLLM = 4;
 974              		.loc 1 208 3 is_stmt 1 view .LVU292
 208:Core/Src/main.c ****   RCC_OscInitStruct.PLL.PLLM = 4;
 975              		.loc 1 208 35 is_stmt 0 view .LVU293
 976 004e 0022     		movs	r2, #0
 977 0050 1392     		str	r2, [sp, #76]
 209:Core/Src/main.c ****   RCC_OscInitStruct.PLL.PLLN = 32;
 978              		.loc 1 209 3 is_stmt 1 view .LVU294
 209:Core/Src/main.c ****   RCC_OscInitStruct.PLL.PLLN = 32;
 979              		.loc 1 209 30 is_stmt 0 view .LVU295
 980 0052 0421     		movs	r1, #4
 981 0054 1491     		str	r1, [sp, #80]
 210:Core/Src/main.c ****   RCC_OscInitStruct.PLL.PLLP = 1;
 982              		.loc 1 210 3 is_stmt 1 view .LVU296
 210:Core/Src/main.c ****   RCC_OscInitStruct.PLL.PLLP = 1;
 983              		.loc 1 210 30 is_stmt 0 view .LVU297
 984 0056 2024     		movs	r4, #32
 985 0058 1594     		str	r4, [sp, #84]
 211:Core/Src/main.c ****   RCC_OscInitStruct.PLL.PLLQ = 4;
 986              		.loc 1 211 3 is_stmt 1 view .LVU298
 211:Core/Src/main.c ****   RCC_OscInitStruct.PLL.PLLQ = 4;
 987              		.loc 1 211 30 is_stmt 0 view .LVU299
 988 005a 1690     		str	r0, [sp, #88]
 212:Core/Src/main.c ****   RCC_OscInitStruct.PLL.PLLR = 2;
 989              		.loc 1 212 3 is_stmt 1 view .LVU300
 212:Core/Src/main.c ****   RCC_OscInitStruct.PLL.PLLR = 2;
 990              		.loc 1 212 30 is_stmt 0 view .LVU301
 991 005c 1791     		str	r1, [sp, #92]
 213:Core/Src/main.c ****   RCC_OscInitStruct.PLL.PLLRGE = RCC_PLL1VCIRANGE_3;
 992              		.loc 1 213 3 is_stmt 1 view .LVU302
 213:Core/Src/main.c ****   RCC_OscInitStruct.PLL.PLLRGE = RCC_PLL1VCIRANGE_3;
 993              		.loc 1 213 30 is_stmt 0 view .LVU303
 994 005e 1893     		str	r3, [sp, #96]
 214:Core/Src/main.c ****   RCC_OscInitStruct.PLL.PLLVCOSEL = RCC_PLL1VCOWIDE;
 995              		.loc 1 214 3 is_stmt 1 view .LVU304
 214:Core/Src/main.c ****   RCC_OscInitStruct.PLL.PLLVCOSEL = RCC_PLL1VCOWIDE;
 996              		.loc 1 214 32 is_stmt 0 view .LVU305
 997 0060 0C23     		movs	r3, #12
 998 0062 1993     		str	r3, [sp, #100]
 215:Core/Src/main.c ****   RCC_OscInitStruct.PLL.PLLFRACN = 4096;
 999              		.loc 1 215 3 is_stmt 1 view .LVU306
 215:Core/Src/main.c ****   RCC_OscInitStruct.PLL.PLLFRACN = 4096;
 1000              		.loc 1 215 35 is_stmt 0 view .LVU307
 1001 0064 1A92     		str	r2, [sp, #104]
 216:Core/Src/main.c ****   if (HAL_RCC_OscConfig(&RCC_OscInitStruct) != HAL_OK)
 1002              		.loc 1 216 3 is_stmt 1 view .LVU308
 216:Core/Src/main.c ****   if (HAL_RCC_OscConfig(&RCC_OscInitStruct) != HAL_OK)
 1003              		.loc 1 216 34 is_stmt 0 view .LVU309
 1004 0066 4FF48053 		mov	r3, #4096
ARM GAS  /tmp/ccU4oX3W.s 			page 36


 1005 006a 1B93     		str	r3, [sp, #108]
 217:Core/Src/main.c ****   {
 1006              		.loc 1 217 3 is_stmt 1 view .LVU310
 217:Core/Src/main.c ****   {
 1007              		.loc 1 217 7 is_stmt 0 view .LVU311
 1008 006c 09A8     		add	r0, sp, #36
 1009 006e FFF7FEFF 		bl	HAL_RCC_OscConfig
 1010              	.LVL42:
 217:Core/Src/main.c ****   {
 1011              		.loc 1 217 6 view .LVU312
 1012 0072 A0B9     		cbnz	r0, .L64
 224:Core/Src/main.c ****                               |RCC_CLOCKTYPE_PCLK1|RCC_CLOCKTYPE_PCLK2
 1013              		.loc 1 224 3 is_stmt 1 view .LVU313
 224:Core/Src/main.c ****                               |RCC_CLOCKTYPE_PCLK1|RCC_CLOCKTYPE_PCLK2
 1014              		.loc 1 224 31 is_stmt 0 view .LVU314
 1015 0074 3F23     		movs	r3, #63
 1016 0076 0193     		str	r3, [sp, #4]
 227:Core/Src/main.c ****   RCC_ClkInitStruct.SYSCLKDivider = RCC_SYSCLK_DIV1;
 1017              		.loc 1 227 3 is_stmt 1 view .LVU315
 227:Core/Src/main.c ****   RCC_ClkInitStruct.SYSCLKDivider = RCC_SYSCLK_DIV1;
 1018              		.loc 1 227 34 is_stmt 0 view .LVU316
 1019 0078 0321     		movs	r1, #3
 1020 007a 0291     		str	r1, [sp, #8]
 228:Core/Src/main.c ****   RCC_ClkInitStruct.AHBCLKDivider = RCC_HCLK_DIV2;
 1021              		.loc 1 228 3 is_stmt 1 view .LVU317
 228:Core/Src/main.c ****   RCC_ClkInitStruct.AHBCLKDivider = RCC_HCLK_DIV2;
 1022              		.loc 1 228 35 is_stmt 0 view .LVU318
 1023 007c 0023     		movs	r3, #0
 1024 007e 0393     		str	r3, [sp, #12]
 229:Core/Src/main.c ****   RCC_ClkInitStruct.APB3CLKDivider = RCC_APB3_DIV2;
 1025              		.loc 1 229 3 is_stmt 1 view .LVU319
 229:Core/Src/main.c ****   RCC_ClkInitStruct.APB3CLKDivider = RCC_APB3_DIV2;
 1026              		.loc 1 229 35 is_stmt 0 view .LVU320
 1027 0080 0823     		movs	r3, #8
 1028 0082 0493     		str	r3, [sp, #16]
 230:Core/Src/main.c ****   RCC_ClkInitStruct.APB1CLKDivider = RCC_APB1_DIV2;
 1029              		.loc 1 230 3 is_stmt 1 view .LVU321
 230:Core/Src/main.c ****   RCC_ClkInitStruct.APB1CLKDivider = RCC_APB1_DIV2;
 1030              		.loc 1 230 36 is_stmt 0 view .LVU322
 1031 0084 4023     		movs	r3, #64
 1032 0086 0593     		str	r3, [sp, #20]
 231:Core/Src/main.c ****   RCC_ClkInitStruct.APB2CLKDivider = RCC_APB2_DIV2;
 1033              		.loc 1 231 3 is_stmt 1 view .LVU323
 231:Core/Src/main.c ****   RCC_ClkInitStruct.APB2CLKDivider = RCC_APB2_DIV2;
 1034              		.loc 1 231 36 is_stmt 0 view .LVU324
 1035 0088 0693     		str	r3, [sp, #24]
 232:Core/Src/main.c ****   RCC_ClkInitStruct.APB4CLKDivider = RCC_APB4_DIV2;
 1036              		.loc 1 232 3 is_stmt 1 view .LVU325
 232:Core/Src/main.c ****   RCC_ClkInitStruct.APB4CLKDivider = RCC_APB4_DIV2;
 1037              		.loc 1 232 36 is_stmt 0 view .LVU326
 1038 008a 4FF48062 		mov	r2, #1024
 1039 008e 0792     		str	r2, [sp, #28]
 233:Core/Src/main.c **** 
 1040              		.loc 1 233 3 is_stmt 1 view .LVU327
 233:Core/Src/main.c **** 
 1041              		.loc 1 233 36 is_stmt 0 view .LVU328
 1042 0090 0893     		str	r3, [sp, #32]
ARM GAS  /tmp/ccU4oX3W.s 			page 37


 235:Core/Src/main.c ****   {
 1043              		.loc 1 235 3 is_stmt 1 view .LVU329
 235:Core/Src/main.c ****   {
 1044              		.loc 1 235 7 is_stmt 0 view .LVU330
 1045 0092 01A8     		add	r0, sp, #4
 1046 0094 FFF7FEFF 		bl	HAL_RCC_ClockConfig
 1047              	.LVL43:
 235:Core/Src/main.c ****   {
 1048              		.loc 1 235 6 view .LVU331
 1049 0098 18B9     		cbnz	r0, .L65
 239:Core/Src/main.c **** 
 1050              		.loc 1 239 1 view .LVU332
 1051 009a 1CB0     		add	sp, sp, #112
 1052              	.LCFI18:
 1053              		.cfi_remember_state
 1054              		.cfi_def_cfa_offset 8
 1055              		@ sp needed
 1056 009c 10BD     		pop	{r4, pc}
 1057              	.L64:
 1058              	.LCFI19:
 1059              		.cfi_restore_state
 219:Core/Src/main.c ****   }
 1060              		.loc 1 219 5 is_stmt 1 view .LVU333
 1061 009e FFF7FEFF 		bl	Error_Handler
 1062              	.LVL44:
 1063              	.L65:
 237:Core/Src/main.c ****   }
 1064              		.loc 1 237 5 view .LVU334
 1065 00a2 FFF7FEFF 		bl	Error_Handler
 1066              	.LVL45:
 1067              	.L67:
 1068 00a6 00BF     		.align	2
 1069              	.L66:
 1070 00a8 00480258 		.word	1476544512
 1071              		.cfi_endproc
 1072              	.LFE174:
 1074              		.section	.rodata.main.str1.4,"aMS",%progbits,1
 1075              		.align	2
 1076              	.LC0:
 1077 0000 626C696E 		.ascii	"blinkTask\000"
 1077      6B546173 
 1077      6B00
 1078              		.section	.text.main,"ax",%progbits
 1079              		.align	1
 1080              		.global	main
 1081              		.syntax unified
 1082              		.thumb
 1083              		.thumb_func
 1084              		.fpu fpv5-d16
 1086              	main:
 1087              	.LFB173:
  93:Core/Src/main.c **** 
 1088              		.loc 1 93 1 view -0
 1089              		.cfi_startproc
 1090              		@ Volatile: function does not return.
 1091              		@ args = 0, pretend = 0, frame = 40
 1092              		@ frame_needed = 0, uses_anonymous_args = 0
ARM GAS  /tmp/ccU4oX3W.s 			page 38


 1093 0000 00B5     		push	{lr}
 1094              	.LCFI20:
 1095              		.cfi_def_cfa_offset 4
 1096              		.cfi_offset 14, -4
 1097 0002 8BB0     		sub	sp, sp, #44
 1098              	.LCFI21:
 1099              		.cfi_def_cfa_offset 48
 100:Core/Src/main.c **** 
 1100              		.loc 1 100 3 view .LVU336
 1101 0004 FFF7FEFF 		bl	MPU_Config
 1102              	.LVL46:
 105:Core/Src/main.c **** 
 1103              		.loc 1 105 3 view .LVU337
 1104 0008 FFF7FEFF 		bl	HAL_Init
 1105              	.LVL47:
 112:Core/Src/main.c **** 
 1106              		.loc 1 112 3 view .LVU338
 1107 000c FFF7FEFF 		bl	SystemClock_Config
 1108              	.LVL48:
 119:Core/Src/main.c ****   MX_DMA_Init();
 1109              		.loc 1 119 3 view .LVU339
 1110 0010 FFF7FEFF 		bl	MX_GPIO_Init
 1111              	.LVL49:
 120:Core/Src/main.c ****   MX_CORDIC_Init();
 1112              		.loc 1 120 3 view .LVU340
 1113 0014 FFF7FEFF 		bl	MX_DMA_Init
 1114              	.LVL50:
 121:Core/Src/main.c ****   MX_FDCAN1_Init();
 1115              		.loc 1 121 3 view .LVU341
 1116 0018 FFF7FEFF 		bl	MX_CORDIC_Init
 1117              	.LVL51:
 122:Core/Src/main.c ****   MX_FMAC_Init();
 1118              		.loc 1 122 3 view .LVU342
 1119 001c FFF7FEFF 		bl	MX_FDCAN1_Init
 1120              	.LVL52:
 123:Core/Src/main.c ****   MX_USART3_UART_Init();
 1121              		.loc 1 123 3 view .LVU343
 1122 0020 FFF7FEFF 		bl	MX_FMAC_Init
 1123              	.LVL53:
 124:Core/Src/main.c ****   /* USER CODE BEGIN 2 */
 1124              		.loc 1 124 3 view .LVU344
 1125 0024 FFF7FEFF 		bl	MX_USART3_UART_Init
 1126              	.LVL54:
 130:Core/Src/main.c **** 
 1127              		.loc 1 130 3 view .LVU345
 1128 0028 FFF7FEFF 		bl	osKernelInitialize
 1129              	.LVL55:
 150:Core/Src/main.c **** 
 1130              		.loc 1 150 3 view .LVU346
 150:Core/Src/main.c **** 
 1131              		.loc 1 150 23 is_stmt 0 view .LVU347
 1132 002c 0D4A     		ldr	r2, .L71
 1133 002e 0021     		movs	r1, #0
 1134 0030 0D48     		ldr	r0, .L71+4
 1135 0032 FFF7FEFF 		bl	osThreadNew
 1136              	.LVL56:
 150:Core/Src/main.c **** 
ARM GAS  /tmp/ccU4oX3W.s 			page 39


 1137              		.loc 1 150 21 view .LVU348
 1138 0036 0D4B     		ldr	r3, .L71+8
 1139 0038 1860     		str	r0, [r3]
 154:Core/Src/main.c ****   const osThreadAttr_t blinkTask_attributes = {
 1140              		.loc 1 154 3 is_stmt 1 view .LVU349
 155:Core/Src/main.c ****     .name = "blinkTask",
 1141              		.loc 1 155 3 view .LVU350
 155:Core/Src/main.c ****     .name = "blinkTask",
 1142              		.loc 1 155 24 is_stmt 0 view .LVU351
 1143 003a 2422     		movs	r2, #36
 1144 003c 0021     		movs	r1, #0
 1145 003e 01A8     		add	r0, sp, #4
 1146 0040 FFF7FEFF 		bl	memset
 1147              	.LVL57:
 1148 0044 0A4B     		ldr	r3, .L71+12
 1149 0046 0193     		str	r3, [sp, #4]
 1150 0048 4FF48063 		mov	r3, #1024
 1151 004c 0693     		str	r3, [sp, #24]
 1152 004e 1823     		movs	r3, #24
 1153 0050 0793     		str	r3, [sp, #28]
 160:Core/Src/main.c ****   /* USER CODE END RTOS_THREADS */
 1154              		.loc 1 160 3 is_stmt 1 view .LVU352
 1155 0052 01AA     		add	r2, sp, #4
 1156 0054 0021     		movs	r1, #0
 1157 0056 0748     		ldr	r0, .L71+16
 1158 0058 FFF7FEFF 		bl	osThreadNew
 1159              	.LVL58:
 168:Core/Src/main.c **** 
 1160              		.loc 1 168 3 view .LVU353
 1161 005c FFF7FEFF 		bl	osKernelStart
 1162              	.LVL59:
 1163              	.L69:
 174:Core/Src/main.c ****   {
 1164              		.loc 1 174 3 discriminator 1 view .LVU354
 178:Core/Src/main.c ****   /* USER CODE END 3 */
 1165              		.loc 1 178 3 discriminator 1 view .LVU355
 174:Core/Src/main.c ****   {
 1166              		.loc 1 174 9 discriminator 1 view .LVU356
 1167 0060 FEE7     		b	.L69
 1168              	.L72:
 1169 0062 00BF     		.align	2
 1170              	.L71:
 1171 0064 00000000 		.word	.LANCHOR4
 1172 0068 00000000 		.word	StartDefaultTask
 1173 006c 00000000 		.word	.LANCHOR5
 1174 0070 00000000 		.word	.LC0
 1175 0074 00000000 		.word	StartBlinkTask
 1176              		.cfi_endproc
 1177              	.LFE173:
 1179              		.global	defaultTask_attributes
 1180              		.section	.rodata.str1.4,"aMS",%progbits,1
 1181              		.align	2
 1182              	.LC1:
 1183 0000 64656661 		.ascii	"defaultTask\000"
 1183      756C7454 
 1183      61736B00 
 1184              		.global	defaultTaskHandle
ARM GAS  /tmp/ccU4oX3W.s 			page 40


 1185              		.global	huart3
 1186              		.global	hdma_fmac_wr
 1187              		.global	hdma_fmac_rd
 1188              		.global	hfmac
 1189              		.global	hfdcan1
 1190              		.global	hdma_cordic_rd
 1191              		.global	hdma_cordic_wr
 1192              		.global	hcordic
 1193              		.section	.bss.defaultTaskHandle,"aw",%nobits
 1194              		.align	2
 1195              		.set	.LANCHOR5,. + 0
 1198              	defaultTaskHandle:
 1199 0000 00000000 		.space	4
 1200              		.section	.bss.hcordic,"aw",%nobits
 1201              		.align	2
 1202              		.set	.LANCHOR0,. + 0
 1205              	hcordic:
 1206 0000 00000000 		.space	40
 1206      00000000 
 1206      00000000 
 1206      00000000 
 1206      00000000 
 1207              		.section	.bss.hdma_cordic_rd,"aw",%nobits
 1208              		.align	2
 1211              	hdma_cordic_rd:
 1212 0000 00000000 		.space	120
 1212      00000000 
 1212      00000000 
 1212      00000000 
 1212      00000000 
 1213              		.section	.bss.hdma_cordic_wr,"aw",%nobits
 1214              		.align	2
 1217              	hdma_cordic_wr:
 1218 0000 00000000 		.space	120
 1218      00000000 
 1218      00000000 
 1218      00000000 
 1218      00000000 
 1219              		.section	.bss.hdma_fmac_rd,"aw",%nobits
 1220              		.align	2
 1223              	hdma_fmac_rd:
 1224 0000 00000000 		.space	120
 1224      00000000 
 1224      00000000 
 1224      00000000 
 1224      00000000 
 1225              		.section	.bss.hdma_fmac_wr,"aw",%nobits
 1226              		.align	2
 1229              	hdma_fmac_wr:
 1230 0000 00000000 		.space	120
 1230      00000000 
 1230      00000000 
 1230      00000000 
 1230      00000000 
 1231              		.section	.bss.hfdcan1,"aw",%nobits
 1232              		.align	2
 1233              		.set	.LANCHOR1,. + 0
ARM GAS  /tmp/ccU4oX3W.s 			page 41


 1236              	hfdcan1:
 1237 0000 00000000 		.space	160
 1237      00000000 
 1237      00000000 
 1237      00000000 
 1237      00000000 
 1238              		.section	.bss.hfmac,"aw",%nobits
 1239              		.align	2
 1240              		.set	.LANCHOR2,. + 0
 1243              	hfmac:
 1244 0000 00000000 		.space	56
 1244      00000000 
 1244      00000000 
 1244      00000000 
 1244      00000000 
 1245              		.section	.bss.huart3,"aw",%nobits
 1246              		.align	2
 1247              		.set	.LANCHOR3,. + 0
 1250              	huart3:
 1251 0000 00000000 		.space	148
 1251      00000000 
 1251      00000000 
 1251      00000000 
 1251      00000000 
 1252              		.section	.rodata.defaultTask_attributes,"a"
 1253              		.align	2
 1254              		.set	.LANCHOR4,. + 0
 1257              	defaultTask_attributes:
 1258 0000 00000000 		.word	.LC1
 1259 0004 00000000 		.space	16
 1259      00000000 
 1259      00000000 
 1259      00000000 
 1260 0014 00080000 		.word	2048
 1261 0018 18000000 		.word	24
 1262 001c 00000000 		.space	8
 1262      00000000 
 1263              		.text
 1264              	.Letext0:
 1265              		.file 3 "/usr/lib/gcc/arm-none-eabi/10.3.1/include/stdint.h"
 1266              		.file 4 "Drivers/CMSIS/Device/ST/STM32H7xx/Include/stm32h723xx.h"
 1267              		.file 5 "Drivers/CMSIS/Device/ST/STM32H7xx/Include/stm32h7xx.h"
 1268              		.file 6 "Drivers/STM32H7xx_HAL_Driver/Inc/stm32h7xx_hal_def.h"
 1269              		.file 7 "Drivers/STM32H7xx_HAL_Driver/Inc/stm32h7xx_hal_rcc.h"
 1270              		.file 8 "Drivers/STM32H7xx_HAL_Driver/Inc/stm32h7xx_hal_gpio.h"
 1271              		.file 9 "Drivers/STM32H7xx_HAL_Driver/Inc/stm32h7xx_hal_dma.h"
 1272              		.file 10 "Drivers/STM32H7xx_HAL_Driver/Inc/stm32h7xx_hal_cortex.h"
 1273              		.file 11 "Drivers/STM32H7xx_HAL_Driver/Inc/stm32h7xx_hal_fdcan.h"
 1274              		.file 12 "Drivers/STM32H7xx_HAL_Driver/Inc/stm32h7xx_hal_cordic.h"
 1275              		.file 13 "Drivers/STM32H7xx_HAL_Driver/Inc/stm32h7xx_hal_fmac.h"
 1276              		.file 14 "Drivers/STM32H7xx_HAL_Driver/Inc/stm32h7xx_hal_tim.h"
 1277              		.file 15 "Drivers/STM32H7xx_HAL_Driver/Inc/stm32h7xx_hal_uart.h"
 1278              		.file 16 "Middlewares/Third_Party/FreeRTOS/Source/CMSIS_RTOS_V2/cmsis_os2.h"
 1279              		.file 17 "Middlewares/Third_Party/LwIP/src/include/lwip/memp.h"
 1280              		.file 18 "Drivers/STM32H7xx_HAL_Driver/Inc/stm32h7xx_hal.h"
 1281              		.file 19 "LWIP/App/lwip.h"
 1282              		.file 20 "Drivers/STM32H7xx_HAL_Driver/Inc/stm32h7xx_hal_uart_ex.h"
ARM GAS  /tmp/ccU4oX3W.s 			page 42


 1283              		.file 21 "Drivers/STM32H7xx_HAL_Driver/Inc/stm32h7xx_hal_pwr_ex.h"
 1284              		.file 22 "<built-in>"
ARM GAS  /tmp/ccU4oX3W.s 			page 43


DEFINED SYMBOLS
                            *ABS*:0000000000000000 main.c
     /tmp/ccU4oX3W.s:17     .text.MPU_Config:0000000000000000 $t
     /tmp/ccU4oX3W.s:24     .text.MPU_Config:0000000000000000 MPU_Config
     /tmp/ccU4oX3W.s:159    .text.MPU_Config:00000000000000a0 $d
     /tmp/ccU4oX3W.s:164    .text.MX_GPIO_Init:0000000000000000 $t
     /tmp/ccU4oX3W.s:170    .text.MX_GPIO_Init:0000000000000000 MX_GPIO_Init
     /tmp/ccU4oX3W.s:305    .text.MX_GPIO_Init:00000000000000b8 $d
     /tmp/ccU4oX3W.s:311    .text.MX_DMA_Init:0000000000000000 $t
     /tmp/ccU4oX3W.s:317    .text.MX_DMA_Init:0000000000000000 MX_DMA_Init
     /tmp/ccU4oX3W.s:395    .text.MX_DMA_Init:0000000000000064 $d
     /tmp/ccU4oX3W.s:400    .text.StartBlinkTask:0000000000000000 $t
     /tmp/ccU4oX3W.s:407    .text.StartBlinkTask:0000000000000000 StartBlinkTask
     /tmp/ccU4oX3W.s:438    .text.StartBlinkTask:0000000000000014 $d
     /tmp/ccU4oX3W.s:443    .text.StartDefaultTask:0000000000000000 $t
     /tmp/ccU4oX3W.s:450    .text.StartDefaultTask:0000000000000000 StartDefaultTask
     /tmp/ccU4oX3W.s:479    .text.HAL_TIM_PeriodElapsedCallback:0000000000000000 $t
     /tmp/ccU4oX3W.s:486    .text.HAL_TIM_PeriodElapsedCallback:0000000000000000 HAL_TIM_PeriodElapsedCallback
     /tmp/ccU4oX3W.s:520    .text.HAL_TIM_PeriodElapsedCallback:0000000000000014 $d
     /tmp/ccU4oX3W.s:525    .text.Error_Handler:0000000000000000 $t
     /tmp/ccU4oX3W.s:532    .text.Error_Handler:0000000000000000 Error_Handler
     /tmp/ccU4oX3W.s:564    .text.MX_CORDIC_Init:0000000000000000 $t
     /tmp/ccU4oX3W.s:570    .text.MX_CORDIC_Init:0000000000000000 MX_CORDIC_Init
     /tmp/ccU4oX3W.s:601    .text.MX_CORDIC_Init:0000000000000014 $d
     /tmp/ccU4oX3W.s:607    .text.MX_FDCAN1_Init:0000000000000000 $t
     /tmp/ccU4oX3W.s:613    .text.MX_FDCAN1_Init:0000000000000000 MX_FDCAN1_Init
     /tmp/ccU4oX3W.s:732    .text.MX_FDCAN1_Init:0000000000000058 $d
     /tmp/ccU4oX3W.s:738    .text.MX_FMAC_Init:0000000000000000 $t
     /tmp/ccU4oX3W.s:744    .text.MX_FMAC_Init:0000000000000000 MX_FMAC_Init
     /tmp/ccU4oX3W.s:775    .text.MX_FMAC_Init:0000000000000014 $d
     /tmp/ccU4oX3W.s:781    .text.MX_USART3_UART_Init:0000000000000000 $t
     /tmp/ccU4oX3W.s:787    .text.MX_USART3_UART_Init:0000000000000000 MX_USART3_UART_Init
     /tmp/ccU4oX3W.s:886    .text.MX_USART3_UART_Init:0000000000000058 $d
     /tmp/ccU4oX3W.s:892    .text.SystemClock_Config:0000000000000000 $t
     /tmp/ccU4oX3W.s:899    .text.SystemClock_Config:0000000000000000 SystemClock_Config
     /tmp/ccU4oX3W.s:1070   .text.SystemClock_Config:00000000000000a8 $d
     /tmp/ccU4oX3W.s:1075   .rodata.main.str1.4:0000000000000000 $d
     /tmp/ccU4oX3W.s:1079   .text.main:0000000000000000 $t
     /tmp/ccU4oX3W.s:1086   .text.main:0000000000000000 main
     /tmp/ccU4oX3W.s:1171   .text.main:0000000000000064 $d
     /tmp/ccU4oX3W.s:1257   .rodata.defaultTask_attributes:0000000000000000 defaultTask_attributes
     /tmp/ccU4oX3W.s:1181   .rodata.str1.4:0000000000000000 $d
     /tmp/ccU4oX3W.s:1198   .bss.defaultTaskHandle:0000000000000000 defaultTaskHandle
     /tmp/ccU4oX3W.s:1250   .bss.huart3:0000000000000000 huart3
     /tmp/ccU4oX3W.s:1229   .bss.hdma_fmac_wr:0000000000000000 hdma_fmac_wr
     /tmp/ccU4oX3W.s:1223   .bss.hdma_fmac_rd:0000000000000000 hdma_fmac_rd
     /tmp/ccU4oX3W.s:1243   .bss.hfmac:0000000000000000 hfmac
     /tmp/ccU4oX3W.s:1236   .bss.hfdcan1:0000000000000000 hfdcan1
     /tmp/ccU4oX3W.s:1211   .bss.hdma_cordic_rd:0000000000000000 hdma_cordic_rd
     /tmp/ccU4oX3W.s:1217   .bss.hdma_cordic_wr:0000000000000000 hdma_cordic_wr
     /tmp/ccU4oX3W.s:1205   .bss.hcordic:0000000000000000 hcordic
     /tmp/ccU4oX3W.s:1194   .bss.defaultTaskHandle:0000000000000000 $d
     /tmp/ccU4oX3W.s:1201   .bss.hcordic:0000000000000000 $d
     /tmp/ccU4oX3W.s:1208   .bss.hdma_cordic_rd:0000000000000000 $d
     /tmp/ccU4oX3W.s:1214   .bss.hdma_cordic_wr:0000000000000000 $d
     /tmp/ccU4oX3W.s:1220   .bss.hdma_fmac_rd:0000000000000000 $d
     /tmp/ccU4oX3W.s:1226   .bss.hdma_fmac_wr:0000000000000000 $d
ARM GAS  /tmp/ccU4oX3W.s 			page 44


     /tmp/ccU4oX3W.s:1232   .bss.hfdcan1:0000000000000000 $d
     /tmp/ccU4oX3W.s:1239   .bss.hfmac:0000000000000000 $d
     /tmp/ccU4oX3W.s:1246   .bss.huart3:0000000000000000 $d
     /tmp/ccU4oX3W.s:1253   .rodata.defaultTask_attributes:0000000000000000 $d

UNDEFINED SYMBOLS
HAL_MPU_Disable
HAL_MPU_ConfigRegion
HAL_MPU_Enable
HAL_GPIO_Init
HAL_NVIC_SetPriority
HAL_NVIC_EnableIRQ
HAL_GPIO_TogglePin
osDelay
MX_LWIP_Init
HAL_IncTick
HAL_CORDIC_Init
HAL_FDCAN_Init
HAL_FMAC_Init
HAL_UART_Init
HAL_UARTEx_SetTxFifoThreshold
HAL_UARTEx_SetRxFifoThreshold
HAL_UARTEx_DisableFifoMode
memset
HAL_PWREx_ConfigSupply
HAL_RCC_OscConfig
HAL_RCC_ClockConfig
HAL_Init
osKernelInitialize
osThreadNew
osKernelStart
