ARM GAS  /tmp/cc3WmiM5.s 			page 1


   1              		.cpu cortex-m7
   2              		.eabi_attribute 28, 1
   3              		.eabi_attribute 20, 1
   4              		.eabi_attribute 21, 1
   5              		.eabi_attribute 23, 3
   6              		.eabi_attribute 24, 1
   7              		.eabi_attribute 25, 1
   8              		.eabi_attribute 26, 1
   9              		.eabi_attribute 30, 1
  10              		.eabi_attribute 34, 1
  11              		.eabi_attribute 18, 4
  12              		.file	"mem.c"
  13              		.text
  14              	.Ltext0:
  15              		.cfi_sections	.debug_frame
  16              		.section	.text.ptr_to_mem,"ax",%progbits
  17              		.align	1
  18              		.arch armv7e-m
  19              		.syntax unified
  20              		.thumb
  21              		.thumb_func
  22              		.fpu fpv5-d16
  24              	ptr_to_mem:
  25              	.LVL0:
  26              	.LFB173:
  27              		.file 1 "Middlewares/Third_Party/LwIP/src/core/mem.c"
   1:Middlewares/Third_Party/LwIP/src/core/mem.c **** /**
   2:Middlewares/Third_Party/LwIP/src/core/mem.c ****  * @file
   3:Middlewares/Third_Party/LwIP/src/core/mem.c ****  * Dynamic memory manager
   4:Middlewares/Third_Party/LwIP/src/core/mem.c ****  *
   5:Middlewares/Third_Party/LwIP/src/core/mem.c ****  * This is a lightweight replacement for the standard C library malloc().
   6:Middlewares/Third_Party/LwIP/src/core/mem.c ****  *
   7:Middlewares/Third_Party/LwIP/src/core/mem.c ****  * If you want to use the standard C library malloc() instead, define
   8:Middlewares/Third_Party/LwIP/src/core/mem.c ****  * MEM_LIBC_MALLOC to 1 in your lwipopts.h
   9:Middlewares/Third_Party/LwIP/src/core/mem.c ****  *
  10:Middlewares/Third_Party/LwIP/src/core/mem.c ****  * To let mem_malloc() use pools (prevents fragmentation and is much faster than
  11:Middlewares/Third_Party/LwIP/src/core/mem.c ****  * a heap but might waste some memory), define MEM_USE_POOLS to 1, define
  12:Middlewares/Third_Party/LwIP/src/core/mem.c ****  * MEMP_USE_CUSTOM_POOLS to 1 and create a file "lwippools.h" that includes a list
  13:Middlewares/Third_Party/LwIP/src/core/mem.c ****  * of pools like this (more pools can be added between _START and _END):
  14:Middlewares/Third_Party/LwIP/src/core/mem.c ****  *
  15:Middlewares/Third_Party/LwIP/src/core/mem.c ****  * Define three pools with sizes 256, 512, and 1512 bytes
  16:Middlewares/Third_Party/LwIP/src/core/mem.c ****  * LWIP_MALLOC_MEMPOOL_START
  17:Middlewares/Third_Party/LwIP/src/core/mem.c ****  * LWIP_MALLOC_MEMPOOL(20, 256)
  18:Middlewares/Third_Party/LwIP/src/core/mem.c ****  * LWIP_MALLOC_MEMPOOL(10, 512)
  19:Middlewares/Third_Party/LwIP/src/core/mem.c ****  * LWIP_MALLOC_MEMPOOL(5, 1512)
  20:Middlewares/Third_Party/LwIP/src/core/mem.c ****  * LWIP_MALLOC_MEMPOOL_END
  21:Middlewares/Third_Party/LwIP/src/core/mem.c ****  */
  22:Middlewares/Third_Party/LwIP/src/core/mem.c **** 
  23:Middlewares/Third_Party/LwIP/src/core/mem.c **** /*
  24:Middlewares/Third_Party/LwIP/src/core/mem.c ****  * Copyright (c) 2001-2004 Swedish Institute of Computer Science.
  25:Middlewares/Third_Party/LwIP/src/core/mem.c ****  * All rights reserved.
  26:Middlewares/Third_Party/LwIP/src/core/mem.c ****  *
  27:Middlewares/Third_Party/LwIP/src/core/mem.c ****  * Redistribution and use in source and binary forms, with or without modification,
  28:Middlewares/Third_Party/LwIP/src/core/mem.c ****  * are permitted provided that the following conditions are met:
  29:Middlewares/Third_Party/LwIP/src/core/mem.c ****  *
  30:Middlewares/Third_Party/LwIP/src/core/mem.c ****  * 1. Redistributions of source code must retain the above copyright notice,
  31:Middlewares/Third_Party/LwIP/src/core/mem.c ****  *    this list of conditions and the following disclaimer.
ARM GAS  /tmp/cc3WmiM5.s 			page 2


  32:Middlewares/Third_Party/LwIP/src/core/mem.c ****  * 2. Redistributions in binary form must reproduce the above copyright notice,
  33:Middlewares/Third_Party/LwIP/src/core/mem.c ****  *    this list of conditions and the following disclaimer in the documentation
  34:Middlewares/Third_Party/LwIP/src/core/mem.c ****  *    and/or other materials provided with the distribution.
  35:Middlewares/Third_Party/LwIP/src/core/mem.c ****  * 3. The name of the author may not be used to endorse or promote products
  36:Middlewares/Third_Party/LwIP/src/core/mem.c ****  *    derived from this software without specific prior written permission.
  37:Middlewares/Third_Party/LwIP/src/core/mem.c ****  *
  38:Middlewares/Third_Party/LwIP/src/core/mem.c ****  * THIS SOFTWARE IS PROVIDED BY THE AUTHOR ``AS IS'' AND ANY EXPRESS OR IMPLIED
  39:Middlewares/Third_Party/LwIP/src/core/mem.c ****  * WARRANTIES, INCLUDING, BUT NOT LIMITED TO, THE IMPLIED WARRANTIES OF
  40:Middlewares/Third_Party/LwIP/src/core/mem.c ****  * MERCHANTABILITY AND FITNESS FOR A PARTICULAR PURPOSE ARE DISCLAIMED. IN NO EVENT
  41:Middlewares/Third_Party/LwIP/src/core/mem.c ****  * SHALL THE AUTHOR BE LIABLE FOR ANY DIRECT, INDIRECT, INCIDENTAL, SPECIAL,
  42:Middlewares/Third_Party/LwIP/src/core/mem.c ****  * EXEMPLARY, OR CONSEQUENTIAL DAMAGES (INCLUDING, BUT NOT LIMITED TO, PROCUREMENT
  43:Middlewares/Third_Party/LwIP/src/core/mem.c ****  * OF SUBSTITUTE GOODS OR SERVICES; LOSS OF USE, DATA, OR PROFITS; OR BUSINESS
  44:Middlewares/Third_Party/LwIP/src/core/mem.c ****  * INTERRUPTION) HOWEVER CAUSED AND ON ANY THEORY OF LIABILITY, WHETHER IN
  45:Middlewares/Third_Party/LwIP/src/core/mem.c ****  * CONTRACT, STRICT LIABILITY, OR TORT (INCLUDING NEGLIGENCE OR OTHERWISE) ARISING
  46:Middlewares/Third_Party/LwIP/src/core/mem.c ****  * IN ANY WAY OUT OF THE USE OF THIS SOFTWARE, EVEN IF ADVISED OF THE POSSIBILITY
  47:Middlewares/Third_Party/LwIP/src/core/mem.c ****  * OF SUCH DAMAGE.
  48:Middlewares/Third_Party/LwIP/src/core/mem.c ****  *
  49:Middlewares/Third_Party/LwIP/src/core/mem.c ****  * This file is part of the lwIP TCP/IP stack.
  50:Middlewares/Third_Party/LwIP/src/core/mem.c ****  *
  51:Middlewares/Third_Party/LwIP/src/core/mem.c ****  * Author: Adam Dunkels <adam@sics.se>
  52:Middlewares/Third_Party/LwIP/src/core/mem.c ****  *         Simon Goldschmidt
  53:Middlewares/Third_Party/LwIP/src/core/mem.c ****  *
  54:Middlewares/Third_Party/LwIP/src/core/mem.c ****  */
  55:Middlewares/Third_Party/LwIP/src/core/mem.c **** 
  56:Middlewares/Third_Party/LwIP/src/core/mem.c **** #include "lwip/opt.h"
  57:Middlewares/Third_Party/LwIP/src/core/mem.c **** #include "lwip/mem.h"
  58:Middlewares/Third_Party/LwIP/src/core/mem.c **** #include "lwip/def.h"
  59:Middlewares/Third_Party/LwIP/src/core/mem.c **** #include "lwip/sys.h"
  60:Middlewares/Third_Party/LwIP/src/core/mem.c **** #include "lwip/stats.h"
  61:Middlewares/Third_Party/LwIP/src/core/mem.c **** #include "lwip/err.h"
  62:Middlewares/Third_Party/LwIP/src/core/mem.c **** 
  63:Middlewares/Third_Party/LwIP/src/core/mem.c **** #include <string.h>
  64:Middlewares/Third_Party/LwIP/src/core/mem.c **** 
  65:Middlewares/Third_Party/LwIP/src/core/mem.c **** #if MEM_LIBC_MALLOC
  66:Middlewares/Third_Party/LwIP/src/core/mem.c **** #include <stdlib.h> /* for malloc()/free() */
  67:Middlewares/Third_Party/LwIP/src/core/mem.c **** #endif
  68:Middlewares/Third_Party/LwIP/src/core/mem.c **** 
  69:Middlewares/Third_Party/LwIP/src/core/mem.c **** /* This is overridable for tests only... */
  70:Middlewares/Third_Party/LwIP/src/core/mem.c **** #ifndef LWIP_MEM_ILLEGAL_FREE
  71:Middlewares/Third_Party/LwIP/src/core/mem.c **** #define LWIP_MEM_ILLEGAL_FREE(msg)         LWIP_ASSERT(msg, 0)
  72:Middlewares/Third_Party/LwIP/src/core/mem.c **** #endif
  73:Middlewares/Third_Party/LwIP/src/core/mem.c **** 
  74:Middlewares/Third_Party/LwIP/src/core/mem.c **** #define MEM_STATS_INC_LOCKED(x)         SYS_ARCH_LOCKED(MEM_STATS_INC(x))
  75:Middlewares/Third_Party/LwIP/src/core/mem.c **** #define MEM_STATS_INC_USED_LOCKED(x, y) SYS_ARCH_LOCKED(MEM_STATS_INC_USED(x, y))
  76:Middlewares/Third_Party/LwIP/src/core/mem.c **** #define MEM_STATS_DEC_USED_LOCKED(x, y) SYS_ARCH_LOCKED(MEM_STATS_DEC_USED(x, y))
  77:Middlewares/Third_Party/LwIP/src/core/mem.c **** 
  78:Middlewares/Third_Party/LwIP/src/core/mem.c **** #if MEM_OVERFLOW_CHECK
  79:Middlewares/Third_Party/LwIP/src/core/mem.c **** #define MEM_SANITY_OFFSET   MEM_SANITY_REGION_BEFORE_ALIGNED
  80:Middlewares/Third_Party/LwIP/src/core/mem.c **** #define MEM_SANITY_OVERHEAD (MEM_SANITY_REGION_BEFORE_ALIGNED + MEM_SANITY_REGION_AFTER_ALIGNED)
  81:Middlewares/Third_Party/LwIP/src/core/mem.c **** #else
  82:Middlewares/Third_Party/LwIP/src/core/mem.c **** #define MEM_SANITY_OFFSET   0
  83:Middlewares/Third_Party/LwIP/src/core/mem.c **** #define MEM_SANITY_OVERHEAD 0
  84:Middlewares/Third_Party/LwIP/src/core/mem.c **** #endif
  85:Middlewares/Third_Party/LwIP/src/core/mem.c **** 
  86:Middlewares/Third_Party/LwIP/src/core/mem.c **** #if MEM_OVERFLOW_CHECK || MEMP_OVERFLOW_CHECK
  87:Middlewares/Third_Party/LwIP/src/core/mem.c **** /**
  88:Middlewares/Third_Party/LwIP/src/core/mem.c ****  * Check if a mep element was victim of an overflow or underflow
ARM GAS  /tmp/cc3WmiM5.s 			page 3


  89:Middlewares/Third_Party/LwIP/src/core/mem.c ****  * (e.g. the restricted area after/before it has been altered)
  90:Middlewares/Third_Party/LwIP/src/core/mem.c ****  *
  91:Middlewares/Third_Party/LwIP/src/core/mem.c ****  * @param p the mem element to check
  92:Middlewares/Third_Party/LwIP/src/core/mem.c ****  * @param size allocated size of the element
  93:Middlewares/Third_Party/LwIP/src/core/mem.c ****  * @param descr1 description of the element source shown on error
  94:Middlewares/Third_Party/LwIP/src/core/mem.c ****  * @param descr2 description of the element source shown on error
  95:Middlewares/Third_Party/LwIP/src/core/mem.c ****  */
  96:Middlewares/Third_Party/LwIP/src/core/mem.c **** void
  97:Middlewares/Third_Party/LwIP/src/core/mem.c **** mem_overflow_check_raw(void *p, size_t size, const char *descr1, const char *descr2)
  98:Middlewares/Third_Party/LwIP/src/core/mem.c **** {
  99:Middlewares/Third_Party/LwIP/src/core/mem.c **** #if MEM_SANITY_REGION_AFTER_ALIGNED || MEM_SANITY_REGION_BEFORE_ALIGNED
 100:Middlewares/Third_Party/LwIP/src/core/mem.c ****   u16_t k;
 101:Middlewares/Third_Party/LwIP/src/core/mem.c ****   u8_t *m;
 102:Middlewares/Third_Party/LwIP/src/core/mem.c **** 
 103:Middlewares/Third_Party/LwIP/src/core/mem.c **** #if MEM_SANITY_REGION_AFTER_ALIGNED > 0
 104:Middlewares/Third_Party/LwIP/src/core/mem.c ****   m = (u8_t *)p + size;
 105:Middlewares/Third_Party/LwIP/src/core/mem.c ****   for (k = 0; k < MEM_SANITY_REGION_AFTER_ALIGNED; k++) {
 106:Middlewares/Third_Party/LwIP/src/core/mem.c ****     if (m[k] != 0xcd) {
 107:Middlewares/Third_Party/LwIP/src/core/mem.c ****       char errstr[128];
 108:Middlewares/Third_Party/LwIP/src/core/mem.c ****       snprintf(errstr, sizeof(errstr), "detected mem overflow in %s%s", descr1, descr2);
 109:Middlewares/Third_Party/LwIP/src/core/mem.c ****       LWIP_ASSERT(errstr, 0);
 110:Middlewares/Third_Party/LwIP/src/core/mem.c ****     }
 111:Middlewares/Third_Party/LwIP/src/core/mem.c ****   }
 112:Middlewares/Third_Party/LwIP/src/core/mem.c **** #endif /* MEM_SANITY_REGION_AFTER_ALIGNED > 0 */
 113:Middlewares/Third_Party/LwIP/src/core/mem.c **** 
 114:Middlewares/Third_Party/LwIP/src/core/mem.c **** #if MEM_SANITY_REGION_BEFORE_ALIGNED > 0
 115:Middlewares/Third_Party/LwIP/src/core/mem.c ****   m = (u8_t *)p - MEM_SANITY_REGION_BEFORE_ALIGNED;
 116:Middlewares/Third_Party/LwIP/src/core/mem.c ****   for (k = 0; k < MEM_SANITY_REGION_BEFORE_ALIGNED; k++) {
 117:Middlewares/Third_Party/LwIP/src/core/mem.c ****     if (m[k] != 0xcd) {
 118:Middlewares/Third_Party/LwIP/src/core/mem.c ****       char errstr[128];
 119:Middlewares/Third_Party/LwIP/src/core/mem.c ****       snprintf(errstr, sizeof(errstr), "detected mem underflow in %s%s", descr1, descr2);
 120:Middlewares/Third_Party/LwIP/src/core/mem.c ****       LWIP_ASSERT(errstr, 0);
 121:Middlewares/Third_Party/LwIP/src/core/mem.c ****     }
 122:Middlewares/Third_Party/LwIP/src/core/mem.c ****   }
 123:Middlewares/Third_Party/LwIP/src/core/mem.c **** #endif /* MEM_SANITY_REGION_BEFORE_ALIGNED > 0 */
 124:Middlewares/Third_Party/LwIP/src/core/mem.c **** #else
 125:Middlewares/Third_Party/LwIP/src/core/mem.c ****   LWIP_UNUSED_ARG(p);
 126:Middlewares/Third_Party/LwIP/src/core/mem.c ****   LWIP_UNUSED_ARG(desc);
 127:Middlewares/Third_Party/LwIP/src/core/mem.c ****   LWIP_UNUSED_ARG(descr);
 128:Middlewares/Third_Party/LwIP/src/core/mem.c **** #endif
 129:Middlewares/Third_Party/LwIP/src/core/mem.c **** }
 130:Middlewares/Third_Party/LwIP/src/core/mem.c **** 
 131:Middlewares/Third_Party/LwIP/src/core/mem.c **** /**
 132:Middlewares/Third_Party/LwIP/src/core/mem.c ****  * Initialize the restricted area of a mem element.
 133:Middlewares/Third_Party/LwIP/src/core/mem.c ****  */
 134:Middlewares/Third_Party/LwIP/src/core/mem.c **** void
 135:Middlewares/Third_Party/LwIP/src/core/mem.c **** mem_overflow_init_raw(void *p, size_t size)
 136:Middlewares/Third_Party/LwIP/src/core/mem.c **** {
 137:Middlewares/Third_Party/LwIP/src/core/mem.c **** #if MEM_SANITY_REGION_BEFORE_ALIGNED > 0 || MEM_SANITY_REGION_AFTER_ALIGNED > 0
 138:Middlewares/Third_Party/LwIP/src/core/mem.c ****   u8_t *m;
 139:Middlewares/Third_Party/LwIP/src/core/mem.c **** #if MEM_SANITY_REGION_BEFORE_ALIGNED > 0
 140:Middlewares/Third_Party/LwIP/src/core/mem.c ****   m = (u8_t *)p - MEM_SANITY_REGION_BEFORE_ALIGNED;
 141:Middlewares/Third_Party/LwIP/src/core/mem.c ****   memset(m, 0xcd, MEM_SANITY_REGION_BEFORE_ALIGNED);
 142:Middlewares/Third_Party/LwIP/src/core/mem.c **** #endif
 143:Middlewares/Third_Party/LwIP/src/core/mem.c **** #if MEM_SANITY_REGION_AFTER_ALIGNED > 0
 144:Middlewares/Third_Party/LwIP/src/core/mem.c ****   m = (u8_t *)p + size;
 145:Middlewares/Third_Party/LwIP/src/core/mem.c ****   memset(m, 0xcd, MEM_SANITY_REGION_AFTER_ALIGNED);
ARM GAS  /tmp/cc3WmiM5.s 			page 4


 146:Middlewares/Third_Party/LwIP/src/core/mem.c **** #endif
 147:Middlewares/Third_Party/LwIP/src/core/mem.c **** #else /* MEM_SANITY_REGION_BEFORE_ALIGNED > 0 || MEM_SANITY_REGION_AFTER_ALIGNED > 0 */
 148:Middlewares/Third_Party/LwIP/src/core/mem.c ****   LWIP_UNUSED_ARG(p);
 149:Middlewares/Third_Party/LwIP/src/core/mem.c ****   LWIP_UNUSED_ARG(desc);
 150:Middlewares/Third_Party/LwIP/src/core/mem.c **** #endif /* MEM_SANITY_REGION_BEFORE_ALIGNED > 0 || MEM_SANITY_REGION_AFTER_ALIGNED > 0 */
 151:Middlewares/Third_Party/LwIP/src/core/mem.c **** }
 152:Middlewares/Third_Party/LwIP/src/core/mem.c **** #endif /* MEM_OVERFLOW_CHECK || MEMP_OVERFLOW_CHECK */
 153:Middlewares/Third_Party/LwIP/src/core/mem.c **** 
 154:Middlewares/Third_Party/LwIP/src/core/mem.c **** #if MEM_LIBC_MALLOC || MEM_USE_POOLS
 155:Middlewares/Third_Party/LwIP/src/core/mem.c **** 
 156:Middlewares/Third_Party/LwIP/src/core/mem.c **** /** mem_init is not used when using pools instead of a heap or using
 157:Middlewares/Third_Party/LwIP/src/core/mem.c ****  * C library malloc().
 158:Middlewares/Third_Party/LwIP/src/core/mem.c ****  */
 159:Middlewares/Third_Party/LwIP/src/core/mem.c **** void
 160:Middlewares/Third_Party/LwIP/src/core/mem.c **** mem_init(void)
 161:Middlewares/Third_Party/LwIP/src/core/mem.c **** {
 162:Middlewares/Third_Party/LwIP/src/core/mem.c **** }
 163:Middlewares/Third_Party/LwIP/src/core/mem.c **** 
 164:Middlewares/Third_Party/LwIP/src/core/mem.c **** /** mem_trim is not used when using pools instead of a heap or using
 165:Middlewares/Third_Party/LwIP/src/core/mem.c ****  * C library malloc(): we can't free part of a pool element and the stack
 166:Middlewares/Third_Party/LwIP/src/core/mem.c ****  * support mem_trim() to return a different pointer
 167:Middlewares/Third_Party/LwIP/src/core/mem.c ****  */
 168:Middlewares/Third_Party/LwIP/src/core/mem.c **** void *
 169:Middlewares/Third_Party/LwIP/src/core/mem.c **** mem_trim(void *mem, mem_size_t size)
 170:Middlewares/Third_Party/LwIP/src/core/mem.c **** {
 171:Middlewares/Third_Party/LwIP/src/core/mem.c ****   LWIP_UNUSED_ARG(size);
 172:Middlewares/Third_Party/LwIP/src/core/mem.c ****   return mem;
 173:Middlewares/Third_Party/LwIP/src/core/mem.c **** }
 174:Middlewares/Third_Party/LwIP/src/core/mem.c **** #endif /* MEM_LIBC_MALLOC || MEM_USE_POOLS */
 175:Middlewares/Third_Party/LwIP/src/core/mem.c **** 
 176:Middlewares/Third_Party/LwIP/src/core/mem.c **** #if MEM_LIBC_MALLOC
 177:Middlewares/Third_Party/LwIP/src/core/mem.c **** /* lwIP heap implemented using C library malloc() */
 178:Middlewares/Third_Party/LwIP/src/core/mem.c **** 
 179:Middlewares/Third_Party/LwIP/src/core/mem.c **** /* in case C library malloc() needs extra protection,
 180:Middlewares/Third_Party/LwIP/src/core/mem.c ****  * allow these defines to be overridden.
 181:Middlewares/Third_Party/LwIP/src/core/mem.c ****  */
 182:Middlewares/Third_Party/LwIP/src/core/mem.c **** #ifndef mem_clib_free
 183:Middlewares/Third_Party/LwIP/src/core/mem.c **** #define mem_clib_free free
 184:Middlewares/Third_Party/LwIP/src/core/mem.c **** #endif
 185:Middlewares/Third_Party/LwIP/src/core/mem.c **** #ifndef mem_clib_malloc
 186:Middlewares/Third_Party/LwIP/src/core/mem.c **** #define mem_clib_malloc malloc
 187:Middlewares/Third_Party/LwIP/src/core/mem.c **** #endif
 188:Middlewares/Third_Party/LwIP/src/core/mem.c **** #ifndef mem_clib_calloc
 189:Middlewares/Third_Party/LwIP/src/core/mem.c **** #define mem_clib_calloc calloc
 190:Middlewares/Third_Party/LwIP/src/core/mem.c **** #endif
 191:Middlewares/Third_Party/LwIP/src/core/mem.c **** 
 192:Middlewares/Third_Party/LwIP/src/core/mem.c **** #if LWIP_STATS && MEM_STATS
 193:Middlewares/Third_Party/LwIP/src/core/mem.c **** #define MEM_LIBC_STATSHELPER_SIZE LWIP_MEM_ALIGN_SIZE(sizeof(mem_size_t))
 194:Middlewares/Third_Party/LwIP/src/core/mem.c **** #else
 195:Middlewares/Third_Party/LwIP/src/core/mem.c **** #define MEM_LIBC_STATSHELPER_SIZE 0
 196:Middlewares/Third_Party/LwIP/src/core/mem.c **** #endif
 197:Middlewares/Third_Party/LwIP/src/core/mem.c **** 
 198:Middlewares/Third_Party/LwIP/src/core/mem.c **** /**
 199:Middlewares/Third_Party/LwIP/src/core/mem.c ****  * Allocate a block of memory with a minimum of 'size' bytes.
 200:Middlewares/Third_Party/LwIP/src/core/mem.c ****  *
 201:Middlewares/Third_Party/LwIP/src/core/mem.c ****  * @param size is the minimum size of the requested block in bytes.
 202:Middlewares/Third_Party/LwIP/src/core/mem.c ****  * @return pointer to allocated memory or NULL if no free memory was found.
ARM GAS  /tmp/cc3WmiM5.s 			page 5


 203:Middlewares/Third_Party/LwIP/src/core/mem.c ****  *
 204:Middlewares/Third_Party/LwIP/src/core/mem.c ****  * Note that the returned value must always be aligned (as defined by MEM_ALIGNMENT).
 205:Middlewares/Third_Party/LwIP/src/core/mem.c ****  */
 206:Middlewares/Third_Party/LwIP/src/core/mem.c **** void *
 207:Middlewares/Third_Party/LwIP/src/core/mem.c **** mem_malloc(mem_size_t size)
 208:Middlewares/Third_Party/LwIP/src/core/mem.c **** {
 209:Middlewares/Third_Party/LwIP/src/core/mem.c ****   void *ret = mem_clib_malloc(size + MEM_LIBC_STATSHELPER_SIZE);
 210:Middlewares/Third_Party/LwIP/src/core/mem.c ****   if (ret == NULL) {
 211:Middlewares/Third_Party/LwIP/src/core/mem.c ****     MEM_STATS_INC_LOCKED(err);
 212:Middlewares/Third_Party/LwIP/src/core/mem.c ****   } else {
 213:Middlewares/Third_Party/LwIP/src/core/mem.c ****     LWIP_ASSERT("malloc() must return aligned memory", LWIP_MEM_ALIGN(ret) == ret);
 214:Middlewares/Third_Party/LwIP/src/core/mem.c **** #if LWIP_STATS && MEM_STATS
 215:Middlewares/Third_Party/LwIP/src/core/mem.c ****     *(mem_size_t *)ret = size;
 216:Middlewares/Third_Party/LwIP/src/core/mem.c ****     ret = (u8_t *)ret + MEM_LIBC_STATSHELPER_SIZE;
 217:Middlewares/Third_Party/LwIP/src/core/mem.c ****     MEM_STATS_INC_USED_LOCKED(used, size);
 218:Middlewares/Third_Party/LwIP/src/core/mem.c **** #endif
 219:Middlewares/Third_Party/LwIP/src/core/mem.c ****   }
 220:Middlewares/Third_Party/LwIP/src/core/mem.c ****   return ret;
 221:Middlewares/Third_Party/LwIP/src/core/mem.c **** }
 222:Middlewares/Third_Party/LwIP/src/core/mem.c **** 
 223:Middlewares/Third_Party/LwIP/src/core/mem.c **** /** Put memory back on the heap
 224:Middlewares/Third_Party/LwIP/src/core/mem.c ****  *
 225:Middlewares/Third_Party/LwIP/src/core/mem.c ****  * @param rmem is the pointer as returned by a previous call to mem_malloc()
 226:Middlewares/Third_Party/LwIP/src/core/mem.c ****  */
 227:Middlewares/Third_Party/LwIP/src/core/mem.c **** void
 228:Middlewares/Third_Party/LwIP/src/core/mem.c **** mem_free(void *rmem)
 229:Middlewares/Third_Party/LwIP/src/core/mem.c **** {
 230:Middlewares/Third_Party/LwIP/src/core/mem.c ****   LWIP_ASSERT("rmem != NULL", (rmem != NULL));
 231:Middlewares/Third_Party/LwIP/src/core/mem.c ****   LWIP_ASSERT("rmem == MEM_ALIGN(rmem)", (rmem == LWIP_MEM_ALIGN(rmem)));
 232:Middlewares/Third_Party/LwIP/src/core/mem.c **** #if LWIP_STATS && MEM_STATS
 233:Middlewares/Third_Party/LwIP/src/core/mem.c ****   rmem = (u8_t *)rmem - MEM_LIBC_STATSHELPER_SIZE;
 234:Middlewares/Third_Party/LwIP/src/core/mem.c ****   MEM_STATS_DEC_USED_LOCKED(used, *(mem_size_t *)rmem);
 235:Middlewares/Third_Party/LwIP/src/core/mem.c **** #endif
 236:Middlewares/Third_Party/LwIP/src/core/mem.c ****   mem_clib_free(rmem);
 237:Middlewares/Third_Party/LwIP/src/core/mem.c **** }
 238:Middlewares/Third_Party/LwIP/src/core/mem.c **** 
 239:Middlewares/Third_Party/LwIP/src/core/mem.c **** #elif MEM_USE_POOLS
 240:Middlewares/Third_Party/LwIP/src/core/mem.c **** 
 241:Middlewares/Third_Party/LwIP/src/core/mem.c **** /* lwIP heap implemented with different sized pools */
 242:Middlewares/Third_Party/LwIP/src/core/mem.c **** 
 243:Middlewares/Third_Party/LwIP/src/core/mem.c **** /**
 244:Middlewares/Third_Party/LwIP/src/core/mem.c ****  * Allocate memory: determine the smallest pool that is big enough
 245:Middlewares/Third_Party/LwIP/src/core/mem.c ****  * to contain an element of 'size' and get an element from that pool.
 246:Middlewares/Third_Party/LwIP/src/core/mem.c ****  *
 247:Middlewares/Third_Party/LwIP/src/core/mem.c ****  * @param size the size in bytes of the memory needed
 248:Middlewares/Third_Party/LwIP/src/core/mem.c ****  * @return a pointer to the allocated memory or NULL if the pool is empty
 249:Middlewares/Third_Party/LwIP/src/core/mem.c ****  */
 250:Middlewares/Third_Party/LwIP/src/core/mem.c **** void *
 251:Middlewares/Third_Party/LwIP/src/core/mem.c **** mem_malloc(mem_size_t size)
 252:Middlewares/Third_Party/LwIP/src/core/mem.c **** {
 253:Middlewares/Third_Party/LwIP/src/core/mem.c ****   void *ret;
 254:Middlewares/Third_Party/LwIP/src/core/mem.c ****   struct memp_malloc_helper *element = NULL;
 255:Middlewares/Third_Party/LwIP/src/core/mem.c ****   memp_t poolnr;
 256:Middlewares/Third_Party/LwIP/src/core/mem.c ****   mem_size_t required_size = size + LWIP_MEM_ALIGN_SIZE(sizeof(struct memp_malloc_helper));
 257:Middlewares/Third_Party/LwIP/src/core/mem.c **** 
 258:Middlewares/Third_Party/LwIP/src/core/mem.c ****   for (poolnr = MEMP_POOL_FIRST; poolnr <= MEMP_POOL_LAST; poolnr = (memp_t)(poolnr + 1)) {
 259:Middlewares/Third_Party/LwIP/src/core/mem.c ****     /* is this pool big enough to hold an element of the required size
ARM GAS  /tmp/cc3WmiM5.s 			page 6


 260:Middlewares/Third_Party/LwIP/src/core/mem.c ****        plus a struct memp_malloc_helper that saves the pool this element came from? */
 261:Middlewares/Third_Party/LwIP/src/core/mem.c ****     if (required_size <= memp_pools[poolnr]->size) {
 262:Middlewares/Third_Party/LwIP/src/core/mem.c ****       element = (struct memp_malloc_helper *)memp_malloc(poolnr);
 263:Middlewares/Third_Party/LwIP/src/core/mem.c ****       if (element == NULL) {
 264:Middlewares/Third_Party/LwIP/src/core/mem.c ****         /* No need to DEBUGF or ASSERT: This error is already taken care of in memp.c */
 265:Middlewares/Third_Party/LwIP/src/core/mem.c **** #if MEM_USE_POOLS_TRY_BIGGER_POOL
 266:Middlewares/Third_Party/LwIP/src/core/mem.c ****         /** Try a bigger pool if this one is empty! */
 267:Middlewares/Third_Party/LwIP/src/core/mem.c ****         if (poolnr < MEMP_POOL_LAST) {
 268:Middlewares/Third_Party/LwIP/src/core/mem.c ****           continue;
 269:Middlewares/Third_Party/LwIP/src/core/mem.c ****         }
 270:Middlewares/Third_Party/LwIP/src/core/mem.c **** #endif /* MEM_USE_POOLS_TRY_BIGGER_POOL */
 271:Middlewares/Third_Party/LwIP/src/core/mem.c ****         MEM_STATS_INC_LOCKED(err);
 272:Middlewares/Third_Party/LwIP/src/core/mem.c ****         return NULL;
 273:Middlewares/Third_Party/LwIP/src/core/mem.c ****       }
 274:Middlewares/Third_Party/LwIP/src/core/mem.c ****       break;
 275:Middlewares/Third_Party/LwIP/src/core/mem.c ****     }
 276:Middlewares/Third_Party/LwIP/src/core/mem.c ****   }
 277:Middlewares/Third_Party/LwIP/src/core/mem.c ****   if (poolnr > MEMP_POOL_LAST) {
 278:Middlewares/Third_Party/LwIP/src/core/mem.c ****     LWIP_ASSERT("mem_malloc(): no pool is that big!", 0);
 279:Middlewares/Third_Party/LwIP/src/core/mem.c ****     MEM_STATS_INC_LOCKED(err);
 280:Middlewares/Third_Party/LwIP/src/core/mem.c ****     return NULL;
 281:Middlewares/Third_Party/LwIP/src/core/mem.c ****   }
 282:Middlewares/Third_Party/LwIP/src/core/mem.c **** 
 283:Middlewares/Third_Party/LwIP/src/core/mem.c ****   /* save the pool number this element came from */
 284:Middlewares/Third_Party/LwIP/src/core/mem.c ****   element->poolnr = poolnr;
 285:Middlewares/Third_Party/LwIP/src/core/mem.c ****   /* and return a pointer to the memory directly after the struct memp_malloc_helper */
 286:Middlewares/Third_Party/LwIP/src/core/mem.c ****   ret = (u8_t *)element + LWIP_MEM_ALIGN_SIZE(sizeof(struct memp_malloc_helper));
 287:Middlewares/Third_Party/LwIP/src/core/mem.c **** 
 288:Middlewares/Third_Party/LwIP/src/core/mem.c **** #if MEMP_OVERFLOW_CHECK || (LWIP_STATS && MEM_STATS)
 289:Middlewares/Third_Party/LwIP/src/core/mem.c ****   /* truncating to u16_t is safe because struct memp_desc::size is u16_t */
 290:Middlewares/Third_Party/LwIP/src/core/mem.c ****   element->size = (u16_t)size;
 291:Middlewares/Third_Party/LwIP/src/core/mem.c ****   MEM_STATS_INC_USED_LOCKED(used, element->size);
 292:Middlewares/Third_Party/LwIP/src/core/mem.c **** #endif /* MEMP_OVERFLOW_CHECK || (LWIP_STATS && MEM_STATS) */
 293:Middlewares/Third_Party/LwIP/src/core/mem.c **** #if MEMP_OVERFLOW_CHECK
 294:Middlewares/Third_Party/LwIP/src/core/mem.c ****   /* initialize unused memory (diff between requested size and selected pool's size) */
 295:Middlewares/Third_Party/LwIP/src/core/mem.c ****   memset((u8_t *)ret + size, 0xcd, memp_pools[poolnr]->size - size);
 296:Middlewares/Third_Party/LwIP/src/core/mem.c **** #endif /* MEMP_OVERFLOW_CHECK */
 297:Middlewares/Third_Party/LwIP/src/core/mem.c ****   return ret;
 298:Middlewares/Third_Party/LwIP/src/core/mem.c **** }
 299:Middlewares/Third_Party/LwIP/src/core/mem.c **** 
 300:Middlewares/Third_Party/LwIP/src/core/mem.c **** /**
 301:Middlewares/Third_Party/LwIP/src/core/mem.c ****  * Free memory previously allocated by mem_malloc. Loads the pool number
 302:Middlewares/Third_Party/LwIP/src/core/mem.c ****  * and calls memp_free with that pool number to put the element back into
 303:Middlewares/Third_Party/LwIP/src/core/mem.c ****  * its pool
 304:Middlewares/Third_Party/LwIP/src/core/mem.c ****  *
 305:Middlewares/Third_Party/LwIP/src/core/mem.c ****  * @param rmem the memory element to free
 306:Middlewares/Third_Party/LwIP/src/core/mem.c ****  */
 307:Middlewares/Third_Party/LwIP/src/core/mem.c **** void
 308:Middlewares/Third_Party/LwIP/src/core/mem.c **** mem_free(void *rmem)
 309:Middlewares/Third_Party/LwIP/src/core/mem.c **** {
 310:Middlewares/Third_Party/LwIP/src/core/mem.c ****   struct memp_malloc_helper *hmem;
 311:Middlewares/Third_Party/LwIP/src/core/mem.c **** 
 312:Middlewares/Third_Party/LwIP/src/core/mem.c ****   LWIP_ASSERT("rmem != NULL", (rmem != NULL));
 313:Middlewares/Third_Party/LwIP/src/core/mem.c ****   LWIP_ASSERT("rmem == MEM_ALIGN(rmem)", (rmem == LWIP_MEM_ALIGN(rmem)));
 314:Middlewares/Third_Party/LwIP/src/core/mem.c **** 
 315:Middlewares/Third_Party/LwIP/src/core/mem.c ****   /* get the original struct memp_malloc_helper */
 316:Middlewares/Third_Party/LwIP/src/core/mem.c ****   /* cast through void* to get rid of alignment warnings */
ARM GAS  /tmp/cc3WmiM5.s 			page 7


 317:Middlewares/Third_Party/LwIP/src/core/mem.c ****   hmem = (struct memp_malloc_helper *)(void *)((u8_t *)rmem - LWIP_MEM_ALIGN_SIZE(sizeof(struct mem
 318:Middlewares/Third_Party/LwIP/src/core/mem.c **** 
 319:Middlewares/Third_Party/LwIP/src/core/mem.c ****   LWIP_ASSERT("hmem != NULL", (hmem != NULL));
 320:Middlewares/Third_Party/LwIP/src/core/mem.c ****   LWIP_ASSERT("hmem == MEM_ALIGN(hmem)", (hmem == LWIP_MEM_ALIGN(hmem)));
 321:Middlewares/Third_Party/LwIP/src/core/mem.c ****   LWIP_ASSERT("hmem->poolnr < MEMP_MAX", (hmem->poolnr < MEMP_MAX));
 322:Middlewares/Third_Party/LwIP/src/core/mem.c **** 
 323:Middlewares/Third_Party/LwIP/src/core/mem.c ****   MEM_STATS_DEC_USED_LOCKED(used, hmem->size);
 324:Middlewares/Third_Party/LwIP/src/core/mem.c **** #if MEMP_OVERFLOW_CHECK
 325:Middlewares/Third_Party/LwIP/src/core/mem.c ****   {
 326:Middlewares/Third_Party/LwIP/src/core/mem.c ****     u16_t i;
 327:Middlewares/Third_Party/LwIP/src/core/mem.c ****     LWIP_ASSERT("MEM_USE_POOLS: invalid chunk size",
 328:Middlewares/Third_Party/LwIP/src/core/mem.c ****                 hmem->size <= memp_pools[hmem->poolnr]->size);
 329:Middlewares/Third_Party/LwIP/src/core/mem.c ****     /* check that unused memory remained untouched (diff between requested size and selected pool's
 330:Middlewares/Third_Party/LwIP/src/core/mem.c ****     for (i = hmem->size; i < memp_pools[hmem->poolnr]->size; i++) {
 331:Middlewares/Third_Party/LwIP/src/core/mem.c ****       u8_t data = *((u8_t *)rmem + i);
 332:Middlewares/Third_Party/LwIP/src/core/mem.c ****       LWIP_ASSERT("MEM_USE_POOLS: mem overflow detected", data == 0xcd);
 333:Middlewares/Third_Party/LwIP/src/core/mem.c ****     }
 334:Middlewares/Third_Party/LwIP/src/core/mem.c ****   }
 335:Middlewares/Third_Party/LwIP/src/core/mem.c **** #endif /* MEMP_OVERFLOW_CHECK */
 336:Middlewares/Third_Party/LwIP/src/core/mem.c **** 
 337:Middlewares/Third_Party/LwIP/src/core/mem.c ****   /* and put it in the pool we saved earlier */
 338:Middlewares/Third_Party/LwIP/src/core/mem.c ****   memp_free(hmem->poolnr, hmem);
 339:Middlewares/Third_Party/LwIP/src/core/mem.c **** }
 340:Middlewares/Third_Party/LwIP/src/core/mem.c **** 
 341:Middlewares/Third_Party/LwIP/src/core/mem.c **** #else /* MEM_USE_POOLS */
 342:Middlewares/Third_Party/LwIP/src/core/mem.c **** /* lwIP replacement for your libc malloc() */
 343:Middlewares/Third_Party/LwIP/src/core/mem.c **** 
 344:Middlewares/Third_Party/LwIP/src/core/mem.c **** /**
 345:Middlewares/Third_Party/LwIP/src/core/mem.c ****  * The heap is made up as a list of structs of this type.
 346:Middlewares/Third_Party/LwIP/src/core/mem.c ****  * This does not have to be aligned since for getting its size,
 347:Middlewares/Third_Party/LwIP/src/core/mem.c ****  * we only use the macro SIZEOF_STRUCT_MEM, which automatically aligns.
 348:Middlewares/Third_Party/LwIP/src/core/mem.c ****  */
 349:Middlewares/Third_Party/LwIP/src/core/mem.c **** struct mem {
 350:Middlewares/Third_Party/LwIP/src/core/mem.c ****   /** index (-> ram[next]) of the next struct */
 351:Middlewares/Third_Party/LwIP/src/core/mem.c ****   mem_size_t next;
 352:Middlewares/Third_Party/LwIP/src/core/mem.c ****   /** index (-> ram[prev]) of the previous struct */
 353:Middlewares/Third_Party/LwIP/src/core/mem.c ****   mem_size_t prev;
 354:Middlewares/Third_Party/LwIP/src/core/mem.c ****   /** 1: this area is used; 0: this area is unused */
 355:Middlewares/Third_Party/LwIP/src/core/mem.c ****   u8_t used;
 356:Middlewares/Third_Party/LwIP/src/core/mem.c **** #if MEM_OVERFLOW_CHECK
 357:Middlewares/Third_Party/LwIP/src/core/mem.c ****   /** this keeps track of the user allocation size for guard checks */
 358:Middlewares/Third_Party/LwIP/src/core/mem.c ****   mem_size_t user_size;
 359:Middlewares/Third_Party/LwIP/src/core/mem.c **** #endif
 360:Middlewares/Third_Party/LwIP/src/core/mem.c **** };
 361:Middlewares/Third_Party/LwIP/src/core/mem.c **** 
 362:Middlewares/Third_Party/LwIP/src/core/mem.c **** /** All allocated blocks will be MIN_SIZE bytes big, at least!
 363:Middlewares/Third_Party/LwIP/src/core/mem.c ****  * MIN_SIZE can be overridden to suit your needs. Smaller values save space,
 364:Middlewares/Third_Party/LwIP/src/core/mem.c ****  * larger values could prevent too small blocks to fragment the RAM too much. */
 365:Middlewares/Third_Party/LwIP/src/core/mem.c **** #ifndef MIN_SIZE
 366:Middlewares/Third_Party/LwIP/src/core/mem.c **** #define MIN_SIZE             12
 367:Middlewares/Third_Party/LwIP/src/core/mem.c **** #endif /* MIN_SIZE */
 368:Middlewares/Third_Party/LwIP/src/core/mem.c **** /* some alignment macros: we define them here for better source code layout */
 369:Middlewares/Third_Party/LwIP/src/core/mem.c **** #define MIN_SIZE_ALIGNED     LWIP_MEM_ALIGN_SIZE(MIN_SIZE)
 370:Middlewares/Third_Party/LwIP/src/core/mem.c **** #define SIZEOF_STRUCT_MEM    LWIP_MEM_ALIGN_SIZE(sizeof(struct mem))
 371:Middlewares/Third_Party/LwIP/src/core/mem.c **** #define MEM_SIZE_ALIGNED     LWIP_MEM_ALIGN_SIZE(MEM_SIZE)
 372:Middlewares/Third_Party/LwIP/src/core/mem.c **** 
 373:Middlewares/Third_Party/LwIP/src/core/mem.c **** /** If you want to relocate the heap to external memory, simply define
ARM GAS  /tmp/cc3WmiM5.s 			page 8


 374:Middlewares/Third_Party/LwIP/src/core/mem.c ****  * LWIP_RAM_HEAP_POINTER as a void-pointer to that location.
 375:Middlewares/Third_Party/LwIP/src/core/mem.c ****  * If so, make sure the memory at that location is big enough (see below on
 376:Middlewares/Third_Party/LwIP/src/core/mem.c ****  * how that space is calculated). */
 377:Middlewares/Third_Party/LwIP/src/core/mem.c **** #ifndef LWIP_RAM_HEAP_POINTER
 378:Middlewares/Third_Party/LwIP/src/core/mem.c **** /** the heap. we need one struct mem at the end and some room for alignment */
 379:Middlewares/Third_Party/LwIP/src/core/mem.c **** LWIP_DECLARE_MEMORY_ALIGNED(ram_heap, MEM_SIZE_ALIGNED + (2U * SIZEOF_STRUCT_MEM));
 380:Middlewares/Third_Party/LwIP/src/core/mem.c **** #define LWIP_RAM_HEAP_POINTER ram_heap
 381:Middlewares/Third_Party/LwIP/src/core/mem.c **** #endif /* LWIP_RAM_HEAP_POINTER */
 382:Middlewares/Third_Party/LwIP/src/core/mem.c **** 
 383:Middlewares/Third_Party/LwIP/src/core/mem.c **** /** pointer to the heap (ram_heap): for alignment, ram is now a pointer instead of an array */
 384:Middlewares/Third_Party/LwIP/src/core/mem.c **** static u8_t *ram;
 385:Middlewares/Third_Party/LwIP/src/core/mem.c **** /** the last entry, always unused! */
 386:Middlewares/Third_Party/LwIP/src/core/mem.c **** static struct mem *ram_end;
 387:Middlewares/Third_Party/LwIP/src/core/mem.c **** 
 388:Middlewares/Third_Party/LwIP/src/core/mem.c **** /** concurrent access protection */
 389:Middlewares/Third_Party/LwIP/src/core/mem.c **** #if !NO_SYS
 390:Middlewares/Third_Party/LwIP/src/core/mem.c **** static sys_mutex_t mem_mutex;
 391:Middlewares/Third_Party/LwIP/src/core/mem.c **** #endif
 392:Middlewares/Third_Party/LwIP/src/core/mem.c **** 
 393:Middlewares/Third_Party/LwIP/src/core/mem.c **** #if LWIP_ALLOW_MEM_FREE_FROM_OTHER_CONTEXT
 394:Middlewares/Third_Party/LwIP/src/core/mem.c **** 
 395:Middlewares/Third_Party/LwIP/src/core/mem.c **** static volatile u8_t mem_free_count;
 396:Middlewares/Third_Party/LwIP/src/core/mem.c **** 
 397:Middlewares/Third_Party/LwIP/src/core/mem.c **** /* Allow mem_free from other (e.g. interrupt) context */
 398:Middlewares/Third_Party/LwIP/src/core/mem.c **** #define LWIP_MEM_FREE_DECL_PROTECT()  SYS_ARCH_DECL_PROTECT(lev_free)
 399:Middlewares/Third_Party/LwIP/src/core/mem.c **** #define LWIP_MEM_FREE_PROTECT()       SYS_ARCH_PROTECT(lev_free)
 400:Middlewares/Third_Party/LwIP/src/core/mem.c **** #define LWIP_MEM_FREE_UNPROTECT()     SYS_ARCH_UNPROTECT(lev_free)
 401:Middlewares/Third_Party/LwIP/src/core/mem.c **** #define LWIP_MEM_ALLOC_DECL_PROTECT() SYS_ARCH_DECL_PROTECT(lev_alloc)
 402:Middlewares/Third_Party/LwIP/src/core/mem.c **** #define LWIP_MEM_ALLOC_PROTECT()      SYS_ARCH_PROTECT(lev_alloc)
 403:Middlewares/Third_Party/LwIP/src/core/mem.c **** #define LWIP_MEM_ALLOC_UNPROTECT()    SYS_ARCH_UNPROTECT(lev_alloc)
 404:Middlewares/Third_Party/LwIP/src/core/mem.c **** #define LWIP_MEM_LFREE_VOLATILE       volatile
 405:Middlewares/Third_Party/LwIP/src/core/mem.c **** 
 406:Middlewares/Third_Party/LwIP/src/core/mem.c **** #else /* LWIP_ALLOW_MEM_FREE_FROM_OTHER_CONTEXT */
 407:Middlewares/Third_Party/LwIP/src/core/mem.c **** 
 408:Middlewares/Third_Party/LwIP/src/core/mem.c **** /* Protect the heap only by using a mutex */
 409:Middlewares/Third_Party/LwIP/src/core/mem.c **** #define LWIP_MEM_FREE_DECL_PROTECT()
 410:Middlewares/Third_Party/LwIP/src/core/mem.c **** #define LWIP_MEM_FREE_PROTECT()    sys_mutex_lock(&mem_mutex)
 411:Middlewares/Third_Party/LwIP/src/core/mem.c **** #define LWIP_MEM_FREE_UNPROTECT()  sys_mutex_unlock(&mem_mutex)
 412:Middlewares/Third_Party/LwIP/src/core/mem.c **** /* mem_malloc is protected using mutex AND LWIP_MEM_ALLOC_PROTECT */
 413:Middlewares/Third_Party/LwIP/src/core/mem.c **** #define LWIP_MEM_ALLOC_DECL_PROTECT()
 414:Middlewares/Third_Party/LwIP/src/core/mem.c **** #define LWIP_MEM_ALLOC_PROTECT()
 415:Middlewares/Third_Party/LwIP/src/core/mem.c **** #define LWIP_MEM_ALLOC_UNPROTECT()
 416:Middlewares/Third_Party/LwIP/src/core/mem.c **** #define LWIP_MEM_LFREE_VOLATILE
 417:Middlewares/Third_Party/LwIP/src/core/mem.c **** 
 418:Middlewares/Third_Party/LwIP/src/core/mem.c **** #endif /* LWIP_ALLOW_MEM_FREE_FROM_OTHER_CONTEXT */
 419:Middlewares/Third_Party/LwIP/src/core/mem.c **** 
 420:Middlewares/Third_Party/LwIP/src/core/mem.c **** /** pointer to the lowest free block, this is used for faster search */
 421:Middlewares/Third_Party/LwIP/src/core/mem.c **** static struct mem * LWIP_MEM_LFREE_VOLATILE lfree;
 422:Middlewares/Third_Party/LwIP/src/core/mem.c **** 
 423:Middlewares/Third_Party/LwIP/src/core/mem.c **** #if MEM_SANITY_CHECK
 424:Middlewares/Third_Party/LwIP/src/core/mem.c **** static void mem_sanity(void);
 425:Middlewares/Third_Party/LwIP/src/core/mem.c **** #define MEM_SANITY() mem_sanity()
 426:Middlewares/Third_Party/LwIP/src/core/mem.c **** #else
 427:Middlewares/Third_Party/LwIP/src/core/mem.c **** #define MEM_SANITY()
 428:Middlewares/Third_Party/LwIP/src/core/mem.c **** #endif
 429:Middlewares/Third_Party/LwIP/src/core/mem.c **** 
 430:Middlewares/Third_Party/LwIP/src/core/mem.c **** #if MEM_OVERFLOW_CHECK
ARM GAS  /tmp/cc3WmiM5.s 			page 9


 431:Middlewares/Third_Party/LwIP/src/core/mem.c **** static void
 432:Middlewares/Third_Party/LwIP/src/core/mem.c **** mem_overflow_init_element(struct mem *mem, mem_size_t user_size)
 433:Middlewares/Third_Party/LwIP/src/core/mem.c **** {
 434:Middlewares/Third_Party/LwIP/src/core/mem.c ****   void *p = (u8_t *)mem + SIZEOF_STRUCT_MEM + MEM_SANITY_OFFSET;
 435:Middlewares/Third_Party/LwIP/src/core/mem.c ****   mem->user_size = user_size;
 436:Middlewares/Third_Party/LwIP/src/core/mem.c ****   mem_overflow_init_raw(p, user_size);
 437:Middlewares/Third_Party/LwIP/src/core/mem.c **** }
 438:Middlewares/Third_Party/LwIP/src/core/mem.c **** 
 439:Middlewares/Third_Party/LwIP/src/core/mem.c **** static void
 440:Middlewares/Third_Party/LwIP/src/core/mem.c **** mem_overflow_check_element(struct mem *mem)
 441:Middlewares/Third_Party/LwIP/src/core/mem.c **** {
 442:Middlewares/Third_Party/LwIP/src/core/mem.c ****   void *p = (u8_t *)mem + SIZEOF_STRUCT_MEM + MEM_SANITY_OFFSET;
 443:Middlewares/Third_Party/LwIP/src/core/mem.c ****   mem_overflow_check_raw(p, mem->user_size, "heap", "");
 444:Middlewares/Third_Party/LwIP/src/core/mem.c **** }
 445:Middlewares/Third_Party/LwIP/src/core/mem.c **** #else /* MEM_OVERFLOW_CHECK */
 446:Middlewares/Third_Party/LwIP/src/core/mem.c **** #define mem_overflow_init_element(mem, size)
 447:Middlewares/Third_Party/LwIP/src/core/mem.c **** #define mem_overflow_check_element(mem)
 448:Middlewares/Third_Party/LwIP/src/core/mem.c **** #endif /* MEM_OVERFLOW_CHECK */
 449:Middlewares/Third_Party/LwIP/src/core/mem.c **** 
 450:Middlewares/Third_Party/LwIP/src/core/mem.c **** static struct mem *
 451:Middlewares/Third_Party/LwIP/src/core/mem.c **** ptr_to_mem(mem_size_t ptr)
 452:Middlewares/Third_Party/LwIP/src/core/mem.c **** {
  28              		.loc 1 452 1 view -0
  29              		.cfi_startproc
  30              		@ args = 0, pretend = 0, frame = 0
  31              		@ frame_needed = 0, uses_anonymous_args = 0
  32              		@ link register save eliminated.
 453:Middlewares/Third_Party/LwIP/src/core/mem.c ****   return (struct mem *)(void *)&ram[ptr];
  33              		.loc 1 453 3 view .LVU1
  34              		.loc 1 453 32 is_stmt 0 view .LVU2
  35 0000 014B     		ldr	r3, .L2
  36 0002 1B68     		ldr	r3, [r3]
 454:Middlewares/Third_Party/LwIP/src/core/mem.c **** }
  37              		.loc 1 454 1 view .LVU3
  38 0004 1844     		add	r0, r0, r3
  39              	.LVL1:
  40              		.loc 1 454 1 view .LVU4
  41 0006 7047     		bx	lr
  42              	.L3:
  43              		.align	2
  44              	.L2:
  45 0008 00000000 		.word	.LANCHOR0
  46              		.cfi_endproc
  47              	.LFE173:
  49              		.section	.text.mem_to_ptr,"ax",%progbits
  50              		.align	1
  51              		.syntax unified
  52              		.thumb
  53              		.thumb_func
  54              		.fpu fpv5-d16
  56              	mem_to_ptr:
  57              	.LVL2:
  58              	.LFB174:
 455:Middlewares/Third_Party/LwIP/src/core/mem.c **** 
 456:Middlewares/Third_Party/LwIP/src/core/mem.c **** static mem_size_t
 457:Middlewares/Third_Party/LwIP/src/core/mem.c **** mem_to_ptr(void *mem)
 458:Middlewares/Third_Party/LwIP/src/core/mem.c **** {
ARM GAS  /tmp/cc3WmiM5.s 			page 10


  59              		.loc 1 458 1 is_stmt 1 view -0
  60              		.cfi_startproc
  61              		@ args = 0, pretend = 0, frame = 0
  62              		@ frame_needed = 0, uses_anonymous_args = 0
  63              		@ link register save eliminated.
 459:Middlewares/Third_Party/LwIP/src/core/mem.c ****   return (mem_size_t)((u8_t *)mem - ram);
  64              		.loc 1 459 3 view .LVU6
  65              		.loc 1 459 35 is_stmt 0 view .LVU7
  66 0000 024B     		ldr	r3, .L5
  67 0002 1B68     		ldr	r3, [r3]
  68 0004 C01A     		subs	r0, r0, r3
  69              	.LVL3:
 460:Middlewares/Third_Party/LwIP/src/core/mem.c **** }
  70              		.loc 1 460 1 view .LVU8
  71 0006 80B2     		uxth	r0, r0
  72 0008 7047     		bx	lr
  73              	.L6:
  74 000a 00BF     		.align	2
  75              	.L5:
  76 000c 00000000 		.word	.LANCHOR0
  77              		.cfi_endproc
  78              	.LFE174:
  80              		.section	.text.mem_link_valid,"ax",%progbits
  81              		.align	1
  82              		.syntax unified
  83              		.thumb
  84              		.thumb_func
  85              		.fpu fpv5-d16
  87              	mem_link_valid:
  88              	.LVL4:
  89              	.LFB177:
 461:Middlewares/Third_Party/LwIP/src/core/mem.c **** 
 462:Middlewares/Third_Party/LwIP/src/core/mem.c **** /**
 463:Middlewares/Third_Party/LwIP/src/core/mem.c ****  * "Plug holes" by combining adjacent empty struct mems.
 464:Middlewares/Third_Party/LwIP/src/core/mem.c ****  * After this function is through, there should not exist
 465:Middlewares/Third_Party/LwIP/src/core/mem.c ****  * one empty struct mem pointing to another empty struct mem.
 466:Middlewares/Third_Party/LwIP/src/core/mem.c ****  *
 467:Middlewares/Third_Party/LwIP/src/core/mem.c ****  * @param mem this points to a struct mem which just has been freed
 468:Middlewares/Third_Party/LwIP/src/core/mem.c ****  * @internal this function is only called by mem_free() and mem_trim()
 469:Middlewares/Third_Party/LwIP/src/core/mem.c ****  *
 470:Middlewares/Third_Party/LwIP/src/core/mem.c ****  * This assumes access to the heap is protected by the calling function
 471:Middlewares/Third_Party/LwIP/src/core/mem.c ****  * already.
 472:Middlewares/Third_Party/LwIP/src/core/mem.c ****  */
 473:Middlewares/Third_Party/LwIP/src/core/mem.c **** static void
 474:Middlewares/Third_Party/LwIP/src/core/mem.c **** plug_holes(struct mem *mem)
 475:Middlewares/Third_Party/LwIP/src/core/mem.c **** {
 476:Middlewares/Third_Party/LwIP/src/core/mem.c ****   struct mem *nmem;
 477:Middlewares/Third_Party/LwIP/src/core/mem.c ****   struct mem *pmem;
 478:Middlewares/Third_Party/LwIP/src/core/mem.c **** 
 479:Middlewares/Third_Party/LwIP/src/core/mem.c ****   LWIP_ASSERT("plug_holes: mem >= ram", (u8_t *)mem >= ram);
 480:Middlewares/Third_Party/LwIP/src/core/mem.c ****   LWIP_ASSERT("plug_holes: mem < ram_end", (u8_t *)mem < (u8_t *)ram_end);
 481:Middlewares/Third_Party/LwIP/src/core/mem.c ****   LWIP_ASSERT("plug_holes: mem->used == 0", mem->used == 0);
 482:Middlewares/Third_Party/LwIP/src/core/mem.c **** 
 483:Middlewares/Third_Party/LwIP/src/core/mem.c ****   /* plug hole forward */
 484:Middlewares/Third_Party/LwIP/src/core/mem.c ****   LWIP_ASSERT("plug_holes: mem->next <= MEM_SIZE_ALIGNED", mem->next <= MEM_SIZE_ALIGNED);
 485:Middlewares/Third_Party/LwIP/src/core/mem.c **** 
 486:Middlewares/Third_Party/LwIP/src/core/mem.c ****   nmem = ptr_to_mem(mem->next);
ARM GAS  /tmp/cc3WmiM5.s 			page 11


 487:Middlewares/Third_Party/LwIP/src/core/mem.c ****   if (mem != nmem && nmem->used == 0 && (u8_t *)nmem != (u8_t *)ram_end) {
 488:Middlewares/Third_Party/LwIP/src/core/mem.c ****     /* if mem->next is unused and not end of ram, combine mem and mem->next */
 489:Middlewares/Third_Party/LwIP/src/core/mem.c ****     if (lfree == nmem) {
 490:Middlewares/Third_Party/LwIP/src/core/mem.c ****       lfree = mem;
 491:Middlewares/Third_Party/LwIP/src/core/mem.c ****     }
 492:Middlewares/Third_Party/LwIP/src/core/mem.c ****     mem->next = nmem->next;
 493:Middlewares/Third_Party/LwIP/src/core/mem.c ****     if (nmem->next != MEM_SIZE_ALIGNED) {
 494:Middlewares/Third_Party/LwIP/src/core/mem.c ****       ptr_to_mem(nmem->next)->prev = mem_to_ptr(mem);
 495:Middlewares/Third_Party/LwIP/src/core/mem.c ****     }
 496:Middlewares/Third_Party/LwIP/src/core/mem.c ****   }
 497:Middlewares/Third_Party/LwIP/src/core/mem.c **** 
 498:Middlewares/Third_Party/LwIP/src/core/mem.c ****   /* plug hole backward */
 499:Middlewares/Third_Party/LwIP/src/core/mem.c ****   pmem = ptr_to_mem(mem->prev);
 500:Middlewares/Third_Party/LwIP/src/core/mem.c ****   if (pmem != mem && pmem->used == 0) {
 501:Middlewares/Third_Party/LwIP/src/core/mem.c ****     /* if mem->prev is unused, combine mem and mem->prev */
 502:Middlewares/Third_Party/LwIP/src/core/mem.c ****     if (lfree == mem) {
 503:Middlewares/Third_Party/LwIP/src/core/mem.c ****       lfree = pmem;
 504:Middlewares/Third_Party/LwIP/src/core/mem.c ****     }
 505:Middlewares/Third_Party/LwIP/src/core/mem.c ****     pmem->next = mem->next;
 506:Middlewares/Third_Party/LwIP/src/core/mem.c ****     if (mem->next != MEM_SIZE_ALIGNED) {
 507:Middlewares/Third_Party/LwIP/src/core/mem.c ****       ptr_to_mem(mem->next)->prev = mem_to_ptr(pmem);
 508:Middlewares/Third_Party/LwIP/src/core/mem.c ****     }
 509:Middlewares/Third_Party/LwIP/src/core/mem.c ****   }
 510:Middlewares/Third_Party/LwIP/src/core/mem.c **** }
 511:Middlewares/Third_Party/LwIP/src/core/mem.c **** 
 512:Middlewares/Third_Party/LwIP/src/core/mem.c **** /**
 513:Middlewares/Third_Party/LwIP/src/core/mem.c ****  * Zero the heap and initialize start, end and lowest-free
 514:Middlewares/Third_Party/LwIP/src/core/mem.c ****  */
 515:Middlewares/Third_Party/LwIP/src/core/mem.c **** void
 516:Middlewares/Third_Party/LwIP/src/core/mem.c **** mem_init(void)
 517:Middlewares/Third_Party/LwIP/src/core/mem.c **** {
 518:Middlewares/Third_Party/LwIP/src/core/mem.c ****   struct mem *mem;
 519:Middlewares/Third_Party/LwIP/src/core/mem.c **** 
 520:Middlewares/Third_Party/LwIP/src/core/mem.c ****   LWIP_ASSERT("Sanity check alignment",
 521:Middlewares/Third_Party/LwIP/src/core/mem.c ****               (SIZEOF_STRUCT_MEM & (MEM_ALIGNMENT - 1)) == 0);
 522:Middlewares/Third_Party/LwIP/src/core/mem.c **** 
 523:Middlewares/Third_Party/LwIP/src/core/mem.c ****   /* align the heap */
 524:Middlewares/Third_Party/LwIP/src/core/mem.c ****   ram = (u8_t *)LWIP_MEM_ALIGN(LWIP_RAM_HEAP_POINTER);
 525:Middlewares/Third_Party/LwIP/src/core/mem.c ****   /* initialize the start of the heap */
 526:Middlewares/Third_Party/LwIP/src/core/mem.c ****   mem = (struct mem *)(void *)ram;
 527:Middlewares/Third_Party/LwIP/src/core/mem.c ****   mem->next = MEM_SIZE_ALIGNED;
 528:Middlewares/Third_Party/LwIP/src/core/mem.c ****   mem->prev = 0;
 529:Middlewares/Third_Party/LwIP/src/core/mem.c ****   mem->used = 0;
 530:Middlewares/Third_Party/LwIP/src/core/mem.c ****   /* initialize the end of the heap */
 531:Middlewares/Third_Party/LwIP/src/core/mem.c ****   ram_end = ptr_to_mem(MEM_SIZE_ALIGNED);
 532:Middlewares/Third_Party/LwIP/src/core/mem.c ****   ram_end->used = 1;
 533:Middlewares/Third_Party/LwIP/src/core/mem.c ****   ram_end->next = MEM_SIZE_ALIGNED;
 534:Middlewares/Third_Party/LwIP/src/core/mem.c ****   ram_end->prev = MEM_SIZE_ALIGNED;
 535:Middlewares/Third_Party/LwIP/src/core/mem.c ****   MEM_SANITY();
 536:Middlewares/Third_Party/LwIP/src/core/mem.c **** 
 537:Middlewares/Third_Party/LwIP/src/core/mem.c ****   /* initialize the lowest-free pointer to the start of the heap */
 538:Middlewares/Third_Party/LwIP/src/core/mem.c ****   lfree = (struct mem *)(void *)ram;
 539:Middlewares/Third_Party/LwIP/src/core/mem.c **** 
 540:Middlewares/Third_Party/LwIP/src/core/mem.c ****   MEM_STATS_AVAIL(avail, MEM_SIZE_ALIGNED);
 541:Middlewares/Third_Party/LwIP/src/core/mem.c **** 
 542:Middlewares/Third_Party/LwIP/src/core/mem.c ****   if (sys_mutex_new(&mem_mutex) != ERR_OK) {
 543:Middlewares/Third_Party/LwIP/src/core/mem.c ****     LWIP_ASSERT("failed to create mem_mutex", 0);
ARM GAS  /tmp/cc3WmiM5.s 			page 12


 544:Middlewares/Third_Party/LwIP/src/core/mem.c ****   }
 545:Middlewares/Third_Party/LwIP/src/core/mem.c **** }
 546:Middlewares/Third_Party/LwIP/src/core/mem.c **** 
 547:Middlewares/Third_Party/LwIP/src/core/mem.c **** /* Check if a struct mem is correctly linked.
 548:Middlewares/Third_Party/LwIP/src/core/mem.c ****  * If not, double-free is a possible reason.
 549:Middlewares/Third_Party/LwIP/src/core/mem.c ****  */
 550:Middlewares/Third_Party/LwIP/src/core/mem.c **** static int
 551:Middlewares/Third_Party/LwIP/src/core/mem.c **** mem_link_valid(struct mem *mem)
 552:Middlewares/Third_Party/LwIP/src/core/mem.c **** {
  90              		.loc 1 552 1 is_stmt 1 view -0
  91              		.cfi_startproc
  92              		@ args = 0, pretend = 0, frame = 0
  93              		@ frame_needed = 0, uses_anonymous_args = 0
  94              		.loc 1 552 1 is_stmt 0 view .LVU10
  95 0000 F8B5     		push	{r3, r4, r5, r6, r7, lr}
  96              	.LCFI0:
  97              		.cfi_def_cfa_offset 24
  98              		.cfi_offset 3, -24
  99              		.cfi_offset 4, -20
 100              		.cfi_offset 5, -16
 101              		.cfi_offset 6, -12
 102              		.cfi_offset 7, -8
 103              		.cfi_offset 14, -4
 104 0002 0446     		mov	r4, r0
 553:Middlewares/Third_Party/LwIP/src/core/mem.c ****   struct mem *nmem, *pmem;
 105              		.loc 1 553 3 is_stmt 1 view .LVU11
 554:Middlewares/Third_Party/LwIP/src/core/mem.c ****   mem_size_t rmem_idx;
 106              		.loc 1 554 3 view .LVU12
 555:Middlewares/Third_Party/LwIP/src/core/mem.c ****   rmem_idx = mem_to_ptr(mem);
 107              		.loc 1 555 3 view .LVU13
 108              		.loc 1 555 14 is_stmt 0 view .LVU14
 109 0004 FFF7FEFF 		bl	mem_to_ptr
 110              	.LVL5:
 111              		.loc 1 555 14 view .LVU15
 112 0008 0746     		mov	r7, r0
 113              	.LVL6:
 556:Middlewares/Third_Party/LwIP/src/core/mem.c ****   nmem = ptr_to_mem(mem->next);
 114              		.loc 1 556 3 is_stmt 1 view .LVU16
 115              		.loc 1 556 10 is_stmt 0 view .LVU17
 116 000a 2588     		ldrh	r5, [r4]
 117 000c 2846     		mov	r0, r5
 118 000e FFF7FEFF 		bl	ptr_to_mem
 119              	.LVL7:
 120 0012 0646     		mov	r6, r0
 121              	.LVL8:
 557:Middlewares/Third_Party/LwIP/src/core/mem.c ****   pmem = ptr_to_mem(mem->prev);
 122              		.loc 1 557 3 is_stmt 1 view .LVU18
 123              		.loc 1 557 10 is_stmt 0 view .LVU19
 124 0014 6488     		ldrh	r4, [r4, #2]
 125              	.LVL9:
 126              		.loc 1 557 10 view .LVU20
 127 0016 2046     		mov	r0, r4
 128              	.LVL10:
 129              		.loc 1 557 10 view .LVU21
 130 0018 FFF7FEFF 		bl	ptr_to_mem
 131              	.LVL11:
 558:Middlewares/Third_Party/LwIP/src/core/mem.c ****   if ((mem->next > MEM_SIZE_ALIGNED) || (mem->prev > MEM_SIZE_ALIGNED) ||
ARM GAS  /tmp/cc3WmiM5.s 			page 13


 132              		.loc 1 558 3 is_stmt 1 view .LVU22
 133              		.loc 1 558 6 is_stmt 0 view .LVU23
 134 001c B5F5605F 		cmp	r5, #14336
 135 0020 10D8     		bhi	.L10
 136              		.loc 1 558 38 discriminator 1 view .LVU24
 137 0022 B4F5605F 		cmp	r4, #14336
 138 0026 0FD8     		bhi	.L11
 139              		.loc 1 558 72 discriminator 2 view .LVU25
 140 0028 BC42     		cmp	r4, r7
 141 002a 02D0     		beq	.L9
 559:Middlewares/Third_Party/LwIP/src/core/mem.c ****       ((mem->prev != rmem_idx) && (pmem->next != rmem_idx)) ||
 142              		.loc 1 559 40 view .LVU26
 143 002c 0388     		ldrh	r3, [r0]
 144              		.loc 1 559 32 view .LVU27
 145 002e BB42     		cmp	r3, r7
 146 0030 0CD1     		bne	.L12
 147              	.L9:
 560:Middlewares/Third_Party/LwIP/src/core/mem.c ****       ((nmem != ram_end) && (nmem->prev != rmem_idx))) {
 148              		.loc 1 560 14 discriminator 1 view .LVU28
 149 0032 094B     		ldr	r3, .L16
 150 0034 1B68     		ldr	r3, [r3]
 559:Middlewares/Third_Party/LwIP/src/core/mem.c ****       ((mem->prev != rmem_idx) && (pmem->next != rmem_idx)) ||
 151              		.loc 1 559 61 discriminator 1 view .LVU29
 152 0036 B342     		cmp	r3, r6
 153 0038 0AD0     		beq	.L13
 154              		.loc 1 560 34 view .LVU30
 155 003a 7388     		ldrh	r3, [r6, #2]
 156              		.loc 1 560 26 view .LVU31
 157 003c BB42     		cmp	r3, r7
 158 003e 09D1     		bne	.L14
 561:Middlewares/Third_Party/LwIP/src/core/mem.c ****     return 0;
 562:Middlewares/Third_Party/LwIP/src/core/mem.c ****   }
 563:Middlewares/Third_Party/LwIP/src/core/mem.c ****   return 1;
 159              		.loc 1 563 10 view .LVU32
 160 0040 0120     		movs	r0, #1
 161              	.LVL12:
 162              		.loc 1 563 10 view .LVU33
 163 0042 00E0     		b	.L7
 164              	.LVL13:
 165              	.L10:
 561:Middlewares/Third_Party/LwIP/src/core/mem.c ****     return 0;
 166              		.loc 1 561 12 view .LVU34
 167 0044 0020     		movs	r0, #0
 168              	.LVL14:
 169              	.L7:
 564:Middlewares/Third_Party/LwIP/src/core/mem.c **** }
 170              		.loc 1 564 1 view .LVU35
 171 0046 F8BD     		pop	{r3, r4, r5, r6, r7, pc}
 172              	.LVL15:
 173              	.L11:
 561:Middlewares/Third_Party/LwIP/src/core/mem.c ****     return 0;
 174              		.loc 1 561 12 view .LVU36
 175 0048 0020     		movs	r0, #0
 176              	.LVL16:
 561:Middlewares/Third_Party/LwIP/src/core/mem.c ****     return 0;
 177              		.loc 1 561 12 view .LVU37
 178 004a FCE7     		b	.L7
ARM GAS  /tmp/cc3WmiM5.s 			page 14


 179              	.LVL17:
 180              	.L12:
 561:Middlewares/Third_Party/LwIP/src/core/mem.c ****     return 0;
 181              		.loc 1 561 12 view .LVU38
 182 004c 0020     		movs	r0, #0
 183              	.LVL18:
 561:Middlewares/Third_Party/LwIP/src/core/mem.c ****     return 0;
 184              		.loc 1 561 12 view .LVU39
 185 004e FAE7     		b	.L7
 186              	.LVL19:
 187              	.L13:
 563:Middlewares/Third_Party/LwIP/src/core/mem.c **** }
 188              		.loc 1 563 10 view .LVU40
 189 0050 0120     		movs	r0, #1
 190              	.LVL20:
 563:Middlewares/Third_Party/LwIP/src/core/mem.c **** }
 191              		.loc 1 563 10 view .LVU41
 192 0052 F8E7     		b	.L7
 193              	.LVL21:
 194              	.L14:
 561:Middlewares/Third_Party/LwIP/src/core/mem.c ****     return 0;
 195              		.loc 1 561 12 view .LVU42
 196 0054 0020     		movs	r0, #0
 197              	.LVL22:
 561:Middlewares/Third_Party/LwIP/src/core/mem.c ****     return 0;
 198              		.loc 1 561 12 view .LVU43
 199 0056 F6E7     		b	.L7
 200              	.L17:
 201              		.align	2
 202              	.L16:
 203 0058 00000000 		.word	.LANCHOR1
 204              		.cfi_endproc
 205              	.LFE177:
 207              		.section	.rodata.plug_holes.str1.4,"aMS",%progbits,1
 208              		.align	2
 209              	.LC0:
 210 0000 4D696464 		.ascii	"Middlewares/Third_Party/LwIP/src/core/mem.c\000"
 210      6C657761 
 210      7265732F 
 210      54686972 
 210      645F5061 
 211              		.align	2
 212              	.LC1:
 213 002c 706C7567 		.ascii	"plug_holes: mem >= ram\000"
 213      5F686F6C 
 213      65733A20 
 213      6D656D20 
 213      3E3D2072 
 214 0043 00       		.align	2
 215              	.LC2:
 216 0044 41737365 		.ascii	"Assertion \"%s\" failed at line %d in %s\012\000"
 216      7274696F 
 216      6E202225 
 216      73222066 
 216      61696C65 
 217              		.align	2
 218              	.LC3:
ARM GAS  /tmp/cc3WmiM5.s 			page 15


 219 006c 706C7567 		.ascii	"plug_holes: mem < ram_end\000"
 219      5F686F6C 
 219      65733A20 
 219      6D656D20 
 219      3C207261 
 220 0086 0000     		.align	2
 221              	.LC4:
 222 0088 706C7567 		.ascii	"plug_holes: mem->used == 0\000"
 222      5F686F6C 
 222      65733A20 
 222      6D656D2D 
 222      3E757365 
 223 00a3 00       		.align	2
 224              	.LC5:
 225 00a4 706C7567 		.ascii	"plug_holes: mem->next <= MEM_SIZE_ALIGNED\000"
 225      5F686F6C 
 225      65733A20 
 225      6D656D2D 
 225      3E6E6578 
 226              		.section	.text.plug_holes,"ax",%progbits
 227              		.align	1
 228              		.syntax unified
 229              		.thumb
 230              		.thumb_func
 231              		.fpu fpv5-d16
 233              	plug_holes:
 234              	.LVL23:
 235              	.LFB175:
 475:Middlewares/Third_Party/LwIP/src/core/mem.c ****   struct mem *nmem;
 236              		.loc 1 475 1 is_stmt 1 view -0
 237              		.cfi_startproc
 238              		@ args = 0, pretend = 0, frame = 0
 239              		@ frame_needed = 0, uses_anonymous_args = 0
 475:Middlewares/Third_Party/LwIP/src/core/mem.c ****   struct mem *nmem;
 240              		.loc 1 475 1 is_stmt 0 view .LVU45
 241 0000 38B5     		push	{r3, r4, r5, lr}
 242              	.LCFI1:
 243              		.cfi_def_cfa_offset 16
 244              		.cfi_offset 3, -16
 245              		.cfi_offset 4, -12
 246              		.cfi_offset 5, -8
 247              		.cfi_offset 14, -4
 248 0002 0446     		mov	r4, r0
 476:Middlewares/Third_Party/LwIP/src/core/mem.c ****   struct mem *pmem;
 249              		.loc 1 476 3 is_stmt 1 view .LVU46
 477:Middlewares/Third_Party/LwIP/src/core/mem.c **** 
 250              		.loc 1 477 3 view .LVU47
 479:Middlewares/Third_Party/LwIP/src/core/mem.c ****   LWIP_ASSERT("plug_holes: mem < ram_end", (u8_t *)mem < (u8_t *)ram_end);
 251              		.loc 1 479 3 view .LVU48
 479:Middlewares/Third_Party/LwIP/src/core/mem.c ****   LWIP_ASSERT("plug_holes: mem < ram_end", (u8_t *)mem < (u8_t *)ram_end);
 252              		.loc 1 479 3 view .LVU49
 253 0004 354B     		ldr	r3, .L34
 254 0006 1B68     		ldr	r3, [r3]
 255 0008 8342     		cmp	r3, r0
 256 000a 40D8     		bhi	.L28
 257              	.LVL24:
 258              	.L19:
ARM GAS  /tmp/cc3WmiM5.s 			page 16


 479:Middlewares/Third_Party/LwIP/src/core/mem.c ****   LWIP_ASSERT("plug_holes: mem < ram_end", (u8_t *)mem < (u8_t *)ram_end);
 259              		.loc 1 479 3 discriminator 3 view .LVU50
 479:Middlewares/Third_Party/LwIP/src/core/mem.c ****   LWIP_ASSERT("plug_holes: mem < ram_end", (u8_t *)mem < (u8_t *)ram_end);
 260              		.loc 1 479 3 discriminator 3 view .LVU51
 480:Middlewares/Third_Party/LwIP/src/core/mem.c ****   LWIP_ASSERT("plug_holes: mem->used == 0", mem->used == 0);
 261              		.loc 1 480 3 discriminator 3 view .LVU52
 480:Middlewares/Third_Party/LwIP/src/core/mem.c ****   LWIP_ASSERT("plug_holes: mem->used == 0", mem->used == 0);
 262              		.loc 1 480 3 discriminator 3 view .LVU53
 263 000c 344B     		ldr	r3, .L34+4
 264 000e 1B68     		ldr	r3, [r3]
 265 0010 A342     		cmp	r3, r4
 266 0012 44D9     		bls	.L29
 267              	.L20:
 480:Middlewares/Third_Party/LwIP/src/core/mem.c ****   LWIP_ASSERT("plug_holes: mem->used == 0", mem->used == 0);
 268              		.loc 1 480 3 discriminator 3 view .LVU54
 480:Middlewares/Third_Party/LwIP/src/core/mem.c ****   LWIP_ASSERT("plug_holes: mem->used == 0", mem->used == 0);
 269              		.loc 1 480 3 discriminator 3 view .LVU55
 481:Middlewares/Third_Party/LwIP/src/core/mem.c **** 
 270              		.loc 1 481 3 discriminator 3 view .LVU56
 481:Middlewares/Third_Party/LwIP/src/core/mem.c **** 
 271              		.loc 1 481 3 discriminator 3 view .LVU57
 272 0014 2379     		ldrb	r3, [r4, #4]	@ zero_extendqisi2
 273 0016 002B     		cmp	r3, #0
 274 0018 49D1     		bne	.L30
 275              	.L21:
 481:Middlewares/Third_Party/LwIP/src/core/mem.c **** 
 276              		.loc 1 481 3 discriminator 3 view .LVU58
 481:Middlewares/Third_Party/LwIP/src/core/mem.c **** 
 277              		.loc 1 481 3 discriminator 3 view .LVU59
 484:Middlewares/Third_Party/LwIP/src/core/mem.c **** 
 278              		.loc 1 484 3 discriminator 3 view .LVU60
 484:Middlewares/Third_Party/LwIP/src/core/mem.c **** 
 279              		.loc 1 484 3 discriminator 3 view .LVU61
 280 001a 2388     		ldrh	r3, [r4]
 281 001c B3F5605F 		cmp	r3, #14336
 282 0020 4DD8     		bhi	.L31
 283              	.L22:
 484:Middlewares/Third_Party/LwIP/src/core/mem.c **** 
 284              		.loc 1 484 3 discriminator 3 view .LVU62
 484:Middlewares/Third_Party/LwIP/src/core/mem.c **** 
 285              		.loc 1 484 3 discriminator 3 view .LVU63
 486:Middlewares/Third_Party/LwIP/src/core/mem.c ****   if (mem != nmem && nmem->used == 0 && (u8_t *)nmem != (u8_t *)ram_end) {
 286              		.loc 1 486 3 discriminator 3 view .LVU64
 486:Middlewares/Third_Party/LwIP/src/core/mem.c ****   if (mem != nmem && nmem->used == 0 && (u8_t *)nmem != (u8_t *)ram_end) {
 287              		.loc 1 486 10 is_stmt 0 discriminator 3 view .LVU65
 288 0022 2088     		ldrh	r0, [r4]
 289 0024 FFF7FEFF 		bl	ptr_to_mem
 290              	.LVL25:
 487:Middlewares/Third_Party/LwIP/src/core/mem.c ****     /* if mem->next is unused and not end of ram, combine mem and mem->next */
 291              		.loc 1 487 3 is_stmt 1 discriminator 3 view .LVU66
 487:Middlewares/Third_Party/LwIP/src/core/mem.c ****     /* if mem->next is unused and not end of ram, combine mem and mem->next */
 292              		.loc 1 487 6 is_stmt 0 discriminator 3 view .LVU67
 293 0028 8442     		cmp	r4, r0
 294 002a 16D0     		beq	.L23
 487:Middlewares/Third_Party/LwIP/src/core/mem.c ****     /* if mem->next is unused and not end of ram, combine mem and mem->next */
 295              		.loc 1 487 26 discriminator 1 view .LVU68
 296 002c 0379     		ldrb	r3, [r0, #4]	@ zero_extendqisi2
ARM GAS  /tmp/cc3WmiM5.s 			page 17


 487:Middlewares/Third_Party/LwIP/src/core/mem.c ****     /* if mem->next is unused and not end of ram, combine mem and mem->next */
 297              		.loc 1 487 19 discriminator 1 view .LVU69
 298 002e A3B9     		cbnz	r3, .L23
 487:Middlewares/Third_Party/LwIP/src/core/mem.c ****     /* if mem->next is unused and not end of ram, combine mem and mem->next */
 299              		.loc 1 487 57 discriminator 2 view .LVU70
 300 0030 2B4B     		ldr	r3, .L34+4
 301 0032 1B68     		ldr	r3, [r3]
 487:Middlewares/Third_Party/LwIP/src/core/mem.c ****     /* if mem->next is unused and not end of ram, combine mem and mem->next */
 302              		.loc 1 487 38 discriminator 2 view .LVU71
 303 0034 8342     		cmp	r3, r0
 304 0036 10D0     		beq	.L23
 489:Middlewares/Third_Party/LwIP/src/core/mem.c ****       lfree = mem;
 305              		.loc 1 489 5 is_stmt 1 view .LVU72
 489:Middlewares/Third_Party/LwIP/src/core/mem.c ****       lfree = mem;
 306              		.loc 1 489 15 is_stmt 0 view .LVU73
 307 0038 2A4B     		ldr	r3, .L34+8
 308 003a 1B68     		ldr	r3, [r3]
 489:Middlewares/Third_Party/LwIP/src/core/mem.c ****       lfree = mem;
 309              		.loc 1 489 8 view .LVU74
 310 003c 8342     		cmp	r3, r0
 311 003e 46D0     		beq	.L32
 312              	.L24:
 492:Middlewares/Third_Party/LwIP/src/core/mem.c ****     if (nmem->next != MEM_SIZE_ALIGNED) {
 313              		.loc 1 492 5 is_stmt 1 view .LVU75
 492:Middlewares/Third_Party/LwIP/src/core/mem.c ****     if (nmem->next != MEM_SIZE_ALIGNED) {
 314              		.loc 1 492 21 is_stmt 0 view .LVU76
 315 0040 0388     		ldrh	r3, [r0]
 492:Middlewares/Third_Party/LwIP/src/core/mem.c ****     if (nmem->next != MEM_SIZE_ALIGNED) {
 316              		.loc 1 492 15 view .LVU77
 317 0042 2380     		strh	r3, [r4]	@ movhi
 493:Middlewares/Third_Party/LwIP/src/core/mem.c ****       ptr_to_mem(nmem->next)->prev = mem_to_ptr(mem);
 318              		.loc 1 493 5 is_stmt 1 view .LVU78
 493:Middlewares/Third_Party/LwIP/src/core/mem.c ****       ptr_to_mem(nmem->next)->prev = mem_to_ptr(mem);
 319              		.loc 1 493 13 is_stmt 0 view .LVU79
 320 0044 0088     		ldrh	r0, [r0]
 321              	.LVL26:
 493:Middlewares/Third_Party/LwIP/src/core/mem.c ****       ptr_to_mem(nmem->next)->prev = mem_to_ptr(mem);
 322              		.loc 1 493 8 view .LVU80
 323 0046 B0F5605F 		cmp	r0, #14336
 324 004a 06D0     		beq	.L23
 494:Middlewares/Third_Party/LwIP/src/core/mem.c ****     }
 325              		.loc 1 494 7 is_stmt 1 view .LVU81
 326 004c FFF7FEFF 		bl	ptr_to_mem
 327              	.LVL27:
 328 0050 0546     		mov	r5, r0
 494:Middlewares/Third_Party/LwIP/src/core/mem.c ****     }
 329              		.loc 1 494 38 is_stmt 0 view .LVU82
 330 0052 2046     		mov	r0, r4
 331 0054 FFF7FEFF 		bl	mem_to_ptr
 332              	.LVL28:
 494:Middlewares/Third_Party/LwIP/src/core/mem.c ****     }
 333              		.loc 1 494 36 view .LVU83
 334 0058 6880     		strh	r0, [r5, #2]	@ movhi
 335              	.L23:
 499:Middlewares/Third_Party/LwIP/src/core/mem.c ****   if (pmem != mem && pmem->used == 0) {
 336              		.loc 1 499 3 is_stmt 1 view .LVU84
 499:Middlewares/Third_Party/LwIP/src/core/mem.c ****   if (pmem != mem && pmem->used == 0) {
ARM GAS  /tmp/cc3WmiM5.s 			page 18


 337              		.loc 1 499 10 is_stmt 0 view .LVU85
 338 005a 6088     		ldrh	r0, [r4, #2]
 339 005c FFF7FEFF 		bl	ptr_to_mem
 340              	.LVL29:
 341 0060 0546     		mov	r5, r0
 342              	.LVL30:
 500:Middlewares/Third_Party/LwIP/src/core/mem.c ****     /* if mem->prev is unused, combine mem and mem->prev */
 343              		.loc 1 500 3 is_stmt 1 view .LVU86
 500:Middlewares/Third_Party/LwIP/src/core/mem.c ****     /* if mem->prev is unused, combine mem and mem->prev */
 344              		.loc 1 500 6 is_stmt 0 view .LVU87
 345 0062 8442     		cmp	r4, r0
 346 0064 12D0     		beq	.L18
 500:Middlewares/Third_Party/LwIP/src/core/mem.c ****     /* if mem->prev is unused, combine mem and mem->prev */
 347              		.loc 1 500 26 discriminator 1 view .LVU88
 348 0066 0379     		ldrb	r3, [r0, #4]	@ zero_extendqisi2
 500:Middlewares/Third_Party/LwIP/src/core/mem.c ****     /* if mem->prev is unused, combine mem and mem->prev */
 349              		.loc 1 500 19 discriminator 1 view .LVU89
 350 0068 83B9     		cbnz	r3, .L18
 502:Middlewares/Third_Party/LwIP/src/core/mem.c ****       lfree = pmem;
 351              		.loc 1 502 5 is_stmt 1 view .LVU90
 502:Middlewares/Third_Party/LwIP/src/core/mem.c ****       lfree = pmem;
 352              		.loc 1 502 15 is_stmt 0 view .LVU91
 353 006a 1E4B     		ldr	r3, .L34+8
 354 006c 1B68     		ldr	r3, [r3]
 502:Middlewares/Third_Party/LwIP/src/core/mem.c ****       lfree = pmem;
 355              		.loc 1 502 8 view .LVU92
 356 006e A342     		cmp	r3, r4
 357 0070 30D0     		beq	.L33
 358              	.L26:
 505:Middlewares/Third_Party/LwIP/src/core/mem.c ****     if (mem->next != MEM_SIZE_ALIGNED) {
 359              		.loc 1 505 5 is_stmt 1 view .LVU93
 505:Middlewares/Third_Party/LwIP/src/core/mem.c ****     if (mem->next != MEM_SIZE_ALIGNED) {
 360              		.loc 1 505 21 is_stmt 0 view .LVU94
 361 0072 2388     		ldrh	r3, [r4]
 505:Middlewares/Third_Party/LwIP/src/core/mem.c ****     if (mem->next != MEM_SIZE_ALIGNED) {
 362              		.loc 1 505 16 view .LVU95
 363 0074 2B80     		strh	r3, [r5]	@ movhi
 506:Middlewares/Third_Party/LwIP/src/core/mem.c ****       ptr_to_mem(mem->next)->prev = mem_to_ptr(pmem);
 364              		.loc 1 506 5 is_stmt 1 view .LVU96
 506:Middlewares/Third_Party/LwIP/src/core/mem.c ****       ptr_to_mem(mem->next)->prev = mem_to_ptr(pmem);
 365              		.loc 1 506 12 is_stmt 0 view .LVU97
 366 0076 2088     		ldrh	r0, [r4]
 367              	.LVL31:
 506:Middlewares/Third_Party/LwIP/src/core/mem.c ****       ptr_to_mem(mem->next)->prev = mem_to_ptr(pmem);
 368              		.loc 1 506 8 view .LVU98
 369 0078 B0F5605F 		cmp	r0, #14336
 370 007c 06D0     		beq	.L18
 507:Middlewares/Third_Party/LwIP/src/core/mem.c ****     }
 371              		.loc 1 507 7 is_stmt 1 view .LVU99
 372 007e FFF7FEFF 		bl	ptr_to_mem
 373              	.LVL32:
 374 0082 0446     		mov	r4, r0
 375              	.LVL33:
 507:Middlewares/Third_Party/LwIP/src/core/mem.c ****     }
 376              		.loc 1 507 37 is_stmt 0 view .LVU100
 377 0084 2846     		mov	r0, r5
 378 0086 FFF7FEFF 		bl	mem_to_ptr
ARM GAS  /tmp/cc3WmiM5.s 			page 19


 379              	.LVL34:
 507:Middlewares/Third_Party/LwIP/src/core/mem.c ****     }
 380              		.loc 1 507 35 view .LVU101
 381 008a 6080     		strh	r0, [r4, #2]	@ movhi
 382              	.L18:
 510:Middlewares/Third_Party/LwIP/src/core/mem.c **** 
 383              		.loc 1 510 1 view .LVU102
 384 008c 38BD     		pop	{r3, r4, r5, pc}
 385              	.LVL35:
 386              	.L28:
 479:Middlewares/Third_Party/LwIP/src/core/mem.c ****   LWIP_ASSERT("plug_holes: mem < ram_end", (u8_t *)mem < (u8_t *)ram_end);
 387              		.loc 1 479 3 is_stmt 1 discriminator 1 view .LVU103
 479:Middlewares/Third_Party/LwIP/src/core/mem.c ****   LWIP_ASSERT("plug_holes: mem < ram_end", (u8_t *)mem < (u8_t *)ram_end);
 388              		.loc 1 479 3 discriminator 1 view .LVU104
 389 008e 164B     		ldr	r3, .L34+12
 390 0090 40F2DF12 		movw	r2, #479
 391 0094 1549     		ldr	r1, .L34+16
 392 0096 1648     		ldr	r0, .L34+20
 393              	.LVL36:
 479:Middlewares/Third_Party/LwIP/src/core/mem.c ****   LWIP_ASSERT("plug_holes: mem < ram_end", (u8_t *)mem < (u8_t *)ram_end);
 394              		.loc 1 479 3 is_stmt 0 discriminator 1 view .LVU105
 395 0098 FFF7FEFF 		bl	printf
 396              	.LVL37:
 397 009c B6E7     		b	.L19
 398              	.L29:
 480:Middlewares/Third_Party/LwIP/src/core/mem.c ****   LWIP_ASSERT("plug_holes: mem->used == 0", mem->used == 0);
 399              		.loc 1 480 3 is_stmt 1 discriminator 1 view .LVU106
 480:Middlewares/Third_Party/LwIP/src/core/mem.c ****   LWIP_ASSERT("plug_holes: mem->used == 0", mem->used == 0);
 400              		.loc 1 480 3 discriminator 1 view .LVU107
 401 009e 124B     		ldr	r3, .L34+12
 402 00a0 4FF4F072 		mov	r2, #480
 403 00a4 1349     		ldr	r1, .L34+24
 404 00a6 1248     		ldr	r0, .L34+20
 405 00a8 FFF7FEFF 		bl	printf
 406              	.LVL38:
 407 00ac B2E7     		b	.L20
 408              	.L30:
 481:Middlewares/Third_Party/LwIP/src/core/mem.c **** 
 409              		.loc 1 481 3 discriminator 1 view .LVU108
 481:Middlewares/Third_Party/LwIP/src/core/mem.c **** 
 410              		.loc 1 481 3 discriminator 1 view .LVU109
 411 00ae 0E4B     		ldr	r3, .L34+12
 412 00b0 40F2E112 		movw	r2, #481
 413 00b4 1049     		ldr	r1, .L34+28
 414 00b6 0E48     		ldr	r0, .L34+20
 415 00b8 FFF7FEFF 		bl	printf
 416              	.LVL39:
 417 00bc ADE7     		b	.L21
 418              	.L31:
 484:Middlewares/Third_Party/LwIP/src/core/mem.c **** 
 419              		.loc 1 484 3 discriminator 1 view .LVU110
 484:Middlewares/Third_Party/LwIP/src/core/mem.c **** 
 420              		.loc 1 484 3 discriminator 1 view .LVU111
 421 00be 0A4B     		ldr	r3, .L34+12
 422 00c0 4FF4F272 		mov	r2, #484
 423 00c4 0D49     		ldr	r1, .L34+32
 424 00c6 0A48     		ldr	r0, .L34+20
ARM GAS  /tmp/cc3WmiM5.s 			page 20


 425 00c8 FFF7FEFF 		bl	printf
 426              	.LVL40:
 427 00cc A9E7     		b	.L22
 428              	.LVL41:
 429              	.L32:
 490:Middlewares/Third_Party/LwIP/src/core/mem.c ****     }
 430              		.loc 1 490 7 view .LVU112
 490:Middlewares/Third_Party/LwIP/src/core/mem.c ****     }
 431              		.loc 1 490 13 is_stmt 0 view .LVU113
 432 00ce 054B     		ldr	r3, .L34+8
 433 00d0 1C60     		str	r4, [r3]
 434 00d2 B5E7     		b	.L24
 435              	.LVL42:
 436              	.L33:
 503:Middlewares/Third_Party/LwIP/src/core/mem.c ****     }
 437              		.loc 1 503 7 is_stmt 1 view .LVU114
 503:Middlewares/Third_Party/LwIP/src/core/mem.c ****     }
 438              		.loc 1 503 13 is_stmt 0 view .LVU115
 439 00d4 034B     		ldr	r3, .L34+8
 440 00d6 1860     		str	r0, [r3]
 441 00d8 CBE7     		b	.L26
 442              	.L35:
 443 00da 00BF     		.align	2
 444              	.L34:
 445 00dc 00000000 		.word	.LANCHOR0
 446 00e0 00000000 		.word	.LANCHOR1
 447 00e4 00000000 		.word	.LANCHOR2
 448 00e8 00000000 		.word	.LC0
 449 00ec 2C000000 		.word	.LC1
 450 00f0 44000000 		.word	.LC2
 451 00f4 6C000000 		.word	.LC3
 452 00f8 88000000 		.word	.LC4
 453 00fc A4000000 		.word	.LC5
 454              		.cfi_endproc
 455              	.LFE175:
 457              		.section	.rodata.mem_init.str1.4,"aMS",%progbits,1
 458              		.align	2
 459              	.LC6:
 460 0000 6661696C 		.ascii	"failed to create mem_mutex\000"
 460      65642074 
 460      6F206372 
 460      65617465 
 460      206D656D 
 461              		.section	.text.mem_init,"ax",%progbits
 462              		.align	1
 463              		.global	mem_init
 464              		.syntax unified
 465              		.thumb
 466              		.thumb_func
 467              		.fpu fpv5-d16
 469              	mem_init:
 470              	.LFB176:
 517:Middlewares/Third_Party/LwIP/src/core/mem.c ****   struct mem *mem;
 471              		.loc 1 517 1 is_stmt 1 view -0
 472              		.cfi_startproc
 473              		@ args = 0, pretend = 0, frame = 0
 474              		@ frame_needed = 0, uses_anonymous_args = 0
ARM GAS  /tmp/cc3WmiM5.s 			page 21


 475 0000 38B5     		push	{r3, r4, r5, lr}
 476              	.LCFI2:
 477              		.cfi_def_cfa_offset 16
 478              		.cfi_offset 3, -16
 479              		.cfi_offset 4, -12
 480              		.cfi_offset 5, -8
 481              		.cfi_offset 14, -4
 518:Middlewares/Third_Party/LwIP/src/core/mem.c **** 
 482              		.loc 1 518 3 view .LVU117
 520:Middlewares/Third_Party/LwIP/src/core/mem.c ****               (SIZEOF_STRUCT_MEM & (MEM_ALIGNMENT - 1)) == 0);
 483              		.loc 1 520 3 view .LVU118
 520:Middlewares/Third_Party/LwIP/src/core/mem.c ****               (SIZEOF_STRUCT_MEM & (MEM_ALIGNMENT - 1)) == 0);
 484              		.loc 1 520 3 view .LVU119
 520:Middlewares/Third_Party/LwIP/src/core/mem.c ****               (SIZEOF_STRUCT_MEM & (MEM_ALIGNMENT - 1)) == 0);
 485              		.loc 1 520 3 view .LVU120
 520:Middlewares/Third_Party/LwIP/src/core/mem.c ****               (SIZEOF_STRUCT_MEM & (MEM_ALIGNMENT - 1)) == 0);
 486              		.loc 1 520 3 view .LVU121
 524:Middlewares/Third_Party/LwIP/src/core/mem.c ****   /* initialize the start of the heap */
 487              		.loc 1 524 3 view .LVU122
 524:Middlewares/Third_Party/LwIP/src/core/mem.c ****   /* initialize the start of the heap */
 488              		.loc 1 524 7 is_stmt 0 view .LVU123
 489 0002 114D     		ldr	r5, .L40
 490 0004 114B     		ldr	r3, .L40+4
 491 0006 2B60     		str	r3, [r5]
 526:Middlewares/Third_Party/LwIP/src/core/mem.c ****   mem->next = MEM_SIZE_ALIGNED;
 492              		.loc 1 526 3 is_stmt 1 view .LVU124
 493              	.LVL43:
 527:Middlewares/Third_Party/LwIP/src/core/mem.c ****   mem->prev = 0;
 494              		.loc 1 527 3 view .LVU125
 527:Middlewares/Third_Party/LwIP/src/core/mem.c ****   mem->prev = 0;
 495              		.loc 1 527 13 is_stmt 0 view .LVU126
 496 0008 4FF46054 		mov	r4, #14336
 497 000c 1C80     		strh	r4, [r3]	@ movhi
 528:Middlewares/Third_Party/LwIP/src/core/mem.c ****   mem->used = 0;
 498              		.loc 1 528 3 is_stmt 1 view .LVU127
 528:Middlewares/Third_Party/LwIP/src/core/mem.c ****   mem->used = 0;
 499              		.loc 1 528 13 is_stmt 0 view .LVU128
 500 000e 0022     		movs	r2, #0
 501 0010 5A80     		strh	r2, [r3, #2]	@ movhi
 529:Middlewares/Third_Party/LwIP/src/core/mem.c ****   /* initialize the end of the heap */
 502              		.loc 1 529 3 is_stmt 1 view .LVU129
 529:Middlewares/Third_Party/LwIP/src/core/mem.c ****   /* initialize the end of the heap */
 503              		.loc 1 529 13 is_stmt 0 view .LVU130
 504 0012 1A71     		strb	r2, [r3, #4]
 531:Middlewares/Third_Party/LwIP/src/core/mem.c ****   ram_end->used = 1;
 505              		.loc 1 531 3 is_stmt 1 view .LVU131
 531:Middlewares/Third_Party/LwIP/src/core/mem.c ****   ram_end->used = 1;
 506              		.loc 1 531 13 is_stmt 0 view .LVU132
 507 0014 2046     		mov	r0, r4
 508 0016 FFF7FEFF 		bl	ptr_to_mem
 509              	.LVL44:
 531:Middlewares/Third_Party/LwIP/src/core/mem.c ****   ram_end->used = 1;
 510              		.loc 1 531 11 view .LVU133
 511 001a 0D4B     		ldr	r3, .L40+8
 512 001c 1860     		str	r0, [r3]
 532:Middlewares/Third_Party/LwIP/src/core/mem.c ****   ram_end->next = MEM_SIZE_ALIGNED;
 513              		.loc 1 532 3 is_stmt 1 view .LVU134
ARM GAS  /tmp/cc3WmiM5.s 			page 22


 532:Middlewares/Third_Party/LwIP/src/core/mem.c ****   ram_end->next = MEM_SIZE_ALIGNED;
 514              		.loc 1 532 17 is_stmt 0 view .LVU135
 515 001e 0123     		movs	r3, #1
 516 0020 0371     		strb	r3, [r0, #4]
 533:Middlewares/Third_Party/LwIP/src/core/mem.c ****   ram_end->prev = MEM_SIZE_ALIGNED;
 517              		.loc 1 533 3 is_stmt 1 view .LVU136
 533:Middlewares/Third_Party/LwIP/src/core/mem.c ****   ram_end->prev = MEM_SIZE_ALIGNED;
 518              		.loc 1 533 17 is_stmt 0 view .LVU137
 519 0022 0480     		strh	r4, [r0]	@ movhi
 534:Middlewares/Third_Party/LwIP/src/core/mem.c ****   MEM_SANITY();
 520              		.loc 1 534 3 is_stmt 1 view .LVU138
 534:Middlewares/Third_Party/LwIP/src/core/mem.c ****   MEM_SANITY();
 521              		.loc 1 534 17 is_stmt 0 view .LVU139
 522 0024 4480     		strh	r4, [r0, #2]	@ movhi
 535:Middlewares/Third_Party/LwIP/src/core/mem.c **** 
 523              		.loc 1 535 15 is_stmt 1 view .LVU140
 538:Middlewares/Third_Party/LwIP/src/core/mem.c **** 
 524              		.loc 1 538 3 view .LVU141
 538:Middlewares/Third_Party/LwIP/src/core/mem.c **** 
 525              		.loc 1 538 9 is_stmt 0 view .LVU142
 526 0026 2A68     		ldr	r2, [r5]
 527 0028 0A4B     		ldr	r3, .L40+12
 528 002a 1A60     		str	r2, [r3]
 540:Middlewares/Third_Party/LwIP/src/core/mem.c **** 
 529              		.loc 1 540 43 is_stmt 1 view .LVU143
 542:Middlewares/Third_Party/LwIP/src/core/mem.c ****     LWIP_ASSERT("failed to create mem_mutex", 0);
 530              		.loc 1 542 3 view .LVU144
 542:Middlewares/Third_Party/LwIP/src/core/mem.c ****     LWIP_ASSERT("failed to create mem_mutex", 0);
 531              		.loc 1 542 7 is_stmt 0 view .LVU145
 532 002c 0A48     		ldr	r0, .L40+16
 533 002e FFF7FEFF 		bl	sys_mutex_new
 534              	.LVL45:
 542:Middlewares/Third_Party/LwIP/src/core/mem.c ****     LWIP_ASSERT("failed to create mem_mutex", 0);
 535              		.loc 1 542 6 view .LVU146
 536 0032 00B9     		cbnz	r0, .L39
 537              	.L36:
 545:Middlewares/Third_Party/LwIP/src/core/mem.c **** 
 538              		.loc 1 545 1 view .LVU147
 539 0034 38BD     		pop	{r3, r4, r5, pc}
 540              	.L39:
 543:Middlewares/Third_Party/LwIP/src/core/mem.c ****   }
 541              		.loc 1 543 5 is_stmt 1 discriminator 1 view .LVU148
 543:Middlewares/Third_Party/LwIP/src/core/mem.c ****   }
 542              		.loc 1 543 5 discriminator 1 view .LVU149
 543:Middlewares/Third_Party/LwIP/src/core/mem.c ****   }
 543              		.loc 1 543 5 discriminator 1 view .LVU150
 543:Middlewares/Third_Party/LwIP/src/core/mem.c ****   }
 544              		.loc 1 543 5 discriminator 1 view .LVU151
 545 0036 094B     		ldr	r3, .L40+20
 546 0038 40F21F22 		movw	r2, #543
 547 003c 0849     		ldr	r1, .L40+24
 548 003e 0948     		ldr	r0, .L40+28
 549 0040 FFF7FEFF 		bl	printf
 550              	.LVL46:
 543:Middlewares/Third_Party/LwIP/src/core/mem.c ****   }
 551              		.loc 1 543 5 discriminator 1 view .LVU152
 543:Middlewares/Third_Party/LwIP/src/core/mem.c ****   }
ARM GAS  /tmp/cc3WmiM5.s 			page 23


 552              		.loc 1 543 5 discriminator 1 view .LVU153
 545:Middlewares/Third_Party/LwIP/src/core/mem.c **** 
 553              		.loc 1 545 1 is_stmt 0 discriminator 1 view .LVU154
 554 0044 F6E7     		b	.L36
 555              	.L41:
 556 0046 00BF     		.align	2
 557              	.L40:
 558 0048 00000000 		.word	.LANCHOR0
 559 004c 00400030 		.word	805322752
 560 0050 00000000 		.word	.LANCHOR1
 561 0054 00000000 		.word	.LANCHOR2
 562 0058 00000000 		.word	.LANCHOR3
 563 005c 00000000 		.word	.LC0
 564 0060 00000000 		.word	.LC6
 565 0064 44000000 		.word	.LC2
 566              		.cfi_endproc
 567              	.LFE176:
 569              		.section	.rodata.mem_free.str1.4,"aMS",%progbits,1
 570              		.align	2
 571              	.LC7:
 572 0000 6D656D5F 		.ascii	"mem_free: sanity check alignment\000"
 572      66726565 
 572      3A207361 
 572      6E697479 
 572      20636865 
 573 0021 000000   		.align	2
 574              	.LC8:
 575 0024 6D656D5F 		.ascii	"mem_free: illegal memory\000"
 575      66726565 
 575      3A20696C 
 575      6C656761 
 575      6C206D65 
 576 003d 000000   		.align	2
 577              	.LC9:
 578 0040 6D656D5F 		.ascii	"mem_free: illegal memory: double free\000"
 578      66726565 
 578      3A20696C 
 578      6C656761 
 578      6C206D65 
 579 0066 0000     		.align	2
 580              	.LC10:
 581 0068 6D656D5F 		.ascii	"mem_free: illegal memory: non-linked: double free\000"
 581      66726565 
 581      3A20696C 
 581      6C656761 
 581      6C206D65 
 582              		.section	.text.mem_free,"ax",%progbits
 583              		.align	1
 584              		.global	mem_free
 585              		.syntax unified
 586              		.thumb
 587              		.thumb_func
 588              		.fpu fpv5-d16
 590              	mem_free:
 591              	.LVL47:
 592              	.LFB178:
 565:Middlewares/Third_Party/LwIP/src/core/mem.c **** 
ARM GAS  /tmp/cc3WmiM5.s 			page 24


 566:Middlewares/Third_Party/LwIP/src/core/mem.c **** #if MEM_SANITY_CHECK
 567:Middlewares/Third_Party/LwIP/src/core/mem.c **** static void
 568:Middlewares/Third_Party/LwIP/src/core/mem.c **** mem_sanity(void)
 569:Middlewares/Third_Party/LwIP/src/core/mem.c **** {
 570:Middlewares/Third_Party/LwIP/src/core/mem.c ****   struct mem *mem;
 571:Middlewares/Third_Party/LwIP/src/core/mem.c ****   u8_t last_used;
 572:Middlewares/Third_Party/LwIP/src/core/mem.c **** 
 573:Middlewares/Third_Party/LwIP/src/core/mem.c ****   /* begin with first element here */
 574:Middlewares/Third_Party/LwIP/src/core/mem.c ****   mem = (struct mem *)ram;
 575:Middlewares/Third_Party/LwIP/src/core/mem.c ****   LWIP_ASSERT("heap element used valid", (mem->used == 0) || (mem->used == 1));
 576:Middlewares/Third_Party/LwIP/src/core/mem.c ****   last_used = mem->used;
 577:Middlewares/Third_Party/LwIP/src/core/mem.c ****   LWIP_ASSERT("heap element prev ptr valid", mem->prev == 0);
 578:Middlewares/Third_Party/LwIP/src/core/mem.c ****   LWIP_ASSERT("heap element next ptr valid", mem->next <= MEM_SIZE_ALIGNED);
 579:Middlewares/Third_Party/LwIP/src/core/mem.c ****   LWIP_ASSERT("heap element next ptr aligned", LWIP_MEM_ALIGN(ptr_to_mem(mem->next) == ptr_to_mem(m
 580:Middlewares/Third_Party/LwIP/src/core/mem.c **** 
 581:Middlewares/Third_Party/LwIP/src/core/mem.c ****   /* check all elements before the end of the heap */
 582:Middlewares/Third_Party/LwIP/src/core/mem.c ****   for (mem = ptr_to_mem(mem->next);
 583:Middlewares/Third_Party/LwIP/src/core/mem.c ****        ((u8_t *)mem > ram) && (mem < ram_end);
 584:Middlewares/Third_Party/LwIP/src/core/mem.c ****        mem = ptr_to_mem(mem->next)) {
 585:Middlewares/Third_Party/LwIP/src/core/mem.c ****     LWIP_ASSERT("heap element aligned", LWIP_MEM_ALIGN(mem) == mem);
 586:Middlewares/Third_Party/LwIP/src/core/mem.c ****     LWIP_ASSERT("heap element prev ptr valid", mem->prev <= MEM_SIZE_ALIGNED);
 587:Middlewares/Third_Party/LwIP/src/core/mem.c ****     LWIP_ASSERT("heap element next ptr valid", mem->next <= MEM_SIZE_ALIGNED);
 588:Middlewares/Third_Party/LwIP/src/core/mem.c ****     LWIP_ASSERT("heap element prev ptr aligned", LWIP_MEM_ALIGN(ptr_to_mem(mem->prev) == ptr_to_mem
 589:Middlewares/Third_Party/LwIP/src/core/mem.c ****     LWIP_ASSERT("heap element next ptr aligned", LWIP_MEM_ALIGN(ptr_to_mem(mem->next) == ptr_to_mem
 590:Middlewares/Third_Party/LwIP/src/core/mem.c **** 
 591:Middlewares/Third_Party/LwIP/src/core/mem.c ****     if (last_used == 0) {
 592:Middlewares/Third_Party/LwIP/src/core/mem.c ****       /* 2 unused elements in a row? */
 593:Middlewares/Third_Party/LwIP/src/core/mem.c ****       LWIP_ASSERT("heap element unused?", mem->used == 1);
 594:Middlewares/Third_Party/LwIP/src/core/mem.c ****     } else {
 595:Middlewares/Third_Party/LwIP/src/core/mem.c ****       LWIP_ASSERT("heap element unused member", (mem->used == 0) || (mem->used == 1));
 596:Middlewares/Third_Party/LwIP/src/core/mem.c ****     }
 597:Middlewares/Third_Party/LwIP/src/core/mem.c **** 
 598:Middlewares/Third_Party/LwIP/src/core/mem.c ****     LWIP_ASSERT("heap element link valid", mem_link_valid(mem));
 599:Middlewares/Third_Party/LwIP/src/core/mem.c **** 
 600:Middlewares/Third_Party/LwIP/src/core/mem.c ****     /* used/unused altering */
 601:Middlewares/Third_Party/LwIP/src/core/mem.c ****     last_used = mem->used;
 602:Middlewares/Third_Party/LwIP/src/core/mem.c ****   }
 603:Middlewares/Third_Party/LwIP/src/core/mem.c ****   LWIP_ASSERT("heap end ptr sanity", mem == ptr_to_mem(MEM_SIZE_ALIGNED));
 604:Middlewares/Third_Party/LwIP/src/core/mem.c ****   LWIP_ASSERT("heap element used valid", mem->used == 1);
 605:Middlewares/Third_Party/LwIP/src/core/mem.c ****   LWIP_ASSERT("heap element prev ptr valid", mem->prev == MEM_SIZE_ALIGNED);
 606:Middlewares/Third_Party/LwIP/src/core/mem.c ****   LWIP_ASSERT("heap element next ptr valid", mem->next == MEM_SIZE_ALIGNED);
 607:Middlewares/Third_Party/LwIP/src/core/mem.c **** }
 608:Middlewares/Third_Party/LwIP/src/core/mem.c **** #endif /* MEM_SANITY_CHECK */
 609:Middlewares/Third_Party/LwIP/src/core/mem.c **** 
 610:Middlewares/Third_Party/LwIP/src/core/mem.c **** /**
 611:Middlewares/Third_Party/LwIP/src/core/mem.c ****  * Put a struct mem back on the heap
 612:Middlewares/Third_Party/LwIP/src/core/mem.c ****  *
 613:Middlewares/Third_Party/LwIP/src/core/mem.c ****  * @param rmem is the data portion of a struct mem as returned by a previous
 614:Middlewares/Third_Party/LwIP/src/core/mem.c ****  *             call to mem_malloc()
 615:Middlewares/Third_Party/LwIP/src/core/mem.c ****  */
 616:Middlewares/Third_Party/LwIP/src/core/mem.c **** void
 617:Middlewares/Third_Party/LwIP/src/core/mem.c **** mem_free(void *rmem)
 618:Middlewares/Third_Party/LwIP/src/core/mem.c **** {
 593              		.loc 1 618 1 is_stmt 1 view -0
 594              		.cfi_startproc
 595              		@ args = 0, pretend = 0, frame = 0
 596              		@ frame_needed = 0, uses_anonymous_args = 0
ARM GAS  /tmp/cc3WmiM5.s 			page 25


 619:Middlewares/Third_Party/LwIP/src/core/mem.c ****   struct mem *mem;
 597              		.loc 1 619 3 view .LVU156
 620:Middlewares/Third_Party/LwIP/src/core/mem.c ****   LWIP_MEM_FREE_DECL_PROTECT();
 598              		.loc 1 620 31 view .LVU157
 621:Middlewares/Third_Party/LwIP/src/core/mem.c **** 
 622:Middlewares/Third_Party/LwIP/src/core/mem.c ****   if (rmem == NULL) {
 599              		.loc 1 622 3 view .LVU158
 600              		.loc 1 622 6 is_stmt 0 view .LVU159
 601 0000 0028     		cmp	r0, #0
 602 0002 60D0     		beq	.L51
 618:Middlewares/Third_Party/LwIP/src/core/mem.c ****   struct mem *mem;
 603              		.loc 1 618 1 view .LVU160
 604 0004 38B5     		push	{r3, r4, r5, lr}
 605              	.LCFI3:
 606              		.cfi_def_cfa_offset 16
 607              		.cfi_offset 3, -16
 608              		.cfi_offset 4, -12
 609              		.cfi_offset 5, -8
 610              		.cfi_offset 14, -4
 611 0006 0446     		mov	r4, r0
 623:Middlewares/Third_Party/LwIP/src/core/mem.c ****     LWIP_DEBUGF(MEM_DEBUG | LWIP_DBG_TRACE | LWIP_DBG_LEVEL_SERIOUS, ("mem_free(p == NULL) was call
 624:Middlewares/Third_Party/LwIP/src/core/mem.c ****     return;
 625:Middlewares/Third_Party/LwIP/src/core/mem.c ****   }
 626:Middlewares/Third_Party/LwIP/src/core/mem.c ****   if ((((mem_ptr_t)rmem) & (MEM_ALIGNMENT - 1)) != 0) {
 612              		.loc 1 626 3 is_stmt 1 view .LVU161
 613              		.loc 1 626 6 is_stmt 0 view .LVU162
 614 0008 10F0030F 		tst	r0, #3
 615 000c 17D1     		bne	.L54
 627:Middlewares/Third_Party/LwIP/src/core/mem.c ****     LWIP_MEM_ILLEGAL_FREE("mem_free: sanity check alignment");
 628:Middlewares/Third_Party/LwIP/src/core/mem.c ****     LWIP_DEBUGF(MEM_DEBUG | LWIP_DBG_LEVEL_SEVERE, ("mem_free: sanity check alignment\n"));
 629:Middlewares/Third_Party/LwIP/src/core/mem.c ****     /* protect mem stats from concurrent access */
 630:Middlewares/Third_Party/LwIP/src/core/mem.c ****     MEM_STATS_INC_LOCKED(illegal);
 631:Middlewares/Third_Party/LwIP/src/core/mem.c ****     return;
 632:Middlewares/Third_Party/LwIP/src/core/mem.c ****   }
 633:Middlewares/Third_Party/LwIP/src/core/mem.c **** 
 634:Middlewares/Third_Party/LwIP/src/core/mem.c ****   /* Get the corresponding struct mem: */
 635:Middlewares/Third_Party/LwIP/src/core/mem.c ****   /* cast through void* to get rid of alignment warnings */
 636:Middlewares/Third_Party/LwIP/src/core/mem.c ****   mem = (struct mem *)(void *)((u8_t *)rmem - (SIZEOF_STRUCT_MEM + MEM_SANITY_OFFSET));
 616              		.loc 1 636 3 is_stmt 1 view .LVU163
 617              		.loc 1 636 7 is_stmt 0 view .LVU164
 618 000e A0F10805 		sub	r5, r0, #8
 619              	.LVL48:
 637:Middlewares/Third_Party/LwIP/src/core/mem.c **** 
 638:Middlewares/Third_Party/LwIP/src/core/mem.c ****   if ((u8_t *)mem < ram || (u8_t *)rmem + MIN_SIZE_ALIGNED > (u8_t *)ram_end) {
 620              		.loc 1 638 3 is_stmt 1 view .LVU165
 621              		.loc 1 638 19 is_stmt 0 view .LVU166
 622 0012 2D4B     		ldr	r3, .L57
 623 0014 1B68     		ldr	r3, [r3]
 624              		.loc 1 638 6 view .LVU167
 625 0016 AB42     		cmp	r3, r5
 626 0018 05D8     		bhi	.L45
 627              		.loc 1 638 41 discriminator 1 view .LVU168
 628 001a 00F10C03 		add	r3, r0, #12
 629              		.loc 1 638 62 discriminator 1 view .LVU169
 630 001e 2B4A     		ldr	r2, .L57+4
 631 0020 1268     		ldr	r2, [r2]
 632              		.loc 1 638 25 discriminator 1 view .LVU170
ARM GAS  /tmp/cc3WmiM5.s 			page 26


 633 0022 9342     		cmp	r3, r2
 634 0024 17D9     		bls	.L46
 635              	.L45:
 639:Middlewares/Third_Party/LwIP/src/core/mem.c ****     LWIP_MEM_ILLEGAL_FREE("mem_free: illegal memory");
 636              		.loc 1 639 5 is_stmt 1 discriminator 1 view .LVU171
 637              		.loc 1 639 5 discriminator 1 view .LVU172
 638              		.loc 1 639 5 discriminator 1 view .LVU173
 639              		.loc 1 639 5 discriminator 1 view .LVU174
 640 0026 2A4B     		ldr	r3, .L57+8
 641 0028 40F27F22 		movw	r2, #639
 642 002c 2949     		ldr	r1, .L57+12
 643 002e 2A48     		ldr	r0, .L57+16
 644              	.LVL49:
 645              		.loc 1 639 5 is_stmt 0 discriminator 1 view .LVU175
 646 0030 FFF7FEFF 		bl	printf
 647              	.LVL50:
 648              		.loc 1 639 5 is_stmt 1 discriminator 1 view .LVU176
 649              		.loc 1 639 5 discriminator 1 view .LVU177
 640:Middlewares/Third_Party/LwIP/src/core/mem.c ****     LWIP_DEBUGF(MEM_DEBUG | LWIP_DBG_LEVEL_SEVERE, ("mem_free: illegal memory\n"));
 650              		.loc 1 640 83 discriminator 1 view .LVU178
 641:Middlewares/Third_Party/LwIP/src/core/mem.c ****     /* protect mem stats from concurrent access */
 642:Middlewares/Third_Party/LwIP/src/core/mem.c ****     MEM_STATS_INC_LOCKED(illegal);
 651              		.loc 1 642 5 discriminator 1 view .LVU179
 652              	.LBB2:
 653              		.loc 1 642 5 discriminator 1 view .LVU180
 654              		.loc 1 642 5 discriminator 1 view .LVU181
 655 0034 FFF7FEFF 		bl	sys_arch_protect
 656              	.LVL51:
 657              		.loc 1 642 5 discriminator 1 view .LVU182
 658              		.loc 1 642 5 discriminator 1 view .LVU183
 659 0038 FFF7FEFF 		bl	sys_arch_unprotect
 660              	.LVL52:
 661              		.loc 1 642 5 is_stmt 0 discriminator 1 view .LVU184
 662              	.LBE2:
 663              		.loc 1 642 5 is_stmt 1 discriminator 1 view .LVU185
 643:Middlewares/Third_Party/LwIP/src/core/mem.c ****     return;
 664              		.loc 1 643 5 discriminator 1 view .LVU186
 665              	.L42:
 644:Middlewares/Third_Party/LwIP/src/core/mem.c ****   }
 645:Middlewares/Third_Party/LwIP/src/core/mem.c **** #if MEM_OVERFLOW_CHECK
 646:Middlewares/Third_Party/LwIP/src/core/mem.c ****   mem_overflow_check_element(mem);
 647:Middlewares/Third_Party/LwIP/src/core/mem.c **** #endif
 648:Middlewares/Third_Party/LwIP/src/core/mem.c ****   /* protect the heap from concurrent access */
 649:Middlewares/Third_Party/LwIP/src/core/mem.c ****   LWIP_MEM_FREE_PROTECT();
 650:Middlewares/Third_Party/LwIP/src/core/mem.c ****   /* mem has to be in a used state */
 651:Middlewares/Third_Party/LwIP/src/core/mem.c ****   if (!mem->used) {
 652:Middlewares/Third_Party/LwIP/src/core/mem.c ****     LWIP_MEM_ILLEGAL_FREE("mem_free: illegal memory: double free");
 653:Middlewares/Third_Party/LwIP/src/core/mem.c ****     LWIP_MEM_FREE_UNPROTECT();
 654:Middlewares/Third_Party/LwIP/src/core/mem.c ****     LWIP_DEBUGF(MEM_DEBUG | LWIP_DBG_LEVEL_SEVERE, ("mem_free: illegal memory: double free?\n"));
 655:Middlewares/Third_Party/LwIP/src/core/mem.c ****     /* protect mem stats from concurrent access */
 656:Middlewares/Third_Party/LwIP/src/core/mem.c ****     MEM_STATS_INC_LOCKED(illegal);
 657:Middlewares/Third_Party/LwIP/src/core/mem.c ****     return;
 658:Middlewares/Third_Party/LwIP/src/core/mem.c ****   }
 659:Middlewares/Third_Party/LwIP/src/core/mem.c **** 
 660:Middlewares/Third_Party/LwIP/src/core/mem.c ****   if (!mem_link_valid(mem)) {
 661:Middlewares/Third_Party/LwIP/src/core/mem.c ****     LWIP_MEM_ILLEGAL_FREE("mem_free: illegal memory: non-linked: double free");
 662:Middlewares/Third_Party/LwIP/src/core/mem.c ****     LWIP_MEM_FREE_UNPROTECT();
ARM GAS  /tmp/cc3WmiM5.s 			page 27


 663:Middlewares/Third_Party/LwIP/src/core/mem.c ****     LWIP_DEBUGF(MEM_DEBUG | LWIP_DBG_LEVEL_SEVERE, ("mem_free: illegal memory: non-linked: double f
 664:Middlewares/Third_Party/LwIP/src/core/mem.c ****     /* protect mem stats from concurrent access */
 665:Middlewares/Third_Party/LwIP/src/core/mem.c ****     MEM_STATS_INC_LOCKED(illegal);
 666:Middlewares/Third_Party/LwIP/src/core/mem.c ****     return;
 667:Middlewares/Third_Party/LwIP/src/core/mem.c ****   }
 668:Middlewares/Third_Party/LwIP/src/core/mem.c **** 
 669:Middlewares/Third_Party/LwIP/src/core/mem.c ****   /* mem is now unused. */
 670:Middlewares/Third_Party/LwIP/src/core/mem.c ****   mem->used = 0;
 671:Middlewares/Third_Party/LwIP/src/core/mem.c **** 
 672:Middlewares/Third_Party/LwIP/src/core/mem.c ****   if (mem < lfree) {
 673:Middlewares/Third_Party/LwIP/src/core/mem.c ****     /* the newly freed struct is now the lowest */
 674:Middlewares/Third_Party/LwIP/src/core/mem.c ****     lfree = mem;
 675:Middlewares/Third_Party/LwIP/src/core/mem.c ****   }
 676:Middlewares/Third_Party/LwIP/src/core/mem.c **** 
 677:Middlewares/Third_Party/LwIP/src/core/mem.c ****   MEM_STATS_DEC_USED(used, mem->next - (mem_size_t)(((u8_t *)mem - ram)));
 678:Middlewares/Third_Party/LwIP/src/core/mem.c **** 
 679:Middlewares/Third_Party/LwIP/src/core/mem.c ****   /* finally, see if prev or next are free also */
 680:Middlewares/Third_Party/LwIP/src/core/mem.c ****   plug_holes(mem);
 681:Middlewares/Third_Party/LwIP/src/core/mem.c ****   MEM_SANITY();
 682:Middlewares/Third_Party/LwIP/src/core/mem.c **** #if LWIP_ALLOW_MEM_FREE_FROM_OTHER_CONTEXT
 683:Middlewares/Third_Party/LwIP/src/core/mem.c ****   mem_free_count = 1;
 684:Middlewares/Third_Party/LwIP/src/core/mem.c **** #endif /* LWIP_ALLOW_MEM_FREE_FROM_OTHER_CONTEXT */
 685:Middlewares/Third_Party/LwIP/src/core/mem.c ****   LWIP_MEM_FREE_UNPROTECT();
 686:Middlewares/Third_Party/LwIP/src/core/mem.c **** }
 666              		.loc 1 686 1 is_stmt 0 view .LVU187
 667 003c 38BD     		pop	{r3, r4, r5, pc}
 668              	.LVL53:
 669              	.L54:
 627:Middlewares/Third_Party/LwIP/src/core/mem.c ****     LWIP_DEBUGF(MEM_DEBUG | LWIP_DBG_LEVEL_SEVERE, ("mem_free: sanity check alignment\n"));
 670              		.loc 1 627 5 is_stmt 1 discriminator 1 view .LVU188
 627:Middlewares/Third_Party/LwIP/src/core/mem.c ****     LWIP_DEBUGF(MEM_DEBUG | LWIP_DBG_LEVEL_SEVERE, ("mem_free: sanity check alignment\n"));
 671              		.loc 1 627 5 discriminator 1 view .LVU189
 627:Middlewares/Third_Party/LwIP/src/core/mem.c ****     LWIP_DEBUGF(MEM_DEBUG | LWIP_DBG_LEVEL_SEVERE, ("mem_free: sanity check alignment\n"));
 672              		.loc 1 627 5 discriminator 1 view .LVU190
 627:Middlewares/Third_Party/LwIP/src/core/mem.c ****     LWIP_DEBUGF(MEM_DEBUG | LWIP_DBG_LEVEL_SEVERE, ("mem_free: sanity check alignment\n"));
 673              		.loc 1 627 5 discriminator 1 view .LVU191
 674 003e 244B     		ldr	r3, .L57+8
 675 0040 40F27322 		movw	r2, #627
 676 0044 2549     		ldr	r1, .L57+20
 677 0046 2448     		ldr	r0, .L57+16
 678              	.LVL54:
 627:Middlewares/Third_Party/LwIP/src/core/mem.c ****     LWIP_DEBUGF(MEM_DEBUG | LWIP_DBG_LEVEL_SEVERE, ("mem_free: sanity check alignment\n"));
 679              		.loc 1 627 5 is_stmt 0 discriminator 1 view .LVU192
 680 0048 FFF7FEFF 		bl	printf
 681              	.LVL55:
 627:Middlewares/Third_Party/LwIP/src/core/mem.c ****     LWIP_DEBUGF(MEM_DEBUG | LWIP_DBG_LEVEL_SEVERE, ("mem_free: sanity check alignment\n"));
 682              		.loc 1 627 5 is_stmt 1 discriminator 1 view .LVU193
 627:Middlewares/Third_Party/LwIP/src/core/mem.c ****     LWIP_DEBUGF(MEM_DEBUG | LWIP_DBG_LEVEL_SEVERE, ("mem_free: sanity check alignment\n"));
 683              		.loc 1 627 5 discriminator 1 view .LVU194
 628:Middlewares/Third_Party/LwIP/src/core/mem.c ****     /* protect mem stats from concurrent access */
 684              		.loc 1 628 91 discriminator 1 view .LVU195
 630:Middlewares/Third_Party/LwIP/src/core/mem.c ****     return;
 685              		.loc 1 630 5 discriminator 1 view .LVU196
 686              	.LBB3:
 630:Middlewares/Third_Party/LwIP/src/core/mem.c ****     return;
 687              		.loc 1 630 5 discriminator 1 view .LVU197
 630:Middlewares/Third_Party/LwIP/src/core/mem.c ****     return;
ARM GAS  /tmp/cc3WmiM5.s 			page 28


 688              		.loc 1 630 5 discriminator 1 view .LVU198
 689 004c FFF7FEFF 		bl	sys_arch_protect
 690              	.LVL56:
 630:Middlewares/Third_Party/LwIP/src/core/mem.c ****     return;
 691              		.loc 1 630 5 discriminator 1 view .LVU199
 630:Middlewares/Third_Party/LwIP/src/core/mem.c ****     return;
 692              		.loc 1 630 5 discriminator 1 view .LVU200
 693 0050 FFF7FEFF 		bl	sys_arch_unprotect
 694              	.LVL57:
 630:Middlewares/Third_Party/LwIP/src/core/mem.c ****     return;
 695              		.loc 1 630 5 is_stmt 0 discriminator 1 view .LVU201
 696              	.LBE3:
 630:Middlewares/Third_Party/LwIP/src/core/mem.c ****     return;
 697              		.loc 1 630 5 is_stmt 1 discriminator 1 view .LVU202
 631:Middlewares/Third_Party/LwIP/src/core/mem.c ****   }
 698              		.loc 1 631 5 discriminator 1 view .LVU203
 699 0054 F2E7     		b	.L42
 700              	.LVL58:
 701              	.L46:
 649:Middlewares/Third_Party/LwIP/src/core/mem.c ****   /* mem has to be in a used state */
 702              		.loc 1 649 3 view .LVU204
 703 0056 2248     		ldr	r0, .L57+24
 704              	.LVL59:
 649:Middlewares/Third_Party/LwIP/src/core/mem.c ****   /* mem has to be in a used state */
 705              		.loc 1 649 3 is_stmt 0 view .LVU205
 706 0058 FFF7FEFF 		bl	sys_mutex_lock
 707              	.LVL60:
 651:Middlewares/Third_Party/LwIP/src/core/mem.c ****     LWIP_MEM_ILLEGAL_FREE("mem_free: illegal memory: double free");
 708              		.loc 1 651 3 is_stmt 1 view .LVU206
 651:Middlewares/Third_Party/LwIP/src/core/mem.c ****     LWIP_MEM_ILLEGAL_FREE("mem_free: illegal memory: double free");
 709              		.loc 1 651 11 is_stmt 0 view .LVU207
 710 005c 14F8043C 		ldrb	r3, [r4, #-4]	@ zero_extendqisi2
 651:Middlewares/Third_Party/LwIP/src/core/mem.c ****     LWIP_MEM_ILLEGAL_FREE("mem_free: illegal memory: double free");
 711              		.loc 1 651 6 view .LVU208
 712 0060 9BB1     		cbz	r3, .L55
 660:Middlewares/Third_Party/LwIP/src/core/mem.c ****     LWIP_MEM_ILLEGAL_FREE("mem_free: illegal memory: non-linked: double free");
 713              		.loc 1 660 3 is_stmt 1 view .LVU209
 660:Middlewares/Third_Party/LwIP/src/core/mem.c ****     LWIP_MEM_ILLEGAL_FREE("mem_free: illegal memory: non-linked: double free");
 714              		.loc 1 660 8 is_stmt 0 view .LVU210
 715 0062 2846     		mov	r0, r5
 716 0064 FFF7FEFF 		bl	mem_link_valid
 717              	.LVL61:
 660:Middlewares/Third_Party/LwIP/src/core/mem.c ****     LWIP_MEM_ILLEGAL_FREE("mem_free: illegal memory: non-linked: double free");
 718              		.loc 1 660 6 view .LVU211
 719 0068 F0B1     		cbz	r0, .L56
 670:Middlewares/Third_Party/LwIP/src/core/mem.c **** 
 720              		.loc 1 670 3 is_stmt 1 view .LVU212
 670:Middlewares/Third_Party/LwIP/src/core/mem.c **** 
 721              		.loc 1 670 13 is_stmt 0 view .LVU213
 722 006a 0023     		movs	r3, #0
 723 006c 04F8043C 		strb	r3, [r4, #-4]
 672:Middlewares/Third_Party/LwIP/src/core/mem.c ****     /* the newly freed struct is now the lowest */
 724              		.loc 1 672 3 is_stmt 1 view .LVU214
 672:Middlewares/Third_Party/LwIP/src/core/mem.c ****     /* the newly freed struct is now the lowest */
 725              		.loc 1 672 11 is_stmt 0 view .LVU215
 726 0070 1C4B     		ldr	r3, .L57+28
 727 0072 1B68     		ldr	r3, [r3]
ARM GAS  /tmp/cc3WmiM5.s 			page 29


 672:Middlewares/Third_Party/LwIP/src/core/mem.c ****     /* the newly freed struct is now the lowest */
 728              		.loc 1 672 6 view .LVU216
 729 0074 AB42     		cmp	r3, r5
 730 0076 01D9     		bls	.L49
 674:Middlewares/Third_Party/LwIP/src/core/mem.c ****   }
 731              		.loc 1 674 5 is_stmt 1 view .LVU217
 674:Middlewares/Third_Party/LwIP/src/core/mem.c ****   }
 732              		.loc 1 674 11 is_stmt 0 view .LVU218
 733 0078 1A4B     		ldr	r3, .L57+28
 734 007a 1D60     		str	r5, [r3]
 735              	.L49:
 677:Middlewares/Third_Party/LwIP/src/core/mem.c **** 
 736              		.loc 1 677 74 is_stmt 1 view .LVU219
 680:Middlewares/Third_Party/LwIP/src/core/mem.c ****   MEM_SANITY();
 737              		.loc 1 680 3 view .LVU220
 738 007c 2846     		mov	r0, r5
 739 007e FFF7FEFF 		bl	plug_holes
 740              	.LVL62:
 681:Middlewares/Third_Party/LwIP/src/core/mem.c **** #if LWIP_ALLOW_MEM_FREE_FROM_OTHER_CONTEXT
 741              		.loc 1 681 15 view .LVU221
 685:Middlewares/Third_Party/LwIP/src/core/mem.c **** }
 742              		.loc 1 685 3 view .LVU222
 743 0082 1748     		ldr	r0, .L57+24
 744 0084 FFF7FEFF 		bl	sys_mutex_unlock
 745              	.LVL63:
 746 0088 D8E7     		b	.L42
 747              	.L55:
 652:Middlewares/Third_Party/LwIP/src/core/mem.c ****     LWIP_MEM_FREE_UNPROTECT();
 748              		.loc 1 652 5 discriminator 1 view .LVU223
 652:Middlewares/Third_Party/LwIP/src/core/mem.c ****     LWIP_MEM_FREE_UNPROTECT();
 749              		.loc 1 652 5 discriminator 1 view .LVU224
 652:Middlewares/Third_Party/LwIP/src/core/mem.c ****     LWIP_MEM_FREE_UNPROTECT();
 750              		.loc 1 652 5 discriminator 1 view .LVU225
 652:Middlewares/Third_Party/LwIP/src/core/mem.c ****     LWIP_MEM_FREE_UNPROTECT();
 751              		.loc 1 652 5 discriminator 1 view .LVU226
 752 008a 114B     		ldr	r3, .L57+8
 753 008c 4FF42372 		mov	r2, #652
 754 0090 1549     		ldr	r1, .L57+32
 755 0092 1148     		ldr	r0, .L57+16
 756 0094 FFF7FEFF 		bl	printf
 757              	.LVL64:
 652:Middlewares/Third_Party/LwIP/src/core/mem.c ****     LWIP_MEM_FREE_UNPROTECT();
 758              		.loc 1 652 5 discriminator 1 view .LVU227
 652:Middlewares/Third_Party/LwIP/src/core/mem.c ****     LWIP_MEM_FREE_UNPROTECT();
 759              		.loc 1 652 5 discriminator 1 view .LVU228
 653:Middlewares/Third_Party/LwIP/src/core/mem.c ****     LWIP_DEBUGF(MEM_DEBUG | LWIP_DBG_LEVEL_SEVERE, ("mem_free: illegal memory: double free?\n"));
 760              		.loc 1 653 5 discriminator 1 view .LVU229
 761 0098 1148     		ldr	r0, .L57+24
 762 009a FFF7FEFF 		bl	sys_mutex_unlock
 763              	.LVL65:
 654:Middlewares/Third_Party/LwIP/src/core/mem.c ****     /* protect mem stats from concurrent access */
 764              		.loc 1 654 97 discriminator 1 view .LVU230
 656:Middlewares/Third_Party/LwIP/src/core/mem.c ****     return;
 765              		.loc 1 656 5 discriminator 1 view .LVU231
 766              	.LBB4:
 656:Middlewares/Third_Party/LwIP/src/core/mem.c ****     return;
 767              		.loc 1 656 5 discriminator 1 view .LVU232
ARM GAS  /tmp/cc3WmiM5.s 			page 30


 656:Middlewares/Third_Party/LwIP/src/core/mem.c ****     return;
 768              		.loc 1 656 5 discriminator 1 view .LVU233
 769 009e FFF7FEFF 		bl	sys_arch_protect
 770              	.LVL66:
 656:Middlewares/Third_Party/LwIP/src/core/mem.c ****     return;
 771              		.loc 1 656 5 discriminator 1 view .LVU234
 656:Middlewares/Third_Party/LwIP/src/core/mem.c ****     return;
 772              		.loc 1 656 5 discriminator 1 view .LVU235
 773 00a2 FFF7FEFF 		bl	sys_arch_unprotect
 774              	.LVL67:
 656:Middlewares/Third_Party/LwIP/src/core/mem.c ****     return;
 775              		.loc 1 656 5 is_stmt 0 discriminator 1 view .LVU236
 776              	.LBE4:
 656:Middlewares/Third_Party/LwIP/src/core/mem.c ****     return;
 777              		.loc 1 656 5 is_stmt 1 discriminator 1 view .LVU237
 657:Middlewares/Third_Party/LwIP/src/core/mem.c ****   }
 778              		.loc 1 657 5 discriminator 1 view .LVU238
 779 00a6 C9E7     		b	.L42
 780              	.L56:
 661:Middlewares/Third_Party/LwIP/src/core/mem.c ****     LWIP_MEM_FREE_UNPROTECT();
 781              		.loc 1 661 5 discriminator 1 view .LVU239
 661:Middlewares/Third_Party/LwIP/src/core/mem.c ****     LWIP_MEM_FREE_UNPROTECT();
 782              		.loc 1 661 5 discriminator 1 view .LVU240
 661:Middlewares/Third_Party/LwIP/src/core/mem.c ****     LWIP_MEM_FREE_UNPROTECT();
 783              		.loc 1 661 5 discriminator 1 view .LVU241
 661:Middlewares/Third_Party/LwIP/src/core/mem.c ****     LWIP_MEM_FREE_UNPROTECT();
 784              		.loc 1 661 5 discriminator 1 view .LVU242
 785 00a8 094B     		ldr	r3, .L57+8
 786 00aa 40F29522 		movw	r2, #661
 787 00ae 0F49     		ldr	r1, .L57+36
 788 00b0 0948     		ldr	r0, .L57+16
 789 00b2 FFF7FEFF 		bl	printf
 790              	.LVL68:
 661:Middlewares/Third_Party/LwIP/src/core/mem.c ****     LWIP_MEM_FREE_UNPROTECT();
 791              		.loc 1 661 5 discriminator 1 view .LVU243
 661:Middlewares/Third_Party/LwIP/src/core/mem.c ****     LWIP_MEM_FREE_UNPROTECT();
 792              		.loc 1 661 5 discriminator 1 view .LVU244
 662:Middlewares/Third_Party/LwIP/src/core/mem.c ****     LWIP_DEBUGF(MEM_DEBUG | LWIP_DBG_LEVEL_SEVERE, ("mem_free: illegal memory: non-linked: double f
 793              		.loc 1 662 5 discriminator 1 view .LVU245
 794 00b6 0A48     		ldr	r0, .L57+24
 795 00b8 FFF7FEFF 		bl	sys_mutex_unlock
 796              	.LVL69:
 663:Middlewares/Third_Party/LwIP/src/core/mem.c ****     /* protect mem stats from concurrent access */
 797              		.loc 1 663 109 discriminator 1 view .LVU246
 665:Middlewares/Third_Party/LwIP/src/core/mem.c ****     return;
 798              		.loc 1 665 5 discriminator 1 view .LVU247
 799              	.LBB5:
 665:Middlewares/Third_Party/LwIP/src/core/mem.c ****     return;
 800              		.loc 1 665 5 discriminator 1 view .LVU248
 665:Middlewares/Third_Party/LwIP/src/core/mem.c ****     return;
 801              		.loc 1 665 5 discriminator 1 view .LVU249
 802 00bc FFF7FEFF 		bl	sys_arch_protect
 803              	.LVL70:
 665:Middlewares/Third_Party/LwIP/src/core/mem.c ****     return;
 804              		.loc 1 665 5 discriminator 1 view .LVU250
 665:Middlewares/Third_Party/LwIP/src/core/mem.c ****     return;
 805              		.loc 1 665 5 discriminator 1 view .LVU251
ARM GAS  /tmp/cc3WmiM5.s 			page 31


 806 00c0 FFF7FEFF 		bl	sys_arch_unprotect
 807              	.LVL71:
 665:Middlewares/Third_Party/LwIP/src/core/mem.c ****     return;
 808              		.loc 1 665 5 is_stmt 0 discriminator 1 view .LVU252
 809              	.LBE5:
 665:Middlewares/Third_Party/LwIP/src/core/mem.c ****     return;
 810              		.loc 1 665 5 is_stmt 1 discriminator 1 view .LVU253
 666:Middlewares/Third_Party/LwIP/src/core/mem.c ****   }
 811              		.loc 1 666 5 discriminator 1 view .LVU254
 812 00c4 BAE7     		b	.L42
 813              	.LVL72:
 814              	.L51:
 815              	.LCFI4:
 816              		.cfi_def_cfa_offset 0
 817              		.cfi_restore 3
 818              		.cfi_restore 4
 819              		.cfi_restore 5
 820              		.cfi_restore 14
 666:Middlewares/Third_Party/LwIP/src/core/mem.c ****   }
 821              		.loc 1 666 5 is_stmt 0 discriminator 1 view .LVU255
 822 00c6 7047     		bx	lr
 823              	.L58:
 824              		.align	2
 825              	.L57:
 826 00c8 00000000 		.word	.LANCHOR0
 827 00cc 00000000 		.word	.LANCHOR1
 828 00d0 00000000 		.word	.LC0
 829 00d4 24000000 		.word	.LC8
 830 00d8 44000000 		.word	.LC2
 831 00dc 00000000 		.word	.LC7
 832 00e0 00000000 		.word	.LANCHOR3
 833 00e4 00000000 		.word	.LANCHOR2
 834 00e8 40000000 		.word	.LC9
 835 00ec 68000000 		.word	.LC10
 836              		.cfi_endproc
 837              	.LFE178:
 839              		.section	.rodata.mem_trim.str1.4,"aMS",%progbits,1
 840              		.align	2
 841              	.LC11:
 842 0000 6D656D5F 		.ascii	"mem_trim: legal memory\000"
 842      7472696D 
 842      3A206C65 
 842      67616C20 
 842      6D656D6F 
 843 0017 00       		.align	2
 844              	.LC12:
 845 0018 6D656D5F 		.ascii	"mem_trim can only shrink memory\000"
 845      7472696D 
 845      2063616E 
 845      206F6E6C 
 845      79207368 
 846              		.align	2
 847              	.LC13:
 848 0038 696E7661 		.ascii	"invalid next ptr\000"
 848      6C696420 
 848      6E657874 
 848      20707472 
ARM GAS  /tmp/cc3WmiM5.s 			page 32


 848      00
 849              		.section	.text.mem_trim,"ax",%progbits
 850              		.align	1
 851              		.global	mem_trim
 852              		.syntax unified
 853              		.thumb
 854              		.thumb_func
 855              		.fpu fpv5-d16
 857              	mem_trim:
 858              	.LVL73:
 859              	.LFB179:
 687:Middlewares/Third_Party/LwIP/src/core/mem.c **** 
 688:Middlewares/Third_Party/LwIP/src/core/mem.c **** /**
 689:Middlewares/Third_Party/LwIP/src/core/mem.c ****  * Shrink memory returned by mem_malloc().
 690:Middlewares/Third_Party/LwIP/src/core/mem.c ****  *
 691:Middlewares/Third_Party/LwIP/src/core/mem.c ****  * @param rmem pointer to memory allocated by mem_malloc the is to be shrinked
 692:Middlewares/Third_Party/LwIP/src/core/mem.c ****  * @param new_size required size after shrinking (needs to be smaller than or
 693:Middlewares/Third_Party/LwIP/src/core/mem.c ****  *                equal to the previous size)
 694:Middlewares/Third_Party/LwIP/src/core/mem.c ****  * @return for compatibility reasons: is always == rmem, at the moment
 695:Middlewares/Third_Party/LwIP/src/core/mem.c ****  *         or NULL if newsize is > old size, in which case rmem is NOT touched
 696:Middlewares/Third_Party/LwIP/src/core/mem.c ****  *         or freed!
 697:Middlewares/Third_Party/LwIP/src/core/mem.c ****  */
 698:Middlewares/Third_Party/LwIP/src/core/mem.c **** void *
 699:Middlewares/Third_Party/LwIP/src/core/mem.c **** mem_trim(void *rmem, mem_size_t new_size)
 700:Middlewares/Third_Party/LwIP/src/core/mem.c **** {
 860              		.loc 1 700 1 is_stmt 1 view -0
 861              		.cfi_startproc
 862              		@ args = 0, pretend = 0, frame = 0
 863              		@ frame_needed = 0, uses_anonymous_args = 0
 864              		.loc 1 700 1 is_stmt 0 view .LVU257
 865 0000 2DE9F843 		push	{r3, r4, r5, r6, r7, r8, r9, lr}
 866              	.LCFI5:
 867              		.cfi_def_cfa_offset 32
 868              		.cfi_offset 3, -32
 869              		.cfi_offset 4, -28
 870              		.cfi_offset 5, -24
 871              		.cfi_offset 6, -20
 872              		.cfi_offset 7, -16
 873              		.cfi_offset 8, -12
 874              		.cfi_offset 9, -8
 875              		.cfi_offset 14, -4
 876 0004 0546     		mov	r5, r0
 701:Middlewares/Third_Party/LwIP/src/core/mem.c ****   mem_size_t size, newsize;
 877              		.loc 1 701 3 is_stmt 1 view .LVU258
 702:Middlewares/Third_Party/LwIP/src/core/mem.c ****   mem_size_t ptr, ptr2;
 878              		.loc 1 702 3 view .LVU259
 703:Middlewares/Third_Party/LwIP/src/core/mem.c ****   struct mem *mem, *mem2;
 879              		.loc 1 703 3 view .LVU260
 704:Middlewares/Third_Party/LwIP/src/core/mem.c ****   /* use the FREE_PROTECT here: it protects with sem OR SYS_ARCH_PROTECT */
 705:Middlewares/Third_Party/LwIP/src/core/mem.c ****   LWIP_MEM_FREE_DECL_PROTECT();
 880              		.loc 1 705 31 view .LVU261
 706:Middlewares/Third_Party/LwIP/src/core/mem.c **** 
 707:Middlewares/Third_Party/LwIP/src/core/mem.c ****   /* Expand the size of the allocated memory region so that we can
 708:Middlewares/Third_Party/LwIP/src/core/mem.c ****      adjust for alignment. */
 709:Middlewares/Third_Party/LwIP/src/core/mem.c ****   newsize = (mem_size_t)LWIP_MEM_ALIGN_SIZE(new_size);
 881              		.loc 1 709 3 view .LVU262
 882              		.loc 1 709 25 is_stmt 0 view .LVU263
ARM GAS  /tmp/cc3WmiM5.s 			page 33


 883 0006 CC1C     		adds	r4, r1, #3
 884 0008 A4B2     		uxth	r4, r4
 885              		.loc 1 709 11 view .LVU264
 886 000a 24F00304 		bic	r4, r4, #3
 887 000e A4B2     		uxth	r4, r4
 888              	.LVL74:
 710:Middlewares/Third_Party/LwIP/src/core/mem.c ****   if (newsize < MIN_SIZE_ALIGNED) {
 889              		.loc 1 710 3 is_stmt 1 view .LVU265
 890              		.loc 1 710 6 is_stmt 0 view .LVU266
 891 0010 0B2C     		cmp	r4, #11
 892 0012 00D8     		bhi	.L60
 711:Middlewares/Third_Party/LwIP/src/core/mem.c ****     /* every data block must be at least MIN_SIZE_ALIGNED long */
 712:Middlewares/Third_Party/LwIP/src/core/mem.c ****     newsize = MIN_SIZE_ALIGNED;
 893              		.loc 1 712 13 view .LVU267
 894 0014 0C24     		movs	r4, #12
 895              	.LVL75:
 896              	.L60:
 713:Middlewares/Third_Party/LwIP/src/core/mem.c ****   }
 714:Middlewares/Third_Party/LwIP/src/core/mem.c **** #if MEM_OVERFLOW_CHECK
 715:Middlewares/Third_Party/LwIP/src/core/mem.c ****   newsize += MEM_SANITY_REGION_BEFORE_ALIGNED + MEM_SANITY_REGION_AFTER_ALIGNED;
 716:Middlewares/Third_Party/LwIP/src/core/mem.c **** #endif
 717:Middlewares/Third_Party/LwIP/src/core/mem.c ****   if ((newsize > MEM_SIZE_ALIGNED) || (newsize < new_size)) {
 897              		.loc 1 717 3 is_stmt 1 view .LVU268
 898              		.loc 1 717 48 is_stmt 0 view .LVU269
 899 0016 8C42     		cmp	r4, r1
 900 0018 2CBF     		ite	cs
 901 001a 0021     		movcs	r1, #0
 902              	.LVL76:
 903              		.loc 1 717 48 view .LVU270
 904 001c 0121     		movcc	r1, #1
 905              		.loc 1 717 36 view .LVU271
 906 001e B4F5605F 		cmp	r4, #14336
 907 0022 88BF     		it	hi
 908 0024 41F00101 		orrhi	r1, r1, #1
 909              		.loc 1 717 6 view .LVU272
 910 0028 0029     		cmp	r1, #0
 911 002a 40F0A280 		bne	.L74
 718:Middlewares/Third_Party/LwIP/src/core/mem.c ****     return NULL;
 719:Middlewares/Third_Party/LwIP/src/core/mem.c ****   }
 720:Middlewares/Third_Party/LwIP/src/core/mem.c **** 
 721:Middlewares/Third_Party/LwIP/src/core/mem.c ****   LWIP_ASSERT("mem_trim: legal memory", (u8_t *)rmem >= (u8_t *)ram &&
 912              		.loc 1 721 3 is_stmt 1 view .LVU273
 913              		.loc 1 721 3 view .LVU274
 914 002e 544B     		ldr	r3, .L82
 915 0030 1B68     		ldr	r3, [r3]
 916 0032 AB42     		cmp	r3, r5
 917 0034 03D8     		bhi	.L62
 918              		.loc 1 721 3 is_stmt 0 discriminator 2 view .LVU275
 919 0036 534B     		ldr	r3, .L82+4
 920 0038 1B68     		ldr	r3, [r3]
 921 003a AB42     		cmp	r3, r5
 922 003c 06D8     		bhi	.L63
 923              	.L62:
 924              		.loc 1 721 3 is_stmt 1 discriminator 3 view .LVU276
 925              		.loc 1 721 3 discriminator 3 view .LVU277
 926 003e 524B     		ldr	r3, .L82+8
 927 0040 40F2D122 		movw	r2, #721
ARM GAS  /tmp/cc3WmiM5.s 			page 34


 928 0044 5149     		ldr	r1, .L82+12
 929 0046 5248     		ldr	r0, .L82+16
 930              	.LVL77:
 931              		.loc 1 721 3 is_stmt 0 discriminator 3 view .LVU278
 932 0048 FFF7FEFF 		bl	printf
 933              	.LVL78:
 934              	.L63:
 935              		.loc 1 721 3 is_stmt 1 discriminator 5 view .LVU279
 936              		.loc 1 721 3 discriminator 5 view .LVU280
 722:Middlewares/Third_Party/LwIP/src/core/mem.c ****               (u8_t *)rmem < (u8_t *)ram_end);
 723:Middlewares/Third_Party/LwIP/src/core/mem.c **** 
 724:Middlewares/Third_Party/LwIP/src/core/mem.c ****   if ((u8_t *)rmem < (u8_t *)ram || (u8_t *)rmem >= (u8_t *)ram_end) {
 937              		.loc 1 724 3 discriminator 5 view .LVU281
 938              		.loc 1 724 20 is_stmt 0 discriminator 5 view .LVU282
 939 004c 4C4B     		ldr	r3, .L82
 940 004e 1B68     		ldr	r3, [r3]
 941              		.loc 1 724 6 discriminator 5 view .LVU283
 942 0050 AB42     		cmp	r3, r5
 943 0052 45D8     		bhi	.L64
 944              		.loc 1 724 53 discriminator 1 view .LVU284
 945 0054 4B4B     		ldr	r3, .L82+4
 946 0056 1B68     		ldr	r3, [r3]
 947              		.loc 1 724 34 discriminator 1 view .LVU285
 948 0058 AB42     		cmp	r3, r5
 949 005a 41D9     		bls	.L64
 725:Middlewares/Third_Party/LwIP/src/core/mem.c ****     LWIP_DEBUGF(MEM_DEBUG | LWIP_DBG_LEVEL_SEVERE, ("mem_trim: illegal memory\n"));
 726:Middlewares/Third_Party/LwIP/src/core/mem.c ****     /* protect mem stats from concurrent access */
 727:Middlewares/Third_Party/LwIP/src/core/mem.c ****     MEM_STATS_INC_LOCKED(illegal);
 728:Middlewares/Third_Party/LwIP/src/core/mem.c ****     return rmem;
 729:Middlewares/Third_Party/LwIP/src/core/mem.c ****   }
 730:Middlewares/Third_Party/LwIP/src/core/mem.c ****   /* Get the corresponding struct mem ... */
 731:Middlewares/Third_Party/LwIP/src/core/mem.c ****   /* cast through void* to get rid of alignment warnings */
 732:Middlewares/Third_Party/LwIP/src/core/mem.c ****   mem = (struct mem *)(void *)((u8_t *)rmem - (SIZEOF_STRUCT_MEM + MEM_SANITY_OFFSET));
 950              		.loc 1 732 3 is_stmt 1 view .LVU286
 951              	.LVL79:
 733:Middlewares/Third_Party/LwIP/src/core/mem.c **** #if MEM_OVERFLOW_CHECK
 734:Middlewares/Third_Party/LwIP/src/core/mem.c ****   mem_overflow_check_element(mem);
 735:Middlewares/Third_Party/LwIP/src/core/mem.c **** #endif
 736:Middlewares/Third_Party/LwIP/src/core/mem.c ****   /* ... and its offset pointer */
 737:Middlewares/Third_Party/LwIP/src/core/mem.c ****   ptr = mem_to_ptr(mem);
 952              		.loc 1 737 3 view .LVU287
 953              		.loc 1 737 9 is_stmt 0 view .LVU288
 954 005c A5F10800 		sub	r0, r5, #8
 955              	.LVL80:
 956              		.loc 1 737 9 view .LVU289
 957 0060 FFF7FEFF 		bl	mem_to_ptr
 958              	.LVL81:
 959              		.loc 1 737 9 view .LVU290
 960 0064 0646     		mov	r6, r0
 961              	.LVL82:
 738:Middlewares/Third_Party/LwIP/src/core/mem.c **** 
 739:Middlewares/Third_Party/LwIP/src/core/mem.c ****   size = (mem_size_t)((mem_size_t)(mem->next - ptr) - (SIZEOF_STRUCT_MEM + MEM_SANITY_OVERHEAD));
 962              		.loc 1 739 3 is_stmt 1 view .LVU291
 963              		.loc 1 739 39 is_stmt 0 view .LVU292
 964 0066 35F8088C 		ldrh	r8, [r5, #-8]
 965              		.loc 1 739 23 view .LVU293
 966 006a A8EB0008 		sub	r8, r8, r0
ARM GAS  /tmp/cc3WmiM5.s 			page 35


 967 006e 1FFA88F8 		uxth	r8, r8
 968              		.loc 1 739 8 view .LVU294
 969 0072 A8F10808 		sub	r8, r8, #8
 970 0076 1FFA88F8 		uxth	r8, r8
 971              	.LVL83:
 740:Middlewares/Third_Party/LwIP/src/core/mem.c ****   LWIP_ASSERT("mem_trim can only shrink memory", newsize <= size);
 972              		.loc 1 740 3 is_stmt 1 view .LVU295
 973              		.loc 1 740 3 view .LVU296
 974 007a 4445     		cmp	r4, r8
 975 007c 37D8     		bhi	.L78
 976              	.LVL84:
 977              	.L66:
 978              		.loc 1 740 3 discriminator 3 view .LVU297
 979              		.loc 1 740 3 discriminator 3 view .LVU298
 741:Middlewares/Third_Party/LwIP/src/core/mem.c ****   if (newsize > size) {
 980              		.loc 1 741 3 discriminator 3 view .LVU299
 981              		.loc 1 741 6 is_stmt 0 discriminator 3 view .LVU300
 982 007e 4445     		cmp	r4, r8
 983 0080 79D8     		bhi	.L75
 742:Middlewares/Third_Party/LwIP/src/core/mem.c ****     /* not supported */
 743:Middlewares/Third_Party/LwIP/src/core/mem.c ****     return NULL;
 744:Middlewares/Third_Party/LwIP/src/core/mem.c ****   }
 745:Middlewares/Third_Party/LwIP/src/core/mem.c ****   if (newsize == size) {
 984              		.loc 1 745 3 is_stmt 1 view .LVU301
 985              		.loc 1 745 6 is_stmt 0 view .LVU302
 986 0082 7AD0     		beq	.L76
 746:Middlewares/Third_Party/LwIP/src/core/mem.c ****     /* No change in size, simply return */
 747:Middlewares/Third_Party/LwIP/src/core/mem.c ****     return rmem;
 748:Middlewares/Third_Party/LwIP/src/core/mem.c ****   }
 749:Middlewares/Third_Party/LwIP/src/core/mem.c **** 
 750:Middlewares/Third_Party/LwIP/src/core/mem.c ****   /* protect the heap from concurrent access */
 751:Middlewares/Third_Party/LwIP/src/core/mem.c ****   LWIP_MEM_FREE_PROTECT();
 987              		.loc 1 751 3 is_stmt 1 view .LVU303
 988 0084 4348     		ldr	r0, .L82+20
 989 0086 FFF7FEFF 		bl	sys_mutex_lock
 990              	.LVL85:
 752:Middlewares/Third_Party/LwIP/src/core/mem.c **** 
 753:Middlewares/Third_Party/LwIP/src/core/mem.c ****   mem2 = ptr_to_mem(mem->next);
 991              		.loc 1 753 3 view .LVU304
 992              		.loc 1 753 10 is_stmt 0 view .LVU305
 993 008a 35F8087C 		ldrh	r7, [r5, #-8]
 994 008e 3846     		mov	r0, r7
 995 0090 FFF7FEFF 		bl	ptr_to_mem
 996              	.LVL86:
 997 0094 8146     		mov	r9, r0
 998              	.LVL87:
 754:Middlewares/Third_Party/LwIP/src/core/mem.c ****   if (mem2->used == 0) {
 999              		.loc 1 754 3 is_stmt 1 view .LVU306
 1000              		.loc 1 754 11 is_stmt 0 view .LVU307
 1001 0096 0379     		ldrb	r3, [r0, #4]	@ zero_extendqisi2
 1002              		.loc 1 754 6 view .LVU308
 1003 0098 002B     		cmp	r3, #0
 1004 009a 3ED1     		bne	.L67
 1005              	.LBB6:
 755:Middlewares/Third_Party/LwIP/src/core/mem.c ****     /* The next struct is unused, we can simply move it at little */
 756:Middlewares/Third_Party/LwIP/src/core/mem.c ****     mem_size_t next;
 1006              		.loc 1 756 5 is_stmt 1 view .LVU309
ARM GAS  /tmp/cc3WmiM5.s 			page 36


 757:Middlewares/Third_Party/LwIP/src/core/mem.c ****     LWIP_ASSERT("invalid next ptr", mem->next != MEM_SIZE_ALIGNED);
 1007              		.loc 1 757 5 view .LVU310
 1008              		.loc 1 757 5 view .LVU311
 1009 009c B7F5605F 		cmp	r7, #14336
 1010 00a0 2DD0     		beq	.L79
 1011              	.LVL88:
 1012              	.L68:
 1013              		.loc 1 757 5 discriminator 3 view .LVU312
 1014              		.loc 1 757 5 discriminator 3 view .LVU313
 758:Middlewares/Third_Party/LwIP/src/core/mem.c ****     /* remember the old next pointer */
 759:Middlewares/Third_Party/LwIP/src/core/mem.c ****     next = mem2->next;
 1015              		.loc 1 759 5 discriminator 3 view .LVU314
 1016              		.loc 1 759 10 is_stmt 0 discriminator 3 view .LVU315
 1017 00a2 B9F80070 		ldrh	r7, [r9]
 1018              	.LVL89:
 760:Middlewares/Third_Party/LwIP/src/core/mem.c ****     /* create new struct mem which is moved directly after the shrinked mem */
 761:Middlewares/Third_Party/LwIP/src/core/mem.c ****     ptr2 = (mem_size_t)(ptr + SIZEOF_STRUCT_MEM + newsize);
 1019              		.loc 1 761 5 is_stmt 1 discriminator 3 view .LVU316
 1020              		.loc 1 761 49 is_stmt 0 discriminator 3 view .LVU317
 1021 00a6 3444     		add	r4, r4, r6
 1022              	.LVL90:
 1023              		.loc 1 761 49 discriminator 3 view .LVU318
 1024 00a8 A4B2     		uxth	r4, r4
 1025              		.loc 1 761 10 discriminator 3 view .LVU319
 1026 00aa 0834     		adds	r4, r4, #8
 1027 00ac A4B2     		uxth	r4, r4
 1028              	.LVL91:
 762:Middlewares/Third_Party/LwIP/src/core/mem.c ****     if (lfree == mem2) {
 1029              		.loc 1 762 5 is_stmt 1 discriminator 3 view .LVU320
 1030              		.loc 1 762 15 is_stmt 0 discriminator 3 view .LVU321
 1031 00ae 3A4B     		ldr	r3, .L82+24
 1032 00b0 1B68     		ldr	r3, [r3]
 1033              		.loc 1 762 8 discriminator 3 view .LVU322
 1034 00b2 4B45     		cmp	r3, r9
 1035 00b4 2BD0     		beq	.L80
 1036              	.L69:
 763:Middlewares/Third_Party/LwIP/src/core/mem.c ****       lfree = ptr_to_mem(ptr2);
 764:Middlewares/Third_Party/LwIP/src/core/mem.c ****     }
 765:Middlewares/Third_Party/LwIP/src/core/mem.c ****     mem2 = ptr_to_mem(ptr2);
 1037              		.loc 1 765 5 is_stmt 1 view .LVU323
 1038              		.loc 1 765 12 is_stmt 0 view .LVU324
 1039 00b6 2046     		mov	r0, r4
 1040 00b8 FFF7FEFF 		bl	ptr_to_mem
 1041              	.LVL92:
 766:Middlewares/Third_Party/LwIP/src/core/mem.c ****     mem2->used = 0;
 1042              		.loc 1 766 5 is_stmt 1 view .LVU325
 1043              		.loc 1 766 16 is_stmt 0 view .LVU326
 1044 00bc 0023     		movs	r3, #0
 1045 00be 0371     		strb	r3, [r0, #4]
 767:Middlewares/Third_Party/LwIP/src/core/mem.c ****     /* restore the next pointer */
 768:Middlewares/Third_Party/LwIP/src/core/mem.c ****     mem2->next = next;
 1046              		.loc 1 768 5 is_stmt 1 view .LVU327
 1047              		.loc 1 768 16 is_stmt 0 view .LVU328
 1048 00c0 0780     		strh	r7, [r0]	@ movhi
 769:Middlewares/Third_Party/LwIP/src/core/mem.c ****     /* link it back to mem */
 770:Middlewares/Third_Party/LwIP/src/core/mem.c ****     mem2->prev = ptr;
 1049              		.loc 1 770 5 is_stmt 1 view .LVU329
ARM GAS  /tmp/cc3WmiM5.s 			page 37


 1050              		.loc 1 770 16 is_stmt 0 view .LVU330
 1051 00c2 4680     		strh	r6, [r0, #2]	@ movhi
 771:Middlewares/Third_Party/LwIP/src/core/mem.c ****     /* link mem to it */
 772:Middlewares/Third_Party/LwIP/src/core/mem.c ****     mem->next = ptr2;
 1052              		.loc 1 772 5 is_stmt 1 view .LVU331
 1053              		.loc 1 772 15 is_stmt 0 view .LVU332
 1054 00c4 25F8084C 		strh	r4, [r5, #-8]	@ movhi
 773:Middlewares/Third_Party/LwIP/src/core/mem.c ****     /* last thing to restore linked list: as we have moved mem2,
 774:Middlewares/Third_Party/LwIP/src/core/mem.c ****      * let 'mem2->next->prev' point to mem2 again. but only if mem2->next is not
 775:Middlewares/Third_Party/LwIP/src/core/mem.c ****      * the end of the heap */
 776:Middlewares/Third_Party/LwIP/src/core/mem.c ****     if (mem2->next != MEM_SIZE_ALIGNED) {
 1055              		.loc 1 776 5 is_stmt 1 view .LVU333
 1056              		.loc 1 776 13 is_stmt 0 view .LVU334
 1057 00c8 0088     		ldrh	r0, [r0]
 1058              	.LVL93:
 1059              		.loc 1 776 8 view .LVU335
 1060 00ca B0F5605F 		cmp	r0, #14336
 1061 00ce 02D0     		beq	.L70
 777:Middlewares/Third_Party/LwIP/src/core/mem.c ****       ptr_to_mem(mem2->next)->prev = ptr2;
 1062              		.loc 1 777 7 is_stmt 1 view .LVU336
 1063 00d0 FFF7FEFF 		bl	ptr_to_mem
 1064              	.LVL94:
 1065              		.loc 1 777 36 is_stmt 0 view .LVU337
 1066 00d4 4480     		strh	r4, [r0, #2]	@ movhi
 1067              	.LVL95:
 1068              	.L70:
 1069              		.loc 1 777 36 view .LVU338
 1070              	.LBE6:
 778:Middlewares/Third_Party/LwIP/src/core/mem.c ****     }
 779:Middlewares/Third_Party/LwIP/src/core/mem.c ****     MEM_STATS_DEC_USED(used, (size - newsize));
 780:Middlewares/Third_Party/LwIP/src/core/mem.c ****     /* no need to plug holes, we've already done that */
 781:Middlewares/Third_Party/LwIP/src/core/mem.c ****   } else if (newsize + SIZEOF_STRUCT_MEM + MIN_SIZE_ALIGNED <= size) {
 782:Middlewares/Third_Party/LwIP/src/core/mem.c ****     /* Next struct is used but there's room for another struct mem with
 783:Middlewares/Third_Party/LwIP/src/core/mem.c ****      * at least MIN_SIZE_ALIGNED of data.
 784:Middlewares/Third_Party/LwIP/src/core/mem.c ****      * Old size ('size') must be big enough to contain at least 'newsize' plus a struct mem
 785:Middlewares/Third_Party/LwIP/src/core/mem.c ****      * ('SIZEOF_STRUCT_MEM') with some data ('MIN_SIZE_ALIGNED').
 786:Middlewares/Third_Party/LwIP/src/core/mem.c ****      * @todo we could leave out MIN_SIZE_ALIGNED. We would create an empty
 787:Middlewares/Third_Party/LwIP/src/core/mem.c ****      *       region that couldn't hold data, but when mem->next gets freed,
 788:Middlewares/Third_Party/LwIP/src/core/mem.c ****      *       the 2 regions would be combined, resulting in more free memory */
 789:Middlewares/Third_Party/LwIP/src/core/mem.c ****     ptr2 = (mem_size_t)(ptr + SIZEOF_STRUCT_MEM + newsize);
 790:Middlewares/Third_Party/LwIP/src/core/mem.c ****     LWIP_ASSERT("invalid next ptr", mem->next != MEM_SIZE_ALIGNED);
 791:Middlewares/Third_Party/LwIP/src/core/mem.c ****     mem2 = ptr_to_mem(ptr2);
 792:Middlewares/Third_Party/LwIP/src/core/mem.c ****     if (mem2 < lfree) {
 793:Middlewares/Third_Party/LwIP/src/core/mem.c ****       lfree = mem2;
 794:Middlewares/Third_Party/LwIP/src/core/mem.c ****     }
 795:Middlewares/Third_Party/LwIP/src/core/mem.c ****     mem2->used = 0;
 796:Middlewares/Third_Party/LwIP/src/core/mem.c ****     mem2->next = mem->next;
 797:Middlewares/Third_Party/LwIP/src/core/mem.c ****     mem2->prev = ptr;
 798:Middlewares/Third_Party/LwIP/src/core/mem.c ****     mem->next = ptr2;
 799:Middlewares/Third_Party/LwIP/src/core/mem.c ****     if (mem2->next != MEM_SIZE_ALIGNED) {
 800:Middlewares/Third_Party/LwIP/src/core/mem.c ****       ptr_to_mem(mem2->next)->prev = ptr2;
 801:Middlewares/Third_Party/LwIP/src/core/mem.c ****     }
 802:Middlewares/Third_Party/LwIP/src/core/mem.c ****     MEM_STATS_DEC_USED(used, (size - newsize));
 1071              		.loc 1 802 47 is_stmt 1 view .LVU339
 803:Middlewares/Third_Party/LwIP/src/core/mem.c ****     /* the original mem->next is used, so no need to plug holes! */
 804:Middlewares/Third_Party/LwIP/src/core/mem.c ****   }
 805:Middlewares/Third_Party/LwIP/src/core/mem.c ****   /* else {
ARM GAS  /tmp/cc3WmiM5.s 			page 38


 806:Middlewares/Third_Party/LwIP/src/core/mem.c ****     next struct mem is used but size between mem and mem2 is not big enough
 807:Middlewares/Third_Party/LwIP/src/core/mem.c ****     to create another struct mem
 808:Middlewares/Third_Party/LwIP/src/core/mem.c ****     -> don't do anyhting.
 809:Middlewares/Third_Party/LwIP/src/core/mem.c ****     -> the remaining space stays unused since it is too small
 810:Middlewares/Third_Party/LwIP/src/core/mem.c ****   } */
 811:Middlewares/Third_Party/LwIP/src/core/mem.c **** #if MEM_OVERFLOW_CHECK
 812:Middlewares/Third_Party/LwIP/src/core/mem.c ****   mem_overflow_init_element(mem, new_size);
 813:Middlewares/Third_Party/LwIP/src/core/mem.c **** #endif
 814:Middlewares/Third_Party/LwIP/src/core/mem.c ****   MEM_SANITY();
 1072              		.loc 1 814 15 view .LVU340
 815:Middlewares/Third_Party/LwIP/src/core/mem.c **** #if LWIP_ALLOW_MEM_FREE_FROM_OTHER_CONTEXT
 816:Middlewares/Third_Party/LwIP/src/core/mem.c ****   mem_free_count = 1;
 817:Middlewares/Third_Party/LwIP/src/core/mem.c **** #endif /* LWIP_ALLOW_MEM_FREE_FROM_OTHER_CONTEXT */
 818:Middlewares/Third_Party/LwIP/src/core/mem.c ****   LWIP_MEM_FREE_UNPROTECT();
 1073              		.loc 1 818 3 view .LVU341
 1074 00d6 2F48     		ldr	r0, .L82+20
 1075 00d8 FFF7FEFF 		bl	sys_mutex_unlock
 1076              	.LVL96:
 819:Middlewares/Third_Party/LwIP/src/core/mem.c ****   return rmem;
 1077              		.loc 1 819 3 view .LVU342
 1078              		.loc 1 819 10 is_stmt 0 view .LVU343
 1079 00dc 2846     		mov	r0, r5
 1080 00de 04E0     		b	.L59
 1081              	.LVL97:
 1082              	.L64:
 725:Middlewares/Third_Party/LwIP/src/core/mem.c ****     /* protect mem stats from concurrent access */
 1083              		.loc 1 725 83 is_stmt 1 view .LVU344
 727:Middlewares/Third_Party/LwIP/src/core/mem.c ****     return rmem;
 1084              		.loc 1 727 5 view .LVU345
 1085              	.LBB7:
 727:Middlewares/Third_Party/LwIP/src/core/mem.c ****     return rmem;
 1086              		.loc 1 727 5 view .LVU346
 727:Middlewares/Third_Party/LwIP/src/core/mem.c ****     return rmem;
 1087              		.loc 1 727 5 view .LVU347
 1088 00e0 FFF7FEFF 		bl	sys_arch_protect
 1089              	.LVL98:
 727:Middlewares/Third_Party/LwIP/src/core/mem.c ****     return rmem;
 1090              		.loc 1 727 5 view .LVU348
 727:Middlewares/Third_Party/LwIP/src/core/mem.c ****     return rmem;
 1091              		.loc 1 727 5 view .LVU349
 1092 00e4 FFF7FEFF 		bl	sys_arch_unprotect
 1093              	.LVL99:
 727:Middlewares/Third_Party/LwIP/src/core/mem.c ****     return rmem;
 1094              		.loc 1 727 5 is_stmt 0 view .LVU350
 1095              	.LBE7:
 727:Middlewares/Third_Party/LwIP/src/core/mem.c ****     return rmem;
 1096              		.loc 1 727 5 is_stmt 1 view .LVU351
 728:Middlewares/Third_Party/LwIP/src/core/mem.c ****   }
 1097              		.loc 1 728 5 view .LVU352
 728:Middlewares/Third_Party/LwIP/src/core/mem.c ****   }
 1098              		.loc 1 728 12 is_stmt 0 view .LVU353
 1099 00e8 2846     		mov	r0, r5
 1100              	.LVL100:
 1101              	.L59:
 820:Middlewares/Third_Party/LwIP/src/core/mem.c **** }
 1102              		.loc 1 820 1 view .LVU354
 1103 00ea BDE8F883 		pop	{r3, r4, r5, r6, r7, r8, r9, pc}
ARM GAS  /tmp/cc3WmiM5.s 			page 39


 1104              	.LVL101:
 1105              	.L78:
 740:Middlewares/Third_Party/LwIP/src/core/mem.c ****   if (newsize > size) {
 1106              		.loc 1 740 3 is_stmt 1 discriminator 1 view .LVU355
 740:Middlewares/Third_Party/LwIP/src/core/mem.c ****   if (newsize > size) {
 1107              		.loc 1 740 3 discriminator 1 view .LVU356
 1108 00ee 264B     		ldr	r3, .L82+8
 1109 00f0 4FF43972 		mov	r2, #740
 1110 00f4 2949     		ldr	r1, .L82+28
 1111 00f6 2648     		ldr	r0, .L82+16
 1112              	.LVL102:
 740:Middlewares/Third_Party/LwIP/src/core/mem.c ****   if (newsize > size) {
 1113              		.loc 1 740 3 is_stmt 0 discriminator 1 view .LVU357
 1114 00f8 FFF7FEFF 		bl	printf
 1115              	.LVL103:
 1116 00fc BFE7     		b	.L66
 1117              	.LVL104:
 1118              	.L79:
 1119              	.LBB8:
 757:Middlewares/Third_Party/LwIP/src/core/mem.c ****     /* remember the old next pointer */
 1120              		.loc 1 757 5 is_stmt 1 discriminator 1 view .LVU358
 757:Middlewares/Third_Party/LwIP/src/core/mem.c ****     /* remember the old next pointer */
 1121              		.loc 1 757 5 discriminator 1 view .LVU359
 1122 00fe 224B     		ldr	r3, .L82+8
 1123 0100 40F2F522 		movw	r2, #757
 1124 0104 2649     		ldr	r1, .L82+32
 1125 0106 2248     		ldr	r0, .L82+16
 1126              	.LVL105:
 757:Middlewares/Third_Party/LwIP/src/core/mem.c ****     /* remember the old next pointer */
 1127              		.loc 1 757 5 is_stmt 0 discriminator 1 view .LVU360
 1128 0108 FFF7FEFF 		bl	printf
 1129              	.LVL106:
 1130 010c C9E7     		b	.L68
 1131              	.LVL107:
 1132              	.L80:
 763:Middlewares/Third_Party/LwIP/src/core/mem.c ****     }
 1133              		.loc 1 763 7 is_stmt 1 view .LVU361
 763:Middlewares/Third_Party/LwIP/src/core/mem.c ****     }
 1134              		.loc 1 763 15 is_stmt 0 view .LVU362
 1135 010e 2046     		mov	r0, r4
 1136 0110 FFF7FEFF 		bl	ptr_to_mem
 1137              	.LVL108:
 763:Middlewares/Third_Party/LwIP/src/core/mem.c ****     }
 1138              		.loc 1 763 13 view .LVU363
 1139 0114 204B     		ldr	r3, .L82+24
 1140 0116 1860     		str	r0, [r3]
 1141 0118 CDE7     		b	.L69
 1142              	.LVL109:
 1143              	.L67:
 763:Middlewares/Third_Party/LwIP/src/core/mem.c ****     }
 1144              		.loc 1 763 13 view .LVU364
 1145              	.LBE8:
 781:Middlewares/Third_Party/LwIP/src/core/mem.c ****     /* Next struct is used but there's room for another struct mem with
 1146              		.loc 1 781 10 is_stmt 1 view .LVU365
 781:Middlewares/Third_Party/LwIP/src/core/mem.c ****     /* Next struct is used but there's room for another struct mem with
 1147              		.loc 1 781 42 is_stmt 0 view .LVU366
 1148 011a 04F11403 		add	r3, r4, #20
ARM GAS  /tmp/cc3WmiM5.s 			page 40


 781:Middlewares/Third_Party/LwIP/src/core/mem.c ****     /* Next struct is used but there's room for another struct mem with
 1149              		.loc 1 781 13 view .LVU367
 1150 011e 4345     		cmp	r3, r8
 1151 0120 D9D8     		bhi	.L70
 789:Middlewares/Third_Party/LwIP/src/core/mem.c ****     LWIP_ASSERT("invalid next ptr", mem->next != MEM_SIZE_ALIGNED);
 1152              		.loc 1 789 5 is_stmt 1 view .LVU368
 789:Middlewares/Third_Party/LwIP/src/core/mem.c ****     LWIP_ASSERT("invalid next ptr", mem->next != MEM_SIZE_ALIGNED);
 1153              		.loc 1 789 49 is_stmt 0 view .LVU369
 1154 0122 3444     		add	r4, r4, r6
 1155              	.LVL110:
 789:Middlewares/Third_Party/LwIP/src/core/mem.c ****     LWIP_ASSERT("invalid next ptr", mem->next != MEM_SIZE_ALIGNED);
 1156              		.loc 1 789 49 view .LVU370
 1157 0124 A4B2     		uxth	r4, r4
 789:Middlewares/Third_Party/LwIP/src/core/mem.c ****     LWIP_ASSERT("invalid next ptr", mem->next != MEM_SIZE_ALIGNED);
 1158              		.loc 1 789 10 view .LVU371
 1159 0126 0834     		adds	r4, r4, #8
 1160 0128 A4B2     		uxth	r4, r4
 1161              	.LVL111:
 790:Middlewares/Third_Party/LwIP/src/core/mem.c ****     mem2 = ptr_to_mem(ptr2);
 1162              		.loc 1 790 5 is_stmt 1 view .LVU372
 790:Middlewares/Third_Party/LwIP/src/core/mem.c ****     mem2 = ptr_to_mem(ptr2);
 1163              		.loc 1 790 5 view .LVU373
 1164 012a B7F5605F 		cmp	r7, #14336
 1165 012e 18D0     		beq	.L81
 1166              	.LVL112:
 1167              	.L71:
 790:Middlewares/Third_Party/LwIP/src/core/mem.c ****     mem2 = ptr_to_mem(ptr2);
 1168              		.loc 1 790 5 discriminator 3 view .LVU374
 790:Middlewares/Third_Party/LwIP/src/core/mem.c ****     mem2 = ptr_to_mem(ptr2);
 1169              		.loc 1 790 5 discriminator 3 view .LVU375
 791:Middlewares/Third_Party/LwIP/src/core/mem.c ****     if (mem2 < lfree) {
 1170              		.loc 1 791 5 discriminator 3 view .LVU376
 791:Middlewares/Third_Party/LwIP/src/core/mem.c ****     if (mem2 < lfree) {
 1171              		.loc 1 791 12 is_stmt 0 discriminator 3 view .LVU377
 1172 0130 2046     		mov	r0, r4
 1173 0132 FFF7FEFF 		bl	ptr_to_mem
 1174              	.LVL113:
 792:Middlewares/Third_Party/LwIP/src/core/mem.c ****       lfree = mem2;
 1175              		.loc 1 792 5 is_stmt 1 discriminator 3 view .LVU378
 792:Middlewares/Third_Party/LwIP/src/core/mem.c ****       lfree = mem2;
 1176              		.loc 1 792 14 is_stmt 0 discriminator 3 view .LVU379
 1177 0136 184B     		ldr	r3, .L82+24
 1178 0138 1B68     		ldr	r3, [r3]
 792:Middlewares/Third_Party/LwIP/src/core/mem.c ****       lfree = mem2;
 1179              		.loc 1 792 8 discriminator 3 view .LVU380
 1180 013a 8342     		cmp	r3, r0
 1181 013c 01D9     		bls	.L72
 793:Middlewares/Third_Party/LwIP/src/core/mem.c ****     }
 1182              		.loc 1 793 7 is_stmt 1 view .LVU381
 793:Middlewares/Third_Party/LwIP/src/core/mem.c ****     }
 1183              		.loc 1 793 13 is_stmt 0 view .LVU382
 1184 013e 164B     		ldr	r3, .L82+24
 1185 0140 1860     		str	r0, [r3]
 1186              	.L72:
 795:Middlewares/Third_Party/LwIP/src/core/mem.c ****     mem2->next = mem->next;
 1187              		.loc 1 795 5 is_stmt 1 view .LVU383
 795:Middlewares/Third_Party/LwIP/src/core/mem.c ****     mem2->next = mem->next;
ARM GAS  /tmp/cc3WmiM5.s 			page 41


 1188              		.loc 1 795 16 is_stmt 0 view .LVU384
 1189 0142 0023     		movs	r3, #0
 1190 0144 0371     		strb	r3, [r0, #4]
 796:Middlewares/Third_Party/LwIP/src/core/mem.c ****     mem2->prev = ptr;
 1191              		.loc 1 796 5 is_stmt 1 view .LVU385
 796:Middlewares/Third_Party/LwIP/src/core/mem.c ****     mem2->prev = ptr;
 1192              		.loc 1 796 21 is_stmt 0 view .LVU386
 1193 0146 35F8083C 		ldrh	r3, [r5, #-8]
 796:Middlewares/Third_Party/LwIP/src/core/mem.c ****     mem2->prev = ptr;
 1194              		.loc 1 796 16 view .LVU387
 1195 014a 0380     		strh	r3, [r0]	@ movhi
 797:Middlewares/Third_Party/LwIP/src/core/mem.c ****     mem->next = ptr2;
 1196              		.loc 1 797 5 is_stmt 1 view .LVU388
 797:Middlewares/Third_Party/LwIP/src/core/mem.c ****     mem->next = ptr2;
 1197              		.loc 1 797 16 is_stmt 0 view .LVU389
 1198 014c 4680     		strh	r6, [r0, #2]	@ movhi
 798:Middlewares/Third_Party/LwIP/src/core/mem.c ****     if (mem2->next != MEM_SIZE_ALIGNED) {
 1199              		.loc 1 798 5 is_stmt 1 view .LVU390
 798:Middlewares/Third_Party/LwIP/src/core/mem.c ****     if (mem2->next != MEM_SIZE_ALIGNED) {
 1200              		.loc 1 798 15 is_stmt 0 view .LVU391
 1201 014e 25F8084C 		strh	r4, [r5, #-8]	@ movhi
 799:Middlewares/Third_Party/LwIP/src/core/mem.c ****       ptr_to_mem(mem2->next)->prev = ptr2;
 1202              		.loc 1 799 5 is_stmt 1 view .LVU392
 799:Middlewares/Third_Party/LwIP/src/core/mem.c ****       ptr_to_mem(mem2->next)->prev = ptr2;
 1203              		.loc 1 799 13 is_stmt 0 view .LVU393
 1204 0152 0088     		ldrh	r0, [r0]
 1205              	.LVL114:
 799:Middlewares/Third_Party/LwIP/src/core/mem.c ****       ptr_to_mem(mem2->next)->prev = ptr2;
 1206              		.loc 1 799 8 view .LVU394
 1207 0154 B0F5605F 		cmp	r0, #14336
 1208 0158 BDD0     		beq	.L70
 800:Middlewares/Third_Party/LwIP/src/core/mem.c ****     }
 1209              		.loc 1 800 7 is_stmt 1 view .LVU395
 1210 015a FFF7FEFF 		bl	ptr_to_mem
 1211              	.LVL115:
 800:Middlewares/Third_Party/LwIP/src/core/mem.c ****     }
 1212              		.loc 1 800 36 is_stmt 0 view .LVU396
 1213 015e 4480     		strh	r4, [r0, #2]	@ movhi
 1214 0160 B9E7     		b	.L70
 1215              	.LVL116:
 1216              	.L81:
 790:Middlewares/Third_Party/LwIP/src/core/mem.c ****     mem2 = ptr_to_mem(ptr2);
 1217              		.loc 1 790 5 is_stmt 1 discriminator 1 view .LVU397
 790:Middlewares/Third_Party/LwIP/src/core/mem.c ****     mem2 = ptr_to_mem(ptr2);
 1218              		.loc 1 790 5 discriminator 1 view .LVU398
 1219 0162 094B     		ldr	r3, .L82+8
 1220 0164 40F21632 		movw	r2, #790
 1221 0168 0D49     		ldr	r1, .L82+32
 1222 016a 0948     		ldr	r0, .L82+16
 1223              	.LVL117:
 790:Middlewares/Third_Party/LwIP/src/core/mem.c ****     mem2 = ptr_to_mem(ptr2);
 1224              		.loc 1 790 5 is_stmt 0 discriminator 1 view .LVU399
 1225 016c FFF7FEFF 		bl	printf
 1226              	.LVL118:
 1227 0170 DEE7     		b	.L71
 1228              	.LVL119:
 1229              	.L74:
ARM GAS  /tmp/cc3WmiM5.s 			page 42


 718:Middlewares/Third_Party/LwIP/src/core/mem.c ****   }
 1230              		.loc 1 718 12 view .LVU400
 1231 0172 0020     		movs	r0, #0
 1232              	.LVL120:
 718:Middlewares/Third_Party/LwIP/src/core/mem.c ****   }
 1233              		.loc 1 718 12 view .LVU401
 1234 0174 B9E7     		b	.L59
 1235              	.LVL121:
 1236              	.L75:
 743:Middlewares/Third_Party/LwIP/src/core/mem.c ****   }
 1237              		.loc 1 743 12 view .LVU402
 1238 0176 0020     		movs	r0, #0
 1239 0178 B7E7     		b	.L59
 1240              	.L76:
 747:Middlewares/Third_Party/LwIP/src/core/mem.c ****   }
 1241              		.loc 1 747 12 view .LVU403
 1242 017a 2846     		mov	r0, r5
 1243 017c B5E7     		b	.L59
 1244              	.L83:
 1245 017e 00BF     		.align	2
 1246              	.L82:
 1247 0180 00000000 		.word	.LANCHOR0
 1248 0184 00000000 		.word	.LANCHOR1
 1249 0188 00000000 		.word	.LC0
 1250 018c 00000000 		.word	.LC11
 1251 0190 44000000 		.word	.LC2
 1252 0194 00000000 		.word	.LANCHOR3
 1253 0198 00000000 		.word	.LANCHOR2
 1254 019c 18000000 		.word	.LC12
 1255 01a0 38000000 		.word	.LC13
 1256              		.cfi_endproc
 1257              	.LFE179:
 1259              		.section	.rodata.mem_malloc.str1.4,"aMS",%progbits,1
 1260              		.align	2
 1261              	.LC14:
 1262 0000 6D656D5F 		.ascii	"mem_malloc: !lfree->used\000"
 1262      6D616C6C 
 1262      6F633A20 
 1262      216C6672 
 1262      65652D3E 
 1263 0019 000000   		.align	2
 1264              	.LC15:
 1265 001c 6D656D5F 		.ascii	"mem_malloc: allocated memory not above ram_end.\000"
 1265      6D616C6C 
 1265      6F633A20 
 1265      616C6C6F 
 1265      63617465 
 1266              		.align	2
 1267              	.LC16:
 1268 004c 6D656D5F 		.ascii	"mem_malloc: allocated memory properly aligned.\000"
 1268      6D616C6C 
 1268      6F633A20 
 1268      616C6C6F 
 1268      63617465 
 1269 007b 00       		.align	2
 1270              	.LC17:
 1271 007c 6D656D5F 		.ascii	"mem_malloc: sanity check alignment\000"
ARM GAS  /tmp/cc3WmiM5.s 			page 43


 1271      6D616C6C 
 1271      6F633A20 
 1271      73616E69 
 1271      74792063 
 1272              		.section	.text.mem_malloc,"ax",%progbits
 1273              		.align	1
 1274              		.global	mem_malloc
 1275              		.syntax unified
 1276              		.thumb
 1277              		.thumb_func
 1278              		.fpu fpv5-d16
 1280              	mem_malloc:
 1281              	.LVL122:
 1282              	.LFB180:
 821:Middlewares/Third_Party/LwIP/src/core/mem.c **** 
 822:Middlewares/Third_Party/LwIP/src/core/mem.c **** /**
 823:Middlewares/Third_Party/LwIP/src/core/mem.c ****  * Allocate a block of memory with a minimum of 'size' bytes.
 824:Middlewares/Third_Party/LwIP/src/core/mem.c ****  *
 825:Middlewares/Third_Party/LwIP/src/core/mem.c ****  * @param size_in is the minimum size of the requested block in bytes.
 826:Middlewares/Third_Party/LwIP/src/core/mem.c ****  * @return pointer to allocated memory or NULL if no free memory was found.
 827:Middlewares/Third_Party/LwIP/src/core/mem.c ****  *
 828:Middlewares/Third_Party/LwIP/src/core/mem.c ****  * Note that the returned value will always be aligned (as defined by MEM_ALIGNMENT).
 829:Middlewares/Third_Party/LwIP/src/core/mem.c ****  */
 830:Middlewares/Third_Party/LwIP/src/core/mem.c **** void *
 831:Middlewares/Third_Party/LwIP/src/core/mem.c **** mem_malloc(mem_size_t size_in)
 832:Middlewares/Third_Party/LwIP/src/core/mem.c **** {
 1283              		.loc 1 832 1 is_stmt 1 view -0
 1284              		.cfi_startproc
 1285              		@ args = 0, pretend = 0, frame = 0
 1286              		@ frame_needed = 0, uses_anonymous_args = 0
 833:Middlewares/Third_Party/LwIP/src/core/mem.c ****   mem_size_t ptr, ptr2, size;
 1287              		.loc 1 833 3 view .LVU405
 834:Middlewares/Third_Party/LwIP/src/core/mem.c ****   struct mem *mem, *mem2;
 1288              		.loc 1 834 3 view .LVU406
 835:Middlewares/Third_Party/LwIP/src/core/mem.c **** #if LWIP_ALLOW_MEM_FREE_FROM_OTHER_CONTEXT
 836:Middlewares/Third_Party/LwIP/src/core/mem.c ****   u8_t local_mem_free_count = 0;
 837:Middlewares/Third_Party/LwIP/src/core/mem.c **** #endif /* LWIP_ALLOW_MEM_FREE_FROM_OTHER_CONTEXT */
 838:Middlewares/Third_Party/LwIP/src/core/mem.c ****   LWIP_MEM_ALLOC_DECL_PROTECT();
 1289              		.loc 1 838 32 view .LVU407
 839:Middlewares/Third_Party/LwIP/src/core/mem.c **** 
 840:Middlewares/Third_Party/LwIP/src/core/mem.c ****   if (size_in == 0) {
 1290              		.loc 1 840 3 view .LVU408
 1291              		.loc 1 840 6 is_stmt 0 view .LVU409
 1292 0000 0028     		cmp	r0, #0
 1293 0002 00F0A780 		beq	.L100
 832:Middlewares/Third_Party/LwIP/src/core/mem.c ****   mem_size_t ptr, ptr2, size;
 1294              		.loc 1 832 1 view .LVU410
 1295 0006 2DE9F041 		push	{r4, r5, r6, r7, r8, lr}
 1296              	.LCFI6:
 1297              		.cfi_def_cfa_offset 24
 1298              		.cfi_offset 4, -24
 1299              		.cfi_offset 5, -20
 1300              		.cfi_offset 6, -16
 1301              		.cfi_offset 7, -12
 1302              		.cfi_offset 8, -8
 1303              		.cfi_offset 14, -4
 1304 000a 0346     		mov	r3, r0
ARM GAS  /tmp/cc3WmiM5.s 			page 44


 841:Middlewares/Third_Party/LwIP/src/core/mem.c ****     return NULL;
 842:Middlewares/Third_Party/LwIP/src/core/mem.c ****   }
 843:Middlewares/Third_Party/LwIP/src/core/mem.c **** 
 844:Middlewares/Third_Party/LwIP/src/core/mem.c ****   /* Expand the size of the allocated memory region so that we can
 845:Middlewares/Third_Party/LwIP/src/core/mem.c ****      adjust for alignment. */
 846:Middlewares/Third_Party/LwIP/src/core/mem.c ****   size = (mem_size_t)LWIP_MEM_ALIGN_SIZE(size_in);
 1305              		.loc 1 846 3 is_stmt 1 view .LVU411
 1306              		.loc 1 846 22 is_stmt 0 view .LVU412
 1307 000c C61C     		adds	r6, r0, #3
 1308 000e B6B2     		uxth	r6, r6
 1309              		.loc 1 846 8 view .LVU413
 1310 0010 26F00306 		bic	r6, r6, #3
 1311 0014 B6B2     		uxth	r6, r6
 1312              	.LVL123:
 847:Middlewares/Third_Party/LwIP/src/core/mem.c ****   if (size < MIN_SIZE_ALIGNED) {
 1313              		.loc 1 847 3 is_stmt 1 view .LVU414
 1314              		.loc 1 847 6 is_stmt 0 view .LVU415
 1315 0016 0B2E     		cmp	r6, #11
 1316 0018 00D8     		bhi	.L86
 848:Middlewares/Third_Party/LwIP/src/core/mem.c ****     /* every data block must be at least MIN_SIZE_ALIGNED long */
 849:Middlewares/Third_Party/LwIP/src/core/mem.c ****     size = MIN_SIZE_ALIGNED;
 1317              		.loc 1 849 10 view .LVU416
 1318 001a 0C26     		movs	r6, #12
 1319              	.LVL124:
 1320              	.L86:
 850:Middlewares/Third_Party/LwIP/src/core/mem.c ****   }
 851:Middlewares/Third_Party/LwIP/src/core/mem.c **** #if MEM_OVERFLOW_CHECK
 852:Middlewares/Third_Party/LwIP/src/core/mem.c ****   size += MEM_SANITY_REGION_BEFORE_ALIGNED + MEM_SANITY_REGION_AFTER_ALIGNED;
 853:Middlewares/Third_Party/LwIP/src/core/mem.c **** #endif
 854:Middlewares/Third_Party/LwIP/src/core/mem.c ****   if ((size > MEM_SIZE_ALIGNED) || (size < size_in)) {
 1321              		.loc 1 854 3 is_stmt 1 view .LVU417
 1322              		.loc 1 854 42 is_stmt 0 view .LVU418
 1323 001c 9E42     		cmp	r6, r3
 1324 001e 2CBF     		ite	cs
 1325 0020 0023     		movcs	r3, #0
 1326 0022 0123     		movcc	r3, #1
 1327              		.loc 1 854 33 view .LVU419
 1328 0024 B6F5605F 		cmp	r6, #14336
 1329 0028 88BF     		it	hi
 1330 002a 43F00103 		orrhi	r3, r3, #1
 1331              		.loc 1 854 6 view .LVU420
 1332 002e 002B     		cmp	r3, #0
 1333 0030 40F09280 		bne	.L102
 855:Middlewares/Third_Party/LwIP/src/core/mem.c ****     return NULL;
 856:Middlewares/Third_Party/LwIP/src/core/mem.c ****   }
 857:Middlewares/Third_Party/LwIP/src/core/mem.c **** 
 858:Middlewares/Third_Party/LwIP/src/core/mem.c ****   /* protect the heap from concurrent access */
 859:Middlewares/Third_Party/LwIP/src/core/mem.c ****   sys_mutex_lock(&mem_mutex);
 1334              		.loc 1 859 3 is_stmt 1 view .LVU421
 1335 0034 4948     		ldr	r0, .L112
 1336              	.LVL125:
 1337              		.loc 1 859 3 is_stmt 0 view .LVU422
 1338 0036 FFF7FEFF 		bl	sys_mutex_lock
 1339              	.LVL126:
 860:Middlewares/Third_Party/LwIP/src/core/mem.c ****   LWIP_MEM_ALLOC_PROTECT();
 1340              		.loc 1 860 27 is_stmt 1 view .LVU423
 861:Middlewares/Third_Party/LwIP/src/core/mem.c **** #if LWIP_ALLOW_MEM_FREE_FROM_OTHER_CONTEXT
ARM GAS  /tmp/cc3WmiM5.s 			page 45


 862:Middlewares/Third_Party/LwIP/src/core/mem.c ****   /* run as long as a mem_free disturbed mem_malloc or mem_trim */
 863:Middlewares/Third_Party/LwIP/src/core/mem.c ****   do {
 864:Middlewares/Third_Party/LwIP/src/core/mem.c ****     local_mem_free_count = 0;
 865:Middlewares/Third_Party/LwIP/src/core/mem.c **** #endif /* LWIP_ALLOW_MEM_FREE_FROM_OTHER_CONTEXT */
 866:Middlewares/Third_Party/LwIP/src/core/mem.c **** 
 867:Middlewares/Third_Party/LwIP/src/core/mem.c ****     /* Scan through the heap searching for a free block that is big enough,
 868:Middlewares/Third_Party/LwIP/src/core/mem.c ****      * beginning with the lowest free block.
 869:Middlewares/Third_Party/LwIP/src/core/mem.c ****      */
 870:Middlewares/Third_Party/LwIP/src/core/mem.c ****     for (ptr = mem_to_ptr(lfree); ptr < MEM_SIZE_ALIGNED - size;
 1341              		.loc 1 870 5 view .LVU424
 1342              		.loc 1 870 16 is_stmt 0 view .LVU425
 1343 003a 494B     		ldr	r3, .L112+4
 1344 003c 1868     		ldr	r0, [r3]
 1345 003e FFF7FEFF 		bl	mem_to_ptr
 1346              	.LVL127:
 1347 0042 0546     		mov	r5, r0
 1348              	.LVL128:
 1349              		.loc 1 870 5 view .LVU426
 1350 0044 4FE0     		b	.L87
 1351              	.LVL129:
 1352              	.L111:
 871:Middlewares/Third_Party/LwIP/src/core/mem.c ****          ptr = ptr_to_mem(ptr)->next) {
 872:Middlewares/Third_Party/LwIP/src/core/mem.c ****       mem = ptr_to_mem(ptr);
 873:Middlewares/Third_Party/LwIP/src/core/mem.c **** #if LWIP_ALLOW_MEM_FREE_FROM_OTHER_CONTEXT
 874:Middlewares/Third_Party/LwIP/src/core/mem.c ****       mem_free_count = 0;
 875:Middlewares/Third_Party/LwIP/src/core/mem.c ****       LWIP_MEM_ALLOC_UNPROTECT();
 876:Middlewares/Third_Party/LwIP/src/core/mem.c ****       /* allow mem_free or mem_trim to run */
 877:Middlewares/Third_Party/LwIP/src/core/mem.c ****       LWIP_MEM_ALLOC_PROTECT();
 878:Middlewares/Third_Party/LwIP/src/core/mem.c ****       if (mem_free_count != 0) {
 879:Middlewares/Third_Party/LwIP/src/core/mem.c ****         /* If mem_free or mem_trim have run, we have to restart since they
 880:Middlewares/Third_Party/LwIP/src/core/mem.c ****            could have altered our current struct mem. */
 881:Middlewares/Third_Party/LwIP/src/core/mem.c ****         local_mem_free_count = 1;
 882:Middlewares/Third_Party/LwIP/src/core/mem.c ****         break;
 883:Middlewares/Third_Party/LwIP/src/core/mem.c ****       }
 884:Middlewares/Third_Party/LwIP/src/core/mem.c **** #endif /* LWIP_ALLOW_MEM_FREE_FROM_OTHER_CONTEXT */
 885:Middlewares/Third_Party/LwIP/src/core/mem.c **** 
 886:Middlewares/Third_Party/LwIP/src/core/mem.c ****       if ((!mem->used) &&
 887:Middlewares/Third_Party/LwIP/src/core/mem.c ****           (mem->next - (ptr + SIZEOF_STRUCT_MEM)) >= size) {
 888:Middlewares/Third_Party/LwIP/src/core/mem.c ****         /* mem is not used and at least perfect fit is possible:
 889:Middlewares/Third_Party/LwIP/src/core/mem.c ****          * mem->next - (ptr + SIZEOF_STRUCT_MEM) gives us the 'user data size' of mem */
 890:Middlewares/Third_Party/LwIP/src/core/mem.c **** 
 891:Middlewares/Third_Party/LwIP/src/core/mem.c ****         if (mem->next - (ptr + SIZEOF_STRUCT_MEM) >= (size + SIZEOF_STRUCT_MEM + MIN_SIZE_ALIGNED))
 892:Middlewares/Third_Party/LwIP/src/core/mem.c ****           /* (in addition to the above, we test if another struct mem (SIZEOF_STRUCT_MEM) containin
 893:Middlewares/Third_Party/LwIP/src/core/mem.c ****            * at least MIN_SIZE_ALIGNED of data also fits in the 'user data space' of 'mem')
 894:Middlewares/Third_Party/LwIP/src/core/mem.c ****            * -> split large block, create empty remainder,
 895:Middlewares/Third_Party/LwIP/src/core/mem.c ****            * remainder must be large enough to contain MIN_SIZE_ALIGNED data: if
 896:Middlewares/Third_Party/LwIP/src/core/mem.c ****            * mem->next - (ptr + (2*SIZEOF_STRUCT_MEM)) == size,
 897:Middlewares/Third_Party/LwIP/src/core/mem.c ****            * struct mem would fit in but no data between mem2 and mem2->next
 898:Middlewares/Third_Party/LwIP/src/core/mem.c ****            * @todo we could leave out MIN_SIZE_ALIGNED. We would create an empty
 899:Middlewares/Third_Party/LwIP/src/core/mem.c ****            *       region that couldn't hold data, but when mem->next gets freed,
 900:Middlewares/Third_Party/LwIP/src/core/mem.c ****            *       the 2 regions would be combined, resulting in more free memory
 901:Middlewares/Third_Party/LwIP/src/core/mem.c ****            */
 902:Middlewares/Third_Party/LwIP/src/core/mem.c ****           ptr2 = (mem_size_t)(ptr + SIZEOF_STRUCT_MEM + size);
 903:Middlewares/Third_Party/LwIP/src/core/mem.c ****           LWIP_ASSERT("invalid next ptr",ptr2 != MEM_SIZE_ALIGNED);
 1353              		.loc 1 903 11 is_stmt 1 discriminator 1 view .LVU427
 1354              		.loc 1 903 11 discriminator 1 view .LVU428
 1355 0046 474B     		ldr	r3, .L112+8
ARM GAS  /tmp/cc3WmiM5.s 			page 46


 1356 0048 40F28732 		movw	r2, #903
 1357 004c 4649     		ldr	r1, .L112+12
 1358 004e 4748     		ldr	r0, .L112+16
 1359              	.LVL130:
 1360              		.loc 1 903 11 is_stmt 0 discriminator 1 view .LVU429
 1361 0050 FFF7FEFF 		bl	printf
 1362              	.LVL131:
 1363 0054 65E0     		b	.L90
 1364              	.LVL132:
 1365              	.L89:
 904:Middlewares/Third_Party/LwIP/src/core/mem.c ****           /* create mem2 struct */
 905:Middlewares/Third_Party/LwIP/src/core/mem.c ****           mem2 = ptr_to_mem(ptr2);
 906:Middlewares/Third_Party/LwIP/src/core/mem.c ****           mem2->used = 0;
 907:Middlewares/Third_Party/LwIP/src/core/mem.c ****           mem2->next = mem->next;
 908:Middlewares/Third_Party/LwIP/src/core/mem.c ****           mem2->prev = ptr;
 909:Middlewares/Third_Party/LwIP/src/core/mem.c ****           /* and insert it between mem and mem->next */
 910:Middlewares/Third_Party/LwIP/src/core/mem.c ****           mem->next = ptr2;
 911:Middlewares/Third_Party/LwIP/src/core/mem.c ****           mem->used = 1;
 912:Middlewares/Third_Party/LwIP/src/core/mem.c **** 
 913:Middlewares/Third_Party/LwIP/src/core/mem.c ****           if (mem2->next != MEM_SIZE_ALIGNED) {
 914:Middlewares/Third_Party/LwIP/src/core/mem.c ****             ptr_to_mem(mem2->next)->prev = ptr2;
 915:Middlewares/Third_Party/LwIP/src/core/mem.c ****           }
 916:Middlewares/Third_Party/LwIP/src/core/mem.c ****           MEM_STATS_INC_USED(used, (size + SIZEOF_STRUCT_MEM));
 917:Middlewares/Third_Party/LwIP/src/core/mem.c ****         } else {
 918:Middlewares/Third_Party/LwIP/src/core/mem.c ****           /* (a mem2 struct does no fit into the user data space of mem and mem->next will always
 919:Middlewares/Third_Party/LwIP/src/core/mem.c ****            * be used at this point: if not we have 2 unused structs in a row, plug_holes should hav
 920:Middlewares/Third_Party/LwIP/src/core/mem.c ****            * take care of this).
 921:Middlewares/Third_Party/LwIP/src/core/mem.c ****            * -> near fit or exact fit: do not split, no mem2 creation
 922:Middlewares/Third_Party/LwIP/src/core/mem.c ****            * also can't move mem->next directly behind mem, since mem->next
 923:Middlewares/Third_Party/LwIP/src/core/mem.c ****            * will always be used at this point!
 924:Middlewares/Third_Party/LwIP/src/core/mem.c ****            */
 925:Middlewares/Third_Party/LwIP/src/core/mem.c ****           mem->used = 1;
 1366              		.loc 1 925 11 is_stmt 1 view .LVU430
 1367              		.loc 1 925 21 is_stmt 0 view .LVU431
 1368 0056 0123     		movs	r3, #1
 1369 0058 0371     		strb	r3, [r0, #4]
 1370              	.LVL133:
 1371              	.L91:
 926:Middlewares/Third_Party/LwIP/src/core/mem.c ****           MEM_STATS_INC_USED(used, mem->next - mem_to_ptr(mem));
 1372              		.loc 1 926 64 is_stmt 1 view .LVU432
 927:Middlewares/Third_Party/LwIP/src/core/mem.c ****         }
 928:Middlewares/Third_Party/LwIP/src/core/mem.c **** #if LWIP_ALLOW_MEM_FREE_FROM_OTHER_CONTEXT
 929:Middlewares/Third_Party/LwIP/src/core/mem.c **** mem_malloc_adjust_lfree:
 930:Middlewares/Third_Party/LwIP/src/core/mem.c **** #endif /* LWIP_ALLOW_MEM_FREE_FROM_OTHER_CONTEXT */
 931:Middlewares/Third_Party/LwIP/src/core/mem.c ****         if (mem == lfree) {
 1373              		.loc 1 931 9 view .LVU433
 1374              		.loc 1 931 17 is_stmt 0 view .LVU434
 1375 005a 414B     		ldr	r3, .L112+4
 1376 005c 1868     		ldr	r0, [r3]
 1377              		.loc 1 931 12 view .LVU435
 1378 005e A042     		cmp	r0, r4
 1379 0060 12D0     		beq	.L92
 1380              	.L93:
 1381              	.LBB9:
 932:Middlewares/Third_Party/LwIP/src/core/mem.c ****           struct mem *cur = lfree;
 933:Middlewares/Third_Party/LwIP/src/core/mem.c ****           /* Find next free block after mem and update lowest free pointer */
 934:Middlewares/Third_Party/LwIP/src/core/mem.c ****           while (cur->used && cur != ram_end) {
ARM GAS  /tmp/cc3WmiM5.s 			page 47


 935:Middlewares/Third_Party/LwIP/src/core/mem.c **** #if LWIP_ALLOW_MEM_FREE_FROM_OTHER_CONTEXT
 936:Middlewares/Third_Party/LwIP/src/core/mem.c ****             mem_free_count = 0;
 937:Middlewares/Third_Party/LwIP/src/core/mem.c ****             LWIP_MEM_ALLOC_UNPROTECT();
 938:Middlewares/Third_Party/LwIP/src/core/mem.c ****             /* prevent high interrupt latency... */
 939:Middlewares/Third_Party/LwIP/src/core/mem.c ****             LWIP_MEM_ALLOC_PROTECT();
 940:Middlewares/Third_Party/LwIP/src/core/mem.c ****             if (mem_free_count != 0) {
 941:Middlewares/Third_Party/LwIP/src/core/mem.c ****               /* If mem_free or mem_trim have run, we have to restart since they
 942:Middlewares/Third_Party/LwIP/src/core/mem.c ****                  could have altered our current struct mem or lfree. */
 943:Middlewares/Third_Party/LwIP/src/core/mem.c ****               goto mem_malloc_adjust_lfree;
 944:Middlewares/Third_Party/LwIP/src/core/mem.c ****             }
 945:Middlewares/Third_Party/LwIP/src/core/mem.c **** #endif /* LWIP_ALLOW_MEM_FREE_FROM_OTHER_CONTEXT */
 946:Middlewares/Third_Party/LwIP/src/core/mem.c ****             cur = ptr_to_mem(cur->next);
 947:Middlewares/Third_Party/LwIP/src/core/mem.c ****           }
 948:Middlewares/Third_Party/LwIP/src/core/mem.c ****           lfree = cur;
 949:Middlewares/Third_Party/LwIP/src/core/mem.c ****           LWIP_ASSERT("mem_malloc: !lfree->used", ((lfree == ram_end) || (!lfree->used)));
 1382              		.loc 1 949 11 is_stmt 1 discriminator 5 view .LVU436
 1383              		.loc 1 949 11 discriminator 5 view .LVU437
 1384              	.LBE9:
 950:Middlewares/Third_Party/LwIP/src/core/mem.c ****         }
 951:Middlewares/Third_Party/LwIP/src/core/mem.c ****         LWIP_MEM_ALLOC_UNPROTECT();
 1385              		.loc 1 951 35 discriminator 5 view .LVU438
 952:Middlewares/Third_Party/LwIP/src/core/mem.c ****         sys_mutex_unlock(&mem_mutex);
 1386              		.loc 1 952 9 discriminator 5 view .LVU439
 1387 0062 3E48     		ldr	r0, .L112
 1388 0064 FFF7FEFF 		bl	sys_mutex_unlock
 1389              	.LVL134:
 953:Middlewares/Third_Party/LwIP/src/core/mem.c ****         LWIP_ASSERT("mem_malloc: allocated memory not above ram_end.",
 1390              		.loc 1 953 9 discriminator 5 view .LVU440
 1391              		.loc 1 953 9 discriminator 5 view .LVU441
 1392 0068 2744     		add	r7, r7, r4
 1393 006a 0837     		adds	r7, r7, #8
 1394 006c 404B     		ldr	r3, .L112+20
 1395 006e 1B68     		ldr	r3, [r3]
 1396 0070 9F42     		cmp	r7, r3
 1397 0072 1FD8     		bhi	.L107
 1398              	.L96:
 1399              		.loc 1 953 9 discriminator 3 view .LVU442
 1400              		.loc 1 953 9 discriminator 3 view .LVU443
 954:Middlewares/Third_Party/LwIP/src/core/mem.c ****                     (mem_ptr_t)mem + SIZEOF_STRUCT_MEM + size <= (mem_ptr_t)ram_end);
 955:Middlewares/Third_Party/LwIP/src/core/mem.c ****         LWIP_ASSERT("mem_malloc: allocated memory properly aligned.",
 1401              		.loc 1 955 9 discriminator 3 view .LVU444
 1402              		.loc 1 955 9 discriminator 3 view .LVU445
 1403 0074 14F00305 		ands	r5, r4, #3
 1404              	.LVL135:
 1405              		.loc 1 955 9 is_stmt 0 discriminator 3 view .LVU446
 1406 0078 24D1     		bne	.L108
 1407              	.L97:
 1408              		.loc 1 955 9 is_stmt 1 discriminator 3 view .LVU447
 1409              		.loc 1 955 9 discriminator 3 view .LVU448
 956:Middlewares/Third_Party/LwIP/src/core/mem.c ****                     ((mem_ptr_t)mem + SIZEOF_STRUCT_MEM) % MEM_ALIGNMENT == 0);
 957:Middlewares/Third_Party/LwIP/src/core/mem.c ****         LWIP_ASSERT("mem_malloc: sanity check alignment",
 1410              		.loc 1 957 9 discriminator 3 view .LVU449
 1411              		.loc 1 957 9 discriminator 3 view .LVU450
 1412 007a 5DBB     		cbnz	r5, .L109
 1413              	.L98:
 1414              		.loc 1 957 9 discriminator 3 view .LVU451
 1415              		.loc 1 957 9 discriminator 3 view .LVU452
ARM GAS  /tmp/cc3WmiM5.s 			page 48


 958:Middlewares/Third_Party/LwIP/src/core/mem.c ****                     (((mem_ptr_t)mem) & (MEM_ALIGNMENT - 1)) == 0);
 959:Middlewares/Third_Party/LwIP/src/core/mem.c **** 
 960:Middlewares/Third_Party/LwIP/src/core/mem.c **** #if MEM_OVERFLOW_CHECK
 961:Middlewares/Third_Party/LwIP/src/core/mem.c ****         mem_overflow_init_element(mem, size_in);
 962:Middlewares/Third_Party/LwIP/src/core/mem.c **** #endif
 963:Middlewares/Third_Party/LwIP/src/core/mem.c ****         MEM_SANITY();
 1416              		.loc 1 963 21 discriminator 3 view .LVU453
 964:Middlewares/Third_Party/LwIP/src/core/mem.c ****         return (u8_t *)mem + SIZEOF_STRUCT_MEM + MEM_SANITY_OFFSET;
 1417              		.loc 1 964 9 discriminator 3 view .LVU454
 1418              		.loc 1 964 48 is_stmt 0 discriminator 3 view .LVU455
 1419 007c 04F10800 		add	r0, r4, #8
 1420 0080 66E0     		b	.L84
 1421              	.LVL136:
 1422              	.L95:
 1423              	.LBB10:
 946:Middlewares/Third_Party/LwIP/src/core/mem.c ****           }
 1424              		.loc 1 946 13 is_stmt 1 view .LVU456
 946:Middlewares/Third_Party/LwIP/src/core/mem.c ****           }
 1425              		.loc 1 946 19 is_stmt 0 view .LVU457
 1426 0082 0088     		ldrh	r0, [r0]
 1427              	.LVL137:
 946:Middlewares/Third_Party/LwIP/src/core/mem.c ****           }
 1428              		.loc 1 946 19 view .LVU458
 1429 0084 FFF7FEFF 		bl	ptr_to_mem
 1430              	.LVL138:
 1431              	.L92:
 934:Middlewares/Third_Party/LwIP/src/core/mem.c **** #if LWIP_ALLOW_MEM_FREE_FROM_OTHER_CONTEXT
 1432              		.loc 1 934 17 is_stmt 1 view .LVU459
 934:Middlewares/Third_Party/LwIP/src/core/mem.c **** #if LWIP_ALLOW_MEM_FREE_FROM_OTHER_CONTEXT
 1433              		.loc 1 934 21 is_stmt 0 view .LVU460
 1434 0088 0379     		ldrb	r3, [r0, #4]	@ zero_extendqisi2
 934:Middlewares/Third_Party/LwIP/src/core/mem.c **** #if LWIP_ALLOW_MEM_FREE_FROM_OTHER_CONTEXT
 1435              		.loc 1 934 17 view .LVU461
 1436 008a 1BB1     		cbz	r3, .L94
 934:Middlewares/Third_Party/LwIP/src/core/mem.c **** #if LWIP_ALLOW_MEM_FREE_FROM_OTHER_CONTEXT
 1437              		.loc 1 934 35 discriminator 1 view .LVU462
 1438 008c 384A     		ldr	r2, .L112+20
 1439 008e 1268     		ldr	r2, [r2]
 934:Middlewares/Third_Party/LwIP/src/core/mem.c **** #if LWIP_ALLOW_MEM_FREE_FROM_OTHER_CONTEXT
 1440              		.loc 1 934 28 discriminator 1 view .LVU463
 1441 0090 8242     		cmp	r2, r0
 1442 0092 F6D1     		bne	.L95
 1443              	.L94:
 948:Middlewares/Third_Party/LwIP/src/core/mem.c ****           LWIP_ASSERT("mem_malloc: !lfree->used", ((lfree == ram_end) || (!lfree->used)));
 1444              		.loc 1 948 11 is_stmt 1 view .LVU464
 948:Middlewares/Third_Party/LwIP/src/core/mem.c ****           LWIP_ASSERT("mem_malloc: !lfree->used", ((lfree == ram_end) || (!lfree->used)));
 1445              		.loc 1 948 17 is_stmt 0 view .LVU465
 1446 0094 324A     		ldr	r2, .L112+4
 1447 0096 1060     		str	r0, [r2]
 949:Middlewares/Third_Party/LwIP/src/core/mem.c ****         }
 1448              		.loc 1 949 11 is_stmt 1 view .LVU466
 949:Middlewares/Third_Party/LwIP/src/core/mem.c ****         }
 1449              		.loc 1 949 11 view .LVU467
 1450 0098 354A     		ldr	r2, .L112+20
 1451 009a 1268     		ldr	r2, [r2]
 1452 009c 8242     		cmp	r2, r0
 1453 009e E0D0     		beq	.L93
ARM GAS  /tmp/cc3WmiM5.s 			page 49


 949:Middlewares/Third_Party/LwIP/src/core/mem.c ****         }
 1454              		.loc 1 949 11 is_stmt 0 discriminator 1 view .LVU468
 1455 00a0 002B     		cmp	r3, #0
 1456 00a2 DED0     		beq	.L93
 949:Middlewares/Third_Party/LwIP/src/core/mem.c ****         }
 1457              		.loc 1 949 11 is_stmt 1 discriminator 3 view .LVU469
 949:Middlewares/Third_Party/LwIP/src/core/mem.c ****         }
 1458              		.loc 1 949 11 discriminator 3 view .LVU470
 1459 00a4 2F4B     		ldr	r3, .L112+8
 1460 00a6 40F2B532 		movw	r2, #949
 1461 00aa 3249     		ldr	r1, .L112+24
 1462 00ac 2F48     		ldr	r0, .L112+16
 1463              	.LVL139:
 949:Middlewares/Third_Party/LwIP/src/core/mem.c ****         }
 1464              		.loc 1 949 11 is_stmt 0 discriminator 3 view .LVU471
 1465 00ae FFF7FEFF 		bl	printf
 1466              	.LVL140:
 949:Middlewares/Third_Party/LwIP/src/core/mem.c ****         }
 1467              		.loc 1 949 11 discriminator 3 view .LVU472
 1468 00b2 D6E7     		b	.L93
 1469              	.L107:
 949:Middlewares/Third_Party/LwIP/src/core/mem.c ****         }
 1470              		.loc 1 949 11 discriminator 3 view .LVU473
 1471              	.LBE10:
 953:Middlewares/Third_Party/LwIP/src/core/mem.c ****                     (mem_ptr_t)mem + SIZEOF_STRUCT_MEM + size <= (mem_ptr_t)ram_end);
 1472              		.loc 1 953 9 is_stmt 1 discriminator 1 view .LVU474
 953:Middlewares/Third_Party/LwIP/src/core/mem.c ****                     (mem_ptr_t)mem + SIZEOF_STRUCT_MEM + size <= (mem_ptr_t)ram_end);
 1473              		.loc 1 953 9 discriminator 1 view .LVU475
 1474 00b4 2B4B     		ldr	r3, .L112+8
 1475 00b6 40F2B932 		movw	r2, #953
 1476 00ba 2F49     		ldr	r1, .L112+28
 1477 00bc 2B48     		ldr	r0, .L112+16
 1478 00be FFF7FEFF 		bl	printf
 1479              	.LVL141:
 1480 00c2 D7E7     		b	.L96
 1481              	.LVL142:
 1482              	.L108:
 955:Middlewares/Third_Party/LwIP/src/core/mem.c ****                     ((mem_ptr_t)mem + SIZEOF_STRUCT_MEM) % MEM_ALIGNMENT == 0);
 1483              		.loc 1 955 9 discriminator 1 view .LVU476
 955:Middlewares/Third_Party/LwIP/src/core/mem.c ****                     ((mem_ptr_t)mem + SIZEOF_STRUCT_MEM) % MEM_ALIGNMENT == 0);
 1484              		.loc 1 955 9 discriminator 1 view .LVU477
 1485 00c4 274B     		ldr	r3, .L112+8
 1486 00c6 40F2BB32 		movw	r2, #955
 1487 00ca 2C49     		ldr	r1, .L112+32
 1488 00cc 2748     		ldr	r0, .L112+16
 1489 00ce FFF7FEFF 		bl	printf
 1490              	.LVL143:
 1491 00d2 D2E7     		b	.L97
 1492              	.L109:
 957:Middlewares/Third_Party/LwIP/src/core/mem.c ****                     (((mem_ptr_t)mem) & (MEM_ALIGNMENT - 1)) == 0);
 1493              		.loc 1 957 9 discriminator 1 view .LVU478
 957:Middlewares/Third_Party/LwIP/src/core/mem.c ****                     (((mem_ptr_t)mem) & (MEM_ALIGNMENT - 1)) == 0);
 1494              		.loc 1 957 9 discriminator 1 view .LVU479
 1495 00d4 234B     		ldr	r3, .L112+8
 1496 00d6 40F2BD32 		movw	r2, #957
 1497 00da 2949     		ldr	r1, .L112+36
 1498 00dc 2348     		ldr	r0, .L112+16
ARM GAS  /tmp/cc3WmiM5.s 			page 50


 1499 00de FFF7FEFF 		bl	printf
 1500              	.LVL144:
 1501 00e2 CBE7     		b	.L98
 1502              	.LVL145:
 1503              	.L88:
 871:Middlewares/Third_Party/LwIP/src/core/mem.c ****       mem = ptr_to_mem(ptr);
 1504              		.loc 1 871 10 view .LVU480
 871:Middlewares/Third_Party/LwIP/src/core/mem.c ****       mem = ptr_to_mem(ptr);
 1505              		.loc 1 871 14 is_stmt 0 view .LVU481
 1506 00e4 2588     		ldrh	r5, [r4]
 1507              	.LVL146:
 1508              	.L87:
 870:Middlewares/Third_Party/LwIP/src/core/mem.c ****          ptr = ptr_to_mem(ptr)->next) {
 1509              		.loc 1 870 35 is_stmt 1 discriminator 1 view .LVU482
 870:Middlewares/Third_Party/LwIP/src/core/mem.c ****          ptr = ptr_to_mem(ptr)->next) {
 1510              		.loc 1 870 39 is_stmt 0 discriminator 1 view .LVU483
 1511 00e6 A846     		mov	r8, r5
 870:Middlewares/Third_Party/LwIP/src/core/mem.c ****          ptr = ptr_to_mem(ptr)->next) {
 1512              		.loc 1 870 58 discriminator 1 view .LVU484
 1513 00e8 3746     		mov	r7, r6
 1514 00ea C6F56053 		rsb	r3, r6, #14336
 870:Middlewares/Third_Party/LwIP/src/core/mem.c ****          ptr = ptr_to_mem(ptr)->next) {
 1515              		.loc 1 870 5 discriminator 1 view .LVU485
 1516 00ee 9D42     		cmp	r5, r3
 1517 00f0 2AD2     		bcs	.L110
 872:Middlewares/Third_Party/LwIP/src/core/mem.c **** #if LWIP_ALLOW_MEM_FREE_FROM_OTHER_CONTEXT
 1518              		.loc 1 872 7 is_stmt 1 view .LVU486
 872:Middlewares/Third_Party/LwIP/src/core/mem.c **** #if LWIP_ALLOW_MEM_FREE_FROM_OTHER_CONTEXT
 1519              		.loc 1 872 13 is_stmt 0 view .LVU487
 1520 00f2 2846     		mov	r0, r5
 1521 00f4 FFF7FEFF 		bl	ptr_to_mem
 1522              	.LVL147:
 1523 00f8 0446     		mov	r4, r0
 1524              	.LVL148:
 886:Middlewares/Third_Party/LwIP/src/core/mem.c ****           (mem->next - (ptr + SIZEOF_STRUCT_MEM)) >= size) {
 1525              		.loc 1 886 7 is_stmt 1 view .LVU488
 886:Middlewares/Third_Party/LwIP/src/core/mem.c ****           (mem->next - (ptr + SIZEOF_STRUCT_MEM)) >= size) {
 1526              		.loc 1 886 16 is_stmt 0 view .LVU489
 1527 00fa 0379     		ldrb	r3, [r0, #4]	@ zero_extendqisi2
 886:Middlewares/Third_Party/LwIP/src/core/mem.c ****           (mem->next - (ptr + SIZEOF_STRUCT_MEM)) >= size) {
 1528              		.loc 1 886 10 view .LVU490
 1529 00fc 002B     		cmp	r3, #0
 1530 00fe F1D1     		bne	.L88
 887:Middlewares/Third_Party/LwIP/src/core/mem.c ****         /* mem is not used and at least perfect fit is possible:
 1531              		.loc 1 887 15 discriminator 1 view .LVU491
 1532 0100 0388     		ldrh	r3, [r0]
 887:Middlewares/Third_Party/LwIP/src/core/mem.c ****         /* mem is not used and at least perfect fit is possible:
 1533              		.loc 1 887 22 discriminator 1 view .LVU492
 1534 0102 A3EB0803 		sub	r3, r3, r8
 1535 0106 083B     		subs	r3, r3, #8
 886:Middlewares/Third_Party/LwIP/src/core/mem.c ****           (mem->next - (ptr + SIZEOF_STRUCT_MEM)) >= size) {
 1536              		.loc 1 886 24 discriminator 1 view .LVU493
 1537 0108 BB42     		cmp	r3, r7
 1538 010a EBD3     		bcc	.L88
 891:Middlewares/Third_Party/LwIP/src/core/mem.c ****           /* (in addition to the above, we test if another struct mem (SIZEOF_STRUCT_MEM) containin
 1539              		.loc 1 891 9 is_stmt 1 view .LVU494
 891:Middlewares/Third_Party/LwIP/src/core/mem.c ****           /* (in addition to the above, we test if another struct mem (SIZEOF_STRUCT_MEM) containin
ARM GAS  /tmp/cc3WmiM5.s 			page 51


 1540              		.loc 1 891 80 is_stmt 0 view .LVU495
 1541 010c 07F11402 		add	r2, r7, #20
 891:Middlewares/Third_Party/LwIP/src/core/mem.c ****           /* (in addition to the above, we test if another struct mem (SIZEOF_STRUCT_MEM) containin
 1542              		.loc 1 891 12 view .LVU496
 1543 0110 9342     		cmp	r3, r2
 1544 0112 A0D3     		bcc	.L89
 902:Middlewares/Third_Party/LwIP/src/core/mem.c ****           LWIP_ASSERT("invalid next ptr",ptr2 != MEM_SIZE_ALIGNED);
 1545              		.loc 1 902 11 is_stmt 1 view .LVU497
 902:Middlewares/Third_Party/LwIP/src/core/mem.c ****           LWIP_ASSERT("invalid next ptr",ptr2 != MEM_SIZE_ALIGNED);
 1546              		.loc 1 902 55 is_stmt 0 view .LVU498
 1547 0114 2E44     		add	r6, r6, r5
 1548              	.LVL149:
 902:Middlewares/Third_Party/LwIP/src/core/mem.c ****           LWIP_ASSERT("invalid next ptr",ptr2 != MEM_SIZE_ALIGNED);
 1549              		.loc 1 902 55 view .LVU499
 1550 0116 B6B2     		uxth	r6, r6
 902:Middlewares/Third_Party/LwIP/src/core/mem.c ****           LWIP_ASSERT("invalid next ptr",ptr2 != MEM_SIZE_ALIGNED);
 1551              		.loc 1 902 16 view .LVU500
 1552 0118 0836     		adds	r6, r6, #8
 1553 011a B6B2     		uxth	r6, r6
 1554              	.LVL150:
 903:Middlewares/Third_Party/LwIP/src/core/mem.c ****           /* create mem2 struct */
 1555              		.loc 1 903 11 is_stmt 1 view .LVU501
 903:Middlewares/Third_Party/LwIP/src/core/mem.c ****           /* create mem2 struct */
 1556              		.loc 1 903 11 view .LVU502
 1557 011c B6F5605F 		cmp	r6, #14336
 1558 0120 91D0     		beq	.L111
 1559              	.LVL151:
 1560              	.L90:
 903:Middlewares/Third_Party/LwIP/src/core/mem.c ****           /* create mem2 struct */
 1561              		.loc 1 903 11 discriminator 3 view .LVU503
 903:Middlewares/Third_Party/LwIP/src/core/mem.c ****           /* create mem2 struct */
 1562              		.loc 1 903 11 discriminator 3 view .LVU504
 905:Middlewares/Third_Party/LwIP/src/core/mem.c ****           mem2->used = 0;
 1563              		.loc 1 905 11 discriminator 3 view .LVU505
 905:Middlewares/Third_Party/LwIP/src/core/mem.c ****           mem2->used = 0;
 1564              		.loc 1 905 18 is_stmt 0 discriminator 3 view .LVU506
 1565 0122 3046     		mov	r0, r6
 1566 0124 FFF7FEFF 		bl	ptr_to_mem
 1567              	.LVL152:
 906:Middlewares/Third_Party/LwIP/src/core/mem.c ****           mem2->next = mem->next;
 1568              		.loc 1 906 11 is_stmt 1 discriminator 3 view .LVU507
 906:Middlewares/Third_Party/LwIP/src/core/mem.c ****           mem2->next = mem->next;
 1569              		.loc 1 906 22 is_stmt 0 discriminator 3 view .LVU508
 1570 0128 0023     		movs	r3, #0
 1571 012a 0371     		strb	r3, [r0, #4]
 907:Middlewares/Third_Party/LwIP/src/core/mem.c ****           mem2->prev = ptr;
 1572              		.loc 1 907 11 is_stmt 1 discriminator 3 view .LVU509
 907:Middlewares/Third_Party/LwIP/src/core/mem.c ****           mem2->prev = ptr;
 1573              		.loc 1 907 27 is_stmt 0 discriminator 3 view .LVU510
 1574 012c 2388     		ldrh	r3, [r4]
 907:Middlewares/Third_Party/LwIP/src/core/mem.c ****           mem2->prev = ptr;
 1575              		.loc 1 907 22 discriminator 3 view .LVU511
 1576 012e 0380     		strh	r3, [r0]	@ movhi
 908:Middlewares/Third_Party/LwIP/src/core/mem.c ****           /* and insert it between mem and mem->next */
 1577              		.loc 1 908 11 is_stmt 1 discriminator 3 view .LVU512
 908:Middlewares/Third_Party/LwIP/src/core/mem.c ****           /* and insert it between mem and mem->next */
 1578              		.loc 1 908 22 is_stmt 0 discriminator 3 view .LVU513
ARM GAS  /tmp/cc3WmiM5.s 			page 52


 1579 0130 4580     		strh	r5, [r0, #2]	@ movhi
 910:Middlewares/Third_Party/LwIP/src/core/mem.c ****           mem->used = 1;
 1580              		.loc 1 910 11 is_stmt 1 discriminator 3 view .LVU514
 910:Middlewares/Third_Party/LwIP/src/core/mem.c ****           mem->used = 1;
 1581              		.loc 1 910 21 is_stmt 0 discriminator 3 view .LVU515
 1582 0132 2680     		strh	r6, [r4]	@ movhi
 911:Middlewares/Third_Party/LwIP/src/core/mem.c **** 
 1583              		.loc 1 911 11 is_stmt 1 discriminator 3 view .LVU516
 911:Middlewares/Third_Party/LwIP/src/core/mem.c **** 
 1584              		.loc 1 911 21 is_stmt 0 discriminator 3 view .LVU517
 1585 0134 0123     		movs	r3, #1
 1586 0136 2371     		strb	r3, [r4, #4]
 913:Middlewares/Third_Party/LwIP/src/core/mem.c ****             ptr_to_mem(mem2->next)->prev = ptr2;
 1587              		.loc 1 913 11 is_stmt 1 discriminator 3 view .LVU518
 913:Middlewares/Third_Party/LwIP/src/core/mem.c ****             ptr_to_mem(mem2->next)->prev = ptr2;
 1588              		.loc 1 913 19 is_stmt 0 discriminator 3 view .LVU519
 1589 0138 0088     		ldrh	r0, [r0]
 1590              	.LVL153:
 913:Middlewares/Third_Party/LwIP/src/core/mem.c ****             ptr_to_mem(mem2->next)->prev = ptr2;
 1591              		.loc 1 913 14 discriminator 3 view .LVU520
 1592 013a B0F5605F 		cmp	r0, #14336
 1593 013e 8CD0     		beq	.L91
 914:Middlewares/Third_Party/LwIP/src/core/mem.c ****           }
 1594              		.loc 1 914 13 is_stmt 1 view .LVU521
 1595 0140 FFF7FEFF 		bl	ptr_to_mem
 1596              	.LVL154:
 914:Middlewares/Third_Party/LwIP/src/core/mem.c ****           }
 1597              		.loc 1 914 42 is_stmt 0 view .LVU522
 1598 0144 4680     		strh	r6, [r0, #2]	@ movhi
 1599 0146 88E7     		b	.L91
 1600              	.LVL155:
 1601              	.L110:
 965:Middlewares/Third_Party/LwIP/src/core/mem.c ****       }
 966:Middlewares/Third_Party/LwIP/src/core/mem.c ****     }
 967:Middlewares/Third_Party/LwIP/src/core/mem.c **** #if LWIP_ALLOW_MEM_FREE_FROM_OTHER_CONTEXT
 968:Middlewares/Third_Party/LwIP/src/core/mem.c ****     /* if we got interrupted by a mem_free, try again */
 969:Middlewares/Third_Party/LwIP/src/core/mem.c ****   } while (local_mem_free_count != 0);
 970:Middlewares/Third_Party/LwIP/src/core/mem.c **** #endif /* LWIP_ALLOW_MEM_FREE_FROM_OTHER_CONTEXT */
 971:Middlewares/Third_Party/LwIP/src/core/mem.c ****   MEM_STATS_INC(err);
 1602              		.loc 1 971 21 is_stmt 1 view .LVU523
 972:Middlewares/Third_Party/LwIP/src/core/mem.c ****   LWIP_MEM_ALLOC_UNPROTECT();
 1603              		.loc 1 972 29 view .LVU524
 973:Middlewares/Third_Party/LwIP/src/core/mem.c ****   sys_mutex_unlock(&mem_mutex);
 1604              		.loc 1 973 3 view .LVU525
 1605 0148 0448     		ldr	r0, .L112
 1606 014a FFF7FEFF 		bl	sys_mutex_unlock
 1607              	.LVL156:
 974:Middlewares/Third_Party/LwIP/src/core/mem.c ****   LWIP_DEBUGF(MEM_DEBUG | LWIP_DBG_LEVEL_SERIOUS, ("mem_malloc: could not allocate %"S16_F" bytes\n
 1608              		.loc 1 974 116 view .LVU526
 975:Middlewares/Third_Party/LwIP/src/core/mem.c ****   return NULL;
 1609              		.loc 1 975 3 view .LVU527
 1610              		.loc 1 975 10 is_stmt 0 view .LVU528
 1611 014e 0020     		movs	r0, #0
 1612              	.LVL157:
 1613              	.L84:
 976:Middlewares/Third_Party/LwIP/src/core/mem.c **** }
 1614              		.loc 1 976 1 view .LVU529
ARM GAS  /tmp/cc3WmiM5.s 			page 53


 1615 0150 BDE8F081 		pop	{r4, r5, r6, r7, r8, pc}
 1616              	.LVL158:
 1617              	.L100:
 1618              	.LCFI7:
 1619              		.cfi_def_cfa_offset 0
 1620              		.cfi_restore 4
 1621              		.cfi_restore 5
 1622              		.cfi_restore 6
 1623              		.cfi_restore 7
 1624              		.cfi_restore 8
 1625              		.cfi_restore 14
 841:Middlewares/Third_Party/LwIP/src/core/mem.c ****   }
 1626              		.loc 1 841 12 view .LVU530
 1627 0154 0020     		movs	r0, #0
 1628              	.LVL159:
 1629              		.loc 1 976 1 view .LVU531
 1630 0156 7047     		bx	lr
 1631              	.LVL160:
 1632              	.L102:
 1633              	.LCFI8:
 1634              		.cfi_def_cfa_offset 24
 1635              		.cfi_offset 4, -24
 1636              		.cfi_offset 5, -20
 1637              		.cfi_offset 6, -16
 1638              		.cfi_offset 7, -12
 1639              		.cfi_offset 8, -8
 1640              		.cfi_offset 14, -4
 855:Middlewares/Third_Party/LwIP/src/core/mem.c ****   }
 1641              		.loc 1 855 12 view .LVU532
 1642 0158 0020     		movs	r0, #0
 1643              	.LVL161:
 855:Middlewares/Third_Party/LwIP/src/core/mem.c ****   }
 1644              		.loc 1 855 12 view .LVU533
 1645 015a F9E7     		b	.L84
 1646              	.L113:
 1647              		.align	2
 1648              	.L112:
 1649 015c 00000000 		.word	.LANCHOR3
 1650 0160 00000000 		.word	.LANCHOR2
 1651 0164 00000000 		.word	.LC0
 1652 0168 38000000 		.word	.LC13
 1653 016c 44000000 		.word	.LC2
 1654 0170 00000000 		.word	.LANCHOR1
 1655 0174 00000000 		.word	.LC14
 1656 0178 1C000000 		.word	.LC15
 1657 017c 4C000000 		.word	.LC16
 1658 0180 7C000000 		.word	.LC17
 1659              		.cfi_endproc
 1660              	.LFE180:
 1662              		.section	.text.mem_calloc,"ax",%progbits
 1663              		.align	1
 1664              		.global	mem_calloc
 1665              		.syntax unified
 1666              		.thumb
 1667              		.thumb_func
 1668              		.fpu fpv5-d16
 1670              	mem_calloc:
ARM GAS  /tmp/cc3WmiM5.s 			page 54


 1671              	.LVL162:
 1672              	.LFB181:
 977:Middlewares/Third_Party/LwIP/src/core/mem.c **** 
 978:Middlewares/Third_Party/LwIP/src/core/mem.c **** #endif /* MEM_USE_POOLS */
 979:Middlewares/Third_Party/LwIP/src/core/mem.c **** 
 980:Middlewares/Third_Party/LwIP/src/core/mem.c **** #if MEM_LIBC_MALLOC && (!LWIP_STATS || !MEM_STATS)
 981:Middlewares/Third_Party/LwIP/src/core/mem.c **** void *
 982:Middlewares/Third_Party/LwIP/src/core/mem.c **** mem_calloc(mem_size_t count, mem_size_t size)
 983:Middlewares/Third_Party/LwIP/src/core/mem.c **** {
 984:Middlewares/Third_Party/LwIP/src/core/mem.c ****   return mem_clib_calloc(count, size);
 985:Middlewares/Third_Party/LwIP/src/core/mem.c **** }
 986:Middlewares/Third_Party/LwIP/src/core/mem.c **** 
 987:Middlewares/Third_Party/LwIP/src/core/mem.c **** #else /* MEM_LIBC_MALLOC && (!LWIP_STATS || !MEM_STATS) */
 988:Middlewares/Third_Party/LwIP/src/core/mem.c **** /**
 989:Middlewares/Third_Party/LwIP/src/core/mem.c ****  * Contiguously allocates enough space for count objects that are size bytes
 990:Middlewares/Third_Party/LwIP/src/core/mem.c ****  * of memory each and returns a pointer to the allocated memory.
 991:Middlewares/Third_Party/LwIP/src/core/mem.c ****  *
 992:Middlewares/Third_Party/LwIP/src/core/mem.c ****  * The allocated memory is filled with bytes of value zero.
 993:Middlewares/Third_Party/LwIP/src/core/mem.c ****  *
 994:Middlewares/Third_Party/LwIP/src/core/mem.c ****  * @param count number of objects to allocate
 995:Middlewares/Third_Party/LwIP/src/core/mem.c ****  * @param size size of the objects to allocate
 996:Middlewares/Third_Party/LwIP/src/core/mem.c ****  * @return pointer to allocated memory / NULL pointer if there is an error
 997:Middlewares/Third_Party/LwIP/src/core/mem.c ****  */
 998:Middlewares/Third_Party/LwIP/src/core/mem.c **** void *
 999:Middlewares/Third_Party/LwIP/src/core/mem.c **** mem_calloc(mem_size_t count, mem_size_t size)
1000:Middlewares/Third_Party/LwIP/src/core/mem.c **** {
 1673              		.loc 1 1000 1 is_stmt 1 view -0
 1674              		.cfi_startproc
 1675              		@ args = 0, pretend = 0, frame = 0
 1676              		@ frame_needed = 0, uses_anonymous_args = 0
 1677              		.loc 1 1000 1 is_stmt 0 view .LVU535
 1678 0000 38B5     		push	{r3, r4, r5, lr}
 1679              	.LCFI9:
 1680              		.cfi_def_cfa_offset 16
 1681              		.cfi_offset 3, -16
 1682              		.cfi_offset 4, -12
 1683              		.cfi_offset 5, -8
 1684              		.cfi_offset 14, -4
1001:Middlewares/Third_Party/LwIP/src/core/mem.c ****   void *p;
 1685              		.loc 1 1001 3 is_stmt 1 view .LVU536
1002:Middlewares/Third_Party/LwIP/src/core/mem.c ****   size_t alloc_size = (size_t)count * (size_t)size;
 1686              		.loc 1 1002 3 view .LVU537
 1687              		.loc 1 1002 10 is_stmt 0 view .LVU538
 1688 0002 01FB00F4 		mul	r4, r1, r0
 1689              	.LVL163:
1003:Middlewares/Third_Party/LwIP/src/core/mem.c **** 
1004:Middlewares/Third_Party/LwIP/src/core/mem.c ****   if ((size_t)(mem_size_t)alloc_size != alloc_size) {
 1690              		.loc 1 1004 3 is_stmt 1 view .LVU539
 1691              		.loc 1 1004 15 is_stmt 0 view .LVU540
 1692 0006 A0B2     		uxth	r0, r4
 1693              	.LVL164:
 1694              		.loc 1 1004 6 view .LVU541
 1695 0008 8442     		cmp	r4, r0
 1696 000a 08D1     		bne	.L116
1005:Middlewares/Third_Party/LwIP/src/core/mem.c ****     LWIP_DEBUGF(MEM_DEBUG | LWIP_DBG_LEVEL_SERIOUS, ("mem_calloc: could not allocate %"SZT_F" bytes
1006:Middlewares/Third_Party/LwIP/src/core/mem.c ****     return NULL;
1007:Middlewares/Third_Party/LwIP/src/core/mem.c ****   }
ARM GAS  /tmp/cc3WmiM5.s 			page 55


1008:Middlewares/Third_Party/LwIP/src/core/mem.c **** 
1009:Middlewares/Third_Party/LwIP/src/core/mem.c ****   /* allocate 'count' objects of size 'size' */
1010:Middlewares/Third_Party/LwIP/src/core/mem.c ****   p = mem_malloc((mem_size_t)alloc_size);
 1697              		.loc 1 1010 3 is_stmt 1 view .LVU542
 1698              		.loc 1 1010 7 is_stmt 0 view .LVU543
 1699 000c FFF7FEFF 		bl	mem_malloc
 1700              	.LVL165:
1011:Middlewares/Third_Party/LwIP/src/core/mem.c ****   if (p) {
 1701              		.loc 1 1011 3 is_stmt 1 view .LVU544
 1702              		.loc 1 1011 6 is_stmt 0 view .LVU545
 1703 0010 0546     		mov	r5, r0
 1704 0012 28B1     		cbz	r0, .L114
1012:Middlewares/Third_Party/LwIP/src/core/mem.c ****     /* zero the memory */
1013:Middlewares/Third_Party/LwIP/src/core/mem.c ****     memset(p, 0, alloc_size);
 1705              		.loc 1 1013 5 is_stmt 1 view .LVU546
 1706 0014 2246     		mov	r2, r4
 1707 0016 0021     		movs	r1, #0
 1708 0018 FFF7FEFF 		bl	memset
 1709              	.LVL166:
 1710              		.loc 1 1013 5 is_stmt 0 view .LVU547
 1711 001c 00E0     		b	.L114
 1712              	.LVL167:
 1713              	.L116:
1006:Middlewares/Third_Party/LwIP/src/core/mem.c ****   }
 1714              		.loc 1 1006 12 view .LVU548
 1715 001e 0025     		movs	r5, #0
 1716              	.LVL168:
 1717              	.L114:
1014:Middlewares/Third_Party/LwIP/src/core/mem.c ****   }
1015:Middlewares/Third_Party/LwIP/src/core/mem.c ****   return p;
1016:Middlewares/Third_Party/LwIP/src/core/mem.c **** }
 1718              		.loc 1 1016 1 view .LVU549
 1719 0020 2846     		mov	r0, r5
 1720 0022 38BD     		pop	{r3, r4, r5, pc}
 1721              		.loc 1 1016 1 view .LVU550
 1722              		.cfi_endproc
 1723              	.LFE181:
 1725              		.section	.bss.lfree,"aw",%nobits
 1726              		.align	2
 1727              		.set	.LANCHOR2,. + 0
 1730              	lfree:
 1731 0000 00000000 		.space	4
 1732              		.section	.bss.mem_mutex,"aw",%nobits
 1733              		.align	2
 1734              		.set	.LANCHOR3,. + 0
 1737              	mem_mutex:
 1738 0000 00000000 		.space	4
 1739              		.section	.bss.ram,"aw",%nobits
 1740              		.align	2
 1741              		.set	.LANCHOR0,. + 0
 1744              	ram:
 1745 0000 00000000 		.space	4
 1746              		.section	.bss.ram_end,"aw",%nobits
 1747              		.align	2
 1748              		.set	.LANCHOR1,. + 0
 1751              	ram_end:
 1752 0000 00000000 		.space	4
ARM GAS  /tmp/cc3WmiM5.s 			page 56


 1753              		.text
 1754              	.Letext0:
 1755              		.file 2 "/usr/lib/gcc/arm-none-eabi/10.3.1/include/stdint.h"
 1756              		.file 3 "/usr/lib/gcc/arm-none-eabi/10.3.1/include/stddef.h"
 1757              		.file 4 "Middlewares/Third_Party/LwIP/system/arch/cc.h"
 1758              		.file 5 "Middlewares/Third_Party/LwIP/src/include/lwip/arch.h"
 1759              		.file 6 "Middlewares/Third_Party/LwIP/src/include/lwip/mem.h"
 1760              		.file 7 "Middlewares/Third_Party/FreeRTOS/Source/CMSIS_RTOS_V2/cmsis_os2.h"
 1761              		.file 8 "Middlewares/Third_Party/LwIP/system/arch/sys_arch.h"
 1762              		.file 9 "Middlewares/Third_Party/LwIP/src/include/lwip/err.h"
 1763              		.file 10 "Middlewares/Third_Party/LwIP/src/include/lwip/memp.h"
 1764              		.file 11 "/usr/include/newlib/stdio.h"
 1765              		.file 12 "Middlewares/Third_Party/LwIP/src/include/lwip/sys.h"
 1766              		.file 13 "<built-in>"
ARM GAS  /tmp/cc3WmiM5.s 			page 57


DEFINED SYMBOLS
                            *ABS*:0000000000000000 mem.c
     /tmp/cc3WmiM5.s:17     .text.ptr_to_mem:0000000000000000 $t
     /tmp/cc3WmiM5.s:24     .text.ptr_to_mem:0000000000000000 ptr_to_mem
     /tmp/cc3WmiM5.s:45     .text.ptr_to_mem:0000000000000008 $d
     /tmp/cc3WmiM5.s:50     .text.mem_to_ptr:0000000000000000 $t
     /tmp/cc3WmiM5.s:56     .text.mem_to_ptr:0000000000000000 mem_to_ptr
     /tmp/cc3WmiM5.s:76     .text.mem_to_ptr:000000000000000c $d
     /tmp/cc3WmiM5.s:81     .text.mem_link_valid:0000000000000000 $t
     /tmp/cc3WmiM5.s:87     .text.mem_link_valid:0000000000000000 mem_link_valid
     /tmp/cc3WmiM5.s:203    .text.mem_link_valid:0000000000000058 $d
     /tmp/cc3WmiM5.s:208    .rodata.plug_holes.str1.4:0000000000000000 $d
     /tmp/cc3WmiM5.s:227    .text.plug_holes:0000000000000000 $t
     /tmp/cc3WmiM5.s:233    .text.plug_holes:0000000000000000 plug_holes
     /tmp/cc3WmiM5.s:445    .text.plug_holes:00000000000000dc $d
     /tmp/cc3WmiM5.s:458    .rodata.mem_init.str1.4:0000000000000000 $d
     /tmp/cc3WmiM5.s:462    .text.mem_init:0000000000000000 $t
     /tmp/cc3WmiM5.s:469    .text.mem_init:0000000000000000 mem_init
     /tmp/cc3WmiM5.s:558    .text.mem_init:0000000000000048 $d
     /tmp/cc3WmiM5.s:570    .rodata.mem_free.str1.4:0000000000000000 $d
     /tmp/cc3WmiM5.s:583    .text.mem_free:0000000000000000 $t
     /tmp/cc3WmiM5.s:590    .text.mem_free:0000000000000000 mem_free
     /tmp/cc3WmiM5.s:826    .text.mem_free:00000000000000c8 $d
     /tmp/cc3WmiM5.s:840    .rodata.mem_trim.str1.4:0000000000000000 $d
     /tmp/cc3WmiM5.s:850    .text.mem_trim:0000000000000000 $t
     /tmp/cc3WmiM5.s:857    .text.mem_trim:0000000000000000 mem_trim
     /tmp/cc3WmiM5.s:1247   .text.mem_trim:0000000000000180 $d
     /tmp/cc3WmiM5.s:1260   .rodata.mem_malloc.str1.4:0000000000000000 $d
     /tmp/cc3WmiM5.s:1273   .text.mem_malloc:0000000000000000 $t
     /tmp/cc3WmiM5.s:1280   .text.mem_malloc:0000000000000000 mem_malloc
     /tmp/cc3WmiM5.s:1649   .text.mem_malloc:000000000000015c $d
     /tmp/cc3WmiM5.s:1663   .text.mem_calloc:0000000000000000 $t
     /tmp/cc3WmiM5.s:1670   .text.mem_calloc:0000000000000000 mem_calloc
     /tmp/cc3WmiM5.s:1726   .bss.lfree:0000000000000000 $d
     /tmp/cc3WmiM5.s:1730   .bss.lfree:0000000000000000 lfree
     /tmp/cc3WmiM5.s:1733   .bss.mem_mutex:0000000000000000 $d
     /tmp/cc3WmiM5.s:1737   .bss.mem_mutex:0000000000000000 mem_mutex
     /tmp/cc3WmiM5.s:1740   .bss.ram:0000000000000000 $d
     /tmp/cc3WmiM5.s:1744   .bss.ram:0000000000000000 ram
     /tmp/cc3WmiM5.s:1747   .bss.ram_end:0000000000000000 $d
     /tmp/cc3WmiM5.s:1751   .bss.ram_end:0000000000000000 ram_end

UNDEFINED SYMBOLS
printf
sys_mutex_new
sys_arch_protect
sys_arch_unprotect
sys_mutex_lock
sys_mutex_unlock
memset
