ARM GAS  /tmp/ccfostYI.s 			page 1


   1              		.cpu cortex-m7
   2              		.eabi_attribute 28, 1
   3              		.eabi_attribute 20, 1
   4              		.eabi_attribute 21, 1
   5              		.eabi_attribute 23, 3
   6              		.eabi_attribute 24, 1
   7              		.eabi_attribute 25, 1
   8              		.eabi_attribute 26, 1
   9              		.eabi_attribute 30, 1
  10              		.eabi_attribute 34, 1
  11              		.eabi_attribute 18, 4
  12              		.file	"stm32h7xx_hal_eth_ex.c"
  13              		.text
  14              	.Ltext0:
  15              		.cfi_sections	.debug_frame
  16              		.section	.text.HAL_ETHEx_EnableARPOffload,"ax",%progbits
  17              		.align	1
  18              		.global	HAL_ETHEx_EnableARPOffload
  19              		.arch armv7e-m
  20              		.syntax unified
  21              		.thumb
  22              		.thumb_func
  23              		.fpu fpv5-d16
  25              	HAL_ETHEx_EnableARPOffload:
  26              	.LVL0:
  27              	.LFB144:
  28              		.file 1 "Drivers/STM32H7xx_HAL_Driver/Src/stm32h7xx_hal_eth_ex.c"
   1:Drivers/STM32H7xx_HAL_Driver/Src/stm32h7xx_hal_eth_ex.c **** /**
   2:Drivers/STM32H7xx_HAL_Driver/Src/stm32h7xx_hal_eth_ex.c ****   ******************************************************************************
   3:Drivers/STM32H7xx_HAL_Driver/Src/stm32h7xx_hal_eth_ex.c ****   * @file    stm32h7xx_hal_eth_ex.c
   4:Drivers/STM32H7xx_HAL_Driver/Src/stm32h7xx_hal_eth_ex.c ****   * @author  MCD Application Team
   5:Drivers/STM32H7xx_HAL_Driver/Src/stm32h7xx_hal_eth_ex.c ****   * @brief   ETH HAL Extended module driver.
   6:Drivers/STM32H7xx_HAL_Driver/Src/stm32h7xx_hal_eth_ex.c ****   *
   7:Drivers/STM32H7xx_HAL_Driver/Src/stm32h7xx_hal_eth_ex.c ****   ******************************************************************************
   8:Drivers/STM32H7xx_HAL_Driver/Src/stm32h7xx_hal_eth_ex.c ****   * @attention
   9:Drivers/STM32H7xx_HAL_Driver/Src/stm32h7xx_hal_eth_ex.c ****   *
  10:Drivers/STM32H7xx_HAL_Driver/Src/stm32h7xx_hal_eth_ex.c ****   * Copyright (c) 2017 STMicroelectronics.
  11:Drivers/STM32H7xx_HAL_Driver/Src/stm32h7xx_hal_eth_ex.c ****   * All rights reserved.
  12:Drivers/STM32H7xx_HAL_Driver/Src/stm32h7xx_hal_eth_ex.c ****   *
  13:Drivers/STM32H7xx_HAL_Driver/Src/stm32h7xx_hal_eth_ex.c ****   * This software is licensed under terms that can be found in the LICENSE file
  14:Drivers/STM32H7xx_HAL_Driver/Src/stm32h7xx_hal_eth_ex.c ****   * in the root directory of this software component.
  15:Drivers/STM32H7xx_HAL_Driver/Src/stm32h7xx_hal_eth_ex.c ****   * If no LICENSE file comes with this software, it is provided AS-IS.
  16:Drivers/STM32H7xx_HAL_Driver/Src/stm32h7xx_hal_eth_ex.c ****   *
  17:Drivers/STM32H7xx_HAL_Driver/Src/stm32h7xx_hal_eth_ex.c ****   ******************************************************************************
  18:Drivers/STM32H7xx_HAL_Driver/Src/stm32h7xx_hal_eth_ex.c ****   */
  19:Drivers/STM32H7xx_HAL_Driver/Src/stm32h7xx_hal_eth_ex.c **** 
  20:Drivers/STM32H7xx_HAL_Driver/Src/stm32h7xx_hal_eth_ex.c **** /* Includes ------------------------------------------------------------------*/
  21:Drivers/STM32H7xx_HAL_Driver/Src/stm32h7xx_hal_eth_ex.c **** #include "stm32h7xx_hal.h"
  22:Drivers/STM32H7xx_HAL_Driver/Src/stm32h7xx_hal_eth_ex.c **** 
  23:Drivers/STM32H7xx_HAL_Driver/Src/stm32h7xx_hal_eth_ex.c **** /** @addtogroup STM32H7xx_HAL_Driver
  24:Drivers/STM32H7xx_HAL_Driver/Src/stm32h7xx_hal_eth_ex.c ****   * @{
  25:Drivers/STM32H7xx_HAL_Driver/Src/stm32h7xx_hal_eth_ex.c ****   */
  26:Drivers/STM32H7xx_HAL_Driver/Src/stm32h7xx_hal_eth_ex.c **** 
  27:Drivers/STM32H7xx_HAL_Driver/Src/stm32h7xx_hal_eth_ex.c **** #ifdef HAL_ETH_MODULE_ENABLED
  28:Drivers/STM32H7xx_HAL_Driver/Src/stm32h7xx_hal_eth_ex.c **** 
  29:Drivers/STM32H7xx_HAL_Driver/Src/stm32h7xx_hal_eth_ex.c **** #if defined(ETH)
  30:Drivers/STM32H7xx_HAL_Driver/Src/stm32h7xx_hal_eth_ex.c **** 
ARM GAS  /tmp/ccfostYI.s 			page 2


  31:Drivers/STM32H7xx_HAL_Driver/Src/stm32h7xx_hal_eth_ex.c **** /** @defgroup ETHEx ETHEx
  32:Drivers/STM32H7xx_HAL_Driver/Src/stm32h7xx_hal_eth_ex.c ****   * @brief ETH HAL Extended module driver
  33:Drivers/STM32H7xx_HAL_Driver/Src/stm32h7xx_hal_eth_ex.c ****   * @{
  34:Drivers/STM32H7xx_HAL_Driver/Src/stm32h7xx_hal_eth_ex.c ****   */
  35:Drivers/STM32H7xx_HAL_Driver/Src/stm32h7xx_hal_eth_ex.c **** 
  36:Drivers/STM32H7xx_HAL_Driver/Src/stm32h7xx_hal_eth_ex.c **** /* Private typedef -----------------------------------------------------------*/
  37:Drivers/STM32H7xx_HAL_Driver/Src/stm32h7xx_hal_eth_ex.c **** /* Private define ------------------------------------------------------------*/
  38:Drivers/STM32H7xx_HAL_Driver/Src/stm32h7xx_hal_eth_ex.c **** /** @defgroup ETHEx_Private_Constants ETHEx Private Constants
  39:Drivers/STM32H7xx_HAL_Driver/Src/stm32h7xx_hal_eth_ex.c ****   * @{
  40:Drivers/STM32H7xx_HAL_Driver/Src/stm32h7xx_hal_eth_ex.c ****   */
  41:Drivers/STM32H7xx_HAL_Driver/Src/stm32h7xx_hal_eth_ex.c **** #define ETH_MACL4CR_MASK     (ETH_MACL3L4CR_L4PEN | ETH_MACL3L4CR_L4SPM | \
  42:Drivers/STM32H7xx_HAL_Driver/Src/stm32h7xx_hal_eth_ex.c ****                               ETH_MACL3L4CR_L4SPIM | ETH_MACL3L4CR_L4DPM | \
  43:Drivers/STM32H7xx_HAL_Driver/Src/stm32h7xx_hal_eth_ex.c ****                               ETH_MACL3L4CR_L4DPIM)
  44:Drivers/STM32H7xx_HAL_Driver/Src/stm32h7xx_hal_eth_ex.c **** 
  45:Drivers/STM32H7xx_HAL_Driver/Src/stm32h7xx_hal_eth_ex.c **** #define ETH_MACL3CR_MASK     (ETH_MACL3L4CR_L3PEN | ETH_MACL3L4CR_L3SAM | \
  46:Drivers/STM32H7xx_HAL_Driver/Src/stm32h7xx_hal_eth_ex.c ****                               ETH_MACL3L4CR_L3SAIM | ETH_MACL3L4CR_L3DAM | \
  47:Drivers/STM32H7xx_HAL_Driver/Src/stm32h7xx_hal_eth_ex.c ****                               ETH_MACL3L4CR_L3DAIM | ETH_MACL3L4CR_L3HSBM | \
  48:Drivers/STM32H7xx_HAL_Driver/Src/stm32h7xx_hal_eth_ex.c ****                               ETH_MACL3L4CR_L3HDBM)
  49:Drivers/STM32H7xx_HAL_Driver/Src/stm32h7xx_hal_eth_ex.c **** 
  50:Drivers/STM32H7xx_HAL_Driver/Src/stm32h7xx_hal_eth_ex.c **** #define ETH_MACRXVLAN_MASK (ETH_MACVTR_EIVLRXS | ETH_MACVTR_EIVLS | \
  51:Drivers/STM32H7xx_HAL_Driver/Src/stm32h7xx_hal_eth_ex.c ****                             ETH_MACVTR_ERIVLT | ETH_MACVTR_EDVLP | \
  52:Drivers/STM32H7xx_HAL_Driver/Src/stm32h7xx_hal_eth_ex.c ****                             ETH_MACVTR_VTHM | ETH_MACVTR_EVLRXS | \
  53:Drivers/STM32H7xx_HAL_Driver/Src/stm32h7xx_hal_eth_ex.c ****                             ETH_MACVTR_EVLS | ETH_MACVTR_DOVLTC | \
  54:Drivers/STM32H7xx_HAL_Driver/Src/stm32h7xx_hal_eth_ex.c ****                             ETH_MACVTR_ERSVLM | ETH_MACVTR_ESVL | \
  55:Drivers/STM32H7xx_HAL_Driver/Src/stm32h7xx_hal_eth_ex.c ****                             ETH_MACVTR_VTIM | ETH_MACVTR_ETV)
  56:Drivers/STM32H7xx_HAL_Driver/Src/stm32h7xx_hal_eth_ex.c **** 
  57:Drivers/STM32H7xx_HAL_Driver/Src/stm32h7xx_hal_eth_ex.c **** #define ETH_MACTXVLAN_MASK (ETH_MACVIR_VLTI | ETH_MACVIR_CSVL | \
  58:Drivers/STM32H7xx_HAL_Driver/Src/stm32h7xx_hal_eth_ex.c ****                             ETH_MACVIR_VLP | ETH_MACVIR_VLC)
  59:Drivers/STM32H7xx_HAL_Driver/Src/stm32h7xx_hal_eth_ex.c **** 
  60:Drivers/STM32H7xx_HAL_Driver/Src/stm32h7xx_hal_eth_ex.c **** #define ETH_MAC_L4_SRSP_MASK          0x0000FFFFU
  61:Drivers/STM32H7xx_HAL_Driver/Src/stm32h7xx_hal_eth_ex.c **** #define ETH_MAC_L4_DSTP_MASK          0xFFFF0000U
  62:Drivers/STM32H7xx_HAL_Driver/Src/stm32h7xx_hal_eth_ex.c **** /**
  63:Drivers/STM32H7xx_HAL_Driver/Src/stm32h7xx_hal_eth_ex.c ****   * @}
  64:Drivers/STM32H7xx_HAL_Driver/Src/stm32h7xx_hal_eth_ex.c ****   */
  65:Drivers/STM32H7xx_HAL_Driver/Src/stm32h7xx_hal_eth_ex.c **** 
  66:Drivers/STM32H7xx_HAL_Driver/Src/stm32h7xx_hal_eth_ex.c **** /* Private macros ------------------------------------------------------------*/
  67:Drivers/STM32H7xx_HAL_Driver/Src/stm32h7xx_hal_eth_ex.c **** /* Private function prototypes -----------------------------------------------*/
  68:Drivers/STM32H7xx_HAL_Driver/Src/stm32h7xx_hal_eth_ex.c **** /* Exported functions ---------------------------------------------------------*/
  69:Drivers/STM32H7xx_HAL_Driver/Src/stm32h7xx_hal_eth_ex.c **** /** @defgroup ETHEx_Exported_Functions ETH Extended Exported Functions
  70:Drivers/STM32H7xx_HAL_Driver/Src/stm32h7xx_hal_eth_ex.c ****   * @{
  71:Drivers/STM32H7xx_HAL_Driver/Src/stm32h7xx_hal_eth_ex.c ****   */
  72:Drivers/STM32H7xx_HAL_Driver/Src/stm32h7xx_hal_eth_ex.c **** 
  73:Drivers/STM32H7xx_HAL_Driver/Src/stm32h7xx_hal_eth_ex.c **** /** @defgroup ETHEx_Exported_Functions_Group1 Extended features functions
  74:Drivers/STM32H7xx_HAL_Driver/Src/stm32h7xx_hal_eth_ex.c ****   * @brief    Extended features functions
  75:Drivers/STM32H7xx_HAL_Driver/Src/stm32h7xx_hal_eth_ex.c ****   *
  76:Drivers/STM32H7xx_HAL_Driver/Src/stm32h7xx_hal_eth_ex.c **** @verbatim
  77:Drivers/STM32H7xx_HAL_Driver/Src/stm32h7xx_hal_eth_ex.c ****  ===============================================================================
  78:Drivers/STM32H7xx_HAL_Driver/Src/stm32h7xx_hal_eth_ex.c ****                       ##### Extended features functions #####
  79:Drivers/STM32H7xx_HAL_Driver/Src/stm32h7xx_hal_eth_ex.c ****  ===============================================================================
  80:Drivers/STM32H7xx_HAL_Driver/Src/stm32h7xx_hal_eth_ex.c ****     [..] This section provides functions allowing to:
  81:Drivers/STM32H7xx_HAL_Driver/Src/stm32h7xx_hal_eth_ex.c ****       (+) Configure ARP offload module
  82:Drivers/STM32H7xx_HAL_Driver/Src/stm32h7xx_hal_eth_ex.c ****       (+) Configure L3 and L4 filters
  83:Drivers/STM32H7xx_HAL_Driver/Src/stm32h7xx_hal_eth_ex.c ****       (+) Configure Extended VLAN features
  84:Drivers/STM32H7xx_HAL_Driver/Src/stm32h7xx_hal_eth_ex.c ****       (+) Configure Energy Efficient Ethernet module
  85:Drivers/STM32H7xx_HAL_Driver/Src/stm32h7xx_hal_eth_ex.c **** 
  86:Drivers/STM32H7xx_HAL_Driver/Src/stm32h7xx_hal_eth_ex.c **** @endverbatim
  87:Drivers/STM32H7xx_HAL_Driver/Src/stm32h7xx_hal_eth_ex.c ****   * @{
ARM GAS  /tmp/ccfostYI.s 			page 3


  88:Drivers/STM32H7xx_HAL_Driver/Src/stm32h7xx_hal_eth_ex.c ****   */
  89:Drivers/STM32H7xx_HAL_Driver/Src/stm32h7xx_hal_eth_ex.c **** 
  90:Drivers/STM32H7xx_HAL_Driver/Src/stm32h7xx_hal_eth_ex.c **** /**
  91:Drivers/STM32H7xx_HAL_Driver/Src/stm32h7xx_hal_eth_ex.c ****   * @brief  Enables ARP Offload.
  92:Drivers/STM32H7xx_HAL_Driver/Src/stm32h7xx_hal_eth_ex.c ****   * @param  heth: pointer to a ETH_HandleTypeDef structure that contains
  93:Drivers/STM32H7xx_HAL_Driver/Src/stm32h7xx_hal_eth_ex.c ****   *         the configuration information for ETHERNET module
  94:Drivers/STM32H7xx_HAL_Driver/Src/stm32h7xx_hal_eth_ex.c ****   * @retval None
  95:Drivers/STM32H7xx_HAL_Driver/Src/stm32h7xx_hal_eth_ex.c ****   */
  96:Drivers/STM32H7xx_HAL_Driver/Src/stm32h7xx_hal_eth_ex.c **** 
  97:Drivers/STM32H7xx_HAL_Driver/Src/stm32h7xx_hal_eth_ex.c **** void HAL_ETHEx_EnableARPOffload(ETH_HandleTypeDef *heth)
  98:Drivers/STM32H7xx_HAL_Driver/Src/stm32h7xx_hal_eth_ex.c **** {
  29              		.loc 1 98 1 view -0
  30              		.cfi_startproc
  31              		@ args = 0, pretend = 0, frame = 0
  32              		@ frame_needed = 0, uses_anonymous_args = 0
  33              		@ link register save eliminated.
  99:Drivers/STM32H7xx_HAL_Driver/Src/stm32h7xx_hal_eth_ex.c ****   SET_BIT(heth->Instance->MACCR, ETH_MACCR_ARP);
  34              		.loc 1 99 3 view .LVU1
  35 0000 0268     		ldr	r2, [r0]
  36 0002 1368     		ldr	r3, [r2]
  37 0004 43F00043 		orr	r3, r3, #-2147483648
  38 0008 1360     		str	r3, [r2]
 100:Drivers/STM32H7xx_HAL_Driver/Src/stm32h7xx_hal_eth_ex.c **** }
  39              		.loc 1 100 1 is_stmt 0 view .LVU2
  40 000a 7047     		bx	lr
  41              		.cfi_endproc
  42              	.LFE144:
  44              		.section	.text.HAL_ETHEx_DisableARPOffload,"ax",%progbits
  45              		.align	1
  46              		.global	HAL_ETHEx_DisableARPOffload
  47              		.syntax unified
  48              		.thumb
  49              		.thumb_func
  50              		.fpu fpv5-d16
  52              	HAL_ETHEx_DisableARPOffload:
  53              	.LVL1:
  54              	.LFB145:
 101:Drivers/STM32H7xx_HAL_Driver/Src/stm32h7xx_hal_eth_ex.c **** 
 102:Drivers/STM32H7xx_HAL_Driver/Src/stm32h7xx_hal_eth_ex.c **** /**
 103:Drivers/STM32H7xx_HAL_Driver/Src/stm32h7xx_hal_eth_ex.c ****   * @brief  Disables ARP Offload.
 104:Drivers/STM32H7xx_HAL_Driver/Src/stm32h7xx_hal_eth_ex.c ****   * @param  heth: pointer to a ETH_HandleTypeDef structure that contains
 105:Drivers/STM32H7xx_HAL_Driver/Src/stm32h7xx_hal_eth_ex.c ****   *         the configuration information for ETHERNET module
 106:Drivers/STM32H7xx_HAL_Driver/Src/stm32h7xx_hal_eth_ex.c ****   * @retval None
 107:Drivers/STM32H7xx_HAL_Driver/Src/stm32h7xx_hal_eth_ex.c ****   */
 108:Drivers/STM32H7xx_HAL_Driver/Src/stm32h7xx_hal_eth_ex.c **** void HAL_ETHEx_DisableARPOffload(ETH_HandleTypeDef *heth)
 109:Drivers/STM32H7xx_HAL_Driver/Src/stm32h7xx_hal_eth_ex.c **** {
  55              		.loc 1 109 1 is_stmt 1 view -0
  56              		.cfi_startproc
  57              		@ args = 0, pretend = 0, frame = 0
  58              		@ frame_needed = 0, uses_anonymous_args = 0
  59              		@ link register save eliminated.
 110:Drivers/STM32H7xx_HAL_Driver/Src/stm32h7xx_hal_eth_ex.c ****   CLEAR_BIT(heth->Instance->MACCR, ETH_MACCR_ARP);
  60              		.loc 1 110 3 view .LVU4
  61 0000 0268     		ldr	r2, [r0]
  62 0002 1368     		ldr	r3, [r2]
  63 0004 23F00043 		bic	r3, r3, #-2147483648
  64 0008 1360     		str	r3, [r2]
ARM GAS  /tmp/ccfostYI.s 			page 4


 111:Drivers/STM32H7xx_HAL_Driver/Src/stm32h7xx_hal_eth_ex.c **** }
  65              		.loc 1 111 1 is_stmt 0 view .LVU5
  66 000a 7047     		bx	lr
  67              		.cfi_endproc
  68              	.LFE145:
  70              		.section	.text.HAL_ETHEx_SetARPAddressMatch,"ax",%progbits
  71              		.align	1
  72              		.global	HAL_ETHEx_SetARPAddressMatch
  73              		.syntax unified
  74              		.thumb
  75              		.thumb_func
  76              		.fpu fpv5-d16
  78              	HAL_ETHEx_SetARPAddressMatch:
  79              	.LVL2:
  80              	.LFB146:
 112:Drivers/STM32H7xx_HAL_Driver/Src/stm32h7xx_hal_eth_ex.c **** 
 113:Drivers/STM32H7xx_HAL_Driver/Src/stm32h7xx_hal_eth_ex.c **** /**
 114:Drivers/STM32H7xx_HAL_Driver/Src/stm32h7xx_hal_eth_ex.c ****   * @brief  Set the ARP Match IP address
 115:Drivers/STM32H7xx_HAL_Driver/Src/stm32h7xx_hal_eth_ex.c ****   * @param  heth: pointer to a ETH_HandleTypeDef structure that contains
 116:Drivers/STM32H7xx_HAL_Driver/Src/stm32h7xx_hal_eth_ex.c ****   *         the configuration information for ETHERNET module
 117:Drivers/STM32H7xx_HAL_Driver/Src/stm32h7xx_hal_eth_ex.c ****   * @param  IpAddress: IP Address to be matched for incoming ARP requests
 118:Drivers/STM32H7xx_HAL_Driver/Src/stm32h7xx_hal_eth_ex.c ****   * @retval None
 119:Drivers/STM32H7xx_HAL_Driver/Src/stm32h7xx_hal_eth_ex.c ****   */
 120:Drivers/STM32H7xx_HAL_Driver/Src/stm32h7xx_hal_eth_ex.c **** void HAL_ETHEx_SetARPAddressMatch(ETH_HandleTypeDef *heth, uint32_t IpAddress)
 121:Drivers/STM32H7xx_HAL_Driver/Src/stm32h7xx_hal_eth_ex.c **** {
  81              		.loc 1 121 1 is_stmt 1 view -0
  82              		.cfi_startproc
  83              		@ args = 0, pretend = 0, frame = 0
  84              		@ frame_needed = 0, uses_anonymous_args = 0
  85              		@ link register save eliminated.
 122:Drivers/STM32H7xx_HAL_Driver/Src/stm32h7xx_hal_eth_ex.c ****   WRITE_REG(heth->Instance->MACARPAR, IpAddress);
  86              		.loc 1 122 3 view .LVU7
  87 0000 0368     		ldr	r3, [r0]
  88 0002 C3F81012 		str	r1, [r3, #528]
 123:Drivers/STM32H7xx_HAL_Driver/Src/stm32h7xx_hal_eth_ex.c **** }
  89              		.loc 1 123 1 is_stmt 0 view .LVU8
  90 0006 7047     		bx	lr
  91              		.cfi_endproc
  92              	.LFE146:
  94              		.section	.text.HAL_ETHEx_SetL4FilterConfig,"ax",%progbits
  95              		.align	1
  96              		.global	HAL_ETHEx_SetL4FilterConfig
  97              		.syntax unified
  98              		.thumb
  99              		.thumb_func
 100              		.fpu fpv5-d16
 102              	HAL_ETHEx_SetL4FilterConfig:
 103              	.LVL3:
 104              	.LFB147:
 124:Drivers/STM32H7xx_HAL_Driver/Src/stm32h7xx_hal_eth_ex.c **** 
 125:Drivers/STM32H7xx_HAL_Driver/Src/stm32h7xx_hal_eth_ex.c **** /**
 126:Drivers/STM32H7xx_HAL_Driver/Src/stm32h7xx_hal_eth_ex.c ****   * @brief  Configures the L4 Filter, this function allow to:
 127:Drivers/STM32H7xx_HAL_Driver/Src/stm32h7xx_hal_eth_ex.c ****   *         set the layer 4 protocol to be matched (TCP or UDP)
 128:Drivers/STM32H7xx_HAL_Driver/Src/stm32h7xx_hal_eth_ex.c ****   *         enable/disable L4 source/destination port perfect/inverse match.
 129:Drivers/STM32H7xx_HAL_Driver/Src/stm32h7xx_hal_eth_ex.c ****   * @param  heth: pointer to a ETH_HandleTypeDef structure that contains
 130:Drivers/STM32H7xx_HAL_Driver/Src/stm32h7xx_hal_eth_ex.c ****   *         the configuration information for ETHERNET module
 131:Drivers/STM32H7xx_HAL_Driver/Src/stm32h7xx_hal_eth_ex.c ****   * @param  Filter: L4 filter to configured, this parameter must be one of the following
ARM GAS  /tmp/ccfostYI.s 			page 5


 132:Drivers/STM32H7xx_HAL_Driver/Src/stm32h7xx_hal_eth_ex.c ****   *           ETH_L4_FILTER_0
 133:Drivers/STM32H7xx_HAL_Driver/Src/stm32h7xx_hal_eth_ex.c ****   *           ETH_L4_FILTER_1
 134:Drivers/STM32H7xx_HAL_Driver/Src/stm32h7xx_hal_eth_ex.c ****   * @param  pL4FilterConfig: pointer to a ETH_L4FilterConfigTypeDef structure
 135:Drivers/STM32H7xx_HAL_Driver/Src/stm32h7xx_hal_eth_ex.c ****   *         that contains L4 filter configuration.
 136:Drivers/STM32H7xx_HAL_Driver/Src/stm32h7xx_hal_eth_ex.c ****   * @retval HAL status
 137:Drivers/STM32H7xx_HAL_Driver/Src/stm32h7xx_hal_eth_ex.c ****   */
 138:Drivers/STM32H7xx_HAL_Driver/Src/stm32h7xx_hal_eth_ex.c **** HAL_StatusTypeDef HAL_ETHEx_SetL4FilterConfig(ETH_HandleTypeDef *heth, uint32_t Filter,
 139:Drivers/STM32H7xx_HAL_Driver/Src/stm32h7xx_hal_eth_ex.c ****                                               const ETH_L4FilterConfigTypeDef *pL4FilterConfig)
 140:Drivers/STM32H7xx_HAL_Driver/Src/stm32h7xx_hal_eth_ex.c **** {
 105              		.loc 1 140 1 is_stmt 1 view -0
 106              		.cfi_startproc
 107              		@ args = 0, pretend = 0, frame = 0
 108              		@ frame_needed = 0, uses_anonymous_args = 0
 109              		@ link register save eliminated.
 141:Drivers/STM32H7xx_HAL_Driver/Src/stm32h7xx_hal_eth_ex.c ****   if (pL4FilterConfig == NULL)
 110              		.loc 1 141 3 view .LVU10
 111              		.loc 1 141 6 is_stmt 0 view .LVU11
 112 0000 002A     		cmp	r2, #0
 113 0002 33D0     		beq	.L8
 140:Drivers/STM32H7xx_HAL_Driver/Src/stm32h7xx_hal_eth_ex.c ****   if (pL4FilterConfig == NULL)
 114              		.loc 1 140 1 view .LVU12
 115 0004 30B4     		push	{r4, r5}
 116              	.LCFI0:
 117              		.cfi_def_cfa_offset 8
 118              		.cfi_offset 4, -8
 119              		.cfi_offset 5, -4
 120 0006 1346     		mov	r3, r2
 142:Drivers/STM32H7xx_HAL_Driver/Src/stm32h7xx_hal_eth_ex.c ****   {
 143:Drivers/STM32H7xx_HAL_Driver/Src/stm32h7xx_hal_eth_ex.c ****     return HAL_ERROR;
 144:Drivers/STM32H7xx_HAL_Driver/Src/stm32h7xx_hal_eth_ex.c ****   }
 145:Drivers/STM32H7xx_HAL_Driver/Src/stm32h7xx_hal_eth_ex.c **** 
 146:Drivers/STM32H7xx_HAL_Driver/Src/stm32h7xx_hal_eth_ex.c ****   if (Filter == ETH_L4_FILTER_0)
 121              		.loc 1 146 3 is_stmt 1 view .LVU13
 122              		.loc 1 146 6 is_stmt 0 view .LVU14
 123 0008 D9B9     		cbnz	r1, .L6
 147:Drivers/STM32H7xx_HAL_Driver/Src/stm32h7xx_hal_eth_ex.c ****   {
 148:Drivers/STM32H7xx_HAL_Driver/Src/stm32h7xx_hal_eth_ex.c ****     /* Write configuration to MACL3L4C0R register */
 149:Drivers/STM32H7xx_HAL_Driver/Src/stm32h7xx_hal_eth_ex.c ****     MODIFY_REG(heth->Instance->MACL3L4C0R, ETH_MACL4CR_MASK, (pL4FilterConfig->Protocol |
 124              		.loc 1 149 5 is_stmt 1 view .LVU15
 125 000a 0468     		ldr	r4, [r0]
 126 000c D4F80029 		ldr	r2, [r4, #2304]
 127              	.LVL4:
 128              		.loc 1 149 5 is_stmt 0 view .LVU16
 129 0010 22F47412 		bic	r2, r2, #3997696
 130 0014 1968     		ldr	r1, [r3]
 131              	.LVL5:
 132              		.loc 1 149 5 view .LVU17
 133 0016 5D68     		ldr	r5, [r3, #4]
 134 0018 2943     		orrs	r1, r1, r5
 135 001a 9D68     		ldr	r5, [r3, #8]
 136 001c 2943     		orrs	r1, r1, r5
 137 001e 0A43     		orrs	r2, r2, r1
 138 0020 C4F80029 		str	r2, [r4, #2304]
 150:Drivers/STM32H7xx_HAL_Driver/Src/stm32h7xx_hal_eth_ex.c ****                                                               pL4FilterConfig->SrcPortFilterMatch |
 151:Drivers/STM32H7xx_HAL_Driver/Src/stm32h7xx_hal_eth_ex.c ****                                                               pL4FilterConfig->DestPortFilterMatch)
 152:Drivers/STM32H7xx_HAL_Driver/Src/stm32h7xx_hal_eth_ex.c **** 
 153:Drivers/STM32H7xx_HAL_Driver/Src/stm32h7xx_hal_eth_ex.c ****     /* Write configuration to MACL4A0R register */
ARM GAS  /tmp/ccfostYI.s 			page 6


 154:Drivers/STM32H7xx_HAL_Driver/Src/stm32h7xx_hal_eth_ex.c ****     WRITE_REG(heth->Instance->MACL4A0R, (pL4FilterConfig->SourcePort | (pL4FilterConfig->Destinatio
 139              		.loc 1 154 5 is_stmt 1 view .LVU18
 140 0024 DA68     		ldr	r2, [r3, #12]
 141 0026 1B69     		ldr	r3, [r3, #16]
 142              	.LVL6:
 143              		.loc 1 154 5 is_stmt 0 view .LVU19
 144 0028 0168     		ldr	r1, [r0]
 145 002a 42EA0343 		orr	r3, r2, r3, lsl #16
 146 002e C1F80439 		str	r3, [r1, #2308]
 147              	.L7:
 155:Drivers/STM32H7xx_HAL_Driver/Src/stm32h7xx_hal_eth_ex.c **** 
 156:Drivers/STM32H7xx_HAL_Driver/Src/stm32h7xx_hal_eth_ex.c ****   }
 157:Drivers/STM32H7xx_HAL_Driver/Src/stm32h7xx_hal_eth_ex.c ****   else /* Filter == ETH_L4_FILTER_1 */
 158:Drivers/STM32H7xx_HAL_Driver/Src/stm32h7xx_hal_eth_ex.c ****   {
 159:Drivers/STM32H7xx_HAL_Driver/Src/stm32h7xx_hal_eth_ex.c ****     /* Write configuration to MACL3L4C1R register */
 160:Drivers/STM32H7xx_HAL_Driver/Src/stm32h7xx_hal_eth_ex.c ****     MODIFY_REG(heth->Instance->MACL3L4C1R, ETH_MACL4CR_MASK, (pL4FilterConfig->Protocol |
 161:Drivers/STM32H7xx_HAL_Driver/Src/stm32h7xx_hal_eth_ex.c ****                                                               pL4FilterConfig->SrcPortFilterMatch |
 162:Drivers/STM32H7xx_HAL_Driver/Src/stm32h7xx_hal_eth_ex.c ****                                                               pL4FilterConfig->DestPortFilterMatch)
 163:Drivers/STM32H7xx_HAL_Driver/Src/stm32h7xx_hal_eth_ex.c **** 
 164:Drivers/STM32H7xx_HAL_Driver/Src/stm32h7xx_hal_eth_ex.c ****     /* Write configuration to MACL4A1R register */
 165:Drivers/STM32H7xx_HAL_Driver/Src/stm32h7xx_hal_eth_ex.c ****     WRITE_REG(heth->Instance->MACL4A1R, (pL4FilterConfig->SourcePort | (pL4FilterConfig->Destinatio
 166:Drivers/STM32H7xx_HAL_Driver/Src/stm32h7xx_hal_eth_ex.c ****   }
 167:Drivers/STM32H7xx_HAL_Driver/Src/stm32h7xx_hal_eth_ex.c **** 
 168:Drivers/STM32H7xx_HAL_Driver/Src/stm32h7xx_hal_eth_ex.c ****   /* Enable L4 filter */
 169:Drivers/STM32H7xx_HAL_Driver/Src/stm32h7xx_hal_eth_ex.c ****   SET_BIT(heth->Instance->MACPFR, ETH_MACPFR_IPFE);
 148              		.loc 1 169 3 is_stmt 1 view .LVU20
 149 0032 0268     		ldr	r2, [r0]
 150 0034 9368     		ldr	r3, [r2, #8]
 151 0036 43F48013 		orr	r3, r3, #1048576
 152 003a 9360     		str	r3, [r2, #8]
 170:Drivers/STM32H7xx_HAL_Driver/Src/stm32h7xx_hal_eth_ex.c **** 
 171:Drivers/STM32H7xx_HAL_Driver/Src/stm32h7xx_hal_eth_ex.c ****   return HAL_OK;
 153              		.loc 1 171 3 view .LVU21
 154              		.loc 1 171 10 is_stmt 0 view .LVU22
 155 003c 0020     		movs	r0, #0
 156              	.LVL7:
 172:Drivers/STM32H7xx_HAL_Driver/Src/stm32h7xx_hal_eth_ex.c **** }
 157              		.loc 1 172 1 view .LVU23
 158 003e 30BC     		pop	{r4, r5}
 159              	.LCFI1:
 160              		.cfi_remember_state
 161              		.cfi_restore 5
 162              		.cfi_restore 4
 163              		.cfi_def_cfa_offset 0
 164 0040 7047     		bx	lr
 165              	.LVL8:
 166              	.L6:
 167              	.LCFI2:
 168              		.cfi_restore_state
 160:Drivers/STM32H7xx_HAL_Driver/Src/stm32h7xx_hal_eth_ex.c ****                                                               pL4FilterConfig->SrcPortFilterMatch |
 169              		.loc 1 160 5 is_stmt 1 view .LVU24
 170 0042 0468     		ldr	r4, [r0]
 171 0044 D4F83029 		ldr	r2, [r4, #2352]
 172              	.LVL9:
 160:Drivers/STM32H7xx_HAL_Driver/Src/stm32h7xx_hal_eth_ex.c ****                                                               pL4FilterConfig->SrcPortFilterMatch |
 173              		.loc 1 160 5 is_stmt 0 view .LVU25
 174 0048 22F47412 		bic	r2, r2, #3997696
ARM GAS  /tmp/ccfostYI.s 			page 7


 175 004c 1968     		ldr	r1, [r3]
 176              	.LVL10:
 160:Drivers/STM32H7xx_HAL_Driver/Src/stm32h7xx_hal_eth_ex.c ****                                                               pL4FilterConfig->SrcPortFilterMatch |
 177              		.loc 1 160 5 view .LVU26
 178 004e 5D68     		ldr	r5, [r3, #4]
 179 0050 2943     		orrs	r1, r1, r5
 180 0052 9D68     		ldr	r5, [r3, #8]
 181 0054 2943     		orrs	r1, r1, r5
 182 0056 0A43     		orrs	r2, r2, r1
 183 0058 C4F83029 		str	r2, [r4, #2352]
 165:Drivers/STM32H7xx_HAL_Driver/Src/stm32h7xx_hal_eth_ex.c ****   }
 184              		.loc 1 165 5 is_stmt 1 view .LVU27
 185 005c DA68     		ldr	r2, [r3, #12]
 186 005e 1B69     		ldr	r3, [r3, #16]
 187              	.LVL11:
 165:Drivers/STM32H7xx_HAL_Driver/Src/stm32h7xx_hal_eth_ex.c ****   }
 188              		.loc 1 165 5 is_stmt 0 view .LVU28
 189 0060 0168     		ldr	r1, [r0]
 190 0062 42EA0343 		orr	r3, r2, r3, lsl #16
 191 0066 C1F83439 		str	r3, [r1, #2356]
 192 006a E2E7     		b	.L7
 193              	.LVL12:
 194              	.L8:
 195              	.LCFI3:
 196              		.cfi_def_cfa_offset 0
 197              		.cfi_restore 4
 198              		.cfi_restore 5
 143:Drivers/STM32H7xx_HAL_Driver/Src/stm32h7xx_hal_eth_ex.c ****   }
 199              		.loc 1 143 12 view .LVU29
 200 006c 0120     		movs	r0, #1
 201              	.LVL13:
 202              		.loc 1 172 1 view .LVU30
 203 006e 7047     		bx	lr
 204              		.cfi_endproc
 205              	.LFE147:
 207              		.section	.text.HAL_ETHEx_GetL4FilterConfig,"ax",%progbits
 208              		.align	1
 209              		.global	HAL_ETHEx_GetL4FilterConfig
 210              		.syntax unified
 211              		.thumb
 212              		.thumb_func
 213              		.fpu fpv5-d16
 215              	HAL_ETHEx_GetL4FilterConfig:
 216              	.LVL14:
 217              	.LFB148:
 173:Drivers/STM32H7xx_HAL_Driver/Src/stm32h7xx_hal_eth_ex.c **** 
 174:Drivers/STM32H7xx_HAL_Driver/Src/stm32h7xx_hal_eth_ex.c **** /**
 175:Drivers/STM32H7xx_HAL_Driver/Src/stm32h7xx_hal_eth_ex.c ****   * @brief  Configures the L4 Filter, this function allow to:
 176:Drivers/STM32H7xx_HAL_Driver/Src/stm32h7xx_hal_eth_ex.c ****   *         set the layer 4 protocol to be matched (TCP or UDP)
 177:Drivers/STM32H7xx_HAL_Driver/Src/stm32h7xx_hal_eth_ex.c ****   *         enable/disable L4 source/destination port perfect/inverse match.
 178:Drivers/STM32H7xx_HAL_Driver/Src/stm32h7xx_hal_eth_ex.c ****   * @param  heth: pointer to a ETH_HandleTypeDef structure that contains
 179:Drivers/STM32H7xx_HAL_Driver/Src/stm32h7xx_hal_eth_ex.c ****   *         the configuration information for ETHERNET module
 180:Drivers/STM32H7xx_HAL_Driver/Src/stm32h7xx_hal_eth_ex.c ****   * @param  Filter: L4 filter to configured, this parameter must be one of the following
 181:Drivers/STM32H7xx_HAL_Driver/Src/stm32h7xx_hal_eth_ex.c ****   *           ETH_L4_FILTER_0
 182:Drivers/STM32H7xx_HAL_Driver/Src/stm32h7xx_hal_eth_ex.c ****   *           ETH_L4_FILTER_1
 183:Drivers/STM32H7xx_HAL_Driver/Src/stm32h7xx_hal_eth_ex.c ****   * @param  pL4FilterConfig: pointer to a ETH_L4FilterConfigTypeDef structure
 184:Drivers/STM32H7xx_HAL_Driver/Src/stm32h7xx_hal_eth_ex.c ****   *         that contains L4 filter configuration.
ARM GAS  /tmp/ccfostYI.s 			page 8


 185:Drivers/STM32H7xx_HAL_Driver/Src/stm32h7xx_hal_eth_ex.c ****   * @retval HAL status
 186:Drivers/STM32H7xx_HAL_Driver/Src/stm32h7xx_hal_eth_ex.c ****   */
 187:Drivers/STM32H7xx_HAL_Driver/Src/stm32h7xx_hal_eth_ex.c **** HAL_StatusTypeDef HAL_ETHEx_GetL4FilterConfig(const ETH_HandleTypeDef *heth, uint32_t Filter,
 188:Drivers/STM32H7xx_HAL_Driver/Src/stm32h7xx_hal_eth_ex.c ****                                               ETH_L4FilterConfigTypeDef *pL4FilterConfig)
 189:Drivers/STM32H7xx_HAL_Driver/Src/stm32h7xx_hal_eth_ex.c **** {
 218              		.loc 1 189 1 is_stmt 1 view -0
 219              		.cfi_startproc
 220              		@ args = 0, pretend = 0, frame = 0
 221              		@ frame_needed = 0, uses_anonymous_args = 0
 222              		@ link register save eliminated.
 190:Drivers/STM32H7xx_HAL_Driver/Src/stm32h7xx_hal_eth_ex.c ****   if (pL4FilterConfig == NULL)
 223              		.loc 1 190 3 view .LVU32
 224              		.loc 1 190 6 is_stmt 0 view .LVU33
 225 0000 1346     		mov	r3, r2
 226 0002 002A     		cmp	r2, #0
 227 0004 3CD0     		beq	.L16
 191:Drivers/STM32H7xx_HAL_Driver/Src/stm32h7xx_hal_eth_ex.c ****   {
 192:Drivers/STM32H7xx_HAL_Driver/Src/stm32h7xx_hal_eth_ex.c ****     return HAL_ERROR;
 193:Drivers/STM32H7xx_HAL_Driver/Src/stm32h7xx_hal_eth_ex.c ****   }
 194:Drivers/STM32H7xx_HAL_Driver/Src/stm32h7xx_hal_eth_ex.c **** 
 195:Drivers/STM32H7xx_HAL_Driver/Src/stm32h7xx_hal_eth_ex.c ****   if (Filter == ETH_L4_FILTER_0)
 228              		.loc 1 195 3 is_stmt 1 view .LVU34
 229              		.loc 1 195 6 is_stmt 0 view .LVU35
 230 0006 E9B9     		cbnz	r1, .L15
 196:Drivers/STM32H7xx_HAL_Driver/Src/stm32h7xx_hal_eth_ex.c ****   {
 197:Drivers/STM32H7xx_HAL_Driver/Src/stm32h7xx_hal_eth_ex.c ****     /* Get configuration from MACL3L4C0R register */
 198:Drivers/STM32H7xx_HAL_Driver/Src/stm32h7xx_hal_eth_ex.c ****     pL4FilterConfig->Protocol = READ_BIT(heth->Instance->MACL3L4C0R, ETH_MACL3L4CR_L4PEN);
 231              		.loc 1 198 5 is_stmt 1 view .LVU36
 232              		.loc 1 198 33 is_stmt 0 view .LVU37
 233 0008 0268     		ldr	r2, [r0]
 234              	.LVL15:
 235              		.loc 1 198 33 view .LVU38
 236 000a D2F80029 		ldr	r2, [r2, #2304]
 237 000e 02F48032 		and	r2, r2, #65536
 238              		.loc 1 198 31 view .LVU39
 239 0012 1A60     		str	r2, [r3]
 199:Drivers/STM32H7xx_HAL_Driver/Src/stm32h7xx_hal_eth_ex.c ****     pL4FilterConfig->DestPortFilterMatch = READ_BIT(heth->Instance->MACL3L4C0R,
 240              		.loc 1 199 5 is_stmt 1 view .LVU40
 241              		.loc 1 199 44 is_stmt 0 view .LVU41
 242 0014 0268     		ldr	r2, [r0]
 243 0016 D2F80029 		ldr	r2, [r2, #2304]
 244 001a 02F44012 		and	r2, r2, #3145728
 245              		.loc 1 199 42 view .LVU42
 246 001e 9A60     		str	r2, [r3, #8]
 200:Drivers/STM32H7xx_HAL_Driver/Src/stm32h7xx_hal_eth_ex.c ****                                                     (ETH_MACL3L4CR_L4DPM | ETH_MACL3L4CR_L4DPIM));
 201:Drivers/STM32H7xx_HAL_Driver/Src/stm32h7xx_hal_eth_ex.c ****     pL4FilterConfig->SrcPortFilterMatch = READ_BIT(heth->Instance->MACL3L4C0R,
 247              		.loc 1 201 5 is_stmt 1 view .LVU43
 248              		.loc 1 201 43 is_stmt 0 view .LVU44
 249 0020 0268     		ldr	r2, [r0]
 250 0022 D2F80029 		ldr	r2, [r2, #2304]
 251 0026 02F44022 		and	r2, r2, #786432
 252              		.loc 1 201 41 view .LVU45
 253 002a 5A60     		str	r2, [r3, #4]
 202:Drivers/STM32H7xx_HAL_Driver/Src/stm32h7xx_hal_eth_ex.c ****                                                    (ETH_MACL3L4CR_L4SPM | ETH_MACL3L4CR_L4SPIM));
 203:Drivers/STM32H7xx_HAL_Driver/Src/stm32h7xx_hal_eth_ex.c **** 
 204:Drivers/STM32H7xx_HAL_Driver/Src/stm32h7xx_hal_eth_ex.c ****     /* Get configuration from MACL4A0R register */
 205:Drivers/STM32H7xx_HAL_Driver/Src/stm32h7xx_hal_eth_ex.c ****     pL4FilterConfig->DestinationPort = (READ_BIT(heth->Instance->MACL4A0R, ETH_MAC_L4_DSTP_MASK) >>
ARM GAS  /tmp/ccfostYI.s 			page 9


 254              		.loc 1 205 5 is_stmt 1 view .LVU46
 255              		.loc 1 205 41 is_stmt 0 view .LVU47
 256 002c 0268     		ldr	r2, [r0]
 257 002e D2F80429 		ldr	r2, [r2, #2308]
 258              		.loc 1 205 98 view .LVU48
 259 0032 120C     		lsrs	r2, r2, #16
 260              		.loc 1 205 38 view .LVU49
 261 0034 1A61     		str	r2, [r3, #16]
 206:Drivers/STM32H7xx_HAL_Driver/Src/stm32h7xx_hal_eth_ex.c ****     pL4FilterConfig->SourcePort = READ_BIT(heth->Instance->MACL4A0R, ETH_MAC_L4_SRSP_MASK);
 262              		.loc 1 206 5 is_stmt 1 view .LVU50
 263              		.loc 1 206 35 is_stmt 0 view .LVU51
 264 0036 0268     		ldr	r2, [r0]
 265 0038 D2F80429 		ldr	r2, [r2, #2308]
 266 003c 92B2     		uxth	r2, r2
 267              		.loc 1 206 33 view .LVU52
 268 003e DA60     		str	r2, [r3, #12]
 207:Drivers/STM32H7xx_HAL_Driver/Src/stm32h7xx_hal_eth_ex.c ****   }
 208:Drivers/STM32H7xx_HAL_Driver/Src/stm32h7xx_hal_eth_ex.c ****   else /* Filter == ETH_L4_FILTER_1 */
 209:Drivers/STM32H7xx_HAL_Driver/Src/stm32h7xx_hal_eth_ex.c ****   {
 210:Drivers/STM32H7xx_HAL_Driver/Src/stm32h7xx_hal_eth_ex.c ****     /* Get configuration from MACL3L4C1R register */
 211:Drivers/STM32H7xx_HAL_Driver/Src/stm32h7xx_hal_eth_ex.c ****     pL4FilterConfig->Protocol = READ_BIT(heth->Instance->MACL3L4C1R, ETH_MACL3L4CR_L4PEN);
 212:Drivers/STM32H7xx_HAL_Driver/Src/stm32h7xx_hal_eth_ex.c ****     pL4FilterConfig->DestPortFilterMatch = READ_BIT(heth->Instance->MACL3L4C1R,
 213:Drivers/STM32H7xx_HAL_Driver/Src/stm32h7xx_hal_eth_ex.c ****                                                     (ETH_MACL3L4CR_L4DPM | ETH_MACL3L4CR_L4DPIM));
 214:Drivers/STM32H7xx_HAL_Driver/Src/stm32h7xx_hal_eth_ex.c ****     pL4FilterConfig->SrcPortFilterMatch = READ_BIT(heth->Instance->MACL3L4C1R,
 215:Drivers/STM32H7xx_HAL_Driver/Src/stm32h7xx_hal_eth_ex.c ****                                                    (ETH_MACL3L4CR_L4SPM | ETH_MACL3L4CR_L4SPIM));
 216:Drivers/STM32H7xx_HAL_Driver/Src/stm32h7xx_hal_eth_ex.c **** 
 217:Drivers/STM32H7xx_HAL_Driver/Src/stm32h7xx_hal_eth_ex.c ****     /* Get configuration from MACL4A1R register */
 218:Drivers/STM32H7xx_HAL_Driver/Src/stm32h7xx_hal_eth_ex.c ****     pL4FilterConfig->DestinationPort = (READ_BIT(heth->Instance->MACL4A1R, ETH_MAC_L4_DSTP_MASK) >>
 219:Drivers/STM32H7xx_HAL_Driver/Src/stm32h7xx_hal_eth_ex.c ****     pL4FilterConfig->SourcePort = READ_BIT(heth->Instance->MACL4A1R, ETH_MAC_L4_SRSP_MASK);
 220:Drivers/STM32H7xx_HAL_Driver/Src/stm32h7xx_hal_eth_ex.c ****   }
 221:Drivers/STM32H7xx_HAL_Driver/Src/stm32h7xx_hal_eth_ex.c **** 
 222:Drivers/STM32H7xx_HAL_Driver/Src/stm32h7xx_hal_eth_ex.c ****   return HAL_OK;
 269              		.loc 1 222 10 view .LVU53
 270 0040 0020     		movs	r0, #0
 271              	.LVL16:
 272              		.loc 1 222 10 view .LVU54
 273 0042 7047     		bx	lr
 274              	.LVL17:
 275              	.L15:
 211:Drivers/STM32H7xx_HAL_Driver/Src/stm32h7xx_hal_eth_ex.c ****     pL4FilterConfig->DestPortFilterMatch = READ_BIT(heth->Instance->MACL3L4C1R,
 276              		.loc 1 211 5 is_stmt 1 view .LVU55
 211:Drivers/STM32H7xx_HAL_Driver/Src/stm32h7xx_hal_eth_ex.c ****     pL4FilterConfig->DestPortFilterMatch = READ_BIT(heth->Instance->MACL3L4C1R,
 277              		.loc 1 211 33 is_stmt 0 view .LVU56
 278 0044 0268     		ldr	r2, [r0]
 279              	.LVL18:
 211:Drivers/STM32H7xx_HAL_Driver/Src/stm32h7xx_hal_eth_ex.c ****     pL4FilterConfig->DestPortFilterMatch = READ_BIT(heth->Instance->MACL3L4C1R,
 280              		.loc 1 211 33 view .LVU57
 281 0046 D2F83029 		ldr	r2, [r2, #2352]
 282 004a 02F48032 		and	r2, r2, #65536
 211:Drivers/STM32H7xx_HAL_Driver/Src/stm32h7xx_hal_eth_ex.c ****     pL4FilterConfig->DestPortFilterMatch = READ_BIT(heth->Instance->MACL3L4C1R,
 283              		.loc 1 211 31 view .LVU58
 284 004e 1A60     		str	r2, [r3]
 212:Drivers/STM32H7xx_HAL_Driver/Src/stm32h7xx_hal_eth_ex.c ****                                                     (ETH_MACL3L4CR_L4DPM | ETH_MACL3L4CR_L4DPIM));
 285              		.loc 1 212 5 is_stmt 1 view .LVU59
 212:Drivers/STM32H7xx_HAL_Driver/Src/stm32h7xx_hal_eth_ex.c ****                                                     (ETH_MACL3L4CR_L4DPM | ETH_MACL3L4CR_L4DPIM));
 286              		.loc 1 212 44 is_stmt 0 view .LVU60
 287 0050 0268     		ldr	r2, [r0]
ARM GAS  /tmp/ccfostYI.s 			page 10


 288 0052 D2F83029 		ldr	r2, [r2, #2352]
 289 0056 02F44012 		and	r2, r2, #3145728
 212:Drivers/STM32H7xx_HAL_Driver/Src/stm32h7xx_hal_eth_ex.c ****                                                     (ETH_MACL3L4CR_L4DPM | ETH_MACL3L4CR_L4DPIM));
 290              		.loc 1 212 42 view .LVU61
 291 005a 9A60     		str	r2, [r3, #8]
 214:Drivers/STM32H7xx_HAL_Driver/Src/stm32h7xx_hal_eth_ex.c ****                                                    (ETH_MACL3L4CR_L4SPM | ETH_MACL3L4CR_L4SPIM));
 292              		.loc 1 214 5 is_stmt 1 view .LVU62
 214:Drivers/STM32H7xx_HAL_Driver/Src/stm32h7xx_hal_eth_ex.c ****                                                    (ETH_MACL3L4CR_L4SPM | ETH_MACL3L4CR_L4SPIM));
 293              		.loc 1 214 43 is_stmt 0 view .LVU63
 294 005c 0268     		ldr	r2, [r0]
 295 005e D2F83029 		ldr	r2, [r2, #2352]
 296 0062 02F44022 		and	r2, r2, #786432
 214:Drivers/STM32H7xx_HAL_Driver/Src/stm32h7xx_hal_eth_ex.c ****                                                    (ETH_MACL3L4CR_L4SPM | ETH_MACL3L4CR_L4SPIM));
 297              		.loc 1 214 41 view .LVU64
 298 0066 5A60     		str	r2, [r3, #4]
 218:Drivers/STM32H7xx_HAL_Driver/Src/stm32h7xx_hal_eth_ex.c ****     pL4FilterConfig->SourcePort = READ_BIT(heth->Instance->MACL4A1R, ETH_MAC_L4_SRSP_MASK);
 299              		.loc 1 218 5 is_stmt 1 view .LVU65
 218:Drivers/STM32H7xx_HAL_Driver/Src/stm32h7xx_hal_eth_ex.c ****     pL4FilterConfig->SourcePort = READ_BIT(heth->Instance->MACL4A1R, ETH_MAC_L4_SRSP_MASK);
 300              		.loc 1 218 41 is_stmt 0 view .LVU66
 301 0068 0268     		ldr	r2, [r0]
 302 006a D2F83429 		ldr	r2, [r2, #2356]
 218:Drivers/STM32H7xx_HAL_Driver/Src/stm32h7xx_hal_eth_ex.c ****     pL4FilterConfig->SourcePort = READ_BIT(heth->Instance->MACL4A1R, ETH_MAC_L4_SRSP_MASK);
 303              		.loc 1 218 98 view .LVU67
 304 006e 120C     		lsrs	r2, r2, #16
 218:Drivers/STM32H7xx_HAL_Driver/Src/stm32h7xx_hal_eth_ex.c ****     pL4FilterConfig->SourcePort = READ_BIT(heth->Instance->MACL4A1R, ETH_MAC_L4_SRSP_MASK);
 305              		.loc 1 218 38 view .LVU68
 306 0070 1A61     		str	r2, [r3, #16]
 219:Drivers/STM32H7xx_HAL_Driver/Src/stm32h7xx_hal_eth_ex.c ****   }
 307              		.loc 1 219 5 is_stmt 1 view .LVU69
 219:Drivers/STM32H7xx_HAL_Driver/Src/stm32h7xx_hal_eth_ex.c ****   }
 308              		.loc 1 219 35 is_stmt 0 view .LVU70
 309 0072 0268     		ldr	r2, [r0]
 310 0074 D2F83429 		ldr	r2, [r2, #2356]
 311 0078 92B2     		uxth	r2, r2
 219:Drivers/STM32H7xx_HAL_Driver/Src/stm32h7xx_hal_eth_ex.c ****   }
 312              		.loc 1 219 33 view .LVU71
 313 007a DA60     		str	r2, [r3, #12]
 314              		.loc 1 222 10 view .LVU72
 315 007c 0020     		movs	r0, #0
 316              	.LVL19:
 317              		.loc 1 222 10 view .LVU73
 318 007e 7047     		bx	lr
 319              	.LVL20:
 320              	.L16:
 192:Drivers/STM32H7xx_HAL_Driver/Src/stm32h7xx_hal_eth_ex.c ****   }
 321              		.loc 1 192 12 view .LVU74
 322 0080 0120     		movs	r0, #1
 323              	.LVL21:
 223:Drivers/STM32H7xx_HAL_Driver/Src/stm32h7xx_hal_eth_ex.c **** }
 324              		.loc 1 223 1 view .LVU75
 325 0082 7047     		bx	lr
 326              		.cfi_endproc
 327              	.LFE148:
 329              		.section	.text.HAL_ETHEx_SetL3FilterConfig,"ax",%progbits
 330              		.align	1
 331              		.global	HAL_ETHEx_SetL3FilterConfig
 332              		.syntax unified
ARM GAS  /tmp/ccfostYI.s 			page 11


 333              		.thumb
 334              		.thumb_func
 335              		.fpu fpv5-d16
 337              	HAL_ETHEx_SetL3FilterConfig:
 338              	.LVL22:
 339              	.LFB149:
 224:Drivers/STM32H7xx_HAL_Driver/Src/stm32h7xx_hal_eth_ex.c **** 
 225:Drivers/STM32H7xx_HAL_Driver/Src/stm32h7xx_hal_eth_ex.c **** /**
 226:Drivers/STM32H7xx_HAL_Driver/Src/stm32h7xx_hal_eth_ex.c ****   * @brief  Configures the L3 Filter, this function allow to:
 227:Drivers/STM32H7xx_HAL_Driver/Src/stm32h7xx_hal_eth_ex.c ****   *         set the layer 3 protocol to be matched (IPv4 or IPv6)
 228:Drivers/STM32H7xx_HAL_Driver/Src/stm32h7xx_hal_eth_ex.c ****   *         enable/disable L3 source/destination port perfect/inverse match.
 229:Drivers/STM32H7xx_HAL_Driver/Src/stm32h7xx_hal_eth_ex.c ****   * @param  heth: pointer to a ETH_HandleTypeDef structure that contains
 230:Drivers/STM32H7xx_HAL_Driver/Src/stm32h7xx_hal_eth_ex.c ****   *         the configuration information for ETHERNET module
 231:Drivers/STM32H7xx_HAL_Driver/Src/stm32h7xx_hal_eth_ex.c ****   * @param  Filter: L3 filter to configured, this parameter must be one of the following
 232:Drivers/STM32H7xx_HAL_Driver/Src/stm32h7xx_hal_eth_ex.c ****   *           ETH_L3_FILTER_0
 233:Drivers/STM32H7xx_HAL_Driver/Src/stm32h7xx_hal_eth_ex.c ****   *           ETH_L3_FILTER_1
 234:Drivers/STM32H7xx_HAL_Driver/Src/stm32h7xx_hal_eth_ex.c ****   * @param  pL3FilterConfig: pointer to a ETH_L3FilterConfigTypeDef structure
 235:Drivers/STM32H7xx_HAL_Driver/Src/stm32h7xx_hal_eth_ex.c ****   *         that contains L3 filter configuration.
 236:Drivers/STM32H7xx_HAL_Driver/Src/stm32h7xx_hal_eth_ex.c ****   * @retval HAL status
 237:Drivers/STM32H7xx_HAL_Driver/Src/stm32h7xx_hal_eth_ex.c ****   */
 238:Drivers/STM32H7xx_HAL_Driver/Src/stm32h7xx_hal_eth_ex.c **** HAL_StatusTypeDef HAL_ETHEx_SetL3FilterConfig(ETH_HandleTypeDef *heth, uint32_t Filter,
 239:Drivers/STM32H7xx_HAL_Driver/Src/stm32h7xx_hal_eth_ex.c ****                                               const ETH_L3FilterConfigTypeDef *pL3FilterConfig)
 240:Drivers/STM32H7xx_HAL_Driver/Src/stm32h7xx_hal_eth_ex.c **** {
 340              		.loc 1 240 1 is_stmt 1 view -0
 341              		.cfi_startproc
 342              		@ args = 0, pretend = 0, frame = 0
 343              		@ frame_needed = 0, uses_anonymous_args = 0
 344              		@ link register save eliminated.
 241:Drivers/STM32H7xx_HAL_Driver/Src/stm32h7xx_hal_eth_ex.c ****   if (pL3FilterConfig == NULL)
 345              		.loc 1 241 3 view .LVU77
 346              		.loc 1 241 6 is_stmt 0 view .LVU78
 347 0000 002A     		cmp	r2, #0
 348 0002 6BD0     		beq	.L25
 240:Drivers/STM32H7xx_HAL_Driver/Src/stm32h7xx_hal_eth_ex.c ****   if (pL3FilterConfig == NULL)
 349              		.loc 1 240 1 view .LVU79
 350 0004 70B4     		push	{r4, r5, r6}
 351              	.LCFI4:
 352              		.cfi_def_cfa_offset 12
 353              		.cfi_offset 4, -12
 354              		.cfi_offset 5, -8
 355              		.cfi_offset 6, -4
 356 0006 1346     		mov	r3, r2
 242:Drivers/STM32H7xx_HAL_Driver/Src/stm32h7xx_hal_eth_ex.c ****   {
 243:Drivers/STM32H7xx_HAL_Driver/Src/stm32h7xx_hal_eth_ex.c ****     return HAL_ERROR;
 244:Drivers/STM32H7xx_HAL_Driver/Src/stm32h7xx_hal_eth_ex.c ****   }
 245:Drivers/STM32H7xx_HAL_Driver/Src/stm32h7xx_hal_eth_ex.c **** 
 246:Drivers/STM32H7xx_HAL_Driver/Src/stm32h7xx_hal_eth_ex.c ****   if (Filter == ETH_L3_FILTER_0)
 357              		.loc 1 246 3 is_stmt 1 view .LVU80
 358              		.loc 1 246 6 is_stmt 0 view .LVU81
 359 0008 0029     		cmp	r1, #0
 360 000a 2ED1     		bne	.L19
 247:Drivers/STM32H7xx_HAL_Driver/Src/stm32h7xx_hal_eth_ex.c ****   {
 248:Drivers/STM32H7xx_HAL_Driver/Src/stm32h7xx_hal_eth_ex.c ****     /* Write configuration to MACL3L4C0R register */
 249:Drivers/STM32H7xx_HAL_Driver/Src/stm32h7xx_hal_eth_ex.c ****     MODIFY_REG(heth->Instance->MACL3L4C0R, ETH_MACL3CR_MASK, (pL3FilterConfig->Protocol |
 361              		.loc 1 249 5 is_stmt 1 view .LVU82
 362 000c 0568     		ldr	r5, [r0]
 363 000e D5F80029 		ldr	r2, [r5, #2304]
ARM GAS  /tmp/ccfostYI.s 			page 12


 364              	.LVL23:
 365              		.loc 1 249 5 is_stmt 0 view .LVU83
 366 0012 334C     		ldr	r4, .L30
 367 0014 1440     		ands	r4, r4, r2
 368 0016 1A68     		ldr	r2, [r3]
 369 0018 5E68     		ldr	r6, [r3, #4]
 370 001a 3243     		orrs	r2, r2, r6
 371 001c 9E68     		ldr	r6, [r3, #8]
 372 001e 3243     		orrs	r2, r2, r6
 373 0020 DE68     		ldr	r6, [r3, #12]
 374 0022 42EA8612 		orr	r2, r2, r6, lsl #6
 375 0026 1E69     		ldr	r6, [r3, #16]
 376 0028 42EAC622 		orr	r2, r2, r6, lsl #11
 377 002c 2243     		orrs	r2, r2, r4
 378 002e C5F80029 		str	r2, [r5, #2304]
 379              	.L20:
 250:Drivers/STM32H7xx_HAL_Driver/Src/stm32h7xx_hal_eth_ex.c ****                                                               pL3FilterConfig->SrcAddrFilterMatch |
 251:Drivers/STM32H7xx_HAL_Driver/Src/stm32h7xx_hal_eth_ex.c ****                                                               pL3FilterConfig->DestAddrFilterMatch 
 252:Drivers/STM32H7xx_HAL_Driver/Src/stm32h7xx_hal_eth_ex.c ****                                                               (pL3FilterConfig->SrcAddrHigherBitsMa
 253:Drivers/STM32H7xx_HAL_Driver/Src/stm32h7xx_hal_eth_ex.c ****                                                               (pL3FilterConfig->DestAddrHigherBitsM
 254:Drivers/STM32H7xx_HAL_Driver/Src/stm32h7xx_hal_eth_ex.c ****   }
 255:Drivers/STM32H7xx_HAL_Driver/Src/stm32h7xx_hal_eth_ex.c ****   else  /* Filter == ETH_L3_FILTER_1 */
 256:Drivers/STM32H7xx_HAL_Driver/Src/stm32h7xx_hal_eth_ex.c ****   {
 257:Drivers/STM32H7xx_HAL_Driver/Src/stm32h7xx_hal_eth_ex.c ****     /* Write configuration to MACL3L4C1R register */
 258:Drivers/STM32H7xx_HAL_Driver/Src/stm32h7xx_hal_eth_ex.c ****     MODIFY_REG(heth->Instance->MACL3L4C1R, ETH_MACL3CR_MASK, (pL3FilterConfig->Protocol |
 259:Drivers/STM32H7xx_HAL_Driver/Src/stm32h7xx_hal_eth_ex.c ****                                                               pL3FilterConfig->SrcAddrFilterMatch |
 260:Drivers/STM32H7xx_HAL_Driver/Src/stm32h7xx_hal_eth_ex.c ****                                                               pL3FilterConfig->DestAddrFilterMatch 
 261:Drivers/STM32H7xx_HAL_Driver/Src/stm32h7xx_hal_eth_ex.c ****                                                               (pL3FilterConfig->SrcAddrHigherBitsMa
 262:Drivers/STM32H7xx_HAL_Driver/Src/stm32h7xx_hal_eth_ex.c ****                                                               (pL3FilterConfig->DestAddrHigherBitsM
 263:Drivers/STM32H7xx_HAL_Driver/Src/stm32h7xx_hal_eth_ex.c ****   }
 264:Drivers/STM32H7xx_HAL_Driver/Src/stm32h7xx_hal_eth_ex.c **** 
 265:Drivers/STM32H7xx_HAL_Driver/Src/stm32h7xx_hal_eth_ex.c ****   if (Filter == ETH_L3_FILTER_0)
 380              		.loc 1 265 3 is_stmt 1 view .LVU84
 381              		.loc 1 265 6 is_stmt 0 view .LVU85
 382 0032 0029     		cmp	r1, #0
 383 0034 36D1     		bne	.L21
 266:Drivers/STM32H7xx_HAL_Driver/Src/stm32h7xx_hal_eth_ex.c ****   {
 267:Drivers/STM32H7xx_HAL_Driver/Src/stm32h7xx_hal_eth_ex.c ****     /* Check if IPv6 protocol is selected */
 268:Drivers/STM32H7xx_HAL_Driver/Src/stm32h7xx_hal_eth_ex.c ****     if (pL3FilterConfig->Protocol != ETH_L3_IPV4_MATCH)
 384              		.loc 1 268 5 is_stmt 1 view .LVU86
 385              		.loc 1 268 24 is_stmt 0 view .LVU87
 386 0036 1A68     		ldr	r2, [r3]
 387              		.loc 1 268 8 view .LVU88
 388 0038 5AB3     		cbz	r2, .L22
 269:Drivers/STM32H7xx_HAL_Driver/Src/stm32h7xx_hal_eth_ex.c ****     {
 270:Drivers/STM32H7xx_HAL_Driver/Src/stm32h7xx_hal_eth_ex.c ****       /* Set the IPv6 address match */
 271:Drivers/STM32H7xx_HAL_Driver/Src/stm32h7xx_hal_eth_ex.c ****       /* Set Bits[31:0] of 128-bit IP addr */
 272:Drivers/STM32H7xx_HAL_Driver/Src/stm32h7xx_hal_eth_ex.c ****       WRITE_REG(heth->Instance->MACL3A0R0R, pL3FilterConfig->Ip6Addr[0]);
 389              		.loc 1 272 7 is_stmt 1 view .LVU89
 390 003a 0268     		ldr	r2, [r0]
 391 003c D969     		ldr	r1, [r3, #28]
 392              	.LVL24:
 393              		.loc 1 272 7 is_stmt 0 view .LVU90
 394 003e C2F81019 		str	r1, [r2, #2320]
 273:Drivers/STM32H7xx_HAL_Driver/Src/stm32h7xx_hal_eth_ex.c ****       /* Set Bits[63:32] of 128-bit IP addr */
 274:Drivers/STM32H7xx_HAL_Driver/Src/stm32h7xx_hal_eth_ex.c ****       WRITE_REG(heth->Instance->MACL3A1R0R, pL3FilterConfig->Ip6Addr[1]);
 395              		.loc 1 274 7 is_stmt 1 view .LVU91
ARM GAS  /tmp/ccfostYI.s 			page 13


 396 0042 0268     		ldr	r2, [r0]
 397 0044 196A     		ldr	r1, [r3, #32]
 398 0046 C2F81419 		str	r1, [r2, #2324]
 275:Drivers/STM32H7xx_HAL_Driver/Src/stm32h7xx_hal_eth_ex.c ****       /* update Bits[95:64] of 128-bit IP addr */
 276:Drivers/STM32H7xx_HAL_Driver/Src/stm32h7xx_hal_eth_ex.c ****       WRITE_REG(heth->Instance->MACL3A2R0R, pL3FilterConfig->Ip6Addr[2]);
 399              		.loc 1 276 7 view .LVU92
 400 004a 0268     		ldr	r2, [r0]
 401 004c 596A     		ldr	r1, [r3, #36]
 402 004e C2F81819 		str	r1, [r2, #2328]
 277:Drivers/STM32H7xx_HAL_Driver/Src/stm32h7xx_hal_eth_ex.c ****       /* update Bits[127:96] of 128-bit IP addr */
 278:Drivers/STM32H7xx_HAL_Driver/Src/stm32h7xx_hal_eth_ex.c ****       WRITE_REG(heth->Instance->MACL3A3R0R, pL3FilterConfig->Ip6Addr[3]);
 403              		.loc 1 278 7 view .LVU93
 404 0052 0268     		ldr	r2, [r0]
 405 0054 9B6A     		ldr	r3, [r3, #40]
 406              	.LVL25:
 407              		.loc 1 278 7 is_stmt 0 view .LVU94
 408 0056 C2F81C39 		str	r3, [r2, #2332]
 409              	.L23:
 279:Drivers/STM32H7xx_HAL_Driver/Src/stm32h7xx_hal_eth_ex.c ****     }
 280:Drivers/STM32H7xx_HAL_Driver/Src/stm32h7xx_hal_eth_ex.c ****     else /* IPv4 protocol is selected */
 281:Drivers/STM32H7xx_HAL_Driver/Src/stm32h7xx_hal_eth_ex.c ****     {
 282:Drivers/STM32H7xx_HAL_Driver/Src/stm32h7xx_hal_eth_ex.c ****       /* Set the IPv4 source address match */
 283:Drivers/STM32H7xx_HAL_Driver/Src/stm32h7xx_hal_eth_ex.c ****       WRITE_REG(heth->Instance->MACL3A0R0R, pL3FilterConfig->Ip4SrcAddr);
 284:Drivers/STM32H7xx_HAL_Driver/Src/stm32h7xx_hal_eth_ex.c ****       /* Set the IPv4 destination address match */
 285:Drivers/STM32H7xx_HAL_Driver/Src/stm32h7xx_hal_eth_ex.c ****       WRITE_REG(heth->Instance->MACL3A1R0R, pL3FilterConfig->Ip4DestAddr);
 286:Drivers/STM32H7xx_HAL_Driver/Src/stm32h7xx_hal_eth_ex.c ****     }
 287:Drivers/STM32H7xx_HAL_Driver/Src/stm32h7xx_hal_eth_ex.c ****   }
 288:Drivers/STM32H7xx_HAL_Driver/Src/stm32h7xx_hal_eth_ex.c ****   else  /* Filter == ETH_L3_FILTER_1 */
 289:Drivers/STM32H7xx_HAL_Driver/Src/stm32h7xx_hal_eth_ex.c ****   {
 290:Drivers/STM32H7xx_HAL_Driver/Src/stm32h7xx_hal_eth_ex.c ****     /* Check if IPv6 protocol is selected */
 291:Drivers/STM32H7xx_HAL_Driver/Src/stm32h7xx_hal_eth_ex.c ****     if (pL3FilterConfig->Protocol != ETH_L3_IPV4_MATCH)
 292:Drivers/STM32H7xx_HAL_Driver/Src/stm32h7xx_hal_eth_ex.c ****     {
 293:Drivers/STM32H7xx_HAL_Driver/Src/stm32h7xx_hal_eth_ex.c ****       /* Set the IPv6 address match */
 294:Drivers/STM32H7xx_HAL_Driver/Src/stm32h7xx_hal_eth_ex.c ****       /* Set Bits[31:0] of 128-bit IP addr */
 295:Drivers/STM32H7xx_HAL_Driver/Src/stm32h7xx_hal_eth_ex.c ****       WRITE_REG(heth->Instance->MACL3A0R1R, pL3FilterConfig->Ip6Addr[0]);
 296:Drivers/STM32H7xx_HAL_Driver/Src/stm32h7xx_hal_eth_ex.c ****       /* Set Bits[63:32] of 128-bit IP addr */
 297:Drivers/STM32H7xx_HAL_Driver/Src/stm32h7xx_hal_eth_ex.c ****       WRITE_REG(heth->Instance->MACL3A1R1R, pL3FilterConfig->Ip6Addr[1]);
 298:Drivers/STM32H7xx_HAL_Driver/Src/stm32h7xx_hal_eth_ex.c ****       /* update Bits[95:64] of 128-bit IP addr */
 299:Drivers/STM32H7xx_HAL_Driver/Src/stm32h7xx_hal_eth_ex.c ****       WRITE_REG(heth->Instance->MACL3A1R1R, pL3FilterConfig->Ip6Addr[2]);
 300:Drivers/STM32H7xx_HAL_Driver/Src/stm32h7xx_hal_eth_ex.c ****       /* update Bits[127:96] of 128-bit IP addr */
 301:Drivers/STM32H7xx_HAL_Driver/Src/stm32h7xx_hal_eth_ex.c ****       WRITE_REG(heth->Instance->MACL3A1R1R, pL3FilterConfig->Ip6Addr[3]);
 302:Drivers/STM32H7xx_HAL_Driver/Src/stm32h7xx_hal_eth_ex.c ****     }
 303:Drivers/STM32H7xx_HAL_Driver/Src/stm32h7xx_hal_eth_ex.c ****     else /* IPv4 protocol is selected */
 304:Drivers/STM32H7xx_HAL_Driver/Src/stm32h7xx_hal_eth_ex.c ****     {
 305:Drivers/STM32H7xx_HAL_Driver/Src/stm32h7xx_hal_eth_ex.c ****       /* Set the IPv4 source address match */
 306:Drivers/STM32H7xx_HAL_Driver/Src/stm32h7xx_hal_eth_ex.c ****       WRITE_REG(heth->Instance->MACL3A0R1R, pL3FilterConfig->Ip4SrcAddr);
 307:Drivers/STM32H7xx_HAL_Driver/Src/stm32h7xx_hal_eth_ex.c ****       /* Set the IPv4 destination address match */
 308:Drivers/STM32H7xx_HAL_Driver/Src/stm32h7xx_hal_eth_ex.c ****       WRITE_REG(heth->Instance->MACL3A0R1R, pL3FilterConfig->Ip4DestAddr);
 309:Drivers/STM32H7xx_HAL_Driver/Src/stm32h7xx_hal_eth_ex.c **** 
 310:Drivers/STM32H7xx_HAL_Driver/Src/stm32h7xx_hal_eth_ex.c ****     }
 311:Drivers/STM32H7xx_HAL_Driver/Src/stm32h7xx_hal_eth_ex.c ****   }
 312:Drivers/STM32H7xx_HAL_Driver/Src/stm32h7xx_hal_eth_ex.c **** 
 313:Drivers/STM32H7xx_HAL_Driver/Src/stm32h7xx_hal_eth_ex.c ****   /* Enable L3 filter */
 314:Drivers/STM32H7xx_HAL_Driver/Src/stm32h7xx_hal_eth_ex.c ****   SET_BIT(heth->Instance->MACPFR, ETH_MACPFR_IPFE);
 410              		.loc 1 314 3 is_stmt 1 view .LVU95
 411 005a 0268     		ldr	r2, [r0]
 412 005c 9368     		ldr	r3, [r2, #8]
ARM GAS  /tmp/ccfostYI.s 			page 14


 413 005e 43F48013 		orr	r3, r3, #1048576
 414 0062 9360     		str	r3, [r2, #8]
 315:Drivers/STM32H7xx_HAL_Driver/Src/stm32h7xx_hal_eth_ex.c **** 
 316:Drivers/STM32H7xx_HAL_Driver/Src/stm32h7xx_hal_eth_ex.c ****   return HAL_OK;
 415              		.loc 1 316 3 view .LVU96
 416              		.loc 1 316 10 is_stmt 0 view .LVU97
 417 0064 0020     		movs	r0, #0
 418              	.LVL26:
 317:Drivers/STM32H7xx_HAL_Driver/Src/stm32h7xx_hal_eth_ex.c **** }
 419              		.loc 1 317 1 view .LVU98
 420 0066 70BC     		pop	{r4, r5, r6}
 421              	.LCFI5:
 422              		.cfi_remember_state
 423              		.cfi_restore 6
 424              		.cfi_restore 5
 425              		.cfi_restore 4
 426              		.cfi_def_cfa_offset 0
 427 0068 7047     		bx	lr
 428              	.LVL27:
 429              	.L19:
 430              	.LCFI6:
 431              		.cfi_restore_state
 258:Drivers/STM32H7xx_HAL_Driver/Src/stm32h7xx_hal_eth_ex.c ****                                                               pL3FilterConfig->SrcAddrFilterMatch |
 432              		.loc 1 258 5 is_stmt 1 view .LVU99
 433 006a 0568     		ldr	r5, [r0]
 434 006c D5F83029 		ldr	r2, [r5, #2352]
 435              	.LVL28:
 258:Drivers/STM32H7xx_HAL_Driver/Src/stm32h7xx_hal_eth_ex.c ****                                                               pL3FilterConfig->SrcAddrFilterMatch |
 436              		.loc 1 258 5 is_stmt 0 view .LVU100
 437 0070 1B4C     		ldr	r4, .L30
 438 0072 1440     		ands	r4, r4, r2
 439 0074 1A68     		ldr	r2, [r3]
 440 0076 5E68     		ldr	r6, [r3, #4]
 441 0078 3243     		orrs	r2, r2, r6
 442 007a 9E68     		ldr	r6, [r3, #8]
 443 007c 3243     		orrs	r2, r2, r6
 444 007e DE68     		ldr	r6, [r3, #12]
 445 0080 42EA8612 		orr	r2, r2, r6, lsl #6
 446 0084 1E69     		ldr	r6, [r3, #16]
 447 0086 42EAC622 		orr	r2, r2, r6, lsl #11
 448 008a 2243     		orrs	r2, r2, r4
 449 008c C5F83029 		str	r2, [r5, #2352]
 450 0090 CFE7     		b	.L20
 451              	.L22:
 283:Drivers/STM32H7xx_HAL_Driver/Src/stm32h7xx_hal_eth_ex.c ****       /* Set the IPv4 destination address match */
 452              		.loc 1 283 7 is_stmt 1 view .LVU101
 453 0092 0268     		ldr	r2, [r0]
 454 0094 5969     		ldr	r1, [r3, #20]
 455              	.LVL29:
 283:Drivers/STM32H7xx_HAL_Driver/Src/stm32h7xx_hal_eth_ex.c ****       /* Set the IPv4 destination address match */
 456              		.loc 1 283 7 is_stmt 0 view .LVU102
 457 0096 C2F81019 		str	r1, [r2, #2320]
 285:Drivers/STM32H7xx_HAL_Driver/Src/stm32h7xx_hal_eth_ex.c ****     }
 458              		.loc 1 285 7 is_stmt 1 view .LVU103
 459 009a 0268     		ldr	r2, [r0]
 460 009c 9B69     		ldr	r3, [r3, #24]
 461              	.LVL30:
ARM GAS  /tmp/ccfostYI.s 			page 15


 285:Drivers/STM32H7xx_HAL_Driver/Src/stm32h7xx_hal_eth_ex.c ****     }
 462              		.loc 1 285 7 is_stmt 0 view .LVU104
 463 009e C2F81439 		str	r3, [r2, #2324]
 464 00a2 DAE7     		b	.L23
 465              	.LVL31:
 466              	.L21:
 291:Drivers/STM32H7xx_HAL_Driver/Src/stm32h7xx_hal_eth_ex.c ****     {
 467              		.loc 1 291 5 is_stmt 1 view .LVU105
 291:Drivers/STM32H7xx_HAL_Driver/Src/stm32h7xx_hal_eth_ex.c ****     {
 468              		.loc 1 291 24 is_stmt 0 view .LVU106
 469 00a4 1A68     		ldr	r2, [r3]
 291:Drivers/STM32H7xx_HAL_Driver/Src/stm32h7xx_hal_eth_ex.c ****     {
 470              		.loc 1 291 8 view .LVU107
 471 00a6 82B1     		cbz	r2, .L24
 295:Drivers/STM32H7xx_HAL_Driver/Src/stm32h7xx_hal_eth_ex.c ****       /* Set Bits[63:32] of 128-bit IP addr */
 472              		.loc 1 295 7 is_stmt 1 view .LVU108
 473 00a8 0268     		ldr	r2, [r0]
 474 00aa D969     		ldr	r1, [r3, #28]
 475              	.LVL32:
 295:Drivers/STM32H7xx_HAL_Driver/Src/stm32h7xx_hal_eth_ex.c ****       /* Set Bits[63:32] of 128-bit IP addr */
 476              		.loc 1 295 7 is_stmt 0 view .LVU109
 477 00ac C2F84019 		str	r1, [r2, #2368]
 297:Drivers/STM32H7xx_HAL_Driver/Src/stm32h7xx_hal_eth_ex.c ****       /* update Bits[95:64] of 128-bit IP addr */
 478              		.loc 1 297 7 is_stmt 1 view .LVU110
 479 00b0 0268     		ldr	r2, [r0]
 480 00b2 196A     		ldr	r1, [r3, #32]
 481 00b4 C2F84419 		str	r1, [r2, #2372]
 299:Drivers/STM32H7xx_HAL_Driver/Src/stm32h7xx_hal_eth_ex.c ****       /* update Bits[127:96] of 128-bit IP addr */
 482              		.loc 1 299 7 view .LVU111
 483 00b8 0268     		ldr	r2, [r0]
 484 00ba 596A     		ldr	r1, [r3, #36]
 485 00bc C2F84419 		str	r1, [r2, #2372]
 301:Drivers/STM32H7xx_HAL_Driver/Src/stm32h7xx_hal_eth_ex.c ****     }
 486              		.loc 1 301 7 view .LVU112
 487 00c0 0268     		ldr	r2, [r0]
 488 00c2 9B6A     		ldr	r3, [r3, #40]
 489              	.LVL33:
 301:Drivers/STM32H7xx_HAL_Driver/Src/stm32h7xx_hal_eth_ex.c ****     }
 490              		.loc 1 301 7 is_stmt 0 view .LVU113
 491 00c4 C2F84439 		str	r3, [r2, #2372]
 492 00c8 C7E7     		b	.L23
 493              	.LVL34:
 494              	.L24:
 306:Drivers/STM32H7xx_HAL_Driver/Src/stm32h7xx_hal_eth_ex.c ****       /* Set the IPv4 destination address match */
 495              		.loc 1 306 7 is_stmt 1 view .LVU114
 496 00ca 0268     		ldr	r2, [r0]
 497 00cc 5969     		ldr	r1, [r3, #20]
 498              	.LVL35:
 306:Drivers/STM32H7xx_HAL_Driver/Src/stm32h7xx_hal_eth_ex.c ****       /* Set the IPv4 destination address match */
 499              		.loc 1 306 7 is_stmt 0 view .LVU115
 500 00ce C2F84019 		str	r1, [r2, #2368]
 308:Drivers/STM32H7xx_HAL_Driver/Src/stm32h7xx_hal_eth_ex.c **** 
 501              		.loc 1 308 7 is_stmt 1 view .LVU116
 502 00d2 0268     		ldr	r2, [r0]
 503 00d4 9B69     		ldr	r3, [r3, #24]
 504              	.LVL36:
 308:Drivers/STM32H7xx_HAL_Driver/Src/stm32h7xx_hal_eth_ex.c **** 
ARM GAS  /tmp/ccfostYI.s 			page 16


 505              		.loc 1 308 7 is_stmt 0 view .LVU117
 506 00d6 C2F84039 		str	r3, [r2, #2368]
 507 00da BEE7     		b	.L23
 508              	.LVL37:
 509              	.L25:
 510              	.LCFI7:
 511              		.cfi_def_cfa_offset 0
 512              		.cfi_restore 4
 513              		.cfi_restore 5
 514              		.cfi_restore 6
 243:Drivers/STM32H7xx_HAL_Driver/Src/stm32h7xx_hal_eth_ex.c ****   }
 515              		.loc 1 243 12 view .LVU118
 516 00dc 0120     		movs	r0, #1
 517              	.LVL38:
 518              		.loc 1 317 1 view .LVU119
 519 00de 7047     		bx	lr
 520              	.L31:
 521              		.align	2
 522              	.L30:
 523 00e0 0200FFFF 		.word	-65534
 524              		.cfi_endproc
 525              	.LFE149:
 527              		.section	.text.HAL_ETHEx_GetL3FilterConfig,"ax",%progbits
 528              		.align	1
 529              		.global	HAL_ETHEx_GetL3FilterConfig
 530              		.syntax unified
 531              		.thumb
 532              		.thumb_func
 533              		.fpu fpv5-d16
 535              	HAL_ETHEx_GetL3FilterConfig:
 536              	.LVL39:
 537              	.LFB150:
 318:Drivers/STM32H7xx_HAL_Driver/Src/stm32h7xx_hal_eth_ex.c **** 
 319:Drivers/STM32H7xx_HAL_Driver/Src/stm32h7xx_hal_eth_ex.c **** /**
 320:Drivers/STM32H7xx_HAL_Driver/Src/stm32h7xx_hal_eth_ex.c ****   * @brief  Configures the L3 Filter, this function allow to:
 321:Drivers/STM32H7xx_HAL_Driver/Src/stm32h7xx_hal_eth_ex.c ****   *         set the layer 3 protocol to be matched (IPv4 or IPv6)
 322:Drivers/STM32H7xx_HAL_Driver/Src/stm32h7xx_hal_eth_ex.c ****   *         enable/disable L3 source/destination port perfect/inverse match.
 323:Drivers/STM32H7xx_HAL_Driver/Src/stm32h7xx_hal_eth_ex.c ****   * @param  heth: pointer to a ETH_HandleTypeDef structure that contains
 324:Drivers/STM32H7xx_HAL_Driver/Src/stm32h7xx_hal_eth_ex.c ****   *         the configuration information for ETHERNET module
 325:Drivers/STM32H7xx_HAL_Driver/Src/stm32h7xx_hal_eth_ex.c ****   * @param  Filter: L3 filter to configured, this parameter must be one of the following
 326:Drivers/STM32H7xx_HAL_Driver/Src/stm32h7xx_hal_eth_ex.c ****   *           ETH_L3_FILTER_0
 327:Drivers/STM32H7xx_HAL_Driver/Src/stm32h7xx_hal_eth_ex.c ****   *           ETH_L3_FILTER_1
 328:Drivers/STM32H7xx_HAL_Driver/Src/stm32h7xx_hal_eth_ex.c ****   * @param  pL3FilterConfig: pointer to a ETH_L3FilterConfigTypeDef structure
 329:Drivers/STM32H7xx_HAL_Driver/Src/stm32h7xx_hal_eth_ex.c ****   *         that will contain the L3 filter configuration.
 330:Drivers/STM32H7xx_HAL_Driver/Src/stm32h7xx_hal_eth_ex.c ****   * @retval HAL status
 331:Drivers/STM32H7xx_HAL_Driver/Src/stm32h7xx_hal_eth_ex.c ****   */
 332:Drivers/STM32H7xx_HAL_Driver/Src/stm32h7xx_hal_eth_ex.c **** HAL_StatusTypeDef HAL_ETHEx_GetL3FilterConfig(const ETH_HandleTypeDef *heth, uint32_t Filter,
 333:Drivers/STM32H7xx_HAL_Driver/Src/stm32h7xx_hal_eth_ex.c ****                                               ETH_L3FilterConfigTypeDef *pL3FilterConfig)
 334:Drivers/STM32H7xx_HAL_Driver/Src/stm32h7xx_hal_eth_ex.c **** {
 538              		.loc 1 334 1 is_stmt 1 view -0
 539              		.cfi_startproc
 540              		@ args = 0, pretend = 0, frame = 0
 541              		@ frame_needed = 0, uses_anonymous_args = 0
 542              		@ link register save eliminated.
 335:Drivers/STM32H7xx_HAL_Driver/Src/stm32h7xx_hal_eth_ex.c ****   if (pL3FilterConfig == NULL)
 543              		.loc 1 335 3 view .LVU121
 544              		.loc 1 335 6 is_stmt 0 view .LVU122
ARM GAS  /tmp/ccfostYI.s 			page 17


 545 0000 002A     		cmp	r2, #0
 546 0002 66D0     		beq	.L37
 334:Drivers/STM32H7xx_HAL_Driver/Src/stm32h7xx_hal_eth_ex.c ****   if (pL3FilterConfig == NULL)
 547              		.loc 1 334 1 view .LVU123
 548 0004 10B4     		push	{r4}
 549              	.LCFI8:
 550              		.cfi_def_cfa_offset 4
 551              		.cfi_offset 4, -4
 552 0006 1346     		mov	r3, r2
 336:Drivers/STM32H7xx_HAL_Driver/Src/stm32h7xx_hal_eth_ex.c ****   {
 337:Drivers/STM32H7xx_HAL_Driver/Src/stm32h7xx_hal_eth_ex.c ****     return HAL_ERROR;
 338:Drivers/STM32H7xx_HAL_Driver/Src/stm32h7xx_hal_eth_ex.c ****   }
 339:Drivers/STM32H7xx_HAL_Driver/Src/stm32h7xx_hal_eth_ex.c ****   pL3FilterConfig->Protocol = READ_BIT(*((__IO uint32_t *)(&(heth->Instance->MACL3L4C0R) + Filter))
 553              		.loc 1 339 3 is_stmt 1 view .LVU124
 554              		.loc 1 339 31 is_stmt 0 view .LVU125
 555 0008 0268     		ldr	r2, [r0]
 556              	.LVL40:
 557              		.loc 1 339 31 view .LVU126
 558 000a 02F51062 		add	r2, r2, #2304
 559 000e 52F82120 		ldr	r2, [r2, r1, lsl #2]
 560 0012 02F00102 		and	r2, r2, #1
 561              		.loc 1 339 29 view .LVU127
 562 0016 1A60     		str	r2, [r3]
 340:Drivers/STM32H7xx_HAL_Driver/Src/stm32h7xx_hal_eth_ex.c ****                                        ETH_MACL3L4CR_L3PEN);
 341:Drivers/STM32H7xx_HAL_Driver/Src/stm32h7xx_hal_eth_ex.c ****   pL3FilterConfig->SrcAddrFilterMatch = READ_BIT(*((__IO uint32_t *)(&(heth->Instance->MACL3L4C0R) 
 563              		.loc 1 341 3 is_stmt 1 view .LVU128
 564              		.loc 1 341 41 is_stmt 0 view .LVU129
 565 0018 0468     		ldr	r4, [r0]
 566 001a 04F51064 		add	r4, r4, #2304
 567 001e 54F82140 		ldr	r4, [r4, r1, lsl #2]
 568 0022 04F00C04 		and	r4, r4, #12
 569              		.loc 1 341 39 view .LVU130
 570 0026 5C60     		str	r4, [r3, #4]
 342:Drivers/STM32H7xx_HAL_Driver/Src/stm32h7xx_hal_eth_ex.c ****                                                  (ETH_MACL3L4CR_L3SAM | ETH_MACL3L4CR_L3SAIM));
 343:Drivers/STM32H7xx_HAL_Driver/Src/stm32h7xx_hal_eth_ex.c ****   pL3FilterConfig->DestAddrFilterMatch = READ_BIT(*((__IO uint32_t *)(&(heth->Instance->MACL3L4C0R)
 571              		.loc 1 343 3 is_stmt 1 view .LVU131
 572              		.loc 1 343 42 is_stmt 0 view .LVU132
 573 0028 0468     		ldr	r4, [r0]
 574 002a 04F51064 		add	r4, r4, #2304
 575 002e 54F82140 		ldr	r4, [r4, r1, lsl #2]
 576 0032 04F03004 		and	r4, r4, #48
 577              		.loc 1 343 40 view .LVU133
 578 0036 9C60     		str	r4, [r3, #8]
 344:Drivers/STM32H7xx_HAL_Driver/Src/stm32h7xx_hal_eth_ex.c ****                                                   (ETH_MACL3L4CR_L3DAM | ETH_MACL3L4CR_L3DAIM));
 345:Drivers/STM32H7xx_HAL_Driver/Src/stm32h7xx_hal_eth_ex.c ****   pL3FilterConfig->SrcAddrHigherBitsMatch = (READ_BIT(*((__IO uint32_t *)(&(heth->Instance->MACL3L4
 579              		.loc 1 345 3 is_stmt 1 view .LVU134
 580              		.loc 1 345 46 is_stmt 0 view .LVU135
 581 0038 0468     		ldr	r4, [r0]
 582 003a 04F51064 		add	r4, r4, #2304
 583 003e 54F82140 		ldr	r4, [r4, r1, lsl #2]
 346:Drivers/STM32H7xx_HAL_Driver/Src/stm32h7xx_hal_eth_ex.c ****                                                       ETH_MACL3L4CR_L3HSBM) >> 6);
 584              		.loc 1 346 77 view .LVU136
 585 0042 C4F38414 		ubfx	r4, r4, #6, #5
 345:Drivers/STM32H7xx_HAL_Driver/Src/stm32h7xx_hal_eth_ex.c ****                                                       ETH_MACL3L4CR_L3HSBM) >> 6);
 586              		.loc 1 345 43 view .LVU137
 587 0046 DC60     		str	r4, [r3, #12]
 347:Drivers/STM32H7xx_HAL_Driver/Src/stm32h7xx_hal_eth_ex.c ****   pL3FilterConfig->DestAddrHigherBitsMatch = (READ_BIT(*((__IO uint32_t *)(&(heth->Instance->MACL3L
ARM GAS  /tmp/ccfostYI.s 			page 18


 588              		.loc 1 347 3 is_stmt 1 view .LVU138
 589              		.loc 1 347 47 is_stmt 0 view .LVU139
 590 0048 0468     		ldr	r4, [r0]
 591 004a 04F51064 		add	r4, r4, #2304
 592 004e 54F82140 		ldr	r4, [r4, r1, lsl #2]
 348:Drivers/STM32H7xx_HAL_Driver/Src/stm32h7xx_hal_eth_ex.c ****                                                        ETH_MACL3L4CR_L3HDBM) >> 11);
 593              		.loc 1 348 78 view .LVU140
 594 0052 C4F3C424 		ubfx	r4, r4, #11, #5
 347:Drivers/STM32H7xx_HAL_Driver/Src/stm32h7xx_hal_eth_ex.c ****   pL3FilterConfig->DestAddrHigherBitsMatch = (READ_BIT(*((__IO uint32_t *)(&(heth->Instance->MACL3L
 595              		.loc 1 347 44 view .LVU141
 596 0056 1C61     		str	r4, [r3, #16]
 349:Drivers/STM32H7xx_HAL_Driver/Src/stm32h7xx_hal_eth_ex.c **** 
 350:Drivers/STM32H7xx_HAL_Driver/Src/stm32h7xx_hal_eth_ex.c ****   if (Filter == ETH_L3_FILTER_0)
 597              		.loc 1 350 3 is_stmt 1 view .LVU142
 598              		.loc 1 350 6 is_stmt 0 view .LVU143
 599 0058 F1B9     		cbnz	r1, .L34
 351:Drivers/STM32H7xx_HAL_Driver/Src/stm32h7xx_hal_eth_ex.c ****   {
 352:Drivers/STM32H7xx_HAL_Driver/Src/stm32h7xx_hal_eth_ex.c ****     if (pL3FilterConfig->Protocol != ETH_L3_IPV4_MATCH)
 600              		.loc 1 352 5 is_stmt 1 view .LVU144
 601              		.loc 1 352 8 is_stmt 0 view .LVU145
 602 005a 9AB1     		cbz	r2, .L35
 353:Drivers/STM32H7xx_HAL_Driver/Src/stm32h7xx_hal_eth_ex.c ****     {
 354:Drivers/STM32H7xx_HAL_Driver/Src/stm32h7xx_hal_eth_ex.c ****       WRITE_REG(pL3FilterConfig->Ip6Addr[0], heth->Instance->MACL3A0R0R);
 603              		.loc 1 354 7 is_stmt 1 view .LVU146
 604 005c 0268     		ldr	r2, [r0]
 605 005e D2F81029 		ldr	r2, [r2, #2320]
 606 0062 DA61     		str	r2, [r3, #28]
 355:Drivers/STM32H7xx_HAL_Driver/Src/stm32h7xx_hal_eth_ex.c ****       WRITE_REG(pL3FilterConfig->Ip6Addr[1], heth->Instance->MACL3A1R0R);
 607              		.loc 1 355 7 view .LVU147
 608 0064 0268     		ldr	r2, [r0]
 609 0066 D2F81429 		ldr	r2, [r2, #2324]
 610 006a 1A62     		str	r2, [r3, #32]
 356:Drivers/STM32H7xx_HAL_Driver/Src/stm32h7xx_hal_eth_ex.c ****       WRITE_REG(pL3FilterConfig->Ip6Addr[2], heth->Instance->MACL3A2R0R);
 611              		.loc 1 356 7 view .LVU148
 612 006c 0268     		ldr	r2, [r0]
 613 006e D2F81829 		ldr	r2, [r2, #2328]
 614 0072 5A62     		str	r2, [r3, #36]
 357:Drivers/STM32H7xx_HAL_Driver/Src/stm32h7xx_hal_eth_ex.c ****       WRITE_REG(pL3FilterConfig->Ip6Addr[3], heth->Instance->MACL3A3R0R);
 615              		.loc 1 357 7 view .LVU149
 616 0074 0268     		ldr	r2, [r0]
 617 0076 D2F81C29 		ldr	r2, [r2, #2332]
 618 007a 9A62     		str	r2, [r3, #40]
 358:Drivers/STM32H7xx_HAL_Driver/Src/stm32h7xx_hal_eth_ex.c ****     }
 359:Drivers/STM32H7xx_HAL_Driver/Src/stm32h7xx_hal_eth_ex.c ****     else
 360:Drivers/STM32H7xx_HAL_Driver/Src/stm32h7xx_hal_eth_ex.c ****     {
 361:Drivers/STM32H7xx_HAL_Driver/Src/stm32h7xx_hal_eth_ex.c ****       WRITE_REG(pL3FilterConfig->Ip4SrcAddr, heth->Instance->MACL3A0R0R);
 362:Drivers/STM32H7xx_HAL_Driver/Src/stm32h7xx_hal_eth_ex.c ****       WRITE_REG(pL3FilterConfig->Ip4DestAddr, heth->Instance->MACL3A1R0R);
 363:Drivers/STM32H7xx_HAL_Driver/Src/stm32h7xx_hal_eth_ex.c ****     }
 364:Drivers/STM32H7xx_HAL_Driver/Src/stm32h7xx_hal_eth_ex.c ****   }
 365:Drivers/STM32H7xx_HAL_Driver/Src/stm32h7xx_hal_eth_ex.c ****   else /* ETH_L3_FILTER_1 */
 366:Drivers/STM32H7xx_HAL_Driver/Src/stm32h7xx_hal_eth_ex.c ****   {
 367:Drivers/STM32H7xx_HAL_Driver/Src/stm32h7xx_hal_eth_ex.c ****     if (pL3FilterConfig->Protocol != ETH_L3_IPV4_MATCH)
 368:Drivers/STM32H7xx_HAL_Driver/Src/stm32h7xx_hal_eth_ex.c ****     {
 369:Drivers/STM32H7xx_HAL_Driver/Src/stm32h7xx_hal_eth_ex.c ****       WRITE_REG(pL3FilterConfig->Ip6Addr[0], heth->Instance->MACL3A0R1R);
 370:Drivers/STM32H7xx_HAL_Driver/Src/stm32h7xx_hal_eth_ex.c ****       WRITE_REG(pL3FilterConfig->Ip6Addr[1], heth->Instance->MACL3A1R1R);
 371:Drivers/STM32H7xx_HAL_Driver/Src/stm32h7xx_hal_eth_ex.c ****       WRITE_REG(pL3FilterConfig->Ip6Addr[2], heth->Instance->MACL3A2R1R);
 372:Drivers/STM32H7xx_HAL_Driver/Src/stm32h7xx_hal_eth_ex.c ****       WRITE_REG(pL3FilterConfig->Ip6Addr[3], heth->Instance->MACL3A3R1R);
ARM GAS  /tmp/ccfostYI.s 			page 19


 373:Drivers/STM32H7xx_HAL_Driver/Src/stm32h7xx_hal_eth_ex.c ****     }
 374:Drivers/STM32H7xx_HAL_Driver/Src/stm32h7xx_hal_eth_ex.c ****     else
 375:Drivers/STM32H7xx_HAL_Driver/Src/stm32h7xx_hal_eth_ex.c ****     {
 376:Drivers/STM32H7xx_HAL_Driver/Src/stm32h7xx_hal_eth_ex.c ****       WRITE_REG(pL3FilterConfig->Ip4SrcAddr, heth->Instance->MACL3A0R1R);
 377:Drivers/STM32H7xx_HAL_Driver/Src/stm32h7xx_hal_eth_ex.c ****       WRITE_REG(pL3FilterConfig->Ip4DestAddr, heth->Instance->MACL3A1R1R);
 378:Drivers/STM32H7xx_HAL_Driver/Src/stm32h7xx_hal_eth_ex.c ****     }
 379:Drivers/STM32H7xx_HAL_Driver/Src/stm32h7xx_hal_eth_ex.c ****   }
 380:Drivers/STM32H7xx_HAL_Driver/Src/stm32h7xx_hal_eth_ex.c **** 
 381:Drivers/STM32H7xx_HAL_Driver/Src/stm32h7xx_hal_eth_ex.c ****   return HAL_OK;
 619              		.loc 1 381 10 is_stmt 0 view .LVU150
 620 007c 0020     		movs	r0, #0
 621              	.LVL41:
 622              	.L33:
 382:Drivers/STM32H7xx_HAL_Driver/Src/stm32h7xx_hal_eth_ex.c **** }
 623              		.loc 1 382 1 view .LVU151
 624 007e 5DF8044B 		ldr	r4, [sp], #4
 625              	.LCFI9:
 626              		.cfi_remember_state
 627              		.cfi_restore 4
 628              		.cfi_def_cfa_offset 0
 629 0082 7047     		bx	lr
 630              	.LVL42:
 631              	.L35:
 632              	.LCFI10:
 633              		.cfi_restore_state
 361:Drivers/STM32H7xx_HAL_Driver/Src/stm32h7xx_hal_eth_ex.c ****       WRITE_REG(pL3FilterConfig->Ip4DestAddr, heth->Instance->MACL3A1R0R);
 634              		.loc 1 361 7 is_stmt 1 view .LVU152
 635 0084 0268     		ldr	r2, [r0]
 636 0086 D2F81029 		ldr	r2, [r2, #2320]
 637 008a 5A61     		str	r2, [r3, #20]
 362:Drivers/STM32H7xx_HAL_Driver/Src/stm32h7xx_hal_eth_ex.c ****     }
 638              		.loc 1 362 7 view .LVU153
 639 008c 0268     		ldr	r2, [r0]
 640 008e D2F81429 		ldr	r2, [r2, #2324]
 641 0092 9A61     		str	r2, [r3, #24]
 381:Drivers/STM32H7xx_HAL_Driver/Src/stm32h7xx_hal_eth_ex.c **** }
 642              		.loc 1 381 10 is_stmt 0 view .LVU154
 643 0094 0020     		movs	r0, #0
 644              	.LVL43:
 381:Drivers/STM32H7xx_HAL_Driver/Src/stm32h7xx_hal_eth_ex.c **** }
 645              		.loc 1 381 10 view .LVU155
 646 0096 F2E7     		b	.L33
 647              	.LVL44:
 648              	.L34:
 367:Drivers/STM32H7xx_HAL_Driver/Src/stm32h7xx_hal_eth_ex.c ****     {
 649              		.loc 1 367 5 is_stmt 1 view .LVU156
 367:Drivers/STM32H7xx_HAL_Driver/Src/stm32h7xx_hal_eth_ex.c ****     {
 650              		.loc 1 367 8 is_stmt 0 view .LVU157
 651 0098 8AB1     		cbz	r2, .L36
 369:Drivers/STM32H7xx_HAL_Driver/Src/stm32h7xx_hal_eth_ex.c ****       WRITE_REG(pL3FilterConfig->Ip6Addr[1], heth->Instance->MACL3A1R1R);
 652              		.loc 1 369 7 is_stmt 1 view .LVU158
 653 009a 0268     		ldr	r2, [r0]
 654 009c D2F84029 		ldr	r2, [r2, #2368]
 655 00a0 DA61     		str	r2, [r3, #28]
 370:Drivers/STM32H7xx_HAL_Driver/Src/stm32h7xx_hal_eth_ex.c ****       WRITE_REG(pL3FilterConfig->Ip6Addr[2], heth->Instance->MACL3A2R1R);
 656              		.loc 1 370 7 view .LVU159
 657 00a2 0268     		ldr	r2, [r0]
ARM GAS  /tmp/ccfostYI.s 			page 20


 658 00a4 D2F84429 		ldr	r2, [r2, #2372]
 659 00a8 1A62     		str	r2, [r3, #32]
 371:Drivers/STM32H7xx_HAL_Driver/Src/stm32h7xx_hal_eth_ex.c ****       WRITE_REG(pL3FilterConfig->Ip6Addr[3], heth->Instance->MACL3A3R1R);
 660              		.loc 1 371 7 view .LVU160
 661 00aa 0268     		ldr	r2, [r0]
 662 00ac D2F84829 		ldr	r2, [r2, #2376]
 663 00b0 5A62     		str	r2, [r3, #36]
 372:Drivers/STM32H7xx_HAL_Driver/Src/stm32h7xx_hal_eth_ex.c ****     }
 664              		.loc 1 372 7 view .LVU161
 665 00b2 0268     		ldr	r2, [r0]
 666 00b4 D2F84C29 		ldr	r2, [r2, #2380]
 667 00b8 9A62     		str	r2, [r3, #40]
 381:Drivers/STM32H7xx_HAL_Driver/Src/stm32h7xx_hal_eth_ex.c **** }
 668              		.loc 1 381 10 is_stmt 0 view .LVU162
 669 00ba 0020     		movs	r0, #0
 670              	.LVL45:
 381:Drivers/STM32H7xx_HAL_Driver/Src/stm32h7xx_hal_eth_ex.c **** }
 671              		.loc 1 381 10 view .LVU163
 672 00bc DFE7     		b	.L33
 673              	.LVL46:
 674              	.L36:
 376:Drivers/STM32H7xx_HAL_Driver/Src/stm32h7xx_hal_eth_ex.c ****       WRITE_REG(pL3FilterConfig->Ip4DestAddr, heth->Instance->MACL3A1R1R);
 675              		.loc 1 376 7 is_stmt 1 view .LVU164
 676 00be 0268     		ldr	r2, [r0]
 677 00c0 D2F84029 		ldr	r2, [r2, #2368]
 678 00c4 5A61     		str	r2, [r3, #20]
 377:Drivers/STM32H7xx_HAL_Driver/Src/stm32h7xx_hal_eth_ex.c ****     }
 679              		.loc 1 377 7 view .LVU165
 680 00c6 0268     		ldr	r2, [r0]
 681 00c8 D2F84429 		ldr	r2, [r2, #2372]
 682 00cc 9A61     		str	r2, [r3, #24]
 381:Drivers/STM32H7xx_HAL_Driver/Src/stm32h7xx_hal_eth_ex.c **** }
 683              		.loc 1 381 10 is_stmt 0 view .LVU166
 684 00ce 0020     		movs	r0, #0
 685              	.LVL47:
 381:Drivers/STM32H7xx_HAL_Driver/Src/stm32h7xx_hal_eth_ex.c **** }
 686              		.loc 1 381 10 view .LVU167
 687 00d0 D5E7     		b	.L33
 688              	.LVL48:
 689              	.L37:
 690              	.LCFI11:
 691              		.cfi_def_cfa_offset 0
 692              		.cfi_restore 4
 337:Drivers/STM32H7xx_HAL_Driver/Src/stm32h7xx_hal_eth_ex.c ****   }
 693              		.loc 1 337 12 view .LVU168
 694 00d2 0120     		movs	r0, #1
 695              	.LVL49:
 696              		.loc 1 382 1 view .LVU169
 697 00d4 7047     		bx	lr
 698              		.cfi_endproc
 699              	.LFE150:
 701              		.section	.text.HAL_ETHEx_EnableL3L4Filtering,"ax",%progbits
 702              		.align	1
 703              		.global	HAL_ETHEx_EnableL3L4Filtering
 704              		.syntax unified
 705              		.thumb
 706              		.thumb_func
ARM GAS  /tmp/ccfostYI.s 			page 21


 707              		.fpu fpv5-d16
 709              	HAL_ETHEx_EnableL3L4Filtering:
 710              	.LVL50:
 711              	.LFB151:
 383:Drivers/STM32H7xx_HAL_Driver/Src/stm32h7xx_hal_eth_ex.c **** 
 384:Drivers/STM32H7xx_HAL_Driver/Src/stm32h7xx_hal_eth_ex.c **** /**
 385:Drivers/STM32H7xx_HAL_Driver/Src/stm32h7xx_hal_eth_ex.c ****   * @brief  Enables L3 and L4 filtering process.
 386:Drivers/STM32H7xx_HAL_Driver/Src/stm32h7xx_hal_eth_ex.c ****   * @param  heth: pointer to a ETH_HandleTypeDef structure that contains
 387:Drivers/STM32H7xx_HAL_Driver/Src/stm32h7xx_hal_eth_ex.c ****   *         the configuration information for ETHERNET module
 388:Drivers/STM32H7xx_HAL_Driver/Src/stm32h7xx_hal_eth_ex.c ****   * @retval None.
 389:Drivers/STM32H7xx_HAL_Driver/Src/stm32h7xx_hal_eth_ex.c ****   */
 390:Drivers/STM32H7xx_HAL_Driver/Src/stm32h7xx_hal_eth_ex.c **** void HAL_ETHEx_EnableL3L4Filtering(ETH_HandleTypeDef *heth)
 391:Drivers/STM32H7xx_HAL_Driver/Src/stm32h7xx_hal_eth_ex.c **** {
 712              		.loc 1 391 1 is_stmt 1 view -0
 713              		.cfi_startproc
 714              		@ args = 0, pretend = 0, frame = 0
 715              		@ frame_needed = 0, uses_anonymous_args = 0
 716              		@ link register save eliminated.
 392:Drivers/STM32H7xx_HAL_Driver/Src/stm32h7xx_hal_eth_ex.c ****   /* Enable L3/L4 filter */
 393:Drivers/STM32H7xx_HAL_Driver/Src/stm32h7xx_hal_eth_ex.c ****   SET_BIT(heth->Instance->MACPFR, ETH_MACPFR_IPFE);
 717              		.loc 1 393 3 view .LVU171
 718 0000 0268     		ldr	r2, [r0]
 719 0002 9368     		ldr	r3, [r2, #8]
 720 0004 43F48013 		orr	r3, r3, #1048576
 721 0008 9360     		str	r3, [r2, #8]
 394:Drivers/STM32H7xx_HAL_Driver/Src/stm32h7xx_hal_eth_ex.c **** }
 722              		.loc 1 394 1 is_stmt 0 view .LVU172
 723 000a 7047     		bx	lr
 724              		.cfi_endproc
 725              	.LFE151:
 727              		.section	.text.HAL_ETHEx_DisableL3L4Filtering,"ax",%progbits
 728              		.align	1
 729              		.global	HAL_ETHEx_DisableL3L4Filtering
 730              		.syntax unified
 731              		.thumb
 732              		.thumb_func
 733              		.fpu fpv5-d16
 735              	HAL_ETHEx_DisableL3L4Filtering:
 736              	.LVL51:
 737              	.LFB152:
 395:Drivers/STM32H7xx_HAL_Driver/Src/stm32h7xx_hal_eth_ex.c **** 
 396:Drivers/STM32H7xx_HAL_Driver/Src/stm32h7xx_hal_eth_ex.c **** /**
 397:Drivers/STM32H7xx_HAL_Driver/Src/stm32h7xx_hal_eth_ex.c ****   * @brief  Disables L3 and L4 filtering process.
 398:Drivers/STM32H7xx_HAL_Driver/Src/stm32h7xx_hal_eth_ex.c ****   * @param  heth: pointer to a ETH_HandleTypeDef structure that contains
 399:Drivers/STM32H7xx_HAL_Driver/Src/stm32h7xx_hal_eth_ex.c ****   *         the configuration information for ETHERNET module
 400:Drivers/STM32H7xx_HAL_Driver/Src/stm32h7xx_hal_eth_ex.c ****   * @retval None.
 401:Drivers/STM32H7xx_HAL_Driver/Src/stm32h7xx_hal_eth_ex.c ****   */
 402:Drivers/STM32H7xx_HAL_Driver/Src/stm32h7xx_hal_eth_ex.c **** void HAL_ETHEx_DisableL3L4Filtering(ETH_HandleTypeDef *heth)
 403:Drivers/STM32H7xx_HAL_Driver/Src/stm32h7xx_hal_eth_ex.c **** {
 738              		.loc 1 403 1 is_stmt 1 view -0
 739              		.cfi_startproc
 740              		@ args = 0, pretend = 0, frame = 0
 741              		@ frame_needed = 0, uses_anonymous_args = 0
 742              		@ link register save eliminated.
 404:Drivers/STM32H7xx_HAL_Driver/Src/stm32h7xx_hal_eth_ex.c ****   /* Disable L3/L4 filter */
 405:Drivers/STM32H7xx_HAL_Driver/Src/stm32h7xx_hal_eth_ex.c ****   CLEAR_BIT(heth->Instance->MACPFR, ETH_MACPFR_IPFE);
 743              		.loc 1 405 3 view .LVU174
ARM GAS  /tmp/ccfostYI.s 			page 22


 744 0000 0268     		ldr	r2, [r0]
 745 0002 9368     		ldr	r3, [r2, #8]
 746 0004 23F48013 		bic	r3, r3, #1048576
 747 0008 9360     		str	r3, [r2, #8]
 406:Drivers/STM32H7xx_HAL_Driver/Src/stm32h7xx_hal_eth_ex.c **** }
 748              		.loc 1 406 1 is_stmt 0 view .LVU175
 749 000a 7047     		bx	lr
 750              		.cfi_endproc
 751              	.LFE152:
 753              		.section	.text.HAL_ETHEx_GetRxVLANConfig,"ax",%progbits
 754              		.align	1
 755              		.global	HAL_ETHEx_GetRxVLANConfig
 756              		.syntax unified
 757              		.thumb
 758              		.thumb_func
 759              		.fpu fpv5-d16
 761              	HAL_ETHEx_GetRxVLANConfig:
 762              	.LVL52:
 763              	.LFB153:
 407:Drivers/STM32H7xx_HAL_Driver/Src/stm32h7xx_hal_eth_ex.c **** 
 408:Drivers/STM32H7xx_HAL_Driver/Src/stm32h7xx_hal_eth_ex.c **** /**
 409:Drivers/STM32H7xx_HAL_Driver/Src/stm32h7xx_hal_eth_ex.c ****   * @brief  Get the VLAN Configuration for Receive Packets.
 410:Drivers/STM32H7xx_HAL_Driver/Src/stm32h7xx_hal_eth_ex.c ****   * @param  heth: pointer to a ETH_HandleTypeDef structure that contains
 411:Drivers/STM32H7xx_HAL_Driver/Src/stm32h7xx_hal_eth_ex.c ****   *         the configuration information for ETHERNET module
 412:Drivers/STM32H7xx_HAL_Driver/Src/stm32h7xx_hal_eth_ex.c ****   * @param  pVlanConfig: pointer to a ETH_RxVLANConfigTypeDef structure
 413:Drivers/STM32H7xx_HAL_Driver/Src/stm32h7xx_hal_eth_ex.c ****   *         that will contain the VLAN filter configuration.
 414:Drivers/STM32H7xx_HAL_Driver/Src/stm32h7xx_hal_eth_ex.c ****   * @retval HAL status
 415:Drivers/STM32H7xx_HAL_Driver/Src/stm32h7xx_hal_eth_ex.c ****   */
 416:Drivers/STM32H7xx_HAL_Driver/Src/stm32h7xx_hal_eth_ex.c **** HAL_StatusTypeDef HAL_ETHEx_GetRxVLANConfig(const ETH_HandleTypeDef *heth, ETH_RxVLANConfigTypeDef 
 417:Drivers/STM32H7xx_HAL_Driver/Src/stm32h7xx_hal_eth_ex.c **** {
 764              		.loc 1 417 1 is_stmt 1 view -0
 765              		.cfi_startproc
 766              		@ args = 0, pretend = 0, frame = 0
 767              		@ frame_needed = 0, uses_anonymous_args = 0
 768              		@ link register save eliminated.
 418:Drivers/STM32H7xx_HAL_Driver/Src/stm32h7xx_hal_eth_ex.c ****   if (pVlanConfig == NULL)
 769              		.loc 1 418 3 view .LVU177
 770              		.loc 1 418 6 is_stmt 0 view .LVU178
 771 0000 0029     		cmp	r1, #0
 772 0002 2DD0     		beq	.L46
 419:Drivers/STM32H7xx_HAL_Driver/Src/stm32h7xx_hal_eth_ex.c ****   {
 420:Drivers/STM32H7xx_HAL_Driver/Src/stm32h7xx_hal_eth_ex.c ****     return HAL_ERROR;
 421:Drivers/STM32H7xx_HAL_Driver/Src/stm32h7xx_hal_eth_ex.c ****   }
 422:Drivers/STM32H7xx_HAL_Driver/Src/stm32h7xx_hal_eth_ex.c **** 
 423:Drivers/STM32H7xx_HAL_Driver/Src/stm32h7xx_hal_eth_ex.c ****   pVlanConfig->InnerVLANTagInStatus = ((READ_BIT(heth->Instance->MACVTR,
 773              		.loc 1 423 3 is_stmt 1 view .LVU179
 774              		.loc 1 423 41 is_stmt 0 view .LVU180
 775 0004 0268     		ldr	r2, [r0]
 776 0006 126D     		ldr	r2, [r2, #80]
 424:Drivers/STM32H7xx_HAL_Driver/Src/stm32h7xx_hal_eth_ex.c ****                                                  ETH_MACVTR_EIVLRXS) >> 31) == 0U) ? DISABLE : ENAB
 777              		.loc 1 424 94 view .LVU181
 778 0008 D20F     		lsrs	r2, r2, #31
 423:Drivers/STM32H7xx_HAL_Driver/Src/stm32h7xx_hal_eth_ex.c ****                                                  ETH_MACVTR_EIVLRXS) >> 31) == 0U) ? DISABLE : ENAB
 779              		.loc 1 423 37 view .LVU182
 780 000a 0A70     		strb	r2, [r1]
 425:Drivers/STM32H7xx_HAL_Driver/Src/stm32h7xx_hal_eth_ex.c ****   pVlanConfig->StripInnerVLANTag  = READ_BIT(heth->Instance->MACVTR, ETH_MACVTR_EIVLS);
 781              		.loc 1 425 3 is_stmt 1 view .LVU183
ARM GAS  /tmp/ccfostYI.s 			page 23


 782              		.loc 1 425 37 is_stmt 0 view .LVU184
 783 000c 0268     		ldr	r2, [r0]
 784 000e 126D     		ldr	r2, [r2, #80]
 785 0010 02F04052 		and	r2, r2, #805306368
 786              		.loc 1 425 35 view .LVU185
 787 0014 4A60     		str	r2, [r1, #4]
 426:Drivers/STM32H7xx_HAL_Driver/Src/stm32h7xx_hal_eth_ex.c ****   pVlanConfig->InnerVLANTag = ((READ_BIT(heth->Instance->MACVTR,
 788              		.loc 1 426 3 is_stmt 1 view .LVU186
 789              		.loc 1 426 33 is_stmt 0 view .LVU187
 790 0016 0268     		ldr	r2, [r0]
 791 0018 126D     		ldr	r2, [r2, #80]
 427:Drivers/STM32H7xx_HAL_Driver/Src/stm32h7xx_hal_eth_ex.c ****                                          ETH_MACVTR_ERIVLT) >> 27) == 0U) ? DISABLE : ENABLE;
 792              		.loc 1 427 85 view .LVU188
 793 001a C2F3C062 		ubfx	r2, r2, #27, #1
 426:Drivers/STM32H7xx_HAL_Driver/Src/stm32h7xx_hal_eth_ex.c ****   pVlanConfig->InnerVLANTag = ((READ_BIT(heth->Instance->MACVTR,
 794              		.loc 1 426 29 view .LVU189
 795 001e 0A72     		strb	r2, [r1, #8]
 428:Drivers/STM32H7xx_HAL_Driver/Src/stm32h7xx_hal_eth_ex.c ****   pVlanConfig->DoubleVLANProcessing = ((READ_BIT(heth->Instance->MACVTR,
 796              		.loc 1 428 3 is_stmt 1 view .LVU190
 797              		.loc 1 428 41 is_stmt 0 view .LVU191
 798 0020 0268     		ldr	r2, [r0]
 799 0022 126D     		ldr	r2, [r2, #80]
 429:Drivers/STM32H7xx_HAL_Driver/Src/stm32h7xx_hal_eth_ex.c ****                                                  ETH_MACVTR_EDVLP) >> 26) == 0U) ? DISABLE : ENABLE
 800              		.loc 1 429 92 view .LVU192
 801 0024 C2F38062 		ubfx	r2, r2, #26, #1
 428:Drivers/STM32H7xx_HAL_Driver/Src/stm32h7xx_hal_eth_ex.c ****   pVlanConfig->DoubleVLANProcessing = ((READ_BIT(heth->Instance->MACVTR,
 802              		.loc 1 428 37 view .LVU193
 803 0028 4A72     		strb	r2, [r1, #9]
 430:Drivers/STM32H7xx_HAL_Driver/Src/stm32h7xx_hal_eth_ex.c ****   pVlanConfig->VLANTagHashTableMatch = ((READ_BIT(heth->Instance->MACVTR,
 804              		.loc 1 430 3 is_stmt 1 view .LVU194
 805              		.loc 1 430 42 is_stmt 0 view .LVU195
 806 002a 0268     		ldr	r2, [r0]
 807 002c 126D     		ldr	r2, [r2, #80]
 431:Drivers/STM32H7xx_HAL_Driver/Src/stm32h7xx_hal_eth_ex.c ****                                                   ETH_MACVTR_VTHM) >> 25) == 0U) ? DISABLE : ENABLE
 808              		.loc 1 431 92 view .LVU196
 809 002e C2F34062 		ubfx	r2, r2, #25, #1
 430:Drivers/STM32H7xx_HAL_Driver/Src/stm32h7xx_hal_eth_ex.c ****   pVlanConfig->VLANTagHashTableMatch = ((READ_BIT(heth->Instance->MACVTR,
 810              		.loc 1 430 38 view .LVU197
 811 0032 8A72     		strb	r2, [r1, #10]
 432:Drivers/STM32H7xx_HAL_Driver/Src/stm32h7xx_hal_eth_ex.c ****   pVlanConfig->VLANTagInStatus = ((READ_BIT(heth->Instance->MACVTR,
 812              		.loc 1 432 3 is_stmt 1 view .LVU198
 813              		.loc 1 432 36 is_stmt 0 view .LVU199
 814 0034 0268     		ldr	r2, [r0]
 815 0036 126D     		ldr	r2, [r2, #80]
 433:Drivers/STM32H7xx_HAL_Driver/Src/stm32h7xx_hal_eth_ex.c ****                                             ETH_MACVTR_EVLRXS) >> 24) == 0U) ? DISABLE : ENABLE;
 816              		.loc 1 433 88 view .LVU200
 817 0038 C2F30062 		ubfx	r2, r2, #24, #1
 432:Drivers/STM32H7xx_HAL_Driver/Src/stm32h7xx_hal_eth_ex.c ****   pVlanConfig->VLANTagInStatus = ((READ_BIT(heth->Instance->MACVTR,
 818              		.loc 1 432 32 view .LVU201
 819 003c CA72     		strb	r2, [r1, #11]
 434:Drivers/STM32H7xx_HAL_Driver/Src/stm32h7xx_hal_eth_ex.c ****   pVlanConfig->StripVLANTag = READ_BIT(heth->Instance->MACVTR, ETH_MACVTR_EVLS);
 820              		.loc 1 434 3 is_stmt 1 view .LVU202
 821              		.loc 1 434 31 is_stmt 0 view .LVU203
 822 003e 0268     		ldr	r2, [r0]
 823 0040 126D     		ldr	r2, [r2, #80]
 824 0042 02F4C002 		and	r2, r2, #6291456
 825              		.loc 1 434 29 view .LVU204
ARM GAS  /tmp/ccfostYI.s 			page 24


 826 0046 CA60     		str	r2, [r1, #12]
 435:Drivers/STM32H7xx_HAL_Driver/Src/stm32h7xx_hal_eth_ex.c ****   pVlanConfig->VLANTypeCheck = READ_BIT(heth->Instance->MACVTR,
 827              		.loc 1 435 3 is_stmt 1 view .LVU205
 828              		.loc 1 435 32 is_stmt 0 view .LVU206
 829 0048 0268     		ldr	r2, [r0]
 830 004a 126D     		ldr	r2, [r2, #80]
 831 004c 02F4E012 		and	r2, r2, #1835008
 832              		.loc 1 435 30 view .LVU207
 833 0050 0A61     		str	r2, [r1, #16]
 436:Drivers/STM32H7xx_HAL_Driver/Src/stm32h7xx_hal_eth_ex.c ****                                         (ETH_MACVTR_DOVLTC | ETH_MACVTR_ERSVLM | ETH_MACVTR_ESVL));
 437:Drivers/STM32H7xx_HAL_Driver/Src/stm32h7xx_hal_eth_ex.c ****   pVlanConfig->VLANTagInverceMatch = ((READ_BIT(heth->Instance->MACVTR, ETH_MACVTR_VTIM) >> 17) == 
 834              		.loc 1 437 3 is_stmt 1 view .LVU208
 835              		.loc 1 437 40 is_stmt 0 view .LVU209
 836 0052 0268     		ldr	r2, [r0]
 837 0054 126D     		ldr	r2, [r2, #80]
 438:Drivers/STM32H7xx_HAL_Driver/Src/stm32h7xx_hal_eth_ex.c ****                                      ? DISABLE : ENABLE;
 838              		.loc 1 438 48 view .LVU210
 839 0056 C2F34042 		ubfx	r2, r2, #17, #1
 437:Drivers/STM32H7xx_HAL_Driver/Src/stm32h7xx_hal_eth_ex.c ****                                      ? DISABLE : ENABLE;
 840              		.loc 1 437 36 view .LVU211
 841 005a 0A75     		strb	r2, [r1, #20]
 439:Drivers/STM32H7xx_HAL_Driver/Src/stm32h7xx_hal_eth_ex.c **** 
 440:Drivers/STM32H7xx_HAL_Driver/Src/stm32h7xx_hal_eth_ex.c ****   return HAL_OK;
 842              		.loc 1 440 3 is_stmt 1 view .LVU212
 843              		.loc 1 440 10 is_stmt 0 view .LVU213
 844 005c 0020     		movs	r0, #0
 845              	.LVL53:
 846              		.loc 1 440 10 view .LVU214
 847 005e 7047     		bx	lr
 848              	.LVL54:
 849              	.L46:
 420:Drivers/STM32H7xx_HAL_Driver/Src/stm32h7xx_hal_eth_ex.c ****   }
 850              		.loc 1 420 12 view .LVU215
 851 0060 0120     		movs	r0, #1
 852              	.LVL55:
 441:Drivers/STM32H7xx_HAL_Driver/Src/stm32h7xx_hal_eth_ex.c **** }
 853              		.loc 1 441 1 view .LVU216
 854 0062 7047     		bx	lr
 855              		.cfi_endproc
 856              	.LFE153:
 858              		.section	.text.HAL_ETHEx_SetRxVLANConfig,"ax",%progbits
 859              		.align	1
 860              		.global	HAL_ETHEx_SetRxVLANConfig
 861              		.syntax unified
 862              		.thumb
 863              		.thumb_func
 864              		.fpu fpv5-d16
 866              	HAL_ETHEx_SetRxVLANConfig:
 867              	.LVL56:
 868              	.LFB154:
 442:Drivers/STM32H7xx_HAL_Driver/Src/stm32h7xx_hal_eth_ex.c **** 
 443:Drivers/STM32H7xx_HAL_Driver/Src/stm32h7xx_hal_eth_ex.c **** /**
 444:Drivers/STM32H7xx_HAL_Driver/Src/stm32h7xx_hal_eth_ex.c ****   * @brief  Set the VLAN Configuration for Receive Packets.
 445:Drivers/STM32H7xx_HAL_Driver/Src/stm32h7xx_hal_eth_ex.c ****   * @param  heth: pointer to a ETH_HandleTypeDef structure that contains
 446:Drivers/STM32H7xx_HAL_Driver/Src/stm32h7xx_hal_eth_ex.c ****   *         the configuration information for ETHERNET module
 447:Drivers/STM32H7xx_HAL_Driver/Src/stm32h7xx_hal_eth_ex.c ****   * @param  pVlanConfig: pointer to a ETH_RxVLANConfigTypeDef structure
 448:Drivers/STM32H7xx_HAL_Driver/Src/stm32h7xx_hal_eth_ex.c ****   *         that contains VLAN filter configuration.
ARM GAS  /tmp/ccfostYI.s 			page 25


 449:Drivers/STM32H7xx_HAL_Driver/Src/stm32h7xx_hal_eth_ex.c ****   * @retval HAL status
 450:Drivers/STM32H7xx_HAL_Driver/Src/stm32h7xx_hal_eth_ex.c ****   */
 451:Drivers/STM32H7xx_HAL_Driver/Src/stm32h7xx_hal_eth_ex.c **** HAL_StatusTypeDef HAL_ETHEx_SetRxVLANConfig(ETH_HandleTypeDef *heth, ETH_RxVLANConfigTypeDef *pVlan
 452:Drivers/STM32H7xx_HAL_Driver/Src/stm32h7xx_hal_eth_ex.c **** {
 869              		.loc 1 452 1 is_stmt 1 view -0
 870              		.cfi_startproc
 871              		@ args = 0, pretend = 0, frame = 0
 872              		@ frame_needed = 0, uses_anonymous_args = 0
 873              		@ link register save eliminated.
 453:Drivers/STM32H7xx_HAL_Driver/Src/stm32h7xx_hal_eth_ex.c ****   if (pVlanConfig == NULL)
 874              		.loc 1 453 3 view .LVU218
 875              		.loc 1 453 6 is_stmt 0 view .LVU219
 876 0000 39B3     		cbz	r1, .L49
 452:Drivers/STM32H7xx_HAL_Driver/Src/stm32h7xx_hal_eth_ex.c ****   if (pVlanConfig == NULL)
 877              		.loc 1 452 1 view .LVU220
 878 0002 10B4     		push	{r4}
 879              	.LCFI12:
 880              		.cfi_def_cfa_offset 4
 881              		.cfi_offset 4, -4
 882 0004 0A46     		mov	r2, r1
 454:Drivers/STM32H7xx_HAL_Driver/Src/stm32h7xx_hal_eth_ex.c ****   {
 455:Drivers/STM32H7xx_HAL_Driver/Src/stm32h7xx_hal_eth_ex.c ****     return HAL_ERROR;
 456:Drivers/STM32H7xx_HAL_Driver/Src/stm32h7xx_hal_eth_ex.c ****   }
 457:Drivers/STM32H7xx_HAL_Driver/Src/stm32h7xx_hal_eth_ex.c **** 
 458:Drivers/STM32H7xx_HAL_Driver/Src/stm32h7xx_hal_eth_ex.c ****   /* Write config to MACVTR */
 459:Drivers/STM32H7xx_HAL_Driver/Src/stm32h7xx_hal_eth_ex.c ****   MODIFY_REG(heth->Instance->MACVTR, ETH_MACRXVLAN_MASK, (((uint32_t)pVlanConfig->InnerVLANTagInSta
 883              		.loc 1 459 3 is_stmt 1 view .LVU221
 884 0006 0068     		ldr	r0, [r0]
 885              	.LVL57:
 886              		.loc 1 459 3 is_stmt 0 view .LVU222
 887 0008 036D     		ldr	r3, [r0, #80]
 888 000a 1349     		ldr	r1, .L54
 889              	.LVL58:
 890              		.loc 1 459 3 view .LVU223
 891 000c 1940     		ands	r1, r1, r3
 892 000e 92F800C0 		ldrb	ip, [r2]	@ zero_extendqisi2
 893 0012 5368     		ldr	r3, [r2, #4]
 894 0014 43EACC73 		orr	r3, r3, ip, lsl #31
 895 0018 92F808C0 		ldrb	ip, [r2, #8]	@ zero_extendqisi2
 896 001c 43EACC63 		orr	r3, r3, ip, lsl #27
 897 0020 92F809C0 		ldrb	ip, [r2, #9]	@ zero_extendqisi2
 898 0024 43EA8C63 		orr	r3, r3, ip, lsl #26
 899 0028 92F80AC0 		ldrb	ip, [r2, #10]	@ zero_extendqisi2
 900 002c 43EA4C63 		orr	r3, r3, ip, lsl #25
 901 0030 92F80BC0 		ldrb	ip, [r2, #11]	@ zero_extendqisi2
 902 0034 43EA0C63 		orr	r3, r3, ip, lsl #24
 903 0038 D468     		ldr	r4, [r2, #12]
 904 003a 2343     		orrs	r3, r3, r4
 905 003c 1469     		ldr	r4, [r2, #16]
 906 003e 2343     		orrs	r3, r3, r4
 907 0040 127D     		ldrb	r2, [r2, #20]	@ zero_extendqisi2
 908              	.LVL59:
 909              		.loc 1 459 3 view .LVU224
 910 0042 43EA4243 		orr	r3, r3, r2, lsl #17
 911 0046 0B43     		orrs	r3, r3, r1
 912 0048 0365     		str	r3, [r0, #80]
 460:Drivers/STM32H7xx_HAL_Driver/Src/stm32h7xx_hal_eth_ex.c ****                                                           pVlanConfig->StripInnerVLANTag |
ARM GAS  /tmp/ccfostYI.s 			page 26


 461:Drivers/STM32H7xx_HAL_Driver/Src/stm32h7xx_hal_eth_ex.c ****                                                           ((uint32_t)pVlanConfig->InnerVLANTag << 2
 462:Drivers/STM32H7xx_HAL_Driver/Src/stm32h7xx_hal_eth_ex.c ****                                                           ((uint32_t)pVlanConfig->DoubleVLANProcess
 463:Drivers/STM32H7xx_HAL_Driver/Src/stm32h7xx_hal_eth_ex.c ****                                                           ((uint32_t)pVlanConfig->VLANTagHashTableM
 464:Drivers/STM32H7xx_HAL_Driver/Src/stm32h7xx_hal_eth_ex.c ****                                                           ((uint32_t)pVlanConfig->VLANTagInStatus <
 465:Drivers/STM32H7xx_HAL_Driver/Src/stm32h7xx_hal_eth_ex.c ****                                                           pVlanConfig->StripVLANTag |
 466:Drivers/STM32H7xx_HAL_Driver/Src/stm32h7xx_hal_eth_ex.c ****                                                           pVlanConfig->VLANTypeCheck |
 467:Drivers/STM32H7xx_HAL_Driver/Src/stm32h7xx_hal_eth_ex.c ****                                                           ((uint32_t)pVlanConfig->VLANTagInverceMat
 468:Drivers/STM32H7xx_HAL_Driver/Src/stm32h7xx_hal_eth_ex.c **** 
 469:Drivers/STM32H7xx_HAL_Driver/Src/stm32h7xx_hal_eth_ex.c ****   return HAL_OK;
 913              		.loc 1 469 3 is_stmt 1 view .LVU225
 914              		.loc 1 469 10 is_stmt 0 view .LVU226
 915 004a 0020     		movs	r0, #0
 470:Drivers/STM32H7xx_HAL_Driver/Src/stm32h7xx_hal_eth_ex.c **** }
 916              		.loc 1 470 1 view .LVU227
 917 004c 5DF8044B 		ldr	r4, [sp], #4
 918              	.LCFI13:
 919              		.cfi_restore 4
 920              		.cfi_def_cfa_offset 0
 921 0050 7047     		bx	lr
 922              	.LVL60:
 923              	.L49:
 455:Drivers/STM32H7xx_HAL_Driver/Src/stm32h7xx_hal_eth_ex.c ****   }
 924              		.loc 1 455 12 view .LVU228
 925 0052 0120     		movs	r0, #1
 926              	.LVL61:
 927              		.loc 1 470 1 view .LVU229
 928 0054 7047     		bx	lr
 929              	.L55:
 930 0056 00BF     		.align	2
 931              	.L54:
 932 0058 FFFF8040 		.word	1082195967
 933              		.cfi_endproc
 934              	.LFE154:
 936              		.section	.text.HAL_ETHEx_SetVLANHashTable,"ax",%progbits
 937              		.align	1
 938              		.global	HAL_ETHEx_SetVLANHashTable
 939              		.syntax unified
 940              		.thumb
 941              		.thumb_func
 942              		.fpu fpv5-d16
 944              	HAL_ETHEx_SetVLANHashTable:
 945              	.LVL62:
 946              	.LFB155:
 471:Drivers/STM32H7xx_HAL_Driver/Src/stm32h7xx_hal_eth_ex.c **** 
 472:Drivers/STM32H7xx_HAL_Driver/Src/stm32h7xx_hal_eth_ex.c **** /**
 473:Drivers/STM32H7xx_HAL_Driver/Src/stm32h7xx_hal_eth_ex.c ****   * @brief  Set the VLAN Hash Table
 474:Drivers/STM32H7xx_HAL_Driver/Src/stm32h7xx_hal_eth_ex.c ****   * @param  heth: pointer to a ETH_HandleTypeDef structure that contains
 475:Drivers/STM32H7xx_HAL_Driver/Src/stm32h7xx_hal_eth_ex.c ****   *         the configuration information for ETHERNET module
 476:Drivers/STM32H7xx_HAL_Driver/Src/stm32h7xx_hal_eth_ex.c ****   * @param  VLANHashTable: VLAN hash table 16 bit value
 477:Drivers/STM32H7xx_HAL_Driver/Src/stm32h7xx_hal_eth_ex.c ****   * @retval None
 478:Drivers/STM32H7xx_HAL_Driver/Src/stm32h7xx_hal_eth_ex.c ****   */
 479:Drivers/STM32H7xx_HAL_Driver/Src/stm32h7xx_hal_eth_ex.c **** void HAL_ETHEx_SetVLANHashTable(ETH_HandleTypeDef *heth, uint32_t VLANHashTable)
 480:Drivers/STM32H7xx_HAL_Driver/Src/stm32h7xx_hal_eth_ex.c **** {
 947              		.loc 1 480 1 is_stmt 1 view -0
 948              		.cfi_startproc
 949              		@ args = 0, pretend = 0, frame = 0
 950              		@ frame_needed = 0, uses_anonymous_args = 0
ARM GAS  /tmp/ccfostYI.s 			page 27


 951              		@ link register save eliminated.
 481:Drivers/STM32H7xx_HAL_Driver/Src/stm32h7xx_hal_eth_ex.c ****   MODIFY_REG(heth->Instance->MACVHTR, ETH_MACVHTR_VLHT, VLANHashTable);
 952              		.loc 1 481 3 view .LVU231
 953 0000 0268     		ldr	r2, [r0]
 954 0002 906D     		ldr	r0, [r2, #88]
 955              	.LVL63:
 956              		.loc 1 481 3 is_stmt 0 view .LVU232
 957 0004 024B     		ldr	r3, .L57
 958 0006 0340     		ands	r3, r3, r0
 959 0008 0B43     		orrs	r3, r3, r1
 960 000a 9365     		str	r3, [r2, #88]
 482:Drivers/STM32H7xx_HAL_Driver/Src/stm32h7xx_hal_eth_ex.c **** }
 961              		.loc 1 482 1 view .LVU233
 962 000c 7047     		bx	lr
 963              	.L58:
 964 000e 00BF     		.align	2
 965              	.L57:
 966 0010 0000FFFF 		.word	-65536
 967              		.cfi_endproc
 968              	.LFE155:
 970              		.section	.text.HAL_ETHEx_GetTxVLANConfig,"ax",%progbits
 971              		.align	1
 972              		.global	HAL_ETHEx_GetTxVLANConfig
 973              		.syntax unified
 974              		.thumb
 975              		.thumb_func
 976              		.fpu fpv5-d16
 978              	HAL_ETHEx_GetTxVLANConfig:
 979              	.LVL64:
 980              	.LFB156:
 483:Drivers/STM32H7xx_HAL_Driver/Src/stm32h7xx_hal_eth_ex.c **** 
 484:Drivers/STM32H7xx_HAL_Driver/Src/stm32h7xx_hal_eth_ex.c **** /**
 485:Drivers/STM32H7xx_HAL_Driver/Src/stm32h7xx_hal_eth_ex.c ****   * @brief  Get the VLAN Configuration for Transmit Packets.
 486:Drivers/STM32H7xx_HAL_Driver/Src/stm32h7xx_hal_eth_ex.c ****   * @param  heth: pointer to a ETH_HandleTypeDef structure that contains
 487:Drivers/STM32H7xx_HAL_Driver/Src/stm32h7xx_hal_eth_ex.c ****   *         the configuration information for ETHERNET module
 488:Drivers/STM32H7xx_HAL_Driver/Src/stm32h7xx_hal_eth_ex.c ****   * @param  VLANTag: Selects the vlan tag, this parameter must be one of the following
 489:Drivers/STM32H7xx_HAL_Driver/Src/stm32h7xx_hal_eth_ex.c ****   *                 ETH_OUTER_TX_VLANTAG
 490:Drivers/STM32H7xx_HAL_Driver/Src/stm32h7xx_hal_eth_ex.c ****   *                 ETH_INNER_TX_VLANTAG
 491:Drivers/STM32H7xx_HAL_Driver/Src/stm32h7xx_hal_eth_ex.c ****   * @param  pVlanConfig: pointer to a ETH_TxVLANConfigTypeDef structure
 492:Drivers/STM32H7xx_HAL_Driver/Src/stm32h7xx_hal_eth_ex.c ****   *         that will contain the Tx VLAN filter configuration.
 493:Drivers/STM32H7xx_HAL_Driver/Src/stm32h7xx_hal_eth_ex.c ****   * @retval HAL Status.
 494:Drivers/STM32H7xx_HAL_Driver/Src/stm32h7xx_hal_eth_ex.c ****   */
 495:Drivers/STM32H7xx_HAL_Driver/Src/stm32h7xx_hal_eth_ex.c **** HAL_StatusTypeDef HAL_ETHEx_GetTxVLANConfig(const ETH_HandleTypeDef *heth, uint32_t VLANTag,
 496:Drivers/STM32H7xx_HAL_Driver/Src/stm32h7xx_hal_eth_ex.c ****                                             ETH_TxVLANConfigTypeDef *pVlanConfig)
 497:Drivers/STM32H7xx_HAL_Driver/Src/stm32h7xx_hal_eth_ex.c **** {
 981              		.loc 1 497 1 is_stmt 1 view -0
 982              		.cfi_startproc
 983              		@ args = 0, pretend = 0, frame = 0
 984              		@ frame_needed = 0, uses_anonymous_args = 0
 985              		@ link register save eliminated.
 498:Drivers/STM32H7xx_HAL_Driver/Src/stm32h7xx_hal_eth_ex.c ****   if (pVlanConfig == NULL)
 986              		.loc 1 498 3 view .LVU235
 987              		.loc 1 498 6 is_stmt 0 view .LVU236
 988 0000 1AB3     		cbz	r2, .L62
 499:Drivers/STM32H7xx_HAL_Driver/Src/stm32h7xx_hal_eth_ex.c ****   {
 500:Drivers/STM32H7xx_HAL_Driver/Src/stm32h7xx_hal_eth_ex.c ****     return HAL_ERROR;
 501:Drivers/STM32H7xx_HAL_Driver/Src/stm32h7xx_hal_eth_ex.c ****   }
ARM GAS  /tmp/ccfostYI.s 			page 28


 502:Drivers/STM32H7xx_HAL_Driver/Src/stm32h7xx_hal_eth_ex.c **** 
 503:Drivers/STM32H7xx_HAL_Driver/Src/stm32h7xx_hal_eth_ex.c ****   if (VLANTag == ETH_INNER_TX_VLANTAG)
 989              		.loc 1 503 3 is_stmt 1 view .LVU237
 990              		.loc 1 503 6 is_stmt 0 view .LVU238
 991 0002 0129     		cmp	r1, #1
 992 0004 10D0     		beq	.L63
 504:Drivers/STM32H7xx_HAL_Driver/Src/stm32h7xx_hal_eth_ex.c ****   {
 505:Drivers/STM32H7xx_HAL_Driver/Src/stm32h7xx_hal_eth_ex.c ****     pVlanConfig->SourceTxDesc = ((READ_BIT(heth->Instance->MACIVIR, ETH_MACVIR_VLTI) >> 20) == 0U) 
 506:Drivers/STM32H7xx_HAL_Driver/Src/stm32h7xx_hal_eth_ex.c ****     pVlanConfig->SVLANType = ((READ_BIT(heth->Instance->MACIVIR, ETH_MACVIR_CSVL) >> 19) == 0U) ? D
 507:Drivers/STM32H7xx_HAL_Driver/Src/stm32h7xx_hal_eth_ex.c ****     pVlanConfig->VLANTagControl = READ_BIT(heth->Instance->MACIVIR, (ETH_MACVIR_VLP | ETH_MACVIR_VL
 508:Drivers/STM32H7xx_HAL_Driver/Src/stm32h7xx_hal_eth_ex.c ****   }
 509:Drivers/STM32H7xx_HAL_Driver/Src/stm32h7xx_hal_eth_ex.c ****   else
 510:Drivers/STM32H7xx_HAL_Driver/Src/stm32h7xx_hal_eth_ex.c ****   {
 511:Drivers/STM32H7xx_HAL_Driver/Src/stm32h7xx_hal_eth_ex.c ****     pVlanConfig->SourceTxDesc = ((READ_BIT(heth->Instance->MACVIR, ETH_MACVIR_VLTI) >> 20) == 0U) ?
 993              		.loc 1 511 5 is_stmt 1 view .LVU239
 994              		.loc 1 511 35 is_stmt 0 view .LVU240
 995 0006 0368     		ldr	r3, [r0]
 996 0008 1B6E     		ldr	r3, [r3, #96]
 997              		.loc 1 511 109 view .LVU241
 998 000a C3F30053 		ubfx	r3, r3, #20, #1
 999              		.loc 1 511 31 view .LVU242
 1000 000e 1370     		strb	r3, [r2]
 512:Drivers/STM32H7xx_HAL_Driver/Src/stm32h7xx_hal_eth_ex.c ****     pVlanConfig->SVLANType = ((READ_BIT(heth->Instance->MACVIR, ETH_MACVIR_CSVL) >> 19) == 0U) ? DI
 1001              		.loc 1 512 5 is_stmt 1 view .LVU243
 1002              		.loc 1 512 32 is_stmt 0 view .LVU244
 1003 0010 0368     		ldr	r3, [r0]
 1004 0012 1B6E     		ldr	r3, [r3, #96]
 1005              		.loc 1 512 106 view .LVU245
 1006 0014 C3F3C043 		ubfx	r3, r3, #19, #1
 1007              		.loc 1 512 28 view .LVU246
 1008 0018 5370     		strb	r3, [r2, #1]
 513:Drivers/STM32H7xx_HAL_Driver/Src/stm32h7xx_hal_eth_ex.c ****     pVlanConfig->VLANTagControl = READ_BIT(heth->Instance->MACVIR, (ETH_MACVIR_VLP | ETH_MACVIR_VLC
 1009              		.loc 1 513 5 is_stmt 1 view .LVU247
 1010              		.loc 1 513 35 is_stmt 0 view .LVU248
 1011 001a 0368     		ldr	r3, [r0]
 1012 001c 1B6E     		ldr	r3, [r3, #96]
 1013 001e 03F4E023 		and	r3, r3, #458752
 1014              		.loc 1 513 33 view .LVU249
 1015 0022 5360     		str	r3, [r2, #4]
 514:Drivers/STM32H7xx_HAL_Driver/Src/stm32h7xx_hal_eth_ex.c ****   }
 515:Drivers/STM32H7xx_HAL_Driver/Src/stm32h7xx_hal_eth_ex.c **** 
 516:Drivers/STM32H7xx_HAL_Driver/Src/stm32h7xx_hal_eth_ex.c ****   return HAL_OK;;
 1016              		.loc 1 516 10 view .LVU250
 1017 0024 0020     		movs	r0, #0
 1018              	.LVL65:
 1019              		.loc 1 516 10 view .LVU251
 1020 0026 7047     		bx	lr
 1021              	.LVL66:
 1022              	.L63:
 505:Drivers/STM32H7xx_HAL_Driver/Src/stm32h7xx_hal_eth_ex.c ****     pVlanConfig->SVLANType = ((READ_BIT(heth->Instance->MACIVIR, ETH_MACVIR_CSVL) >> 19) == 0U) ? D
 1023              		.loc 1 505 5 is_stmt 1 view .LVU252
 505:Drivers/STM32H7xx_HAL_Driver/Src/stm32h7xx_hal_eth_ex.c ****     pVlanConfig->SVLANType = ((READ_BIT(heth->Instance->MACIVIR, ETH_MACVIR_CSVL) >> 19) == 0U) ? D
 1024              		.loc 1 505 35 is_stmt 0 view .LVU253
 1025 0028 0368     		ldr	r3, [r0]
 1026 002a 5B6E     		ldr	r3, [r3, #100]
 505:Drivers/STM32H7xx_HAL_Driver/Src/stm32h7xx_hal_eth_ex.c ****     pVlanConfig->SVLANType = ((READ_BIT(heth->Instance->MACIVIR, ETH_MACVIR_CSVL) >> 19) == 0U) ? D
 1027              		.loc 1 505 110 view .LVU254
ARM GAS  /tmp/ccfostYI.s 			page 29


 1028 002c C3F30053 		ubfx	r3, r3, #20, #1
 505:Drivers/STM32H7xx_HAL_Driver/Src/stm32h7xx_hal_eth_ex.c ****     pVlanConfig->SVLANType = ((READ_BIT(heth->Instance->MACIVIR, ETH_MACVIR_CSVL) >> 19) == 0U) ? D
 1029              		.loc 1 505 31 view .LVU255
 1030 0030 1370     		strb	r3, [r2]
 506:Drivers/STM32H7xx_HAL_Driver/Src/stm32h7xx_hal_eth_ex.c ****     pVlanConfig->VLANTagControl = READ_BIT(heth->Instance->MACIVIR, (ETH_MACVIR_VLP | ETH_MACVIR_VL
 1031              		.loc 1 506 5 is_stmt 1 view .LVU256
 506:Drivers/STM32H7xx_HAL_Driver/Src/stm32h7xx_hal_eth_ex.c ****     pVlanConfig->VLANTagControl = READ_BIT(heth->Instance->MACIVIR, (ETH_MACVIR_VLP | ETH_MACVIR_VL
 1032              		.loc 1 506 32 is_stmt 0 view .LVU257
 1033 0032 0368     		ldr	r3, [r0]
 1034 0034 5B6E     		ldr	r3, [r3, #100]
 506:Drivers/STM32H7xx_HAL_Driver/Src/stm32h7xx_hal_eth_ex.c ****     pVlanConfig->VLANTagControl = READ_BIT(heth->Instance->MACIVIR, (ETH_MACVIR_VLP | ETH_MACVIR_VL
 1035              		.loc 1 506 107 view .LVU258
 1036 0036 C3F3C043 		ubfx	r3, r3, #19, #1
 506:Drivers/STM32H7xx_HAL_Driver/Src/stm32h7xx_hal_eth_ex.c ****     pVlanConfig->VLANTagControl = READ_BIT(heth->Instance->MACIVIR, (ETH_MACVIR_VLP | ETH_MACVIR_VL
 1037              		.loc 1 506 28 view .LVU259
 1038 003a 5370     		strb	r3, [r2, #1]
 507:Drivers/STM32H7xx_HAL_Driver/Src/stm32h7xx_hal_eth_ex.c ****   }
 1039              		.loc 1 507 5 is_stmt 1 view .LVU260
 507:Drivers/STM32H7xx_HAL_Driver/Src/stm32h7xx_hal_eth_ex.c ****   }
 1040              		.loc 1 507 35 is_stmt 0 view .LVU261
 1041 003c 0368     		ldr	r3, [r0]
 1042 003e 5B6E     		ldr	r3, [r3, #100]
 1043 0040 03F4E023 		and	r3, r3, #458752
 507:Drivers/STM32H7xx_HAL_Driver/Src/stm32h7xx_hal_eth_ex.c ****   }
 1044              		.loc 1 507 33 view .LVU262
 1045 0044 5360     		str	r3, [r2, #4]
 1046              		.loc 1 516 10 view .LVU263
 1047 0046 0020     		movs	r0, #0
 1048              	.LVL67:
 1049              		.loc 1 516 10 view .LVU264
 1050 0048 7047     		bx	lr
 1051              	.LVL68:
 1052              	.L62:
 500:Drivers/STM32H7xx_HAL_Driver/Src/stm32h7xx_hal_eth_ex.c ****   }
 1053              		.loc 1 500 12 view .LVU265
 1054 004a 0120     		movs	r0, #1
 1055              	.LVL69:
 1056              		.loc 1 516 17 is_stmt 1 view .LVU266
 517:Drivers/STM32H7xx_HAL_Driver/Src/stm32h7xx_hal_eth_ex.c **** }
 1057              		.loc 1 517 1 is_stmt 0 view .LVU267
 1058 004c 7047     		bx	lr
 1059              		.cfi_endproc
 1060              	.LFE156:
 1062              		.section	.text.HAL_ETHEx_SetTxVLANConfig,"ax",%progbits
 1063              		.align	1
 1064              		.global	HAL_ETHEx_SetTxVLANConfig
 1065              		.syntax unified
 1066              		.thumb
 1067              		.thumb_func
 1068              		.fpu fpv5-d16
 1070              	HAL_ETHEx_SetTxVLANConfig:
 1071              	.LVL70:
 1072              	.LFB157:
 518:Drivers/STM32H7xx_HAL_Driver/Src/stm32h7xx_hal_eth_ex.c **** 
 519:Drivers/STM32H7xx_HAL_Driver/Src/stm32h7xx_hal_eth_ex.c **** /**
 520:Drivers/STM32H7xx_HAL_Driver/Src/stm32h7xx_hal_eth_ex.c ****   * @brief  Set the VLAN Configuration for Transmit Packets.
 521:Drivers/STM32H7xx_HAL_Driver/Src/stm32h7xx_hal_eth_ex.c ****   * @param  heth: pointer to a ETH_HandleTypeDef structure that contains
ARM GAS  /tmp/ccfostYI.s 			page 30


 522:Drivers/STM32H7xx_HAL_Driver/Src/stm32h7xx_hal_eth_ex.c ****   *         the configuration information for ETHERNET module
 523:Drivers/STM32H7xx_HAL_Driver/Src/stm32h7xx_hal_eth_ex.c ****   * @param  VLANTag: Selects the vlan tag, this parameter must be one of the following
 524:Drivers/STM32H7xx_HAL_Driver/Src/stm32h7xx_hal_eth_ex.c ****   *                 ETH_OUTER_TX_VLANTAG
 525:Drivers/STM32H7xx_HAL_Driver/Src/stm32h7xx_hal_eth_ex.c ****   *                 ETH_INNER_TX_VLANTAG
 526:Drivers/STM32H7xx_HAL_Driver/Src/stm32h7xx_hal_eth_ex.c ****   * @param  pVlanConfig: pointer to a ETH_TxVLANConfigTypeDef structure
 527:Drivers/STM32H7xx_HAL_Driver/Src/stm32h7xx_hal_eth_ex.c ****   *         that contains Tx VLAN filter configuration.
 528:Drivers/STM32H7xx_HAL_Driver/Src/stm32h7xx_hal_eth_ex.c ****   * @retval HAL Status
 529:Drivers/STM32H7xx_HAL_Driver/Src/stm32h7xx_hal_eth_ex.c ****   */
 530:Drivers/STM32H7xx_HAL_Driver/Src/stm32h7xx_hal_eth_ex.c **** HAL_StatusTypeDef HAL_ETHEx_SetTxVLANConfig(ETH_HandleTypeDef *heth, uint32_t VLANTag,
 531:Drivers/STM32H7xx_HAL_Driver/Src/stm32h7xx_hal_eth_ex.c ****                                             const ETH_TxVLANConfigTypeDef *pVlanConfig)
 532:Drivers/STM32H7xx_HAL_Driver/Src/stm32h7xx_hal_eth_ex.c **** {
 1073              		.loc 1 532 1 is_stmt 1 view -0
 1074              		.cfi_startproc
 1075              		@ args = 0, pretend = 0, frame = 0
 1076              		@ frame_needed = 0, uses_anonymous_args = 0
 1077              		@ link register save eliminated.
 533:Drivers/STM32H7xx_HAL_Driver/Src/stm32h7xx_hal_eth_ex.c ****   if (VLANTag == ETH_INNER_TX_VLANTAG)
 1078              		.loc 1 533 3 view .LVU269
 1079              		.loc 1 533 6 is_stmt 0 view .LVU270
 1080 0000 0129     		cmp	r1, #1
 1081 0002 0FD0     		beq	.L71
 534:Drivers/STM32H7xx_HAL_Driver/Src/stm32h7xx_hal_eth_ex.c ****   {
 535:Drivers/STM32H7xx_HAL_Driver/Src/stm32h7xx_hal_eth_ex.c ****     MODIFY_REG(heth->Instance->MACIVIR, ETH_MACTXVLAN_MASK, (((uint32_t)pVlanConfig->SourceTxDesc <
 536:Drivers/STM32H7xx_HAL_Driver/Src/stm32h7xx_hal_eth_ex.c ****                                                              ((uint32_t)pVlanConfig->SVLANType << 1
 537:Drivers/STM32H7xx_HAL_Driver/Src/stm32h7xx_hal_eth_ex.c ****                                                              pVlanConfig->VLANTagControl));
 538:Drivers/STM32H7xx_HAL_Driver/Src/stm32h7xx_hal_eth_ex.c ****     /* Enable Double VLAN processing */
 539:Drivers/STM32H7xx_HAL_Driver/Src/stm32h7xx_hal_eth_ex.c ****     SET_BIT(heth->Instance->MACVTR, ETH_MACVTR_EDVLP);
 540:Drivers/STM32H7xx_HAL_Driver/Src/stm32h7xx_hal_eth_ex.c ****   }
 541:Drivers/STM32H7xx_HAL_Driver/Src/stm32h7xx_hal_eth_ex.c ****   else
 542:Drivers/STM32H7xx_HAL_Driver/Src/stm32h7xx_hal_eth_ex.c ****   {
 543:Drivers/STM32H7xx_HAL_Driver/Src/stm32h7xx_hal_eth_ex.c ****     MODIFY_REG(heth->Instance->MACVIR, ETH_MACTXVLAN_MASK, (((uint32_t)pVlanConfig->SourceTxDesc <<
 1082              		.loc 1 543 5 is_stmt 1 view .LVU271
 1083 0004 0068     		ldr	r0, [r0]
 1084              	.LVL71:
 1085              		.loc 1 543 5 is_stmt 0 view .LVU272
 1086 0006 016E     		ldr	r1, [r0, #96]
 1087              	.LVL72:
 1088              		.loc 1 543 5 view .LVU273
 1089 0008 21F4F811 		bic	r1, r1, #2031616
 1090 000c 92F800C0 		ldrb	ip, [r2]	@ zero_extendqisi2
 1091 0010 5378     		ldrb	r3, [r2, #1]	@ zero_extendqisi2
 1092 0012 DB04     		lsls	r3, r3, #19
 1093 0014 43EA0C53 		orr	r3, r3, ip, lsl #20
 1094 0018 5268     		ldr	r2, [r2, #4]
 1095              	.LVL73:
 1096              		.loc 1 543 5 view .LVU274
 1097 001a 1343     		orrs	r3, r3, r2
 1098 001c 0B43     		orrs	r3, r3, r1
 1099 001e 0366     		str	r3, [r0, #96]
 544:Drivers/STM32H7xx_HAL_Driver/Src/stm32h7xx_hal_eth_ex.c ****                                                             ((uint32_t)pVlanConfig->SVLANType << 19
 545:Drivers/STM32H7xx_HAL_Driver/Src/stm32h7xx_hal_eth_ex.c ****                                                             pVlanConfig->VLANTagControl));
 546:Drivers/STM32H7xx_HAL_Driver/Src/stm32h7xx_hal_eth_ex.c ****   }
 547:Drivers/STM32H7xx_HAL_Driver/Src/stm32h7xx_hal_eth_ex.c **** 
 548:Drivers/STM32H7xx_HAL_Driver/Src/stm32h7xx_hal_eth_ex.c ****   return HAL_OK;
 1100              		.loc 1 548 3 is_stmt 1 view .LVU275
 549:Drivers/STM32H7xx_HAL_Driver/Src/stm32h7xx_hal_eth_ex.c **** }
 1101              		.loc 1 549 1 is_stmt 0 view .LVU276
ARM GAS  /tmp/ccfostYI.s 			page 31


 1102 0020 0020     		movs	r0, #0
 1103 0022 7047     		bx	lr
 1104              	.LVL74:
 1105              	.L71:
 532:Drivers/STM32H7xx_HAL_Driver/Src/stm32h7xx_hal_eth_ex.c ****   if (VLANTag == ETH_INNER_TX_VLANTAG)
 1106              		.loc 1 532 1 view .LVU277
 1107 0024 10B4     		push	{r4}
 1108              	.LCFI14:
 1109              		.cfi_def_cfa_offset 4
 1110              		.cfi_offset 4, -4
 535:Drivers/STM32H7xx_HAL_Driver/Src/stm32h7xx_hal_eth_ex.c ****                                                              ((uint32_t)pVlanConfig->SVLANType << 1
 1111              		.loc 1 535 5 is_stmt 1 view .LVU278
 1112 0026 0468     		ldr	r4, [r0]
 1113 0028 616E     		ldr	r1, [r4, #100]
 1114              	.LVL75:
 535:Drivers/STM32H7xx_HAL_Driver/Src/stm32h7xx_hal_eth_ex.c ****                                                              ((uint32_t)pVlanConfig->SVLANType << 1
 1115              		.loc 1 535 5 is_stmt 0 view .LVU279
 1116 002a 21F4F811 		bic	r1, r1, #2031616
 1117 002e 92F800C0 		ldrb	ip, [r2]	@ zero_extendqisi2
 1118 0032 5378     		ldrb	r3, [r2, #1]	@ zero_extendqisi2
 1119 0034 DB04     		lsls	r3, r3, #19
 1120 0036 43EA0C53 		orr	r3, r3, ip, lsl #20
 1121 003a 5268     		ldr	r2, [r2, #4]
 1122              	.LVL76:
 535:Drivers/STM32H7xx_HAL_Driver/Src/stm32h7xx_hal_eth_ex.c ****                                                              ((uint32_t)pVlanConfig->SVLANType << 1
 1123              		.loc 1 535 5 view .LVU280
 1124 003c 1343     		orrs	r3, r3, r2
 1125 003e 0B43     		orrs	r3, r3, r1
 1126 0040 6366     		str	r3, [r4, #100]
 539:Drivers/STM32H7xx_HAL_Driver/Src/stm32h7xx_hal_eth_ex.c ****   }
 1127              		.loc 1 539 5 is_stmt 1 view .LVU281
 1128 0042 0268     		ldr	r2, [r0]
 1129 0044 136D     		ldr	r3, [r2, #80]
 1130 0046 43F08063 		orr	r3, r3, #67108864
 1131 004a 1365     		str	r3, [r2, #80]
 548:Drivers/STM32H7xx_HAL_Driver/Src/stm32h7xx_hal_eth_ex.c **** }
 1132              		.loc 1 548 3 view .LVU282
 1133              		.loc 1 549 1 is_stmt 0 view .LVU283
 1134 004c 0020     		movs	r0, #0
 1135              	.LVL77:
 1136              		.loc 1 549 1 view .LVU284
 1137 004e 5DF8044B 		ldr	r4, [sp], #4
 1138              	.LCFI15:
 1139              		.cfi_restore 4
 1140              		.cfi_def_cfa_offset 0
 1141 0052 7047     		bx	lr
 1142              		.cfi_endproc
 1143              	.LFE157:
 1145              		.section	.text.HAL_ETHEx_SetTxVLANIdentifier,"ax",%progbits
 1146              		.align	1
 1147              		.global	HAL_ETHEx_SetTxVLANIdentifier
 1148              		.syntax unified
 1149              		.thumb
 1150              		.thumb_func
 1151              		.fpu fpv5-d16
 1153              	HAL_ETHEx_SetTxVLANIdentifier:
 1154              	.LVL78:
ARM GAS  /tmp/ccfostYI.s 			page 32


 1155              	.LFB158:
 550:Drivers/STM32H7xx_HAL_Driver/Src/stm32h7xx_hal_eth_ex.c **** 
 551:Drivers/STM32H7xx_HAL_Driver/Src/stm32h7xx_hal_eth_ex.c **** /**
 552:Drivers/STM32H7xx_HAL_Driver/Src/stm32h7xx_hal_eth_ex.c ****   * @brief  Set the VLAN Tag Identifier for Transmit Packets.
 553:Drivers/STM32H7xx_HAL_Driver/Src/stm32h7xx_hal_eth_ex.c ****   * @param  heth: pointer to a ETH_HandleTypeDef structure that contains
 554:Drivers/STM32H7xx_HAL_Driver/Src/stm32h7xx_hal_eth_ex.c ****   *         the configuration information for ETHERNET module
 555:Drivers/STM32H7xx_HAL_Driver/Src/stm32h7xx_hal_eth_ex.c ****   * @param  VLANTag: Selects the vlan tag, this parameter must be one of the following
 556:Drivers/STM32H7xx_HAL_Driver/Src/stm32h7xx_hal_eth_ex.c ****   *                 ETH_OUTER_TX_VLANTAG
 557:Drivers/STM32H7xx_HAL_Driver/Src/stm32h7xx_hal_eth_ex.c ****   *                 ETH_INNER_TX_VLANTAG
 558:Drivers/STM32H7xx_HAL_Driver/Src/stm32h7xx_hal_eth_ex.c ****   * @param  VLANIdentifier: VLAN Identifier 16 bit value
 559:Drivers/STM32H7xx_HAL_Driver/Src/stm32h7xx_hal_eth_ex.c ****   * @retval None
 560:Drivers/STM32H7xx_HAL_Driver/Src/stm32h7xx_hal_eth_ex.c ****   */
 561:Drivers/STM32H7xx_HAL_Driver/Src/stm32h7xx_hal_eth_ex.c **** void HAL_ETHEx_SetTxVLANIdentifier(ETH_HandleTypeDef *heth, uint32_t VLANTag, uint32_t VLANIdentifi
 562:Drivers/STM32H7xx_HAL_Driver/Src/stm32h7xx_hal_eth_ex.c **** {
 1156              		.loc 1 562 1 is_stmt 1 view -0
 1157              		.cfi_startproc
 1158              		@ args = 0, pretend = 0, frame = 0
 1159              		@ frame_needed = 0, uses_anonymous_args = 0
 1160              		@ link register save eliminated.
 563:Drivers/STM32H7xx_HAL_Driver/Src/stm32h7xx_hal_eth_ex.c ****   if (VLANTag == ETH_INNER_TX_VLANTAG)
 1161              		.loc 1 563 3 view .LVU286
 1162              		.loc 1 563 6 is_stmt 0 view .LVU287
 1163 0000 0129     		cmp	r1, #1
 1164 0002 06D0     		beq	.L75
 564:Drivers/STM32H7xx_HAL_Driver/Src/stm32h7xx_hal_eth_ex.c ****   {
 565:Drivers/STM32H7xx_HAL_Driver/Src/stm32h7xx_hal_eth_ex.c ****     MODIFY_REG(heth->Instance->MACIVIR, ETH_MACVIR_VLT, VLANIdentifier);
 566:Drivers/STM32H7xx_HAL_Driver/Src/stm32h7xx_hal_eth_ex.c ****   }
 567:Drivers/STM32H7xx_HAL_Driver/Src/stm32h7xx_hal_eth_ex.c ****   else
 568:Drivers/STM32H7xx_HAL_Driver/Src/stm32h7xx_hal_eth_ex.c ****   {
 569:Drivers/STM32H7xx_HAL_Driver/Src/stm32h7xx_hal_eth_ex.c ****     MODIFY_REG(heth->Instance->MACVIR, ETH_MACVIR_VLT, VLANIdentifier);
 1165              		.loc 1 569 5 is_stmt 1 view .LVU288
 1166 0004 0168     		ldr	r1, [r0]
 1167              	.LVL79:
 1168              		.loc 1 569 5 is_stmt 0 view .LVU289
 1169 0006 086E     		ldr	r0, [r1, #96]
 1170              	.LVL80:
 1171              		.loc 1 569 5 view .LVU290
 1172 0008 054B     		ldr	r3, .L76
 1173 000a 0340     		ands	r3, r3, r0
 1174 000c 1A43     		orrs	r2, r2, r3
 1175              	.LVL81:
 1176              		.loc 1 569 5 view .LVU291
 1177 000e 0A66     		str	r2, [r1, #96]
 570:Drivers/STM32H7xx_HAL_Driver/Src/stm32h7xx_hal_eth_ex.c ****   }
 571:Drivers/STM32H7xx_HAL_Driver/Src/stm32h7xx_hal_eth_ex.c **** }
 1178              		.loc 1 571 1 view .LVU292
 1179 0010 7047     		bx	lr
 1180              	.LVL82:
 1181              	.L75:
 565:Drivers/STM32H7xx_HAL_Driver/Src/stm32h7xx_hal_eth_ex.c ****   }
 1182              		.loc 1 565 5 is_stmt 1 view .LVU293
 1183 0012 0168     		ldr	r1, [r0]
 1184              	.LVL83:
 565:Drivers/STM32H7xx_HAL_Driver/Src/stm32h7xx_hal_eth_ex.c ****   }
 1185              		.loc 1 565 5 is_stmt 0 view .LVU294
 1186 0014 486E     		ldr	r0, [r1, #100]
 1187              	.LVL84:
ARM GAS  /tmp/ccfostYI.s 			page 33


 565:Drivers/STM32H7xx_HAL_Driver/Src/stm32h7xx_hal_eth_ex.c ****   }
 1188              		.loc 1 565 5 view .LVU295
 1189 0016 024B     		ldr	r3, .L76
 1190 0018 0340     		ands	r3, r3, r0
 1191 001a 1A43     		orrs	r2, r2, r3
 1192              	.LVL85:
 565:Drivers/STM32H7xx_HAL_Driver/Src/stm32h7xx_hal_eth_ex.c ****   }
 1193              		.loc 1 565 5 view .LVU296
 1194 001c 4A66     		str	r2, [r1, #100]
 1195 001e 7047     		bx	lr
 1196              	.L77:
 1197              		.align	2
 1198              	.L76:
 1199 0020 0000FFFF 		.word	-65536
 1200              		.cfi_endproc
 1201              	.LFE158:
 1203              		.section	.text.HAL_ETHEx_EnableVLANProcessing,"ax",%progbits
 1204              		.align	1
 1205              		.global	HAL_ETHEx_EnableVLANProcessing
 1206              		.syntax unified
 1207              		.thumb
 1208              		.thumb_func
 1209              		.fpu fpv5-d16
 1211              	HAL_ETHEx_EnableVLANProcessing:
 1212              	.LVL86:
 1213              	.LFB159:
 572:Drivers/STM32H7xx_HAL_Driver/Src/stm32h7xx_hal_eth_ex.c **** 
 573:Drivers/STM32H7xx_HAL_Driver/Src/stm32h7xx_hal_eth_ex.c **** /**
 574:Drivers/STM32H7xx_HAL_Driver/Src/stm32h7xx_hal_eth_ex.c ****   * @brief  Enables the VLAN Tag Filtering process.
 575:Drivers/STM32H7xx_HAL_Driver/Src/stm32h7xx_hal_eth_ex.c ****   * @param  heth: pointer to a ETH_HandleTypeDef structure that contains
 576:Drivers/STM32H7xx_HAL_Driver/Src/stm32h7xx_hal_eth_ex.c ****   *         the configuration information for ETHERNET module
 577:Drivers/STM32H7xx_HAL_Driver/Src/stm32h7xx_hal_eth_ex.c ****   * @retval None.
 578:Drivers/STM32H7xx_HAL_Driver/Src/stm32h7xx_hal_eth_ex.c ****   */
 579:Drivers/STM32H7xx_HAL_Driver/Src/stm32h7xx_hal_eth_ex.c **** void HAL_ETHEx_EnableVLANProcessing(ETH_HandleTypeDef *heth)
 580:Drivers/STM32H7xx_HAL_Driver/Src/stm32h7xx_hal_eth_ex.c **** {
 1214              		.loc 1 580 1 is_stmt 1 view -0
 1215              		.cfi_startproc
 1216              		@ args = 0, pretend = 0, frame = 0
 1217              		@ frame_needed = 0, uses_anonymous_args = 0
 1218              		@ link register save eliminated.
 581:Drivers/STM32H7xx_HAL_Driver/Src/stm32h7xx_hal_eth_ex.c ****   /* Enable VLAN processing */
 582:Drivers/STM32H7xx_HAL_Driver/Src/stm32h7xx_hal_eth_ex.c ****   SET_BIT(heth->Instance->MACPFR, ETH_MACPFR_VTFE);
 1219              		.loc 1 582 3 view .LVU298
 1220 0000 0268     		ldr	r2, [r0]
 1221 0002 9368     		ldr	r3, [r2, #8]
 1222 0004 43F48033 		orr	r3, r3, #65536
 1223 0008 9360     		str	r3, [r2, #8]
 583:Drivers/STM32H7xx_HAL_Driver/Src/stm32h7xx_hal_eth_ex.c **** }
 1224              		.loc 1 583 1 is_stmt 0 view .LVU299
 1225 000a 7047     		bx	lr
 1226              		.cfi_endproc
 1227              	.LFE159:
 1229              		.section	.text.HAL_ETHEx_DisableVLANProcessing,"ax",%progbits
 1230              		.align	1
 1231              		.global	HAL_ETHEx_DisableVLANProcessing
 1232              		.syntax unified
 1233              		.thumb
ARM GAS  /tmp/ccfostYI.s 			page 34


 1234              		.thumb_func
 1235              		.fpu fpv5-d16
 1237              	HAL_ETHEx_DisableVLANProcessing:
 1238              	.LVL87:
 1239              	.LFB160:
 584:Drivers/STM32H7xx_HAL_Driver/Src/stm32h7xx_hal_eth_ex.c **** 
 585:Drivers/STM32H7xx_HAL_Driver/Src/stm32h7xx_hal_eth_ex.c **** /**
 586:Drivers/STM32H7xx_HAL_Driver/Src/stm32h7xx_hal_eth_ex.c ****   * @brief  Disables the VLAN Tag Filtering process.
 587:Drivers/STM32H7xx_HAL_Driver/Src/stm32h7xx_hal_eth_ex.c ****   * @param  heth: pointer to a ETH_HandleTypeDef structure that contains
 588:Drivers/STM32H7xx_HAL_Driver/Src/stm32h7xx_hal_eth_ex.c ****   *         the configuration information for ETHERNET module
 589:Drivers/STM32H7xx_HAL_Driver/Src/stm32h7xx_hal_eth_ex.c ****   * @retval None.
 590:Drivers/STM32H7xx_HAL_Driver/Src/stm32h7xx_hal_eth_ex.c ****   */
 591:Drivers/STM32H7xx_HAL_Driver/Src/stm32h7xx_hal_eth_ex.c **** void HAL_ETHEx_DisableVLANProcessing(ETH_HandleTypeDef *heth)
 592:Drivers/STM32H7xx_HAL_Driver/Src/stm32h7xx_hal_eth_ex.c **** {
 1240              		.loc 1 592 1 is_stmt 1 view -0
 1241              		.cfi_startproc
 1242              		@ args = 0, pretend = 0, frame = 0
 1243              		@ frame_needed = 0, uses_anonymous_args = 0
 1244              		@ link register save eliminated.
 593:Drivers/STM32H7xx_HAL_Driver/Src/stm32h7xx_hal_eth_ex.c ****   /* Disable VLAN processing */
 594:Drivers/STM32H7xx_HAL_Driver/Src/stm32h7xx_hal_eth_ex.c ****   CLEAR_BIT(heth->Instance->MACPFR, ETH_MACPFR_VTFE);
 1245              		.loc 1 594 3 view .LVU301
 1246 0000 0268     		ldr	r2, [r0]
 1247 0002 9368     		ldr	r3, [r2, #8]
 1248 0004 23F48033 		bic	r3, r3, #65536
 1249 0008 9360     		str	r3, [r2, #8]
 595:Drivers/STM32H7xx_HAL_Driver/Src/stm32h7xx_hal_eth_ex.c **** }
 1250              		.loc 1 595 1 is_stmt 0 view .LVU302
 1251 000a 7047     		bx	lr
 1252              		.cfi_endproc
 1253              	.LFE160:
 1255              		.section	.text.HAL_ETHEx_EnterLPIMode,"ax",%progbits
 1256              		.align	1
 1257              		.global	HAL_ETHEx_EnterLPIMode
 1258              		.syntax unified
 1259              		.thumb
 1260              		.thumb_func
 1261              		.fpu fpv5-d16
 1263              	HAL_ETHEx_EnterLPIMode:
 1264              	.LVL88:
 1265              	.LFB161:
 596:Drivers/STM32H7xx_HAL_Driver/Src/stm32h7xx_hal_eth_ex.c **** 
 597:Drivers/STM32H7xx_HAL_Driver/Src/stm32h7xx_hal_eth_ex.c **** /**
 598:Drivers/STM32H7xx_HAL_Driver/Src/stm32h7xx_hal_eth_ex.c ****   * @brief  Enters the Low Power Idle (LPI) mode
 599:Drivers/STM32H7xx_HAL_Driver/Src/stm32h7xx_hal_eth_ex.c ****   * @param  heth: pointer to a ETH_HandleTypeDef structure that contains
 600:Drivers/STM32H7xx_HAL_Driver/Src/stm32h7xx_hal_eth_ex.c ****   *         the configuration information for ETHERNET module
 601:Drivers/STM32H7xx_HAL_Driver/Src/stm32h7xx_hal_eth_ex.c ****   * @param  TxAutomate: Enable/Disable automate enter/exit LPI mode.
 602:Drivers/STM32H7xx_HAL_Driver/Src/stm32h7xx_hal_eth_ex.c ****   * @param  TxClockStop: Enable/Disable Tx clock stop in LPI mode.
 603:Drivers/STM32H7xx_HAL_Driver/Src/stm32h7xx_hal_eth_ex.c ****   * @retval None
 604:Drivers/STM32H7xx_HAL_Driver/Src/stm32h7xx_hal_eth_ex.c ****   */
 605:Drivers/STM32H7xx_HAL_Driver/Src/stm32h7xx_hal_eth_ex.c **** void HAL_ETHEx_EnterLPIMode(ETH_HandleTypeDef *heth, FunctionalState TxAutomate, FunctionalState Tx
 606:Drivers/STM32H7xx_HAL_Driver/Src/stm32h7xx_hal_eth_ex.c **** {
 1266              		.loc 1 606 1 is_stmt 1 view -0
 1267              		.cfi_startproc
 1268              		@ args = 0, pretend = 0, frame = 0
 1269              		@ frame_needed = 0, uses_anonymous_args = 0
 1270              		@ link register save eliminated.
ARM GAS  /tmp/ccfostYI.s 			page 35


 1271              		.loc 1 606 1 is_stmt 0 view .LVU304
 1272 0000 30B4     		push	{r4, r5}
 1273              	.LCFI16:
 1274              		.cfi_def_cfa_offset 8
 1275              		.cfi_offset 4, -8
 1276              		.cfi_offset 5, -4
 607:Drivers/STM32H7xx_HAL_Driver/Src/stm32h7xx_hal_eth_ex.c ****   /* Enable LPI Interrupts */
 608:Drivers/STM32H7xx_HAL_Driver/Src/stm32h7xx_hal_eth_ex.c ****   __HAL_ETH_MAC_ENABLE_IT(heth, ETH_MACIER_LPIIE);
 1277              		.loc 1 608 3 is_stmt 1 view .LVU305
 1278 0002 0568     		ldr	r5, [r0]
 1279 0004 D5F8B440 		ldr	r4, [r5, #180]
 1280 0008 44F02004 		orr	r4, r4, #32
 1281 000c C5F8B440 		str	r4, [r5, #180]
 609:Drivers/STM32H7xx_HAL_Driver/Src/stm32h7xx_hal_eth_ex.c **** 
 610:Drivers/STM32H7xx_HAL_Driver/Src/stm32h7xx_hal_eth_ex.c ****   /* Write to LPI Control register: Enter low power mode */
 611:Drivers/STM32H7xx_HAL_Driver/Src/stm32h7xx_hal_eth_ex.c ****   MODIFY_REG(heth->Instance->MACLCSR, (ETH_MACLCSR_LPIEN | ETH_MACLCSR_LPITXA | ETH_MACLCSR_LPITCSE
 1282              		.loc 1 611 3 view .LVU306
 1283 0010 0068     		ldr	r0, [r0]
 1284              	.LVL89:
 1285              		.loc 1 611 3 is_stmt 0 view .LVU307
 1286 0012 D0F8D030 		ldr	r3, [r0, #208]
 1287 0016 23F42413 		bic	r3, r3, #2686976
 1288 001a 5205     		lsls	r2, r2, #21
 1289              	.LVL90:
 1290              		.loc 1 611 3 view .LVU308
 1291 001c 42EAC142 		orr	r2, r2, r1, lsl #19
 1292 0020 1343     		orrs	r3, r3, r2
 1293 0022 43F48033 		orr	r3, r3, #65536
 1294 0026 C0F8D030 		str	r3, [r0, #208]
 612:Drivers/STM32H7xx_HAL_Driver/Src/stm32h7xx_hal_eth_ex.c ****              (((uint32_t)TxAutomate << 19) |
 613:Drivers/STM32H7xx_HAL_Driver/Src/stm32h7xx_hal_eth_ex.c ****               ((uint32_t)TxClockStop << 21) |
 614:Drivers/STM32H7xx_HAL_Driver/Src/stm32h7xx_hal_eth_ex.c ****               ETH_MACLCSR_LPIEN));
 615:Drivers/STM32H7xx_HAL_Driver/Src/stm32h7xx_hal_eth_ex.c **** }
 1295              		.loc 1 615 1 view .LVU309
 1296 002a 30BC     		pop	{r4, r5}
 1297              	.LCFI17:
 1298              		.cfi_restore 5
 1299              		.cfi_restore 4
 1300              		.cfi_def_cfa_offset 0
 1301 002c 7047     		bx	lr
 1302              		.cfi_endproc
 1303              	.LFE161:
 1305              		.section	.text.HAL_ETHEx_ExitLPIMode,"ax",%progbits
 1306              		.align	1
 1307              		.global	HAL_ETHEx_ExitLPIMode
 1308              		.syntax unified
 1309              		.thumb
 1310              		.thumb_func
 1311              		.fpu fpv5-d16
 1313              	HAL_ETHEx_ExitLPIMode:
 1314              	.LVL91:
 1315              	.LFB162:
 616:Drivers/STM32H7xx_HAL_Driver/Src/stm32h7xx_hal_eth_ex.c **** 
 617:Drivers/STM32H7xx_HAL_Driver/Src/stm32h7xx_hal_eth_ex.c **** /**
 618:Drivers/STM32H7xx_HAL_Driver/Src/stm32h7xx_hal_eth_ex.c ****   * @brief  Exits the Low Power Idle (LPI) mode.
 619:Drivers/STM32H7xx_HAL_Driver/Src/stm32h7xx_hal_eth_ex.c ****   * @param  heth: pointer to a ETH_HandleTypeDef structure that contains
 620:Drivers/STM32H7xx_HAL_Driver/Src/stm32h7xx_hal_eth_ex.c ****   *         the configuration information for ETHERNET module
ARM GAS  /tmp/ccfostYI.s 			page 36


 621:Drivers/STM32H7xx_HAL_Driver/Src/stm32h7xx_hal_eth_ex.c ****   * @retval None
 622:Drivers/STM32H7xx_HAL_Driver/Src/stm32h7xx_hal_eth_ex.c ****   */
 623:Drivers/STM32H7xx_HAL_Driver/Src/stm32h7xx_hal_eth_ex.c **** void HAL_ETHEx_ExitLPIMode(ETH_HandleTypeDef *heth)
 624:Drivers/STM32H7xx_HAL_Driver/Src/stm32h7xx_hal_eth_ex.c **** {
 1316              		.loc 1 624 1 is_stmt 1 view -0
 1317              		.cfi_startproc
 1318              		@ args = 0, pretend = 0, frame = 0
 1319              		@ frame_needed = 0, uses_anonymous_args = 0
 1320              		@ link register save eliminated.
 625:Drivers/STM32H7xx_HAL_Driver/Src/stm32h7xx_hal_eth_ex.c ****   /* Clear the LPI Config and exit low power mode */
 626:Drivers/STM32H7xx_HAL_Driver/Src/stm32h7xx_hal_eth_ex.c ****   CLEAR_BIT(heth->Instance->MACLCSR, (ETH_MACLCSR_LPIEN | ETH_MACLCSR_LPITXA | ETH_MACLCSR_LPITCSE)
 1321              		.loc 1 626 3 view .LVU311
 1322 0000 0268     		ldr	r2, [r0]
 1323 0002 D2F8D030 		ldr	r3, [r2, #208]
 1324 0006 23F42413 		bic	r3, r3, #2686976
 1325 000a C2F8D030 		str	r3, [r2, #208]
 627:Drivers/STM32H7xx_HAL_Driver/Src/stm32h7xx_hal_eth_ex.c **** 
 628:Drivers/STM32H7xx_HAL_Driver/Src/stm32h7xx_hal_eth_ex.c ****   /* Enable LPI Interrupts */
 629:Drivers/STM32H7xx_HAL_Driver/Src/stm32h7xx_hal_eth_ex.c ****   __HAL_ETH_MAC_DISABLE_IT(heth, ETH_MACIER_LPIIE);
 1326              		.loc 1 629 3 view .LVU312
 1327 000e 0268     		ldr	r2, [r0]
 1328 0010 D2F8B430 		ldr	r3, [r2, #180]
 1329 0014 23F02003 		bic	r3, r3, #32
 1330 0018 C2F8B430 		str	r3, [r2, #180]
 630:Drivers/STM32H7xx_HAL_Driver/Src/stm32h7xx_hal_eth_ex.c **** }
 1331              		.loc 1 630 1 is_stmt 0 view .LVU313
 1332 001c 7047     		bx	lr
 1333              		.cfi_endproc
 1334              	.LFE162:
 1336              		.section	.text.HAL_ETHEx_GetMACLPIEvent,"ax",%progbits
 1337              		.align	1
 1338              		.global	HAL_ETHEx_GetMACLPIEvent
 1339              		.syntax unified
 1340              		.thumb
 1341              		.thumb_func
 1342              		.fpu fpv5-d16
 1344              	HAL_ETHEx_GetMACLPIEvent:
 1345              	.LVL92:
 1346              	.LFB163:
 631:Drivers/STM32H7xx_HAL_Driver/Src/stm32h7xx_hal_eth_ex.c **** 
 632:Drivers/STM32H7xx_HAL_Driver/Src/stm32h7xx_hal_eth_ex.c **** /**
 633:Drivers/STM32H7xx_HAL_Driver/Src/stm32h7xx_hal_eth_ex.c ****   * @brief  Returns the ETH MAC LPI event
 634:Drivers/STM32H7xx_HAL_Driver/Src/stm32h7xx_hal_eth_ex.c ****   * @param  heth: pointer to a ETH_HandleTypeDef structure that contains
 635:Drivers/STM32H7xx_HAL_Driver/Src/stm32h7xx_hal_eth_ex.c ****   *         the configuration information for ETHERNET module
 636:Drivers/STM32H7xx_HAL_Driver/Src/stm32h7xx_hal_eth_ex.c ****   * @retval ETH MAC WakeUp event
 637:Drivers/STM32H7xx_HAL_Driver/Src/stm32h7xx_hal_eth_ex.c ****   */
 638:Drivers/STM32H7xx_HAL_Driver/Src/stm32h7xx_hal_eth_ex.c **** uint32_t HAL_ETHEx_GetMACLPIEvent(const ETH_HandleTypeDef *heth)
 639:Drivers/STM32H7xx_HAL_Driver/Src/stm32h7xx_hal_eth_ex.c **** {
 1347              		.loc 1 639 1 is_stmt 1 view -0
 1348              		.cfi_startproc
 1349              		@ args = 0, pretend = 0, frame = 0
 1350              		@ frame_needed = 0, uses_anonymous_args = 0
 1351              		@ link register save eliminated.
 640:Drivers/STM32H7xx_HAL_Driver/Src/stm32h7xx_hal_eth_ex.c ****   return heth->MACLPIEvent;
 1352              		.loc 1 640 3 view .LVU315
 1353              		.loc 1 640 14 is_stmt 0 view .LVU316
 1354 0000 D0F89800 		ldr	r0, [r0, #152]
ARM GAS  /tmp/ccfostYI.s 			page 37


 1355              	.LVL93:
 641:Drivers/STM32H7xx_HAL_Driver/Src/stm32h7xx_hal_eth_ex.c **** }
 1356              		.loc 1 641 1 view .LVU317
 1357 0004 7047     		bx	lr
 1358              		.cfi_endproc
 1359              	.LFE163:
 1361              		.text
 1362              	.Letext0:
 1363              		.file 2 "/usr/lib/gcc/arm-none-eabi/10.3.1/include/stdint.h"
 1364              		.file 3 "Drivers/CMSIS/Device/ST/STM32H7xx/Include/stm32h723xx.h"
 1365              		.file 4 "Drivers/CMSIS/Device/ST/STM32H7xx/Include/stm32h7xx.h"
 1366              		.file 5 "Drivers/STM32H7xx_HAL_Driver/Inc/stm32h7xx_hal_def.h"
 1367              		.file 6 "Drivers/STM32H7xx_HAL_Driver/Inc/stm32h7xx_hal_eth.h"
 1368              		.file 7 "Drivers/STM32H7xx_HAL_Driver/Inc/stm32h7xx_hal_eth_ex.h"
ARM GAS  /tmp/ccfostYI.s 			page 38


DEFINED SYMBOLS
                            *ABS*:0000000000000000 stm32h7xx_hal_eth_ex.c
     /tmp/ccfostYI.s:17     .text.HAL_ETHEx_EnableARPOffload:0000000000000000 $t
     /tmp/ccfostYI.s:25     .text.HAL_ETHEx_EnableARPOffload:0000000000000000 HAL_ETHEx_EnableARPOffload
     /tmp/ccfostYI.s:45     .text.HAL_ETHEx_DisableARPOffload:0000000000000000 $t
     /tmp/ccfostYI.s:52     .text.HAL_ETHEx_DisableARPOffload:0000000000000000 HAL_ETHEx_DisableARPOffload
     /tmp/ccfostYI.s:71     .text.HAL_ETHEx_SetARPAddressMatch:0000000000000000 $t
     /tmp/ccfostYI.s:78     .text.HAL_ETHEx_SetARPAddressMatch:0000000000000000 HAL_ETHEx_SetARPAddressMatch
     /tmp/ccfostYI.s:95     .text.HAL_ETHEx_SetL4FilterConfig:0000000000000000 $t
     /tmp/ccfostYI.s:102    .text.HAL_ETHEx_SetL4FilterConfig:0000000000000000 HAL_ETHEx_SetL4FilterConfig
     /tmp/ccfostYI.s:208    .text.HAL_ETHEx_GetL4FilterConfig:0000000000000000 $t
     /tmp/ccfostYI.s:215    .text.HAL_ETHEx_GetL4FilterConfig:0000000000000000 HAL_ETHEx_GetL4FilterConfig
     /tmp/ccfostYI.s:330    .text.HAL_ETHEx_SetL3FilterConfig:0000000000000000 $t
     /tmp/ccfostYI.s:337    .text.HAL_ETHEx_SetL3FilterConfig:0000000000000000 HAL_ETHEx_SetL3FilterConfig
     /tmp/ccfostYI.s:523    .text.HAL_ETHEx_SetL3FilterConfig:00000000000000e0 $d
     /tmp/ccfostYI.s:528    .text.HAL_ETHEx_GetL3FilterConfig:0000000000000000 $t
     /tmp/ccfostYI.s:535    .text.HAL_ETHEx_GetL3FilterConfig:0000000000000000 HAL_ETHEx_GetL3FilterConfig
     /tmp/ccfostYI.s:702    .text.HAL_ETHEx_EnableL3L4Filtering:0000000000000000 $t
     /tmp/ccfostYI.s:709    .text.HAL_ETHEx_EnableL3L4Filtering:0000000000000000 HAL_ETHEx_EnableL3L4Filtering
     /tmp/ccfostYI.s:728    .text.HAL_ETHEx_DisableL3L4Filtering:0000000000000000 $t
     /tmp/ccfostYI.s:735    .text.HAL_ETHEx_DisableL3L4Filtering:0000000000000000 HAL_ETHEx_DisableL3L4Filtering
     /tmp/ccfostYI.s:754    .text.HAL_ETHEx_GetRxVLANConfig:0000000000000000 $t
     /tmp/ccfostYI.s:761    .text.HAL_ETHEx_GetRxVLANConfig:0000000000000000 HAL_ETHEx_GetRxVLANConfig
     /tmp/ccfostYI.s:859    .text.HAL_ETHEx_SetRxVLANConfig:0000000000000000 $t
     /tmp/ccfostYI.s:866    .text.HAL_ETHEx_SetRxVLANConfig:0000000000000000 HAL_ETHEx_SetRxVLANConfig
     /tmp/ccfostYI.s:932    .text.HAL_ETHEx_SetRxVLANConfig:0000000000000058 $d
     /tmp/ccfostYI.s:937    .text.HAL_ETHEx_SetVLANHashTable:0000000000000000 $t
     /tmp/ccfostYI.s:944    .text.HAL_ETHEx_SetVLANHashTable:0000000000000000 HAL_ETHEx_SetVLANHashTable
     /tmp/ccfostYI.s:966    .text.HAL_ETHEx_SetVLANHashTable:0000000000000010 $d
     /tmp/ccfostYI.s:971    .text.HAL_ETHEx_GetTxVLANConfig:0000000000000000 $t
     /tmp/ccfostYI.s:978    .text.HAL_ETHEx_GetTxVLANConfig:0000000000000000 HAL_ETHEx_GetTxVLANConfig
     /tmp/ccfostYI.s:1063   .text.HAL_ETHEx_SetTxVLANConfig:0000000000000000 $t
     /tmp/ccfostYI.s:1070   .text.HAL_ETHEx_SetTxVLANConfig:0000000000000000 HAL_ETHEx_SetTxVLANConfig
     /tmp/ccfostYI.s:1146   .text.HAL_ETHEx_SetTxVLANIdentifier:0000000000000000 $t
     /tmp/ccfostYI.s:1153   .text.HAL_ETHEx_SetTxVLANIdentifier:0000000000000000 HAL_ETHEx_SetTxVLANIdentifier
     /tmp/ccfostYI.s:1199   .text.HAL_ETHEx_SetTxVLANIdentifier:0000000000000020 $d
     /tmp/ccfostYI.s:1204   .text.HAL_ETHEx_EnableVLANProcessing:0000000000000000 $t
     /tmp/ccfostYI.s:1211   .text.HAL_ETHEx_EnableVLANProcessing:0000000000000000 HAL_ETHEx_EnableVLANProcessing
     /tmp/ccfostYI.s:1230   .text.HAL_ETHEx_DisableVLANProcessing:0000000000000000 $t
     /tmp/ccfostYI.s:1237   .text.HAL_ETHEx_DisableVLANProcessing:0000000000000000 HAL_ETHEx_DisableVLANProcessing
     /tmp/ccfostYI.s:1256   .text.HAL_ETHEx_EnterLPIMode:0000000000000000 $t
     /tmp/ccfostYI.s:1263   .text.HAL_ETHEx_EnterLPIMode:0000000000000000 HAL_ETHEx_EnterLPIMode
     /tmp/ccfostYI.s:1306   .text.HAL_ETHEx_ExitLPIMode:0000000000000000 $t
     /tmp/ccfostYI.s:1313   .text.HAL_ETHEx_ExitLPIMode:0000000000000000 HAL_ETHEx_ExitLPIMode
     /tmp/ccfostYI.s:1337   .text.HAL_ETHEx_GetMACLPIEvent:0000000000000000 $t
     /tmp/ccfostYI.s:1344   .text.HAL_ETHEx_GetMACLPIEvent:0000000000000000 HAL_ETHEx_GetMACLPIEvent

NO UNDEFINED SYMBOLS
