ARM GAS  /tmp/ccmQZyRb.s 			page 1


   1              		.cpu cortex-m7
   2              		.eabi_attribute 28, 1
   3              		.eabi_attribute 20, 1
   4              		.eabi_attribute 21, 1
   5              		.eabi_attribute 23, 3
   6              		.eabi_attribute 24, 1
   7              		.eabi_attribute 25, 1
   8              		.eabi_attribute 26, 1
   9              		.eabi_attribute 30, 1
  10              		.eabi_attribute 34, 1
  11              		.eabi_attribute 18, 4
  12              		.file	"tcp.c"
  13              		.text
  14              	.Ltext0:
  15              		.cfi_sections	.debug_frame
  16              		.section	.text.tcp_new_port,"ax",%progbits
  17              		.align	1
  18              		.arch armv7e-m
  19              		.syntax unified
  20              		.thumb
  21              		.thumb_func
  22              		.fpu fpv5-d16
  24              	tcp_new_port:
  25              	.LFB188:
  26              		.file 1 "Middlewares/Third_Party/LwIP/src/core/tcp.c"
   1:Middlewares/Third_Party/LwIP/src/core/tcp.c **** /**
   2:Middlewares/Third_Party/LwIP/src/core/tcp.c ****  * @file
   3:Middlewares/Third_Party/LwIP/src/core/tcp.c ****  * Transmission Control Protocol for IP
   4:Middlewares/Third_Party/LwIP/src/core/tcp.c ****  * See also @ref tcp_raw
   5:Middlewares/Third_Party/LwIP/src/core/tcp.c ****  *
   6:Middlewares/Third_Party/LwIP/src/core/tcp.c ****  * @defgroup tcp_raw TCP
   7:Middlewares/Third_Party/LwIP/src/core/tcp.c ****  * @ingroup callbackstyle_api
   8:Middlewares/Third_Party/LwIP/src/core/tcp.c ****  * Transmission Control Protocol for IP\n
   9:Middlewares/Third_Party/LwIP/src/core/tcp.c ****  * @see @ref api
  10:Middlewares/Third_Party/LwIP/src/core/tcp.c ****  *
  11:Middlewares/Third_Party/LwIP/src/core/tcp.c ****  * Common functions for the TCP implementation, such as functions
  12:Middlewares/Third_Party/LwIP/src/core/tcp.c ****  * for manipulating the data structures and the TCP timer functions. TCP functions
  13:Middlewares/Third_Party/LwIP/src/core/tcp.c ****  * related to input and output is found in tcp_in.c and tcp_out.c respectively.\n
  14:Middlewares/Third_Party/LwIP/src/core/tcp.c ****  * 
  15:Middlewares/Third_Party/LwIP/src/core/tcp.c ****  * TCP connection setup
  16:Middlewares/Third_Party/LwIP/src/core/tcp.c ****  * --------------------
  17:Middlewares/Third_Party/LwIP/src/core/tcp.c ****  * The functions used for setting up connections is similar to that of
  18:Middlewares/Third_Party/LwIP/src/core/tcp.c ****  * the sequential API and of the BSD socket API. A new TCP connection
  19:Middlewares/Third_Party/LwIP/src/core/tcp.c ****  * identifier (i.e., a protocol control block - PCB) is created with the
  20:Middlewares/Third_Party/LwIP/src/core/tcp.c ****  * tcp_new() function. This PCB can then be either set to listen for new
  21:Middlewares/Third_Party/LwIP/src/core/tcp.c ****  * incoming connections or be explicitly connected to another host.
  22:Middlewares/Third_Party/LwIP/src/core/tcp.c ****  * - tcp_new()
  23:Middlewares/Third_Party/LwIP/src/core/tcp.c ****  * - tcp_bind()
  24:Middlewares/Third_Party/LwIP/src/core/tcp.c ****  * - tcp_listen() and tcp_listen_with_backlog()
  25:Middlewares/Third_Party/LwIP/src/core/tcp.c ****  * - tcp_accept()
  26:Middlewares/Third_Party/LwIP/src/core/tcp.c ****  * - tcp_connect()
  27:Middlewares/Third_Party/LwIP/src/core/tcp.c ****  * 
  28:Middlewares/Third_Party/LwIP/src/core/tcp.c ****  * Sending TCP data
  29:Middlewares/Third_Party/LwIP/src/core/tcp.c ****  * ----------------
  30:Middlewares/Third_Party/LwIP/src/core/tcp.c ****  * TCP data is sent by enqueueing the data with a call to tcp_write() and
  31:Middlewares/Third_Party/LwIP/src/core/tcp.c ****  * triggering to send by calling tcp_output(). When the data is successfully
  32:Middlewares/Third_Party/LwIP/src/core/tcp.c ****  * transmitted to the remote host, the application will be notified with a
ARM GAS  /tmp/ccmQZyRb.s 			page 2


  33:Middlewares/Third_Party/LwIP/src/core/tcp.c ****  * call to a specified callback function.
  34:Middlewares/Third_Party/LwIP/src/core/tcp.c ****  * - tcp_write()
  35:Middlewares/Third_Party/LwIP/src/core/tcp.c ****  * - tcp_output()
  36:Middlewares/Third_Party/LwIP/src/core/tcp.c ****  * - tcp_sent()
  37:Middlewares/Third_Party/LwIP/src/core/tcp.c ****  * 
  38:Middlewares/Third_Party/LwIP/src/core/tcp.c ****  * Receiving TCP data
  39:Middlewares/Third_Party/LwIP/src/core/tcp.c ****  * ------------------
  40:Middlewares/Third_Party/LwIP/src/core/tcp.c ****  * TCP data reception is callback based - an application specified
  41:Middlewares/Third_Party/LwIP/src/core/tcp.c ****  * callback function is called when new data arrives. When the
  42:Middlewares/Third_Party/LwIP/src/core/tcp.c ****  * application has taken the data, it has to call the tcp_recved()
  43:Middlewares/Third_Party/LwIP/src/core/tcp.c ****  * function to indicate that TCP can advertise increase the receive
  44:Middlewares/Third_Party/LwIP/src/core/tcp.c ****  * window.
  45:Middlewares/Third_Party/LwIP/src/core/tcp.c ****  * - tcp_recv()
  46:Middlewares/Third_Party/LwIP/src/core/tcp.c ****  * - tcp_recved()
  47:Middlewares/Third_Party/LwIP/src/core/tcp.c ****  * 
  48:Middlewares/Third_Party/LwIP/src/core/tcp.c ****  * Application polling
  49:Middlewares/Third_Party/LwIP/src/core/tcp.c ****  * -------------------
  50:Middlewares/Third_Party/LwIP/src/core/tcp.c ****  * When a connection is idle (i.e., no data is either transmitted or
  51:Middlewares/Third_Party/LwIP/src/core/tcp.c ****  * received), lwIP will repeatedly poll the application by calling a
  52:Middlewares/Third_Party/LwIP/src/core/tcp.c ****  * specified callback function. This can be used either as a watchdog
  53:Middlewares/Third_Party/LwIP/src/core/tcp.c ****  * timer for killing connections that have stayed idle for too long, or
  54:Middlewares/Third_Party/LwIP/src/core/tcp.c ****  * as a method of waiting for memory to become available. For instance,
  55:Middlewares/Third_Party/LwIP/src/core/tcp.c ****  * if a call to tcp_write() has failed because memory wasn't available,
  56:Middlewares/Third_Party/LwIP/src/core/tcp.c ****  * the application may use the polling functionality to call tcp_write()
  57:Middlewares/Third_Party/LwIP/src/core/tcp.c ****  * again when the connection has been idle for a while.
  58:Middlewares/Third_Party/LwIP/src/core/tcp.c ****  * - tcp_poll()
  59:Middlewares/Third_Party/LwIP/src/core/tcp.c ****  *
  60:Middlewares/Third_Party/LwIP/src/core/tcp.c ****  * Closing and aborting connections
  61:Middlewares/Third_Party/LwIP/src/core/tcp.c ****  * --------------------------------
  62:Middlewares/Third_Party/LwIP/src/core/tcp.c ****  * - tcp_close()
  63:Middlewares/Third_Party/LwIP/src/core/tcp.c ****  * - tcp_abort()
  64:Middlewares/Third_Party/LwIP/src/core/tcp.c ****  * - tcp_err()
  65:Middlewares/Third_Party/LwIP/src/core/tcp.c ****  * 
  66:Middlewares/Third_Party/LwIP/src/core/tcp.c ****  */
  67:Middlewares/Third_Party/LwIP/src/core/tcp.c **** 
  68:Middlewares/Third_Party/LwIP/src/core/tcp.c **** /*
  69:Middlewares/Third_Party/LwIP/src/core/tcp.c ****  * Copyright (c) 2001-2004 Swedish Institute of Computer Science.
  70:Middlewares/Third_Party/LwIP/src/core/tcp.c ****  * All rights reserved.
  71:Middlewares/Third_Party/LwIP/src/core/tcp.c ****  *
  72:Middlewares/Third_Party/LwIP/src/core/tcp.c ****  * Redistribution and use in source and binary forms, with or without modification,
  73:Middlewares/Third_Party/LwIP/src/core/tcp.c ****  * are permitted provided that the following conditions are met:
  74:Middlewares/Third_Party/LwIP/src/core/tcp.c ****  *
  75:Middlewares/Third_Party/LwIP/src/core/tcp.c ****  * 1. Redistributions of source code must retain the above copyright notice,
  76:Middlewares/Third_Party/LwIP/src/core/tcp.c ****  *    this list of conditions and the following disclaimer.
  77:Middlewares/Third_Party/LwIP/src/core/tcp.c ****  * 2. Redistributions in binary form must reproduce the above copyright notice,
  78:Middlewares/Third_Party/LwIP/src/core/tcp.c ****  *    this list of conditions and the following disclaimer in the documentation
  79:Middlewares/Third_Party/LwIP/src/core/tcp.c ****  *    and/or other materials provided with the distribution.
  80:Middlewares/Third_Party/LwIP/src/core/tcp.c ****  * 3. The name of the author may not be used to endorse or promote products
  81:Middlewares/Third_Party/LwIP/src/core/tcp.c ****  *    derived from this software without specific prior written permission.
  82:Middlewares/Third_Party/LwIP/src/core/tcp.c ****  *
  83:Middlewares/Third_Party/LwIP/src/core/tcp.c ****  * THIS SOFTWARE IS PROVIDED BY THE AUTHOR ``AS IS'' AND ANY EXPRESS OR IMPLIED
  84:Middlewares/Third_Party/LwIP/src/core/tcp.c ****  * WARRANTIES, INCLUDING, BUT NOT LIMITED TO, THE IMPLIED WARRANTIES OF
  85:Middlewares/Third_Party/LwIP/src/core/tcp.c ****  * MERCHANTABILITY AND FITNESS FOR A PARTICULAR PURPOSE ARE DISCLAIMED. IN NO EVENT
  86:Middlewares/Third_Party/LwIP/src/core/tcp.c ****  * SHALL THE AUTHOR BE LIABLE FOR ANY DIRECT, INDIRECT, INCIDENTAL, SPECIAL,
  87:Middlewares/Third_Party/LwIP/src/core/tcp.c ****  * EXEMPLARY, OR CONSEQUENTIAL DAMAGES (INCLUDING, BUT NOT LIMITED TO, PROCUREMENT
  88:Middlewares/Third_Party/LwIP/src/core/tcp.c ****  * OF SUBSTITUTE GOODS OR SERVICES; LOSS OF USE, DATA, OR PROFITS; OR BUSINESS
  89:Middlewares/Third_Party/LwIP/src/core/tcp.c ****  * INTERRUPTION) HOWEVER CAUSED AND ON ANY THEORY OF LIABILITY, WHETHER IN
ARM GAS  /tmp/ccmQZyRb.s 			page 3


  90:Middlewares/Third_Party/LwIP/src/core/tcp.c ****  * CONTRACT, STRICT LIABILITY, OR TORT (INCLUDING NEGLIGENCE OR OTHERWISE) ARISING
  91:Middlewares/Third_Party/LwIP/src/core/tcp.c ****  * IN ANY WAY OUT OF THE USE OF THIS SOFTWARE, EVEN IF ADVISED OF THE POSSIBILITY
  92:Middlewares/Third_Party/LwIP/src/core/tcp.c ****  * OF SUCH DAMAGE.
  93:Middlewares/Third_Party/LwIP/src/core/tcp.c ****  *
  94:Middlewares/Third_Party/LwIP/src/core/tcp.c ****  * This file is part of the lwIP TCP/IP stack.
  95:Middlewares/Third_Party/LwIP/src/core/tcp.c ****  *
  96:Middlewares/Third_Party/LwIP/src/core/tcp.c ****  * Author: Adam Dunkels <adam@sics.se>
  97:Middlewares/Third_Party/LwIP/src/core/tcp.c ****  *
  98:Middlewares/Third_Party/LwIP/src/core/tcp.c ****  */
  99:Middlewares/Third_Party/LwIP/src/core/tcp.c **** 
 100:Middlewares/Third_Party/LwIP/src/core/tcp.c **** #include "lwip/opt.h"
 101:Middlewares/Third_Party/LwIP/src/core/tcp.c **** 
 102:Middlewares/Third_Party/LwIP/src/core/tcp.c **** #if LWIP_TCP /* don't build if not configured for use in lwipopts.h */
 103:Middlewares/Third_Party/LwIP/src/core/tcp.c **** 
 104:Middlewares/Third_Party/LwIP/src/core/tcp.c **** #include "lwip/def.h"
 105:Middlewares/Third_Party/LwIP/src/core/tcp.c **** #include "lwip/mem.h"
 106:Middlewares/Third_Party/LwIP/src/core/tcp.c **** #include "lwip/memp.h"
 107:Middlewares/Third_Party/LwIP/src/core/tcp.c **** #include "lwip/tcp.h"
 108:Middlewares/Third_Party/LwIP/src/core/tcp.c **** #include "lwip/priv/tcp_priv.h"
 109:Middlewares/Third_Party/LwIP/src/core/tcp.c **** #include "lwip/debug.h"
 110:Middlewares/Third_Party/LwIP/src/core/tcp.c **** #include "lwip/stats.h"
 111:Middlewares/Third_Party/LwIP/src/core/tcp.c **** #include "lwip/ip6.h"
 112:Middlewares/Third_Party/LwIP/src/core/tcp.c **** #include "lwip/ip6_addr.h"
 113:Middlewares/Third_Party/LwIP/src/core/tcp.c **** #include "lwip/nd6.h"
 114:Middlewares/Third_Party/LwIP/src/core/tcp.c **** 
 115:Middlewares/Third_Party/LwIP/src/core/tcp.c **** #include <string.h>
 116:Middlewares/Third_Party/LwIP/src/core/tcp.c **** 
 117:Middlewares/Third_Party/LwIP/src/core/tcp.c **** #ifdef LWIP_HOOK_FILENAME
 118:Middlewares/Third_Party/LwIP/src/core/tcp.c **** #include LWIP_HOOK_FILENAME
 119:Middlewares/Third_Party/LwIP/src/core/tcp.c **** #endif
 120:Middlewares/Third_Party/LwIP/src/core/tcp.c **** 
 121:Middlewares/Third_Party/LwIP/src/core/tcp.c **** #ifndef TCP_LOCAL_PORT_RANGE_START
 122:Middlewares/Third_Party/LwIP/src/core/tcp.c **** /* From http://www.iana.org/assignments/port-numbers:
 123:Middlewares/Third_Party/LwIP/src/core/tcp.c ****    "The Dynamic and/or Private Ports are those from 49152 through 65535" */
 124:Middlewares/Third_Party/LwIP/src/core/tcp.c **** #define TCP_LOCAL_PORT_RANGE_START        0xc000
 125:Middlewares/Third_Party/LwIP/src/core/tcp.c **** #define TCP_LOCAL_PORT_RANGE_END          0xffff
 126:Middlewares/Third_Party/LwIP/src/core/tcp.c **** #define TCP_ENSURE_LOCAL_PORT_RANGE(port) ((u16_t)(((port) & (u16_t)~TCP_LOCAL_PORT_RANGE_START) + 
 127:Middlewares/Third_Party/LwIP/src/core/tcp.c **** #endif
 128:Middlewares/Third_Party/LwIP/src/core/tcp.c **** 
 129:Middlewares/Third_Party/LwIP/src/core/tcp.c **** #if LWIP_TCP_KEEPALIVE
 130:Middlewares/Third_Party/LwIP/src/core/tcp.c **** #define TCP_KEEP_DUR(pcb)   ((pcb)->keep_cnt * (pcb)->keep_intvl)
 131:Middlewares/Third_Party/LwIP/src/core/tcp.c **** #define TCP_KEEP_INTVL(pcb) ((pcb)->keep_intvl)
 132:Middlewares/Third_Party/LwIP/src/core/tcp.c **** #else /* LWIP_TCP_KEEPALIVE */
 133:Middlewares/Third_Party/LwIP/src/core/tcp.c **** #define TCP_KEEP_DUR(pcb)   TCP_MAXIDLE
 134:Middlewares/Third_Party/LwIP/src/core/tcp.c **** #define TCP_KEEP_INTVL(pcb) TCP_KEEPINTVL_DEFAULT
 135:Middlewares/Third_Party/LwIP/src/core/tcp.c **** #endif /* LWIP_TCP_KEEPALIVE */
 136:Middlewares/Third_Party/LwIP/src/core/tcp.c **** 
 137:Middlewares/Third_Party/LwIP/src/core/tcp.c **** /* As initial send MSS, we use TCP_MSS but limit it to 536. */
 138:Middlewares/Third_Party/LwIP/src/core/tcp.c **** #if TCP_MSS > 536
 139:Middlewares/Third_Party/LwIP/src/core/tcp.c **** #define INITIAL_MSS 536
 140:Middlewares/Third_Party/LwIP/src/core/tcp.c **** #else
 141:Middlewares/Third_Party/LwIP/src/core/tcp.c **** #define INITIAL_MSS TCP_MSS
 142:Middlewares/Third_Party/LwIP/src/core/tcp.c **** #endif
 143:Middlewares/Third_Party/LwIP/src/core/tcp.c **** 
 144:Middlewares/Third_Party/LwIP/src/core/tcp.c **** static const char *const tcp_state_str[] = {
 145:Middlewares/Third_Party/LwIP/src/core/tcp.c ****   "CLOSED",
 146:Middlewares/Third_Party/LwIP/src/core/tcp.c ****   "LISTEN",
ARM GAS  /tmp/ccmQZyRb.s 			page 4


 147:Middlewares/Third_Party/LwIP/src/core/tcp.c ****   "SYN_SENT",
 148:Middlewares/Third_Party/LwIP/src/core/tcp.c ****   "SYN_RCVD",
 149:Middlewares/Third_Party/LwIP/src/core/tcp.c ****   "ESTABLISHED",
 150:Middlewares/Third_Party/LwIP/src/core/tcp.c ****   "FIN_WAIT_1",
 151:Middlewares/Third_Party/LwIP/src/core/tcp.c ****   "FIN_WAIT_2",
 152:Middlewares/Third_Party/LwIP/src/core/tcp.c ****   "CLOSE_WAIT",
 153:Middlewares/Third_Party/LwIP/src/core/tcp.c ****   "CLOSING",
 154:Middlewares/Third_Party/LwIP/src/core/tcp.c ****   "LAST_ACK",
 155:Middlewares/Third_Party/LwIP/src/core/tcp.c ****   "TIME_WAIT"
 156:Middlewares/Third_Party/LwIP/src/core/tcp.c **** };
 157:Middlewares/Third_Party/LwIP/src/core/tcp.c **** 
 158:Middlewares/Third_Party/LwIP/src/core/tcp.c **** /* last local TCP port */
 159:Middlewares/Third_Party/LwIP/src/core/tcp.c **** static u16_t tcp_port = TCP_LOCAL_PORT_RANGE_START;
 160:Middlewares/Third_Party/LwIP/src/core/tcp.c **** 
 161:Middlewares/Third_Party/LwIP/src/core/tcp.c **** /* Incremented every coarse grained timer shot (typically every 500 ms). */
 162:Middlewares/Third_Party/LwIP/src/core/tcp.c **** u32_t tcp_ticks;
 163:Middlewares/Third_Party/LwIP/src/core/tcp.c **** static const u8_t tcp_backoff[13] =
 164:Middlewares/Third_Party/LwIP/src/core/tcp.c **** { 1, 2, 3, 4, 5, 6, 7, 7, 7, 7, 7, 7, 7};
 165:Middlewares/Third_Party/LwIP/src/core/tcp.c **** /* Times per slowtmr hits */
 166:Middlewares/Third_Party/LwIP/src/core/tcp.c **** static const u8_t tcp_persist_backoff[7] = { 3, 6, 12, 24, 48, 96, 120 };
 167:Middlewares/Third_Party/LwIP/src/core/tcp.c **** 
 168:Middlewares/Third_Party/LwIP/src/core/tcp.c **** /* The TCP PCB lists. */
 169:Middlewares/Third_Party/LwIP/src/core/tcp.c **** 
 170:Middlewares/Third_Party/LwIP/src/core/tcp.c **** /** List of all TCP PCBs bound but not yet (connected || listening) */
 171:Middlewares/Third_Party/LwIP/src/core/tcp.c **** struct tcp_pcb *tcp_bound_pcbs;
 172:Middlewares/Third_Party/LwIP/src/core/tcp.c **** /** List of all TCP PCBs in LISTEN state */
 173:Middlewares/Third_Party/LwIP/src/core/tcp.c **** union tcp_listen_pcbs_t tcp_listen_pcbs;
 174:Middlewares/Third_Party/LwIP/src/core/tcp.c **** /** List of all TCP PCBs that are in a state in which
 175:Middlewares/Third_Party/LwIP/src/core/tcp.c ****  * they accept or send data. */
 176:Middlewares/Third_Party/LwIP/src/core/tcp.c **** struct tcp_pcb *tcp_active_pcbs;
 177:Middlewares/Third_Party/LwIP/src/core/tcp.c **** /** List of all TCP PCBs in TIME-WAIT state */
 178:Middlewares/Third_Party/LwIP/src/core/tcp.c **** struct tcp_pcb *tcp_tw_pcbs;
 179:Middlewares/Third_Party/LwIP/src/core/tcp.c **** 
 180:Middlewares/Third_Party/LwIP/src/core/tcp.c **** /** An array with all (non-temporary) PCB lists, mainly used for smaller code size */
 181:Middlewares/Third_Party/LwIP/src/core/tcp.c **** struct tcp_pcb **const tcp_pcb_lists[] = {&tcp_listen_pcbs.pcbs, &tcp_bound_pcbs,
 182:Middlewares/Third_Party/LwIP/src/core/tcp.c ****          &tcp_active_pcbs, &tcp_tw_pcbs
 183:Middlewares/Third_Party/LwIP/src/core/tcp.c **** };
 184:Middlewares/Third_Party/LwIP/src/core/tcp.c **** 
 185:Middlewares/Third_Party/LwIP/src/core/tcp.c **** u8_t tcp_active_pcbs_changed;
 186:Middlewares/Third_Party/LwIP/src/core/tcp.c **** 
 187:Middlewares/Third_Party/LwIP/src/core/tcp.c **** /** Timer counter to handle calling slow-timer from tcp_tmr() */
 188:Middlewares/Third_Party/LwIP/src/core/tcp.c **** static u8_t tcp_timer;
 189:Middlewares/Third_Party/LwIP/src/core/tcp.c **** static u8_t tcp_timer_ctr;
 190:Middlewares/Third_Party/LwIP/src/core/tcp.c **** static u16_t tcp_new_port(void);
 191:Middlewares/Third_Party/LwIP/src/core/tcp.c **** 
 192:Middlewares/Third_Party/LwIP/src/core/tcp.c **** static err_t tcp_close_shutdown_fin(struct tcp_pcb *pcb);
 193:Middlewares/Third_Party/LwIP/src/core/tcp.c **** #if LWIP_TCP_PCB_NUM_EXT_ARGS
 194:Middlewares/Third_Party/LwIP/src/core/tcp.c **** static void tcp_ext_arg_invoke_callbacks_destroyed(struct tcp_pcb_ext_args *ext_args);
 195:Middlewares/Third_Party/LwIP/src/core/tcp.c **** #endif
 196:Middlewares/Third_Party/LwIP/src/core/tcp.c **** 
 197:Middlewares/Third_Party/LwIP/src/core/tcp.c **** /**
 198:Middlewares/Third_Party/LwIP/src/core/tcp.c ****  * Initialize this module.
 199:Middlewares/Third_Party/LwIP/src/core/tcp.c ****  */
 200:Middlewares/Third_Party/LwIP/src/core/tcp.c **** void
 201:Middlewares/Third_Party/LwIP/src/core/tcp.c **** tcp_init(void)
 202:Middlewares/Third_Party/LwIP/src/core/tcp.c **** {
 203:Middlewares/Third_Party/LwIP/src/core/tcp.c **** #ifdef LWIP_RAND
ARM GAS  /tmp/ccmQZyRb.s 			page 5


 204:Middlewares/Third_Party/LwIP/src/core/tcp.c ****   tcp_port = TCP_ENSURE_LOCAL_PORT_RANGE(LWIP_RAND());
 205:Middlewares/Third_Party/LwIP/src/core/tcp.c **** #endif /* LWIP_RAND */
 206:Middlewares/Third_Party/LwIP/src/core/tcp.c **** }
 207:Middlewares/Third_Party/LwIP/src/core/tcp.c **** 
 208:Middlewares/Third_Party/LwIP/src/core/tcp.c **** /** Free a tcp pcb */
 209:Middlewares/Third_Party/LwIP/src/core/tcp.c **** void
 210:Middlewares/Third_Party/LwIP/src/core/tcp.c **** tcp_free(struct tcp_pcb *pcb)
 211:Middlewares/Third_Party/LwIP/src/core/tcp.c **** {
 212:Middlewares/Third_Party/LwIP/src/core/tcp.c ****   LWIP_ASSERT("tcp_free: LISTEN", pcb->state != LISTEN);
 213:Middlewares/Third_Party/LwIP/src/core/tcp.c **** #if LWIP_TCP_PCB_NUM_EXT_ARGS
 214:Middlewares/Third_Party/LwIP/src/core/tcp.c ****   tcp_ext_arg_invoke_callbacks_destroyed(pcb->ext_args);
 215:Middlewares/Third_Party/LwIP/src/core/tcp.c **** #endif
 216:Middlewares/Third_Party/LwIP/src/core/tcp.c ****   memp_free(MEMP_TCP_PCB, pcb);
 217:Middlewares/Third_Party/LwIP/src/core/tcp.c **** }
 218:Middlewares/Third_Party/LwIP/src/core/tcp.c **** 
 219:Middlewares/Third_Party/LwIP/src/core/tcp.c **** /** Free a tcp listen pcb */
 220:Middlewares/Third_Party/LwIP/src/core/tcp.c **** static void
 221:Middlewares/Third_Party/LwIP/src/core/tcp.c **** tcp_free_listen(struct tcp_pcb *pcb)
 222:Middlewares/Third_Party/LwIP/src/core/tcp.c **** {
 223:Middlewares/Third_Party/LwIP/src/core/tcp.c ****   LWIP_ASSERT("tcp_free_listen: !LISTEN", pcb->state != LISTEN);
 224:Middlewares/Third_Party/LwIP/src/core/tcp.c **** #if LWIP_TCP_PCB_NUM_EXT_ARGS
 225:Middlewares/Third_Party/LwIP/src/core/tcp.c ****   tcp_ext_arg_invoke_callbacks_destroyed(pcb->ext_args);
 226:Middlewares/Third_Party/LwIP/src/core/tcp.c **** #endif
 227:Middlewares/Third_Party/LwIP/src/core/tcp.c ****   memp_free(MEMP_TCP_PCB_LISTEN, pcb);
 228:Middlewares/Third_Party/LwIP/src/core/tcp.c **** }
 229:Middlewares/Third_Party/LwIP/src/core/tcp.c **** 
 230:Middlewares/Third_Party/LwIP/src/core/tcp.c **** /**
 231:Middlewares/Third_Party/LwIP/src/core/tcp.c ****  * Called periodically to dispatch TCP timers.
 232:Middlewares/Third_Party/LwIP/src/core/tcp.c ****  */
 233:Middlewares/Third_Party/LwIP/src/core/tcp.c **** void
 234:Middlewares/Third_Party/LwIP/src/core/tcp.c **** tcp_tmr(void)
 235:Middlewares/Third_Party/LwIP/src/core/tcp.c **** {
 236:Middlewares/Third_Party/LwIP/src/core/tcp.c ****   /* Call tcp_fasttmr() every 250 ms */
 237:Middlewares/Third_Party/LwIP/src/core/tcp.c ****   tcp_fasttmr();
 238:Middlewares/Third_Party/LwIP/src/core/tcp.c **** 
 239:Middlewares/Third_Party/LwIP/src/core/tcp.c ****   if (++tcp_timer & 1) {
 240:Middlewares/Third_Party/LwIP/src/core/tcp.c ****     /* Call tcp_slowtmr() every 500 ms, i.e., every other timer
 241:Middlewares/Third_Party/LwIP/src/core/tcp.c ****        tcp_tmr() is called. */
 242:Middlewares/Third_Party/LwIP/src/core/tcp.c ****     tcp_slowtmr();
 243:Middlewares/Third_Party/LwIP/src/core/tcp.c ****   }
 244:Middlewares/Third_Party/LwIP/src/core/tcp.c **** }
 245:Middlewares/Third_Party/LwIP/src/core/tcp.c **** 
 246:Middlewares/Third_Party/LwIP/src/core/tcp.c **** #if LWIP_CALLBACK_API || TCP_LISTEN_BACKLOG
 247:Middlewares/Third_Party/LwIP/src/core/tcp.c **** /** Called when a listen pcb is closed. Iterates one pcb list and removes the
 248:Middlewares/Third_Party/LwIP/src/core/tcp.c ****  * closed listener pcb from pcb->listener if matching.
 249:Middlewares/Third_Party/LwIP/src/core/tcp.c ****  */
 250:Middlewares/Third_Party/LwIP/src/core/tcp.c **** static void
 251:Middlewares/Third_Party/LwIP/src/core/tcp.c **** tcp_remove_listener(struct tcp_pcb *list, struct tcp_pcb_listen *lpcb)
 252:Middlewares/Third_Party/LwIP/src/core/tcp.c **** {
 253:Middlewares/Third_Party/LwIP/src/core/tcp.c ****   struct tcp_pcb *pcb;
 254:Middlewares/Third_Party/LwIP/src/core/tcp.c **** 
 255:Middlewares/Third_Party/LwIP/src/core/tcp.c ****   LWIP_ASSERT("tcp_remove_listener: invalid listener", lpcb != NULL);
 256:Middlewares/Third_Party/LwIP/src/core/tcp.c **** 
 257:Middlewares/Third_Party/LwIP/src/core/tcp.c ****   for (pcb = list; pcb != NULL; pcb = pcb->next) {
 258:Middlewares/Third_Party/LwIP/src/core/tcp.c ****     if (pcb->listener == lpcb) {
 259:Middlewares/Third_Party/LwIP/src/core/tcp.c ****       pcb->listener = NULL;
 260:Middlewares/Third_Party/LwIP/src/core/tcp.c ****     }
ARM GAS  /tmp/ccmQZyRb.s 			page 6


 261:Middlewares/Third_Party/LwIP/src/core/tcp.c ****   }
 262:Middlewares/Third_Party/LwIP/src/core/tcp.c **** }
 263:Middlewares/Third_Party/LwIP/src/core/tcp.c **** #endif
 264:Middlewares/Third_Party/LwIP/src/core/tcp.c **** 
 265:Middlewares/Third_Party/LwIP/src/core/tcp.c **** /** Called when a listen pcb is closed. Iterates all pcb lists and removes the
 266:Middlewares/Third_Party/LwIP/src/core/tcp.c ****  * closed listener pcb from pcb->listener if matching.
 267:Middlewares/Third_Party/LwIP/src/core/tcp.c ****  */
 268:Middlewares/Third_Party/LwIP/src/core/tcp.c **** static void
 269:Middlewares/Third_Party/LwIP/src/core/tcp.c **** tcp_listen_closed(struct tcp_pcb *pcb)
 270:Middlewares/Third_Party/LwIP/src/core/tcp.c **** {
 271:Middlewares/Third_Party/LwIP/src/core/tcp.c **** #if LWIP_CALLBACK_API || TCP_LISTEN_BACKLOG
 272:Middlewares/Third_Party/LwIP/src/core/tcp.c ****   size_t i;
 273:Middlewares/Third_Party/LwIP/src/core/tcp.c ****   LWIP_ASSERT("pcb != NULL", pcb != NULL);
 274:Middlewares/Third_Party/LwIP/src/core/tcp.c ****   LWIP_ASSERT("pcb->state == LISTEN", pcb->state == LISTEN);
 275:Middlewares/Third_Party/LwIP/src/core/tcp.c ****   for (i = 1; i < LWIP_ARRAYSIZE(tcp_pcb_lists); i++) {
 276:Middlewares/Third_Party/LwIP/src/core/tcp.c ****     tcp_remove_listener(*tcp_pcb_lists[i], (struct tcp_pcb_listen *)pcb);
 277:Middlewares/Third_Party/LwIP/src/core/tcp.c ****   }
 278:Middlewares/Third_Party/LwIP/src/core/tcp.c **** #endif
 279:Middlewares/Third_Party/LwIP/src/core/tcp.c ****   LWIP_UNUSED_ARG(pcb);
 280:Middlewares/Third_Party/LwIP/src/core/tcp.c **** }
 281:Middlewares/Third_Party/LwIP/src/core/tcp.c **** 
 282:Middlewares/Third_Party/LwIP/src/core/tcp.c **** #if TCP_LISTEN_BACKLOG
 283:Middlewares/Third_Party/LwIP/src/core/tcp.c **** /** @ingroup tcp_raw
 284:Middlewares/Third_Party/LwIP/src/core/tcp.c ****  * Delay accepting a connection in respect to the listen backlog:
 285:Middlewares/Third_Party/LwIP/src/core/tcp.c ****  * the number of outstanding connections is increased until
 286:Middlewares/Third_Party/LwIP/src/core/tcp.c ****  * tcp_backlog_accepted() is called.
 287:Middlewares/Third_Party/LwIP/src/core/tcp.c ****  *
 288:Middlewares/Third_Party/LwIP/src/core/tcp.c ****  * ATTENTION: the caller is responsible for calling tcp_backlog_accepted()
 289:Middlewares/Third_Party/LwIP/src/core/tcp.c ****  * or else the backlog feature will get out of sync!
 290:Middlewares/Third_Party/LwIP/src/core/tcp.c ****  *
 291:Middlewares/Third_Party/LwIP/src/core/tcp.c ****  * @param pcb the connection pcb which is not fully accepted yet
 292:Middlewares/Third_Party/LwIP/src/core/tcp.c ****  */
 293:Middlewares/Third_Party/LwIP/src/core/tcp.c **** void
 294:Middlewares/Third_Party/LwIP/src/core/tcp.c **** tcp_backlog_delayed(struct tcp_pcb *pcb)
 295:Middlewares/Third_Party/LwIP/src/core/tcp.c **** {
 296:Middlewares/Third_Party/LwIP/src/core/tcp.c ****   LWIP_ASSERT("pcb != NULL", pcb != NULL);
 297:Middlewares/Third_Party/LwIP/src/core/tcp.c ****   LWIP_ASSERT_CORE_LOCKED();
 298:Middlewares/Third_Party/LwIP/src/core/tcp.c ****   if ((pcb->flags & TF_BACKLOGPEND) == 0) {
 299:Middlewares/Third_Party/LwIP/src/core/tcp.c ****     if (pcb->listener != NULL) {
 300:Middlewares/Third_Party/LwIP/src/core/tcp.c ****       pcb->listener->accepts_pending++;
 301:Middlewares/Third_Party/LwIP/src/core/tcp.c ****       LWIP_ASSERT("accepts_pending != 0", pcb->listener->accepts_pending != 0);
 302:Middlewares/Third_Party/LwIP/src/core/tcp.c ****       tcp_set_flags(pcb, TF_BACKLOGPEND);
 303:Middlewares/Third_Party/LwIP/src/core/tcp.c ****     }
 304:Middlewares/Third_Party/LwIP/src/core/tcp.c ****   }
 305:Middlewares/Third_Party/LwIP/src/core/tcp.c **** }
 306:Middlewares/Third_Party/LwIP/src/core/tcp.c **** 
 307:Middlewares/Third_Party/LwIP/src/core/tcp.c **** /** @ingroup tcp_raw
 308:Middlewares/Third_Party/LwIP/src/core/tcp.c ****  * A delayed-accept a connection is accepted (or closed/aborted): decreases
 309:Middlewares/Third_Party/LwIP/src/core/tcp.c ****  * the number of outstanding connections after calling tcp_backlog_delayed().
 310:Middlewares/Third_Party/LwIP/src/core/tcp.c ****  *
 311:Middlewares/Third_Party/LwIP/src/core/tcp.c ****  * ATTENTION: the caller is responsible for calling tcp_backlog_accepted()
 312:Middlewares/Third_Party/LwIP/src/core/tcp.c ****  * or else the backlog feature will get out of sync!
 313:Middlewares/Third_Party/LwIP/src/core/tcp.c ****  *
 314:Middlewares/Third_Party/LwIP/src/core/tcp.c ****  * @param pcb the connection pcb which is now fully accepted (or closed/aborted)
 315:Middlewares/Third_Party/LwIP/src/core/tcp.c ****  */
 316:Middlewares/Third_Party/LwIP/src/core/tcp.c **** void
 317:Middlewares/Third_Party/LwIP/src/core/tcp.c **** tcp_backlog_accepted(struct tcp_pcb *pcb)
ARM GAS  /tmp/ccmQZyRb.s 			page 7


 318:Middlewares/Third_Party/LwIP/src/core/tcp.c **** {
 319:Middlewares/Third_Party/LwIP/src/core/tcp.c ****   LWIP_ASSERT("pcb != NULL", pcb != NULL);
 320:Middlewares/Third_Party/LwIP/src/core/tcp.c ****   LWIP_ASSERT_CORE_LOCKED();
 321:Middlewares/Third_Party/LwIP/src/core/tcp.c ****   if ((pcb->flags & TF_BACKLOGPEND) != 0) {
 322:Middlewares/Third_Party/LwIP/src/core/tcp.c ****     if (pcb->listener != NULL) {
 323:Middlewares/Third_Party/LwIP/src/core/tcp.c ****       LWIP_ASSERT("accepts_pending != 0", pcb->listener->accepts_pending != 0);
 324:Middlewares/Third_Party/LwIP/src/core/tcp.c ****       pcb->listener->accepts_pending--;
 325:Middlewares/Third_Party/LwIP/src/core/tcp.c ****       tcp_clear_flags(pcb, TF_BACKLOGPEND);
 326:Middlewares/Third_Party/LwIP/src/core/tcp.c ****     }
 327:Middlewares/Third_Party/LwIP/src/core/tcp.c ****   }
 328:Middlewares/Third_Party/LwIP/src/core/tcp.c **** }
 329:Middlewares/Third_Party/LwIP/src/core/tcp.c **** #endif /* TCP_LISTEN_BACKLOG */
 330:Middlewares/Third_Party/LwIP/src/core/tcp.c **** 
 331:Middlewares/Third_Party/LwIP/src/core/tcp.c **** /**
 332:Middlewares/Third_Party/LwIP/src/core/tcp.c ****  * Closes the TX side of a connection held by the PCB.
 333:Middlewares/Third_Party/LwIP/src/core/tcp.c ****  * For tcp_close(), a RST is sent if the application didn't receive all data
 334:Middlewares/Third_Party/LwIP/src/core/tcp.c ****  * (tcp_recved() not called for all data passed to recv callback).
 335:Middlewares/Third_Party/LwIP/src/core/tcp.c ****  *
 336:Middlewares/Third_Party/LwIP/src/core/tcp.c ****  * Listening pcbs are freed and may not be referenced any more.
 337:Middlewares/Third_Party/LwIP/src/core/tcp.c ****  * Connection pcbs are freed if not yet connected and may not be referenced
 338:Middlewares/Third_Party/LwIP/src/core/tcp.c ****  * any more. If a connection is established (at least SYN received or in
 339:Middlewares/Third_Party/LwIP/src/core/tcp.c ****  * a closing state), the connection is closed, and put in a closing state.
 340:Middlewares/Third_Party/LwIP/src/core/tcp.c ****  * The pcb is then automatically freed in tcp_slowtmr(). It is therefore
 341:Middlewares/Third_Party/LwIP/src/core/tcp.c ****  * unsafe to reference it.
 342:Middlewares/Third_Party/LwIP/src/core/tcp.c ****  *
 343:Middlewares/Third_Party/LwIP/src/core/tcp.c ****  * @param pcb the tcp_pcb to close
 344:Middlewares/Third_Party/LwIP/src/core/tcp.c ****  * @return ERR_OK if connection has been closed
 345:Middlewares/Third_Party/LwIP/src/core/tcp.c ****  *         another err_t if closing failed and pcb is not freed
 346:Middlewares/Third_Party/LwIP/src/core/tcp.c ****  */
 347:Middlewares/Third_Party/LwIP/src/core/tcp.c **** static err_t
 348:Middlewares/Third_Party/LwIP/src/core/tcp.c **** tcp_close_shutdown(struct tcp_pcb *pcb, u8_t rst_on_unacked_data)
 349:Middlewares/Third_Party/LwIP/src/core/tcp.c **** {
 350:Middlewares/Third_Party/LwIP/src/core/tcp.c ****   LWIP_ASSERT("tcp_close_shutdown: invalid pcb", pcb != NULL);
 351:Middlewares/Third_Party/LwIP/src/core/tcp.c **** 
 352:Middlewares/Third_Party/LwIP/src/core/tcp.c ****   if (rst_on_unacked_data && ((pcb->state == ESTABLISHED) || (pcb->state == CLOSE_WAIT))) {
 353:Middlewares/Third_Party/LwIP/src/core/tcp.c ****     if ((pcb->refused_data != NULL) || (pcb->rcv_wnd != TCP_WND_MAX(pcb))) {
 354:Middlewares/Third_Party/LwIP/src/core/tcp.c ****       /* Not all data received by application, send RST to tell the remote
 355:Middlewares/Third_Party/LwIP/src/core/tcp.c ****          side about this. */
 356:Middlewares/Third_Party/LwIP/src/core/tcp.c ****       LWIP_ASSERT("pcb->flags & TF_RXCLOSED", pcb->flags & TF_RXCLOSED);
 357:Middlewares/Third_Party/LwIP/src/core/tcp.c **** 
 358:Middlewares/Third_Party/LwIP/src/core/tcp.c ****       /* don't call tcp_abort here: we must not deallocate the pcb since
 359:Middlewares/Third_Party/LwIP/src/core/tcp.c ****          that might not be expected when calling tcp_close */
 360:Middlewares/Third_Party/LwIP/src/core/tcp.c ****       tcp_rst(pcb, pcb->snd_nxt, pcb->rcv_nxt, &pcb->local_ip, &pcb->remote_ip,
 361:Middlewares/Third_Party/LwIP/src/core/tcp.c ****               pcb->local_port, pcb->remote_port);
 362:Middlewares/Third_Party/LwIP/src/core/tcp.c **** 
 363:Middlewares/Third_Party/LwIP/src/core/tcp.c ****       tcp_pcb_purge(pcb);
 364:Middlewares/Third_Party/LwIP/src/core/tcp.c ****       TCP_RMV_ACTIVE(pcb);
 365:Middlewares/Third_Party/LwIP/src/core/tcp.c ****       /* Deallocate the pcb since we already sent a RST for it */
 366:Middlewares/Third_Party/LwIP/src/core/tcp.c ****       if (tcp_input_pcb == pcb) {
 367:Middlewares/Third_Party/LwIP/src/core/tcp.c ****         /* prevent using a deallocated pcb: free it from tcp_input later */
 368:Middlewares/Third_Party/LwIP/src/core/tcp.c ****         tcp_trigger_input_pcb_close();
 369:Middlewares/Third_Party/LwIP/src/core/tcp.c ****       } else {
 370:Middlewares/Third_Party/LwIP/src/core/tcp.c ****         tcp_free(pcb);
 371:Middlewares/Third_Party/LwIP/src/core/tcp.c ****       }
 372:Middlewares/Third_Party/LwIP/src/core/tcp.c ****       return ERR_OK;
 373:Middlewares/Third_Party/LwIP/src/core/tcp.c ****     }
 374:Middlewares/Third_Party/LwIP/src/core/tcp.c ****   }
ARM GAS  /tmp/ccmQZyRb.s 			page 8


 375:Middlewares/Third_Party/LwIP/src/core/tcp.c **** 
 376:Middlewares/Third_Party/LwIP/src/core/tcp.c ****   /* - states which free the pcb are handled here,
 377:Middlewares/Third_Party/LwIP/src/core/tcp.c ****      - states which send FIN and change state are handled in tcp_close_shutdown_fin() */
 378:Middlewares/Third_Party/LwIP/src/core/tcp.c ****   switch (pcb->state) {
 379:Middlewares/Third_Party/LwIP/src/core/tcp.c ****     case CLOSED:
 380:Middlewares/Third_Party/LwIP/src/core/tcp.c ****       /* Closing a pcb in the CLOSED state might seem erroneous,
 381:Middlewares/Third_Party/LwIP/src/core/tcp.c ****        * however, it is in this state once allocated and as yet unused
 382:Middlewares/Third_Party/LwIP/src/core/tcp.c ****        * and the user needs some way to free it should the need arise.
 383:Middlewares/Third_Party/LwIP/src/core/tcp.c ****        * Calling tcp_close() with a pcb that has already been closed, (i.e. twice)
 384:Middlewares/Third_Party/LwIP/src/core/tcp.c ****        * or for a pcb that has been used and then entered the CLOSED state
 385:Middlewares/Third_Party/LwIP/src/core/tcp.c ****        * is erroneous, but this should never happen as the pcb has in those cases
 386:Middlewares/Third_Party/LwIP/src/core/tcp.c ****        * been freed, and so any remaining handles are bogus. */
 387:Middlewares/Third_Party/LwIP/src/core/tcp.c ****       if (pcb->local_port != 0) {
 388:Middlewares/Third_Party/LwIP/src/core/tcp.c ****         TCP_RMV(&tcp_bound_pcbs, pcb);
 389:Middlewares/Third_Party/LwIP/src/core/tcp.c ****       }
 390:Middlewares/Third_Party/LwIP/src/core/tcp.c ****       tcp_free(pcb);
 391:Middlewares/Third_Party/LwIP/src/core/tcp.c ****       break;
 392:Middlewares/Third_Party/LwIP/src/core/tcp.c ****     case LISTEN:
 393:Middlewares/Third_Party/LwIP/src/core/tcp.c ****       tcp_listen_closed(pcb);
 394:Middlewares/Third_Party/LwIP/src/core/tcp.c ****       tcp_pcb_remove(&tcp_listen_pcbs.pcbs, pcb);
 395:Middlewares/Third_Party/LwIP/src/core/tcp.c ****       tcp_free_listen(pcb);
 396:Middlewares/Third_Party/LwIP/src/core/tcp.c ****       break;
 397:Middlewares/Third_Party/LwIP/src/core/tcp.c ****     case SYN_SENT:
 398:Middlewares/Third_Party/LwIP/src/core/tcp.c ****       TCP_PCB_REMOVE_ACTIVE(pcb);
 399:Middlewares/Third_Party/LwIP/src/core/tcp.c ****       tcp_free(pcb);
 400:Middlewares/Third_Party/LwIP/src/core/tcp.c ****       MIB2_STATS_INC(mib2.tcpattemptfails);
 401:Middlewares/Third_Party/LwIP/src/core/tcp.c ****       break;
 402:Middlewares/Third_Party/LwIP/src/core/tcp.c ****     default:
 403:Middlewares/Third_Party/LwIP/src/core/tcp.c ****       return tcp_close_shutdown_fin(pcb);
 404:Middlewares/Third_Party/LwIP/src/core/tcp.c ****   }
 405:Middlewares/Third_Party/LwIP/src/core/tcp.c ****   return ERR_OK;
 406:Middlewares/Third_Party/LwIP/src/core/tcp.c **** }
 407:Middlewares/Third_Party/LwIP/src/core/tcp.c **** 
 408:Middlewares/Third_Party/LwIP/src/core/tcp.c **** static err_t
 409:Middlewares/Third_Party/LwIP/src/core/tcp.c **** tcp_close_shutdown_fin(struct tcp_pcb *pcb)
 410:Middlewares/Third_Party/LwIP/src/core/tcp.c **** {
 411:Middlewares/Third_Party/LwIP/src/core/tcp.c ****   err_t err;
 412:Middlewares/Third_Party/LwIP/src/core/tcp.c ****   LWIP_ASSERT("pcb != NULL", pcb != NULL);
 413:Middlewares/Third_Party/LwIP/src/core/tcp.c **** 
 414:Middlewares/Third_Party/LwIP/src/core/tcp.c ****   switch (pcb->state) {
 415:Middlewares/Third_Party/LwIP/src/core/tcp.c ****     case SYN_RCVD:
 416:Middlewares/Third_Party/LwIP/src/core/tcp.c ****       err = tcp_send_fin(pcb);
 417:Middlewares/Third_Party/LwIP/src/core/tcp.c ****       if (err == ERR_OK) {
 418:Middlewares/Third_Party/LwIP/src/core/tcp.c ****         tcp_backlog_accepted(pcb);
 419:Middlewares/Third_Party/LwIP/src/core/tcp.c ****         MIB2_STATS_INC(mib2.tcpattemptfails);
 420:Middlewares/Third_Party/LwIP/src/core/tcp.c ****         pcb->state = FIN_WAIT_1;
 421:Middlewares/Third_Party/LwIP/src/core/tcp.c ****       }
 422:Middlewares/Third_Party/LwIP/src/core/tcp.c ****       break;
 423:Middlewares/Third_Party/LwIP/src/core/tcp.c ****     case ESTABLISHED:
 424:Middlewares/Third_Party/LwIP/src/core/tcp.c ****       err = tcp_send_fin(pcb);
 425:Middlewares/Third_Party/LwIP/src/core/tcp.c ****       if (err == ERR_OK) {
 426:Middlewares/Third_Party/LwIP/src/core/tcp.c ****         MIB2_STATS_INC(mib2.tcpestabresets);
 427:Middlewares/Third_Party/LwIP/src/core/tcp.c ****         pcb->state = FIN_WAIT_1;
 428:Middlewares/Third_Party/LwIP/src/core/tcp.c ****       }
 429:Middlewares/Third_Party/LwIP/src/core/tcp.c ****       break;
 430:Middlewares/Third_Party/LwIP/src/core/tcp.c ****     case CLOSE_WAIT:
 431:Middlewares/Third_Party/LwIP/src/core/tcp.c ****       err = tcp_send_fin(pcb);
ARM GAS  /tmp/ccmQZyRb.s 			page 9


 432:Middlewares/Third_Party/LwIP/src/core/tcp.c ****       if (err == ERR_OK) {
 433:Middlewares/Third_Party/LwIP/src/core/tcp.c ****         MIB2_STATS_INC(mib2.tcpestabresets);
 434:Middlewares/Third_Party/LwIP/src/core/tcp.c ****         pcb->state = LAST_ACK;
 435:Middlewares/Third_Party/LwIP/src/core/tcp.c ****       }
 436:Middlewares/Third_Party/LwIP/src/core/tcp.c ****       break;
 437:Middlewares/Third_Party/LwIP/src/core/tcp.c ****     default:
 438:Middlewares/Third_Party/LwIP/src/core/tcp.c ****       /* Has already been closed, do nothing. */
 439:Middlewares/Third_Party/LwIP/src/core/tcp.c ****       return ERR_OK;
 440:Middlewares/Third_Party/LwIP/src/core/tcp.c ****   }
 441:Middlewares/Third_Party/LwIP/src/core/tcp.c **** 
 442:Middlewares/Third_Party/LwIP/src/core/tcp.c ****   if (err == ERR_OK) {
 443:Middlewares/Third_Party/LwIP/src/core/tcp.c ****     /* To ensure all data has been sent when tcp_close returns, we have
 444:Middlewares/Third_Party/LwIP/src/core/tcp.c ****        to make sure tcp_output doesn't fail.
 445:Middlewares/Third_Party/LwIP/src/core/tcp.c ****        Since we don't really have to ensure all data has been sent when tcp_close
 446:Middlewares/Third_Party/LwIP/src/core/tcp.c ****        returns (unsent data is sent from tcp timer functions, also), we don't care
 447:Middlewares/Third_Party/LwIP/src/core/tcp.c ****        for the return value of tcp_output for now. */
 448:Middlewares/Third_Party/LwIP/src/core/tcp.c ****     tcp_output(pcb);
 449:Middlewares/Third_Party/LwIP/src/core/tcp.c ****   } else if (err == ERR_MEM) {
 450:Middlewares/Third_Party/LwIP/src/core/tcp.c ****     /* Mark this pcb for closing. Closing is retried from tcp_tmr. */
 451:Middlewares/Third_Party/LwIP/src/core/tcp.c ****     tcp_set_flags(pcb, TF_CLOSEPEND);
 452:Middlewares/Third_Party/LwIP/src/core/tcp.c ****     /* We have to return ERR_OK from here to indicate to the callers that this
 453:Middlewares/Third_Party/LwIP/src/core/tcp.c ****        pcb should not be used any more as it will be freed soon via tcp_tmr.
 454:Middlewares/Third_Party/LwIP/src/core/tcp.c ****        This is OK here since sending FIN does not guarantee a time frime for
 455:Middlewares/Third_Party/LwIP/src/core/tcp.c ****        actually freeing the pcb, either (it is left in closure states for
 456:Middlewares/Third_Party/LwIP/src/core/tcp.c ****        remote ACK or timeout) */
 457:Middlewares/Third_Party/LwIP/src/core/tcp.c ****     return ERR_OK;
 458:Middlewares/Third_Party/LwIP/src/core/tcp.c ****   }
 459:Middlewares/Third_Party/LwIP/src/core/tcp.c ****   return err;
 460:Middlewares/Third_Party/LwIP/src/core/tcp.c **** }
 461:Middlewares/Third_Party/LwIP/src/core/tcp.c **** 
 462:Middlewares/Third_Party/LwIP/src/core/tcp.c **** /**
 463:Middlewares/Third_Party/LwIP/src/core/tcp.c ****  * @ingroup tcp_raw
 464:Middlewares/Third_Party/LwIP/src/core/tcp.c ****  * Closes the connection held by the PCB.
 465:Middlewares/Third_Party/LwIP/src/core/tcp.c ****  *
 466:Middlewares/Third_Party/LwIP/src/core/tcp.c ****  * Listening pcbs are freed and may not be referenced any more.
 467:Middlewares/Third_Party/LwIP/src/core/tcp.c ****  * Connection pcbs are freed if not yet connected and may not be referenced
 468:Middlewares/Third_Party/LwIP/src/core/tcp.c ****  * any more. If a connection is established (at least SYN received or in
 469:Middlewares/Third_Party/LwIP/src/core/tcp.c ****  * a closing state), the connection is closed, and put in a closing state.
 470:Middlewares/Third_Party/LwIP/src/core/tcp.c ****  * The pcb is then automatically freed in tcp_slowtmr(). It is therefore
 471:Middlewares/Third_Party/LwIP/src/core/tcp.c ****  * unsafe to reference it (unless an error is returned).
 472:Middlewares/Third_Party/LwIP/src/core/tcp.c ****  * 
 473:Middlewares/Third_Party/LwIP/src/core/tcp.c ****  * The function may return ERR_MEM if no memory
 474:Middlewares/Third_Party/LwIP/src/core/tcp.c ****  * was available for closing the connection. If so, the application
 475:Middlewares/Third_Party/LwIP/src/core/tcp.c ****  * should wait and try again either by using the acknowledgment
 476:Middlewares/Third_Party/LwIP/src/core/tcp.c ****  * callback or the polling functionality. If the close succeeds, the
 477:Middlewares/Third_Party/LwIP/src/core/tcp.c ****  * function returns ERR_OK.
 478:Middlewares/Third_Party/LwIP/src/core/tcp.c ****  *
 479:Middlewares/Third_Party/LwIP/src/core/tcp.c ****  * @param pcb the tcp_pcb to close
 480:Middlewares/Third_Party/LwIP/src/core/tcp.c ****  * @return ERR_OK if connection has been closed
 481:Middlewares/Third_Party/LwIP/src/core/tcp.c ****  *         another err_t if closing failed and pcb is not freed
 482:Middlewares/Third_Party/LwIP/src/core/tcp.c ****  */
 483:Middlewares/Third_Party/LwIP/src/core/tcp.c **** err_t
 484:Middlewares/Third_Party/LwIP/src/core/tcp.c **** tcp_close(struct tcp_pcb *pcb)
 485:Middlewares/Third_Party/LwIP/src/core/tcp.c **** {
 486:Middlewares/Third_Party/LwIP/src/core/tcp.c ****   LWIP_ASSERT_CORE_LOCKED();
 487:Middlewares/Third_Party/LwIP/src/core/tcp.c **** 
 488:Middlewares/Third_Party/LwIP/src/core/tcp.c ****   LWIP_ERROR("tcp_close: invalid pcb", pcb != NULL, return ERR_ARG);
ARM GAS  /tmp/ccmQZyRb.s 			page 10


 489:Middlewares/Third_Party/LwIP/src/core/tcp.c ****   LWIP_DEBUGF(TCP_DEBUG, ("tcp_close: closing in "));
 490:Middlewares/Third_Party/LwIP/src/core/tcp.c **** 
 491:Middlewares/Third_Party/LwIP/src/core/tcp.c ****   tcp_debug_print_state(pcb->state);
 492:Middlewares/Third_Party/LwIP/src/core/tcp.c **** 
 493:Middlewares/Third_Party/LwIP/src/core/tcp.c ****   if (pcb->state != LISTEN) {
 494:Middlewares/Third_Party/LwIP/src/core/tcp.c ****     /* Set a flag not to receive any more data... */
 495:Middlewares/Third_Party/LwIP/src/core/tcp.c ****     tcp_set_flags(pcb, TF_RXCLOSED);
 496:Middlewares/Third_Party/LwIP/src/core/tcp.c ****   }
 497:Middlewares/Third_Party/LwIP/src/core/tcp.c ****   /* ... and close */
 498:Middlewares/Third_Party/LwIP/src/core/tcp.c ****   return tcp_close_shutdown(pcb, 1);
 499:Middlewares/Third_Party/LwIP/src/core/tcp.c **** }
 500:Middlewares/Third_Party/LwIP/src/core/tcp.c **** 
 501:Middlewares/Third_Party/LwIP/src/core/tcp.c **** /**
 502:Middlewares/Third_Party/LwIP/src/core/tcp.c ****  * @ingroup tcp_raw
 503:Middlewares/Third_Party/LwIP/src/core/tcp.c ****  * Causes all or part of a full-duplex connection of this PCB to be shut down.
 504:Middlewares/Third_Party/LwIP/src/core/tcp.c ****  * This doesn't deallocate the PCB unless shutting down both sides!
 505:Middlewares/Third_Party/LwIP/src/core/tcp.c ****  * Shutting down both sides is the same as calling tcp_close, so if it succeds
 506:Middlewares/Third_Party/LwIP/src/core/tcp.c ****  * (i.e. returns ER_OK), the PCB must not be referenced any more!
 507:Middlewares/Third_Party/LwIP/src/core/tcp.c ****  *
 508:Middlewares/Third_Party/LwIP/src/core/tcp.c ****  * @param pcb PCB to shutdown
 509:Middlewares/Third_Party/LwIP/src/core/tcp.c ****  * @param shut_rx shut down receive side if this is != 0
 510:Middlewares/Third_Party/LwIP/src/core/tcp.c ****  * @param shut_tx shut down send side if this is != 0
 511:Middlewares/Third_Party/LwIP/src/core/tcp.c ****  * @return ERR_OK if shutdown succeeded (or the PCB has already been shut down)
 512:Middlewares/Third_Party/LwIP/src/core/tcp.c ****  *         another err_t on error.
 513:Middlewares/Third_Party/LwIP/src/core/tcp.c ****  */
 514:Middlewares/Third_Party/LwIP/src/core/tcp.c **** err_t
 515:Middlewares/Third_Party/LwIP/src/core/tcp.c **** tcp_shutdown(struct tcp_pcb *pcb, int shut_rx, int shut_tx)
 516:Middlewares/Third_Party/LwIP/src/core/tcp.c **** {
 517:Middlewares/Third_Party/LwIP/src/core/tcp.c ****   LWIP_ASSERT_CORE_LOCKED();
 518:Middlewares/Third_Party/LwIP/src/core/tcp.c **** 
 519:Middlewares/Third_Party/LwIP/src/core/tcp.c ****   LWIP_ERROR("tcp_shutdown: invalid pcb", pcb != NULL, return ERR_ARG);
 520:Middlewares/Third_Party/LwIP/src/core/tcp.c **** 
 521:Middlewares/Third_Party/LwIP/src/core/tcp.c ****   if (pcb->state == LISTEN) {
 522:Middlewares/Third_Party/LwIP/src/core/tcp.c ****     return ERR_CONN;
 523:Middlewares/Third_Party/LwIP/src/core/tcp.c ****   }
 524:Middlewares/Third_Party/LwIP/src/core/tcp.c ****   if (shut_rx) {
 525:Middlewares/Third_Party/LwIP/src/core/tcp.c ****     /* shut down the receive side: set a flag not to receive any more data... */
 526:Middlewares/Third_Party/LwIP/src/core/tcp.c ****     tcp_set_flags(pcb, TF_RXCLOSED);
 527:Middlewares/Third_Party/LwIP/src/core/tcp.c ****     if (shut_tx) {
 528:Middlewares/Third_Party/LwIP/src/core/tcp.c ****       /* shutting down the tx AND rx side is the same as closing for the raw API */
 529:Middlewares/Third_Party/LwIP/src/core/tcp.c ****       return tcp_close_shutdown(pcb, 1);
 530:Middlewares/Third_Party/LwIP/src/core/tcp.c ****     }
 531:Middlewares/Third_Party/LwIP/src/core/tcp.c ****     /* ... and free buffered data */
 532:Middlewares/Third_Party/LwIP/src/core/tcp.c ****     if (pcb->refused_data != NULL) {
 533:Middlewares/Third_Party/LwIP/src/core/tcp.c ****       pbuf_free(pcb->refused_data);
 534:Middlewares/Third_Party/LwIP/src/core/tcp.c ****       pcb->refused_data = NULL;
 535:Middlewares/Third_Party/LwIP/src/core/tcp.c ****     }
 536:Middlewares/Third_Party/LwIP/src/core/tcp.c ****   }
 537:Middlewares/Third_Party/LwIP/src/core/tcp.c ****   if (shut_tx) {
 538:Middlewares/Third_Party/LwIP/src/core/tcp.c ****     /* This can't happen twice since if it succeeds, the pcb's state is changed.
 539:Middlewares/Third_Party/LwIP/src/core/tcp.c ****        Only close in these states as the others directly deallocate the PCB */
 540:Middlewares/Third_Party/LwIP/src/core/tcp.c ****     switch (pcb->state) {
 541:Middlewares/Third_Party/LwIP/src/core/tcp.c ****       case SYN_RCVD:
 542:Middlewares/Third_Party/LwIP/src/core/tcp.c ****       case ESTABLISHED:
 543:Middlewares/Third_Party/LwIP/src/core/tcp.c ****       case CLOSE_WAIT:
 544:Middlewares/Third_Party/LwIP/src/core/tcp.c ****         return tcp_close_shutdown(pcb, (u8_t)shut_rx);
 545:Middlewares/Third_Party/LwIP/src/core/tcp.c ****       default:
ARM GAS  /tmp/ccmQZyRb.s 			page 11


 546:Middlewares/Third_Party/LwIP/src/core/tcp.c ****         /* Not (yet?) connected, cannot shutdown the TX side as that would bring us
 547:Middlewares/Third_Party/LwIP/src/core/tcp.c ****           into CLOSED state, where the PCB is deallocated. */
 548:Middlewares/Third_Party/LwIP/src/core/tcp.c ****         return ERR_CONN;
 549:Middlewares/Third_Party/LwIP/src/core/tcp.c ****     }
 550:Middlewares/Third_Party/LwIP/src/core/tcp.c ****   }
 551:Middlewares/Third_Party/LwIP/src/core/tcp.c ****   return ERR_OK;
 552:Middlewares/Third_Party/LwIP/src/core/tcp.c **** }
 553:Middlewares/Third_Party/LwIP/src/core/tcp.c **** 
 554:Middlewares/Third_Party/LwIP/src/core/tcp.c **** /**
 555:Middlewares/Third_Party/LwIP/src/core/tcp.c ****  * Abandons a connection and optionally sends a RST to the remote
 556:Middlewares/Third_Party/LwIP/src/core/tcp.c ****  * host.  Deletes the local protocol control block. This is done when
 557:Middlewares/Third_Party/LwIP/src/core/tcp.c ****  * a connection is killed because of shortage of memory.
 558:Middlewares/Third_Party/LwIP/src/core/tcp.c ****  *
 559:Middlewares/Third_Party/LwIP/src/core/tcp.c ****  * @param pcb the tcp_pcb to abort
 560:Middlewares/Third_Party/LwIP/src/core/tcp.c ****  * @param reset boolean to indicate whether a reset should be sent
 561:Middlewares/Third_Party/LwIP/src/core/tcp.c ****  */
 562:Middlewares/Third_Party/LwIP/src/core/tcp.c **** void
 563:Middlewares/Third_Party/LwIP/src/core/tcp.c **** tcp_abandon(struct tcp_pcb *pcb, int reset)
 564:Middlewares/Third_Party/LwIP/src/core/tcp.c **** {
 565:Middlewares/Third_Party/LwIP/src/core/tcp.c ****   u32_t seqno, ackno;
 566:Middlewares/Third_Party/LwIP/src/core/tcp.c **** #if LWIP_CALLBACK_API
 567:Middlewares/Third_Party/LwIP/src/core/tcp.c ****   tcp_err_fn errf;
 568:Middlewares/Third_Party/LwIP/src/core/tcp.c **** #endif /* LWIP_CALLBACK_API */
 569:Middlewares/Third_Party/LwIP/src/core/tcp.c ****   void *errf_arg;
 570:Middlewares/Third_Party/LwIP/src/core/tcp.c **** 
 571:Middlewares/Third_Party/LwIP/src/core/tcp.c ****   LWIP_ASSERT_CORE_LOCKED();
 572:Middlewares/Third_Party/LwIP/src/core/tcp.c **** 
 573:Middlewares/Third_Party/LwIP/src/core/tcp.c ****   LWIP_ERROR("tcp_abandon: invalid pcb", pcb != NULL, return);
 574:Middlewares/Third_Party/LwIP/src/core/tcp.c **** 
 575:Middlewares/Third_Party/LwIP/src/core/tcp.c ****   /* pcb->state LISTEN not allowed here */
 576:Middlewares/Third_Party/LwIP/src/core/tcp.c ****   LWIP_ASSERT("don't call tcp_abort/tcp_abandon for listen-pcbs",
 577:Middlewares/Third_Party/LwIP/src/core/tcp.c ****               pcb->state != LISTEN);
 578:Middlewares/Third_Party/LwIP/src/core/tcp.c ****   /* Figure out on which TCP PCB list we are, and remove us. If we
 579:Middlewares/Third_Party/LwIP/src/core/tcp.c ****      are in an active state, call the receive function associated with
 580:Middlewares/Third_Party/LwIP/src/core/tcp.c ****      the PCB with a NULL argument, and send an RST to the remote end. */
 581:Middlewares/Third_Party/LwIP/src/core/tcp.c ****   if (pcb->state == TIME_WAIT) {
 582:Middlewares/Third_Party/LwIP/src/core/tcp.c ****     tcp_pcb_remove(&tcp_tw_pcbs, pcb);
 583:Middlewares/Third_Party/LwIP/src/core/tcp.c ****     tcp_free(pcb);
 584:Middlewares/Third_Party/LwIP/src/core/tcp.c ****   } else {
 585:Middlewares/Third_Party/LwIP/src/core/tcp.c ****     int send_rst = 0;
 586:Middlewares/Third_Party/LwIP/src/core/tcp.c ****     u16_t local_port = 0;
 587:Middlewares/Third_Party/LwIP/src/core/tcp.c ****     enum tcp_state last_state;
 588:Middlewares/Third_Party/LwIP/src/core/tcp.c ****     seqno = pcb->snd_nxt;
 589:Middlewares/Third_Party/LwIP/src/core/tcp.c ****     ackno = pcb->rcv_nxt;
 590:Middlewares/Third_Party/LwIP/src/core/tcp.c **** #if LWIP_CALLBACK_API
 591:Middlewares/Third_Party/LwIP/src/core/tcp.c ****     errf = pcb->errf;
 592:Middlewares/Third_Party/LwIP/src/core/tcp.c **** #endif /* LWIP_CALLBACK_API */
 593:Middlewares/Third_Party/LwIP/src/core/tcp.c ****     errf_arg = pcb->callback_arg;
 594:Middlewares/Third_Party/LwIP/src/core/tcp.c ****     if (pcb->state == CLOSED) {
 595:Middlewares/Third_Party/LwIP/src/core/tcp.c ****       if (pcb->local_port != 0) {
 596:Middlewares/Third_Party/LwIP/src/core/tcp.c ****         /* bound, not yet opened */
 597:Middlewares/Third_Party/LwIP/src/core/tcp.c ****         TCP_RMV(&tcp_bound_pcbs, pcb);
 598:Middlewares/Third_Party/LwIP/src/core/tcp.c ****       }
 599:Middlewares/Third_Party/LwIP/src/core/tcp.c ****     } else {
 600:Middlewares/Third_Party/LwIP/src/core/tcp.c ****       send_rst = reset;
 601:Middlewares/Third_Party/LwIP/src/core/tcp.c ****       local_port = pcb->local_port;
 602:Middlewares/Third_Party/LwIP/src/core/tcp.c ****       TCP_PCB_REMOVE_ACTIVE(pcb);
ARM GAS  /tmp/ccmQZyRb.s 			page 12


 603:Middlewares/Third_Party/LwIP/src/core/tcp.c ****     }
 604:Middlewares/Third_Party/LwIP/src/core/tcp.c ****     if (pcb->unacked != NULL) {
 605:Middlewares/Third_Party/LwIP/src/core/tcp.c ****       tcp_segs_free(pcb->unacked);
 606:Middlewares/Third_Party/LwIP/src/core/tcp.c ****     }
 607:Middlewares/Third_Party/LwIP/src/core/tcp.c ****     if (pcb->unsent != NULL) {
 608:Middlewares/Third_Party/LwIP/src/core/tcp.c ****       tcp_segs_free(pcb->unsent);
 609:Middlewares/Third_Party/LwIP/src/core/tcp.c ****     }
 610:Middlewares/Third_Party/LwIP/src/core/tcp.c **** #if TCP_QUEUE_OOSEQ
 611:Middlewares/Third_Party/LwIP/src/core/tcp.c ****     if (pcb->ooseq != NULL) {
 612:Middlewares/Third_Party/LwIP/src/core/tcp.c ****       tcp_segs_free(pcb->ooseq);
 613:Middlewares/Third_Party/LwIP/src/core/tcp.c ****     }
 614:Middlewares/Third_Party/LwIP/src/core/tcp.c **** #endif /* TCP_QUEUE_OOSEQ */
 615:Middlewares/Third_Party/LwIP/src/core/tcp.c ****     tcp_backlog_accepted(pcb);
 616:Middlewares/Third_Party/LwIP/src/core/tcp.c ****     if (send_rst) {
 617:Middlewares/Third_Party/LwIP/src/core/tcp.c ****       LWIP_DEBUGF(TCP_RST_DEBUG, ("tcp_abandon: sending RST\n"));
 618:Middlewares/Third_Party/LwIP/src/core/tcp.c ****       tcp_rst(pcb, seqno, ackno, &pcb->local_ip, &pcb->remote_ip, local_port, pcb->remote_port);
 619:Middlewares/Third_Party/LwIP/src/core/tcp.c ****     }
 620:Middlewares/Third_Party/LwIP/src/core/tcp.c ****     last_state = pcb->state;
 621:Middlewares/Third_Party/LwIP/src/core/tcp.c ****     tcp_free(pcb);
 622:Middlewares/Third_Party/LwIP/src/core/tcp.c ****     TCP_EVENT_ERR(last_state, errf, errf_arg, ERR_ABRT);
 623:Middlewares/Third_Party/LwIP/src/core/tcp.c ****   }
 624:Middlewares/Third_Party/LwIP/src/core/tcp.c **** }
 625:Middlewares/Third_Party/LwIP/src/core/tcp.c **** 
 626:Middlewares/Third_Party/LwIP/src/core/tcp.c **** /**
 627:Middlewares/Third_Party/LwIP/src/core/tcp.c ****  * @ingroup tcp_raw
 628:Middlewares/Third_Party/LwIP/src/core/tcp.c ****  * Aborts the connection by sending a RST (reset) segment to the remote
 629:Middlewares/Third_Party/LwIP/src/core/tcp.c ****  * host. The pcb is deallocated. This function never fails.
 630:Middlewares/Third_Party/LwIP/src/core/tcp.c ****  *
 631:Middlewares/Third_Party/LwIP/src/core/tcp.c ****  * ATTENTION: When calling this from one of the TCP callbacks, make
 632:Middlewares/Third_Party/LwIP/src/core/tcp.c ****  * sure you always return ERR_ABRT (and never return ERR_ABRT otherwise
 633:Middlewares/Third_Party/LwIP/src/core/tcp.c ****  * or you will risk accessing deallocated memory or memory leaks!
 634:Middlewares/Third_Party/LwIP/src/core/tcp.c ****  *
 635:Middlewares/Third_Party/LwIP/src/core/tcp.c ****  * @param pcb the tcp pcb to abort
 636:Middlewares/Third_Party/LwIP/src/core/tcp.c ****  */
 637:Middlewares/Third_Party/LwIP/src/core/tcp.c **** void
 638:Middlewares/Third_Party/LwIP/src/core/tcp.c **** tcp_abort(struct tcp_pcb *pcb)
 639:Middlewares/Third_Party/LwIP/src/core/tcp.c **** {
 640:Middlewares/Third_Party/LwIP/src/core/tcp.c ****   tcp_abandon(pcb, 1);
 641:Middlewares/Third_Party/LwIP/src/core/tcp.c **** }
 642:Middlewares/Third_Party/LwIP/src/core/tcp.c **** 
 643:Middlewares/Third_Party/LwIP/src/core/tcp.c **** /**
 644:Middlewares/Third_Party/LwIP/src/core/tcp.c ****  * @ingroup tcp_raw
 645:Middlewares/Third_Party/LwIP/src/core/tcp.c ****  * Binds the connection to a local port number and IP address. If the
 646:Middlewares/Third_Party/LwIP/src/core/tcp.c ****  * IP address is not given (i.e., ipaddr == IP_ANY_TYPE), the connection is
 647:Middlewares/Third_Party/LwIP/src/core/tcp.c ****  * bound to all local IP addresses.
 648:Middlewares/Third_Party/LwIP/src/core/tcp.c ****  * If another connection is bound to the same port, the function will
 649:Middlewares/Third_Party/LwIP/src/core/tcp.c ****  * return ERR_USE, otherwise ERR_OK is returned.
 650:Middlewares/Third_Party/LwIP/src/core/tcp.c ****  *
 651:Middlewares/Third_Party/LwIP/src/core/tcp.c ****  * @param pcb the tcp_pcb to bind (no check is done whether this pcb is
 652:Middlewares/Third_Party/LwIP/src/core/tcp.c ****  *        already bound!)
 653:Middlewares/Third_Party/LwIP/src/core/tcp.c ****  * @param ipaddr the local ip address to bind to (use IPx_ADDR_ANY to bind
 654:Middlewares/Third_Party/LwIP/src/core/tcp.c ****  *        to any local address
 655:Middlewares/Third_Party/LwIP/src/core/tcp.c ****  * @param port the local port to bind to
 656:Middlewares/Third_Party/LwIP/src/core/tcp.c ****  * @return ERR_USE if the port is already in use
 657:Middlewares/Third_Party/LwIP/src/core/tcp.c ****  *         ERR_VAL if bind failed because the PCB is not in a valid state
 658:Middlewares/Third_Party/LwIP/src/core/tcp.c ****  *         ERR_OK if bound
 659:Middlewares/Third_Party/LwIP/src/core/tcp.c ****  */
ARM GAS  /tmp/ccmQZyRb.s 			page 13


 660:Middlewares/Third_Party/LwIP/src/core/tcp.c **** err_t
 661:Middlewares/Third_Party/LwIP/src/core/tcp.c **** tcp_bind(struct tcp_pcb *pcb, const ip_addr_t *ipaddr, u16_t port)
 662:Middlewares/Third_Party/LwIP/src/core/tcp.c **** {
 663:Middlewares/Third_Party/LwIP/src/core/tcp.c ****   int i;
 664:Middlewares/Third_Party/LwIP/src/core/tcp.c ****   int max_pcb_list = NUM_TCP_PCB_LISTS;
 665:Middlewares/Third_Party/LwIP/src/core/tcp.c ****   struct tcp_pcb *cpcb;
 666:Middlewares/Third_Party/LwIP/src/core/tcp.c **** #if LWIP_IPV6 && LWIP_IPV6_SCOPES
 667:Middlewares/Third_Party/LwIP/src/core/tcp.c ****   ip_addr_t zoned_ipaddr;
 668:Middlewares/Third_Party/LwIP/src/core/tcp.c **** #endif /* LWIP_IPV6 && LWIP_IPV6_SCOPES */
 669:Middlewares/Third_Party/LwIP/src/core/tcp.c **** 
 670:Middlewares/Third_Party/LwIP/src/core/tcp.c ****   LWIP_ASSERT_CORE_LOCKED();
 671:Middlewares/Third_Party/LwIP/src/core/tcp.c **** 
 672:Middlewares/Third_Party/LwIP/src/core/tcp.c **** #if LWIP_IPV4
 673:Middlewares/Third_Party/LwIP/src/core/tcp.c ****   /* Don't propagate NULL pointer (IPv4 ANY) to subsequent functions */
 674:Middlewares/Third_Party/LwIP/src/core/tcp.c ****   if (ipaddr == NULL) {
 675:Middlewares/Third_Party/LwIP/src/core/tcp.c ****     ipaddr = IP4_ADDR_ANY;
 676:Middlewares/Third_Party/LwIP/src/core/tcp.c ****   }
 677:Middlewares/Third_Party/LwIP/src/core/tcp.c **** #else /* LWIP_IPV4 */
 678:Middlewares/Third_Party/LwIP/src/core/tcp.c ****   LWIP_ERROR("tcp_bind: invalid ipaddr", ipaddr != NULL, return ERR_ARG);
 679:Middlewares/Third_Party/LwIP/src/core/tcp.c **** #endif /* LWIP_IPV4 */
 680:Middlewares/Third_Party/LwIP/src/core/tcp.c **** 
 681:Middlewares/Third_Party/LwIP/src/core/tcp.c ****   LWIP_ERROR("tcp_bind: invalid pcb", pcb != NULL, return ERR_ARG);
 682:Middlewares/Third_Party/LwIP/src/core/tcp.c **** 
 683:Middlewares/Third_Party/LwIP/src/core/tcp.c ****   LWIP_ERROR("tcp_bind: can only bind in state CLOSED", pcb->state == CLOSED, return ERR_VAL);
 684:Middlewares/Third_Party/LwIP/src/core/tcp.c **** 
 685:Middlewares/Third_Party/LwIP/src/core/tcp.c **** #if SO_REUSE
 686:Middlewares/Third_Party/LwIP/src/core/tcp.c ****   /* Unless the REUSEADDR flag is set,
 687:Middlewares/Third_Party/LwIP/src/core/tcp.c ****      we have to check the pcbs in TIME-WAIT state, also.
 688:Middlewares/Third_Party/LwIP/src/core/tcp.c ****      We do not dump TIME_WAIT pcb's; they can still be matched by incoming
 689:Middlewares/Third_Party/LwIP/src/core/tcp.c ****      packets using both local and remote IP addresses and ports to distinguish.
 690:Middlewares/Third_Party/LwIP/src/core/tcp.c ****    */
 691:Middlewares/Third_Party/LwIP/src/core/tcp.c ****   if (ip_get_option(pcb, SOF_REUSEADDR)) {
 692:Middlewares/Third_Party/LwIP/src/core/tcp.c ****     max_pcb_list = NUM_TCP_PCB_LISTS_NO_TIME_WAIT;
 693:Middlewares/Third_Party/LwIP/src/core/tcp.c ****   }
 694:Middlewares/Third_Party/LwIP/src/core/tcp.c **** #endif /* SO_REUSE */
 695:Middlewares/Third_Party/LwIP/src/core/tcp.c **** 
 696:Middlewares/Third_Party/LwIP/src/core/tcp.c **** #if LWIP_IPV6 && LWIP_IPV6_SCOPES
 697:Middlewares/Third_Party/LwIP/src/core/tcp.c ****   /* If the given IP address should have a zone but doesn't, assign one now.
 698:Middlewares/Third_Party/LwIP/src/core/tcp.c ****    * This is legacy support: scope-aware callers should always provide properly
 699:Middlewares/Third_Party/LwIP/src/core/tcp.c ****    * zoned source addresses. Do the zone selection before the address-in-use
 700:Middlewares/Third_Party/LwIP/src/core/tcp.c ****    * check below; as such we have to make a temporary copy of the address. */
 701:Middlewares/Third_Party/LwIP/src/core/tcp.c ****   if (IP_IS_V6(ipaddr) && ip6_addr_lacks_zone(ip_2_ip6(ipaddr), IP6_UNICAST)) {
 702:Middlewares/Third_Party/LwIP/src/core/tcp.c ****     ip_addr_copy(zoned_ipaddr, *ipaddr);
 703:Middlewares/Third_Party/LwIP/src/core/tcp.c ****     ip6_addr_select_zone(ip_2_ip6(&zoned_ipaddr), ip_2_ip6(&zoned_ipaddr));
 704:Middlewares/Third_Party/LwIP/src/core/tcp.c ****     ipaddr = &zoned_ipaddr;
 705:Middlewares/Third_Party/LwIP/src/core/tcp.c ****   }
 706:Middlewares/Third_Party/LwIP/src/core/tcp.c **** #endif /* LWIP_IPV6 && LWIP_IPV6_SCOPES */
 707:Middlewares/Third_Party/LwIP/src/core/tcp.c **** 
 708:Middlewares/Third_Party/LwIP/src/core/tcp.c ****   if (port == 0) {
 709:Middlewares/Third_Party/LwIP/src/core/tcp.c ****     port = tcp_new_port();
 710:Middlewares/Third_Party/LwIP/src/core/tcp.c ****     if (port == 0) {
 711:Middlewares/Third_Party/LwIP/src/core/tcp.c ****       return ERR_BUF;
 712:Middlewares/Third_Party/LwIP/src/core/tcp.c ****     }
 713:Middlewares/Third_Party/LwIP/src/core/tcp.c ****   } else {
 714:Middlewares/Third_Party/LwIP/src/core/tcp.c ****     /* Check if the address already is in use (on all lists) */
 715:Middlewares/Third_Party/LwIP/src/core/tcp.c ****     for (i = 0; i < max_pcb_list; i++) {
 716:Middlewares/Third_Party/LwIP/src/core/tcp.c ****       for (cpcb = *tcp_pcb_lists[i]; cpcb != NULL; cpcb = cpcb->next) {
ARM GAS  /tmp/ccmQZyRb.s 			page 14


 717:Middlewares/Third_Party/LwIP/src/core/tcp.c ****         if (cpcb->local_port == port) {
 718:Middlewares/Third_Party/LwIP/src/core/tcp.c **** #if SO_REUSE
 719:Middlewares/Third_Party/LwIP/src/core/tcp.c ****           /* Omit checking for the same port if both pcbs have REUSEADDR set.
 720:Middlewares/Third_Party/LwIP/src/core/tcp.c ****              For SO_REUSEADDR, the duplicate-check for a 5-tuple is done in
 721:Middlewares/Third_Party/LwIP/src/core/tcp.c ****              tcp_connect. */
 722:Middlewares/Third_Party/LwIP/src/core/tcp.c ****           if (!ip_get_option(pcb, SOF_REUSEADDR) ||
 723:Middlewares/Third_Party/LwIP/src/core/tcp.c ****               !ip_get_option(cpcb, SOF_REUSEADDR))
 724:Middlewares/Third_Party/LwIP/src/core/tcp.c **** #endif /* SO_REUSE */
 725:Middlewares/Third_Party/LwIP/src/core/tcp.c ****           {
 726:Middlewares/Third_Party/LwIP/src/core/tcp.c ****             /* @todo: check accept_any_ip_version */
 727:Middlewares/Third_Party/LwIP/src/core/tcp.c ****             if ((IP_IS_V6(ipaddr) == IP_IS_V6_VAL(cpcb->local_ip)) &&
 728:Middlewares/Third_Party/LwIP/src/core/tcp.c ****                 (ip_addr_isany(&cpcb->local_ip) ||
 729:Middlewares/Third_Party/LwIP/src/core/tcp.c ****                  ip_addr_isany(ipaddr) ||
 730:Middlewares/Third_Party/LwIP/src/core/tcp.c ****                  ip_addr_cmp(&cpcb->local_ip, ipaddr))) {
 731:Middlewares/Third_Party/LwIP/src/core/tcp.c ****               return ERR_USE;
 732:Middlewares/Third_Party/LwIP/src/core/tcp.c ****             }
 733:Middlewares/Third_Party/LwIP/src/core/tcp.c ****           }
 734:Middlewares/Third_Party/LwIP/src/core/tcp.c ****         }
 735:Middlewares/Third_Party/LwIP/src/core/tcp.c ****       }
 736:Middlewares/Third_Party/LwIP/src/core/tcp.c ****     }
 737:Middlewares/Third_Party/LwIP/src/core/tcp.c ****   }
 738:Middlewares/Third_Party/LwIP/src/core/tcp.c **** 
 739:Middlewares/Third_Party/LwIP/src/core/tcp.c ****   if (!ip_addr_isany(ipaddr)
 740:Middlewares/Third_Party/LwIP/src/core/tcp.c **** #if LWIP_IPV4 && LWIP_IPV6
 741:Middlewares/Third_Party/LwIP/src/core/tcp.c ****       || (IP_GET_TYPE(ipaddr) != IP_GET_TYPE(&pcb->local_ip))
 742:Middlewares/Third_Party/LwIP/src/core/tcp.c **** #endif /* LWIP_IPV4 && LWIP_IPV6 */
 743:Middlewares/Third_Party/LwIP/src/core/tcp.c ****      ) {
 744:Middlewares/Third_Party/LwIP/src/core/tcp.c ****     ip_addr_set(&pcb->local_ip, ipaddr);
 745:Middlewares/Third_Party/LwIP/src/core/tcp.c ****   }
 746:Middlewares/Third_Party/LwIP/src/core/tcp.c ****   pcb->local_port = port;
 747:Middlewares/Third_Party/LwIP/src/core/tcp.c ****   TCP_REG(&tcp_bound_pcbs, pcb);
 748:Middlewares/Third_Party/LwIP/src/core/tcp.c ****   LWIP_DEBUGF(TCP_DEBUG, ("tcp_bind: bind to port %"U16_F"\n", port));
 749:Middlewares/Third_Party/LwIP/src/core/tcp.c ****   return ERR_OK;
 750:Middlewares/Third_Party/LwIP/src/core/tcp.c **** }
 751:Middlewares/Third_Party/LwIP/src/core/tcp.c **** 
 752:Middlewares/Third_Party/LwIP/src/core/tcp.c **** /**
 753:Middlewares/Third_Party/LwIP/src/core/tcp.c ****  * @ingroup tcp_raw
 754:Middlewares/Third_Party/LwIP/src/core/tcp.c ****  * Binds the connection to a netif and IP address.
 755:Middlewares/Third_Party/LwIP/src/core/tcp.c ****  * After calling this function, all packets received via this PCB
 756:Middlewares/Third_Party/LwIP/src/core/tcp.c ****  * are guaranteed to have come in via the specified netif, and all
 757:Middlewares/Third_Party/LwIP/src/core/tcp.c ****  * outgoing packets will go out via the specified netif.
 758:Middlewares/Third_Party/LwIP/src/core/tcp.c ****  *
 759:Middlewares/Third_Party/LwIP/src/core/tcp.c ****  * @param pcb the tcp_pcb to bind.
 760:Middlewares/Third_Party/LwIP/src/core/tcp.c ****  * @param netif the netif to bind to. Can be NULL.
 761:Middlewares/Third_Party/LwIP/src/core/tcp.c ****  */
 762:Middlewares/Third_Party/LwIP/src/core/tcp.c **** void
 763:Middlewares/Third_Party/LwIP/src/core/tcp.c **** tcp_bind_netif(struct tcp_pcb *pcb, const struct netif *netif)
 764:Middlewares/Third_Party/LwIP/src/core/tcp.c **** {
 765:Middlewares/Third_Party/LwIP/src/core/tcp.c ****   LWIP_ASSERT_CORE_LOCKED();
 766:Middlewares/Third_Party/LwIP/src/core/tcp.c ****   if (netif != NULL) {
 767:Middlewares/Third_Party/LwIP/src/core/tcp.c ****     pcb->netif_idx = netif_get_index(netif);
 768:Middlewares/Third_Party/LwIP/src/core/tcp.c ****   } else {
 769:Middlewares/Third_Party/LwIP/src/core/tcp.c ****     pcb->netif_idx = NETIF_NO_INDEX;
 770:Middlewares/Third_Party/LwIP/src/core/tcp.c ****   }
 771:Middlewares/Third_Party/LwIP/src/core/tcp.c **** }
 772:Middlewares/Third_Party/LwIP/src/core/tcp.c **** 
 773:Middlewares/Third_Party/LwIP/src/core/tcp.c **** #if LWIP_CALLBACK_API
ARM GAS  /tmp/ccmQZyRb.s 			page 15


 774:Middlewares/Third_Party/LwIP/src/core/tcp.c **** /**
 775:Middlewares/Third_Party/LwIP/src/core/tcp.c ****  * Default accept callback if no accept callback is specified by the user.
 776:Middlewares/Third_Party/LwIP/src/core/tcp.c ****  */
 777:Middlewares/Third_Party/LwIP/src/core/tcp.c **** static err_t
 778:Middlewares/Third_Party/LwIP/src/core/tcp.c **** tcp_accept_null(void *arg, struct tcp_pcb *pcb, err_t err)
 779:Middlewares/Third_Party/LwIP/src/core/tcp.c **** {
 780:Middlewares/Third_Party/LwIP/src/core/tcp.c ****   LWIP_UNUSED_ARG(arg);
 781:Middlewares/Third_Party/LwIP/src/core/tcp.c ****   LWIP_UNUSED_ARG(err);
 782:Middlewares/Third_Party/LwIP/src/core/tcp.c **** 
 783:Middlewares/Third_Party/LwIP/src/core/tcp.c ****   LWIP_ASSERT("tcp_accept_null: invalid pcb", pcb != NULL);
 784:Middlewares/Third_Party/LwIP/src/core/tcp.c **** 
 785:Middlewares/Third_Party/LwIP/src/core/tcp.c ****   tcp_abort(pcb);
 786:Middlewares/Third_Party/LwIP/src/core/tcp.c **** 
 787:Middlewares/Third_Party/LwIP/src/core/tcp.c ****   return ERR_ABRT;
 788:Middlewares/Third_Party/LwIP/src/core/tcp.c **** }
 789:Middlewares/Third_Party/LwIP/src/core/tcp.c **** #endif /* LWIP_CALLBACK_API */
 790:Middlewares/Third_Party/LwIP/src/core/tcp.c **** 
 791:Middlewares/Third_Party/LwIP/src/core/tcp.c **** /**
 792:Middlewares/Third_Party/LwIP/src/core/tcp.c ****  * @ingroup tcp_raw
 793:Middlewares/Third_Party/LwIP/src/core/tcp.c ****  * Set the state of the connection to be LISTEN, which means that it
 794:Middlewares/Third_Party/LwIP/src/core/tcp.c ****  * is able to accept incoming connections. The protocol control block
 795:Middlewares/Third_Party/LwIP/src/core/tcp.c ****  * is reallocated in order to consume less memory. Setting the
 796:Middlewares/Third_Party/LwIP/src/core/tcp.c ****  * connection to LISTEN is an irreversible process.
 797:Middlewares/Third_Party/LwIP/src/core/tcp.c ****  * When an incoming connection is accepted, the function specified with
 798:Middlewares/Third_Party/LwIP/src/core/tcp.c ****  * the tcp_accept() function will be called. The pcb has to be bound
 799:Middlewares/Third_Party/LwIP/src/core/tcp.c ****  * to a local port with the tcp_bind() function.
 800:Middlewares/Third_Party/LwIP/src/core/tcp.c ****  * 
 801:Middlewares/Third_Party/LwIP/src/core/tcp.c ****  * The tcp_listen() function returns a new connection identifier, and
 802:Middlewares/Third_Party/LwIP/src/core/tcp.c ****  * the one passed as an argument to the function will be
 803:Middlewares/Third_Party/LwIP/src/core/tcp.c ****  * deallocated. The reason for this behavior is that less memory is
 804:Middlewares/Third_Party/LwIP/src/core/tcp.c ****  * needed for a connection that is listening, so tcp_listen() will
 805:Middlewares/Third_Party/LwIP/src/core/tcp.c ****  * reclaim the memory needed for the original connection and allocate a
 806:Middlewares/Third_Party/LwIP/src/core/tcp.c ****  * new smaller memory block for the listening connection.
 807:Middlewares/Third_Party/LwIP/src/core/tcp.c ****  *
 808:Middlewares/Third_Party/LwIP/src/core/tcp.c ****  * tcp_listen() may return NULL if no memory was available for the
 809:Middlewares/Third_Party/LwIP/src/core/tcp.c ****  * listening connection. If so, the memory associated with the pcb
 810:Middlewares/Third_Party/LwIP/src/core/tcp.c ****  * passed as an argument to tcp_listen() will not be deallocated.
 811:Middlewares/Third_Party/LwIP/src/core/tcp.c ****  *
 812:Middlewares/Third_Party/LwIP/src/core/tcp.c ****  * The backlog limits the number of outstanding connections
 813:Middlewares/Third_Party/LwIP/src/core/tcp.c ****  * in the listen queue to the value specified by the backlog argument.
 814:Middlewares/Third_Party/LwIP/src/core/tcp.c ****  * To use it, your need to set TCP_LISTEN_BACKLOG=1 in your lwipopts.h.
 815:Middlewares/Third_Party/LwIP/src/core/tcp.c ****  * 
 816:Middlewares/Third_Party/LwIP/src/core/tcp.c ****  * @param pcb the original tcp_pcb
 817:Middlewares/Third_Party/LwIP/src/core/tcp.c ****  * @param backlog the incoming connections queue limit
 818:Middlewares/Third_Party/LwIP/src/core/tcp.c ****  * @return tcp_pcb used for listening, consumes less memory.
 819:Middlewares/Third_Party/LwIP/src/core/tcp.c ****  *
 820:Middlewares/Third_Party/LwIP/src/core/tcp.c ****  * @note The original tcp_pcb is freed. This function therefore has to be
 821:Middlewares/Third_Party/LwIP/src/core/tcp.c ****  *       called like this:
 822:Middlewares/Third_Party/LwIP/src/core/tcp.c ****  *             tpcb = tcp_listen_with_backlog(tpcb, backlog);
 823:Middlewares/Third_Party/LwIP/src/core/tcp.c ****  */
 824:Middlewares/Third_Party/LwIP/src/core/tcp.c **** struct tcp_pcb *
 825:Middlewares/Third_Party/LwIP/src/core/tcp.c **** tcp_listen_with_backlog(struct tcp_pcb *pcb, u8_t backlog)
 826:Middlewares/Third_Party/LwIP/src/core/tcp.c **** {
 827:Middlewares/Third_Party/LwIP/src/core/tcp.c ****   LWIP_ASSERT_CORE_LOCKED();
 828:Middlewares/Third_Party/LwIP/src/core/tcp.c ****   return tcp_listen_with_backlog_and_err(pcb, backlog, NULL);
 829:Middlewares/Third_Party/LwIP/src/core/tcp.c **** }
 830:Middlewares/Third_Party/LwIP/src/core/tcp.c **** 
ARM GAS  /tmp/ccmQZyRb.s 			page 16


 831:Middlewares/Third_Party/LwIP/src/core/tcp.c **** /**
 832:Middlewares/Third_Party/LwIP/src/core/tcp.c ****  * @ingroup tcp_raw
 833:Middlewares/Third_Party/LwIP/src/core/tcp.c ****  * Set the state of the connection to be LISTEN, which means that it
 834:Middlewares/Third_Party/LwIP/src/core/tcp.c ****  * is able to accept incoming connections. The protocol control block
 835:Middlewares/Third_Party/LwIP/src/core/tcp.c ****  * is reallocated in order to consume less memory. Setting the
 836:Middlewares/Third_Party/LwIP/src/core/tcp.c ****  * connection to LISTEN is an irreversible process.
 837:Middlewares/Third_Party/LwIP/src/core/tcp.c ****  *
 838:Middlewares/Third_Party/LwIP/src/core/tcp.c ****  * @param pcb the original tcp_pcb
 839:Middlewares/Third_Party/LwIP/src/core/tcp.c ****  * @param backlog the incoming connections queue limit
 840:Middlewares/Third_Party/LwIP/src/core/tcp.c ****  * @param err when NULL is returned, this contains the error reason
 841:Middlewares/Third_Party/LwIP/src/core/tcp.c ****  * @return tcp_pcb used for listening, consumes less memory.
 842:Middlewares/Third_Party/LwIP/src/core/tcp.c ****  *
 843:Middlewares/Third_Party/LwIP/src/core/tcp.c ****  * @note The original tcp_pcb is freed. This function therefore has to be
 844:Middlewares/Third_Party/LwIP/src/core/tcp.c ****  *       called like this:
 845:Middlewares/Third_Party/LwIP/src/core/tcp.c ****  *             tpcb = tcp_listen_with_backlog_and_err(tpcb, backlog, &err);
 846:Middlewares/Third_Party/LwIP/src/core/tcp.c ****  */
 847:Middlewares/Third_Party/LwIP/src/core/tcp.c **** struct tcp_pcb *
 848:Middlewares/Third_Party/LwIP/src/core/tcp.c **** tcp_listen_with_backlog_and_err(struct tcp_pcb *pcb, u8_t backlog, err_t *err)
 849:Middlewares/Third_Party/LwIP/src/core/tcp.c **** {
 850:Middlewares/Third_Party/LwIP/src/core/tcp.c ****   struct tcp_pcb_listen *lpcb = NULL;
 851:Middlewares/Third_Party/LwIP/src/core/tcp.c ****   err_t res;
 852:Middlewares/Third_Party/LwIP/src/core/tcp.c **** 
 853:Middlewares/Third_Party/LwIP/src/core/tcp.c ****   LWIP_UNUSED_ARG(backlog);
 854:Middlewares/Third_Party/LwIP/src/core/tcp.c **** 
 855:Middlewares/Third_Party/LwIP/src/core/tcp.c ****   LWIP_ASSERT_CORE_LOCKED();
 856:Middlewares/Third_Party/LwIP/src/core/tcp.c **** 
 857:Middlewares/Third_Party/LwIP/src/core/tcp.c ****   LWIP_ERROR("tcp_listen_with_backlog_and_err: invalid pcb", pcb != NULL, res = ERR_ARG; goto done)
 858:Middlewares/Third_Party/LwIP/src/core/tcp.c ****   LWIP_ERROR("tcp_listen_with_backlog_and_err: pcb already connected", pcb->state == CLOSED, res = 
 859:Middlewares/Third_Party/LwIP/src/core/tcp.c **** 
 860:Middlewares/Third_Party/LwIP/src/core/tcp.c ****   /* already listening? */
 861:Middlewares/Third_Party/LwIP/src/core/tcp.c ****   if (pcb->state == LISTEN) {
 862:Middlewares/Third_Party/LwIP/src/core/tcp.c ****     lpcb = (struct tcp_pcb_listen *)pcb;
 863:Middlewares/Third_Party/LwIP/src/core/tcp.c ****     res = ERR_ALREADY;
 864:Middlewares/Third_Party/LwIP/src/core/tcp.c ****     goto done;
 865:Middlewares/Third_Party/LwIP/src/core/tcp.c ****   }
 866:Middlewares/Third_Party/LwIP/src/core/tcp.c **** #if SO_REUSE
 867:Middlewares/Third_Party/LwIP/src/core/tcp.c ****   if (ip_get_option(pcb, SOF_REUSEADDR)) {
 868:Middlewares/Third_Party/LwIP/src/core/tcp.c ****     /* Since SOF_REUSEADDR allows reusing a local address before the pcb's usage
 869:Middlewares/Third_Party/LwIP/src/core/tcp.c ****        is declared (listen-/connection-pcb), we have to make sure now that
 870:Middlewares/Third_Party/LwIP/src/core/tcp.c ****        this port is only used once for every local IP. */
 871:Middlewares/Third_Party/LwIP/src/core/tcp.c ****     for (lpcb = tcp_listen_pcbs.listen_pcbs; lpcb != NULL; lpcb = lpcb->next) {
 872:Middlewares/Third_Party/LwIP/src/core/tcp.c ****       if ((lpcb->local_port == pcb->local_port) &&
 873:Middlewares/Third_Party/LwIP/src/core/tcp.c ****           ip_addr_cmp(&lpcb->local_ip, &pcb->local_ip)) {
 874:Middlewares/Third_Party/LwIP/src/core/tcp.c ****         /* this address/port is already used */
 875:Middlewares/Third_Party/LwIP/src/core/tcp.c ****         lpcb = NULL;
 876:Middlewares/Third_Party/LwIP/src/core/tcp.c ****         res = ERR_USE;
 877:Middlewares/Third_Party/LwIP/src/core/tcp.c ****         goto done;
 878:Middlewares/Third_Party/LwIP/src/core/tcp.c ****       }
 879:Middlewares/Third_Party/LwIP/src/core/tcp.c ****     }
 880:Middlewares/Third_Party/LwIP/src/core/tcp.c ****   }
 881:Middlewares/Third_Party/LwIP/src/core/tcp.c **** #endif /* SO_REUSE */
 882:Middlewares/Third_Party/LwIP/src/core/tcp.c ****   lpcb = (struct tcp_pcb_listen *)memp_malloc(MEMP_TCP_PCB_LISTEN);
 883:Middlewares/Third_Party/LwIP/src/core/tcp.c ****   if (lpcb == NULL) {
 884:Middlewares/Third_Party/LwIP/src/core/tcp.c ****     res = ERR_MEM;
 885:Middlewares/Third_Party/LwIP/src/core/tcp.c ****     goto done;
 886:Middlewares/Third_Party/LwIP/src/core/tcp.c ****   }
 887:Middlewares/Third_Party/LwIP/src/core/tcp.c ****   lpcb->callback_arg = pcb->callback_arg;
ARM GAS  /tmp/ccmQZyRb.s 			page 17


 888:Middlewares/Third_Party/LwIP/src/core/tcp.c ****   lpcb->local_port = pcb->local_port;
 889:Middlewares/Third_Party/LwIP/src/core/tcp.c ****   lpcb->state = LISTEN;
 890:Middlewares/Third_Party/LwIP/src/core/tcp.c ****   lpcb->prio = pcb->prio;
 891:Middlewares/Third_Party/LwIP/src/core/tcp.c ****   lpcb->so_options = pcb->so_options;
 892:Middlewares/Third_Party/LwIP/src/core/tcp.c ****   lpcb->netif_idx = NETIF_NO_INDEX;
 893:Middlewares/Third_Party/LwIP/src/core/tcp.c ****   lpcb->ttl = pcb->ttl;
 894:Middlewares/Third_Party/LwIP/src/core/tcp.c ****   lpcb->tos = pcb->tos;
 895:Middlewares/Third_Party/LwIP/src/core/tcp.c **** #if LWIP_IPV4 && LWIP_IPV6
 896:Middlewares/Third_Party/LwIP/src/core/tcp.c ****   IP_SET_TYPE_VAL(lpcb->remote_ip, pcb->local_ip.type);
 897:Middlewares/Third_Party/LwIP/src/core/tcp.c **** #endif /* LWIP_IPV4 && LWIP_IPV6 */
 898:Middlewares/Third_Party/LwIP/src/core/tcp.c ****   ip_addr_copy(lpcb->local_ip, pcb->local_ip);
 899:Middlewares/Third_Party/LwIP/src/core/tcp.c ****   if (pcb->local_port != 0) {
 900:Middlewares/Third_Party/LwIP/src/core/tcp.c ****     TCP_RMV(&tcp_bound_pcbs, pcb);
 901:Middlewares/Third_Party/LwIP/src/core/tcp.c ****   }
 902:Middlewares/Third_Party/LwIP/src/core/tcp.c **** #if LWIP_TCP_PCB_NUM_EXT_ARGS
 903:Middlewares/Third_Party/LwIP/src/core/tcp.c ****   /* copy over ext_args to listening pcb  */
 904:Middlewares/Third_Party/LwIP/src/core/tcp.c ****   memcpy(&lpcb->ext_args, &pcb->ext_args, sizeof(pcb->ext_args));
 905:Middlewares/Third_Party/LwIP/src/core/tcp.c **** #endif
 906:Middlewares/Third_Party/LwIP/src/core/tcp.c ****   tcp_free(pcb);
 907:Middlewares/Third_Party/LwIP/src/core/tcp.c **** #if LWIP_CALLBACK_API
 908:Middlewares/Third_Party/LwIP/src/core/tcp.c ****   lpcb->accept = tcp_accept_null;
 909:Middlewares/Third_Party/LwIP/src/core/tcp.c **** #endif /* LWIP_CALLBACK_API */
 910:Middlewares/Third_Party/LwIP/src/core/tcp.c **** #if TCP_LISTEN_BACKLOG
 911:Middlewares/Third_Party/LwIP/src/core/tcp.c ****   lpcb->accepts_pending = 0;
 912:Middlewares/Third_Party/LwIP/src/core/tcp.c ****   tcp_backlog_set(lpcb, backlog);
 913:Middlewares/Third_Party/LwIP/src/core/tcp.c **** #endif /* TCP_LISTEN_BACKLOG */
 914:Middlewares/Third_Party/LwIP/src/core/tcp.c ****   TCP_REG(&tcp_listen_pcbs.pcbs, (struct tcp_pcb *)lpcb);
 915:Middlewares/Third_Party/LwIP/src/core/tcp.c ****   res = ERR_OK;
 916:Middlewares/Third_Party/LwIP/src/core/tcp.c **** done:
 917:Middlewares/Third_Party/LwIP/src/core/tcp.c ****   if (err != NULL) {
 918:Middlewares/Third_Party/LwIP/src/core/tcp.c ****     *err = res;
 919:Middlewares/Third_Party/LwIP/src/core/tcp.c ****   }
 920:Middlewares/Third_Party/LwIP/src/core/tcp.c ****   return (struct tcp_pcb *)lpcb;
 921:Middlewares/Third_Party/LwIP/src/core/tcp.c **** }
 922:Middlewares/Third_Party/LwIP/src/core/tcp.c **** 
 923:Middlewares/Third_Party/LwIP/src/core/tcp.c **** /**
 924:Middlewares/Third_Party/LwIP/src/core/tcp.c ****  * Update the state that tracks the available window space to advertise.
 925:Middlewares/Third_Party/LwIP/src/core/tcp.c ****  *
 926:Middlewares/Third_Party/LwIP/src/core/tcp.c ****  * Returns how much extra window would be advertised if we sent an
 927:Middlewares/Third_Party/LwIP/src/core/tcp.c ****  * update now.
 928:Middlewares/Third_Party/LwIP/src/core/tcp.c ****  */
 929:Middlewares/Third_Party/LwIP/src/core/tcp.c **** u32_t
 930:Middlewares/Third_Party/LwIP/src/core/tcp.c **** tcp_update_rcv_ann_wnd(struct tcp_pcb *pcb)
 931:Middlewares/Third_Party/LwIP/src/core/tcp.c **** {
 932:Middlewares/Third_Party/LwIP/src/core/tcp.c ****   u32_t new_right_edge;
 933:Middlewares/Third_Party/LwIP/src/core/tcp.c **** 
 934:Middlewares/Third_Party/LwIP/src/core/tcp.c ****   LWIP_ASSERT("tcp_update_rcv_ann_wnd: invalid pcb", pcb != NULL);
 935:Middlewares/Third_Party/LwIP/src/core/tcp.c ****   new_right_edge = pcb->rcv_nxt + pcb->rcv_wnd;
 936:Middlewares/Third_Party/LwIP/src/core/tcp.c **** 
 937:Middlewares/Third_Party/LwIP/src/core/tcp.c ****   if (TCP_SEQ_GEQ(new_right_edge, pcb->rcv_ann_right_edge + LWIP_MIN((TCP_WND / 2), pcb->mss))) {
 938:Middlewares/Third_Party/LwIP/src/core/tcp.c ****     /* we can advertise more window */
 939:Middlewares/Third_Party/LwIP/src/core/tcp.c ****     pcb->rcv_ann_wnd = pcb->rcv_wnd;
 940:Middlewares/Third_Party/LwIP/src/core/tcp.c ****     return new_right_edge - pcb->rcv_ann_right_edge;
 941:Middlewares/Third_Party/LwIP/src/core/tcp.c ****   } else {
 942:Middlewares/Third_Party/LwIP/src/core/tcp.c ****     if (TCP_SEQ_GT(pcb->rcv_nxt, pcb->rcv_ann_right_edge)) {
 943:Middlewares/Third_Party/LwIP/src/core/tcp.c ****       /* Can happen due to other end sending out of advertised window,
 944:Middlewares/Third_Party/LwIP/src/core/tcp.c ****        * but within actual available (but not yet advertised) window */
ARM GAS  /tmp/ccmQZyRb.s 			page 18


 945:Middlewares/Third_Party/LwIP/src/core/tcp.c ****       pcb->rcv_ann_wnd = 0;
 946:Middlewares/Third_Party/LwIP/src/core/tcp.c ****     } else {
 947:Middlewares/Third_Party/LwIP/src/core/tcp.c ****       /* keep the right edge of window constant */
 948:Middlewares/Third_Party/LwIP/src/core/tcp.c ****       u32_t new_rcv_ann_wnd = pcb->rcv_ann_right_edge - pcb->rcv_nxt;
 949:Middlewares/Third_Party/LwIP/src/core/tcp.c **** #if !LWIP_WND_SCALE
 950:Middlewares/Third_Party/LwIP/src/core/tcp.c ****       LWIP_ASSERT("new_rcv_ann_wnd <= 0xffff", new_rcv_ann_wnd <= 0xffff);
 951:Middlewares/Third_Party/LwIP/src/core/tcp.c **** #endif
 952:Middlewares/Third_Party/LwIP/src/core/tcp.c ****       pcb->rcv_ann_wnd = (tcpwnd_size_t)new_rcv_ann_wnd;
 953:Middlewares/Third_Party/LwIP/src/core/tcp.c ****     }
 954:Middlewares/Third_Party/LwIP/src/core/tcp.c ****     return 0;
 955:Middlewares/Third_Party/LwIP/src/core/tcp.c ****   }
 956:Middlewares/Third_Party/LwIP/src/core/tcp.c **** }
 957:Middlewares/Third_Party/LwIP/src/core/tcp.c **** 
 958:Middlewares/Third_Party/LwIP/src/core/tcp.c **** /**
 959:Middlewares/Third_Party/LwIP/src/core/tcp.c ****  * @ingroup tcp_raw
 960:Middlewares/Third_Party/LwIP/src/core/tcp.c ****  * This function should be called by the application when it has
 961:Middlewares/Third_Party/LwIP/src/core/tcp.c ****  * processed the data. The purpose is to advertise a larger window
 962:Middlewares/Third_Party/LwIP/src/core/tcp.c ****  * when the data has been processed.
 963:Middlewares/Third_Party/LwIP/src/core/tcp.c ****  *
 964:Middlewares/Third_Party/LwIP/src/core/tcp.c ****  * @param pcb the tcp_pcb for which data is read
 965:Middlewares/Third_Party/LwIP/src/core/tcp.c ****  * @param len the amount of bytes that have been read by the application
 966:Middlewares/Third_Party/LwIP/src/core/tcp.c ****  */
 967:Middlewares/Third_Party/LwIP/src/core/tcp.c **** void
 968:Middlewares/Third_Party/LwIP/src/core/tcp.c **** tcp_recved(struct tcp_pcb *pcb, u16_t len)
 969:Middlewares/Third_Party/LwIP/src/core/tcp.c **** {
 970:Middlewares/Third_Party/LwIP/src/core/tcp.c ****   u32_t wnd_inflation;
 971:Middlewares/Third_Party/LwIP/src/core/tcp.c ****   tcpwnd_size_t rcv_wnd;
 972:Middlewares/Third_Party/LwIP/src/core/tcp.c **** 
 973:Middlewares/Third_Party/LwIP/src/core/tcp.c ****   LWIP_ASSERT_CORE_LOCKED();
 974:Middlewares/Third_Party/LwIP/src/core/tcp.c **** 
 975:Middlewares/Third_Party/LwIP/src/core/tcp.c ****   LWIP_ERROR("tcp_recved: invalid pcb", pcb != NULL, return);
 976:Middlewares/Third_Party/LwIP/src/core/tcp.c **** 
 977:Middlewares/Third_Party/LwIP/src/core/tcp.c ****   /* pcb->state LISTEN not allowed here */
 978:Middlewares/Third_Party/LwIP/src/core/tcp.c ****   LWIP_ASSERT("don't call tcp_recved for listen-pcbs",
 979:Middlewares/Third_Party/LwIP/src/core/tcp.c ****               pcb->state != LISTEN);
 980:Middlewares/Third_Party/LwIP/src/core/tcp.c **** 
 981:Middlewares/Third_Party/LwIP/src/core/tcp.c ****   rcv_wnd = (tcpwnd_size_t)(pcb->rcv_wnd + len);
 982:Middlewares/Third_Party/LwIP/src/core/tcp.c ****   if ((rcv_wnd > TCP_WND_MAX(pcb)) || (rcv_wnd < pcb->rcv_wnd)) {
 983:Middlewares/Third_Party/LwIP/src/core/tcp.c ****     /* window got too big or tcpwnd_size_t overflow */
 984:Middlewares/Third_Party/LwIP/src/core/tcp.c ****     LWIP_DEBUGF(TCP_DEBUG, ("tcp_recved: window got too big or tcpwnd_size_t overflow\n"));
 985:Middlewares/Third_Party/LwIP/src/core/tcp.c ****     pcb->rcv_wnd = TCP_WND_MAX(pcb);
 986:Middlewares/Third_Party/LwIP/src/core/tcp.c ****   } else  {
 987:Middlewares/Third_Party/LwIP/src/core/tcp.c ****     pcb->rcv_wnd = rcv_wnd;
 988:Middlewares/Third_Party/LwIP/src/core/tcp.c ****   }
 989:Middlewares/Third_Party/LwIP/src/core/tcp.c **** 
 990:Middlewares/Third_Party/LwIP/src/core/tcp.c ****   wnd_inflation = tcp_update_rcv_ann_wnd(pcb);
 991:Middlewares/Third_Party/LwIP/src/core/tcp.c **** 
 992:Middlewares/Third_Party/LwIP/src/core/tcp.c ****   /* If the change in the right edge of window is significant (default
 993:Middlewares/Third_Party/LwIP/src/core/tcp.c ****    * watermark is TCP_WND/4), then send an explicit update now.
 994:Middlewares/Third_Party/LwIP/src/core/tcp.c ****    * Otherwise wait for a packet to be sent in the normal course of
 995:Middlewares/Third_Party/LwIP/src/core/tcp.c ****    * events (or more window to be available later) */
 996:Middlewares/Third_Party/LwIP/src/core/tcp.c ****   if (wnd_inflation >= TCP_WND_UPDATE_THRESHOLD) {
 997:Middlewares/Third_Party/LwIP/src/core/tcp.c ****     tcp_ack_now(pcb);
 998:Middlewares/Third_Party/LwIP/src/core/tcp.c ****     tcp_output(pcb);
 999:Middlewares/Third_Party/LwIP/src/core/tcp.c ****   }
1000:Middlewares/Third_Party/LwIP/src/core/tcp.c **** 
1001:Middlewares/Third_Party/LwIP/src/core/tcp.c ****   LWIP_DEBUGF(TCP_DEBUG, ("tcp_recved: received %"U16_F" bytes, wnd %"TCPWNDSIZE_F" (%"TCPWNDSIZE_F
ARM GAS  /tmp/ccmQZyRb.s 			page 19


1002:Middlewares/Third_Party/LwIP/src/core/tcp.c ****                           len, pcb->rcv_wnd, (u16_t)(TCP_WND_MAX(pcb) - pcb->rcv_wnd)));
1003:Middlewares/Third_Party/LwIP/src/core/tcp.c **** }
1004:Middlewares/Third_Party/LwIP/src/core/tcp.c **** 
1005:Middlewares/Third_Party/LwIP/src/core/tcp.c **** /**
1006:Middlewares/Third_Party/LwIP/src/core/tcp.c ****  * Allocate a new local TCP port.
1007:Middlewares/Third_Party/LwIP/src/core/tcp.c ****  *
1008:Middlewares/Third_Party/LwIP/src/core/tcp.c ****  * @return a new (free) local TCP port number
1009:Middlewares/Third_Party/LwIP/src/core/tcp.c ****  */
1010:Middlewares/Third_Party/LwIP/src/core/tcp.c **** static u16_t
1011:Middlewares/Third_Party/LwIP/src/core/tcp.c **** tcp_new_port(void)
1012:Middlewares/Third_Party/LwIP/src/core/tcp.c **** {
  27              		.loc 1 1012 1 view -0
  28              		.cfi_startproc
  29              		@ args = 0, pretend = 0, frame = 0
  30              		@ frame_needed = 0, uses_anonymous_args = 0
  31              		@ link register save eliminated.
1013:Middlewares/Third_Party/LwIP/src/core/tcp.c ****   u8_t i;
  32              		.loc 1 1013 3 view .LVU1
1014:Middlewares/Third_Party/LwIP/src/core/tcp.c ****   u16_t n = 0;
  33              		.loc 1 1014 3 view .LVU2
  34              	.LVL0:
  35              		.loc 1 1014 9 is_stmt 0 view .LVU3
  36 0000 4FF0000C 		mov	ip, #0
  37 0004 0BE0     		b	.L2
  38              	.LVL1:
  39              	.L12:
1015:Middlewares/Third_Party/LwIP/src/core/tcp.c ****   struct tcp_pcb *pcb;
1016:Middlewares/Third_Party/LwIP/src/core/tcp.c **** 
1017:Middlewares/Third_Party/LwIP/src/core/tcp.c **** again:
1018:Middlewares/Third_Party/LwIP/src/core/tcp.c ****   tcp_port++;
1019:Middlewares/Third_Party/LwIP/src/core/tcp.c ****   if (tcp_port == TCP_LOCAL_PORT_RANGE_END) {
1020:Middlewares/Third_Party/LwIP/src/core/tcp.c ****     tcp_port = TCP_LOCAL_PORT_RANGE_START;
  40              		.loc 1 1020 5 is_stmt 1 view .LVU4
  41              		.loc 1 1020 14 is_stmt 0 view .LVU5
  42 0006 164B     		ldr	r3, .L16
  43 0008 4FF44042 		mov	r2, #49152
  44 000c 1A80     		strh	r2, [r3]	@ movhi
  45 000e 0FE0     		b	.L3
  46              	.LVL2:
  47              	.L15:
1021:Middlewares/Third_Party/LwIP/src/core/tcp.c ****   }
1022:Middlewares/Third_Party/LwIP/src/core/tcp.c ****   /* Check all PCB lists. */
1023:Middlewares/Third_Party/LwIP/src/core/tcp.c ****   for (i = 0; i < NUM_TCP_PCB_LISTS; i++) {
1024:Middlewares/Third_Party/LwIP/src/core/tcp.c ****     for (pcb = *tcp_pcb_lists[i]; pcb != NULL; pcb = pcb->next) {
1025:Middlewares/Third_Party/LwIP/src/core/tcp.c ****       if (pcb->local_port == tcp_port) {
1026:Middlewares/Third_Party/LwIP/src/core/tcp.c ****         n++;
  48              		.loc 1 1026 9 is_stmt 1 view .LVU6
  49              		.loc 1 1026 10 is_stmt 0 view .LVU7
  50 0010 0CF1010C 		add	ip, ip, #1
  51              	.LVL3:
  52              		.loc 1 1026 10 view .LVU8
  53 0014 1FFA8CFC 		uxth	ip, ip
  54              	.LVL4:
1027:Middlewares/Third_Party/LwIP/src/core/tcp.c ****         if (n > (TCP_LOCAL_PORT_RANGE_END - TCP_LOCAL_PORT_RANGE_START)) {
  55              		.loc 1 1027 9 is_stmt 1 view .LVU9
  56              		.loc 1 1027 12 is_stmt 0 view .LVU10
  57 0018 BCF5804F 		cmp	ip, #16384
ARM GAS  /tmp/ccmQZyRb.s 			page 20


  58 001c 1DD2     		bcs	.L11
  59              	.LVL5:
  60              	.L2:
1015:Middlewares/Third_Party/LwIP/src/core/tcp.c ****   struct tcp_pcb *pcb;
  61              		.loc 1 1015 3 is_stmt 1 view .LVU11
1018:Middlewares/Third_Party/LwIP/src/core/tcp.c ****   if (tcp_port == TCP_LOCAL_PORT_RANGE_END) {
  62              		.loc 1 1018 3 view .LVU12
1018:Middlewares/Third_Party/LwIP/src/core/tcp.c ****   if (tcp_port == TCP_LOCAL_PORT_RANGE_END) {
  63              		.loc 1 1018 11 is_stmt 0 view .LVU13
  64 001e 104A     		ldr	r2, .L16
  65 0020 1388     		ldrh	r3, [r2]
  66 0022 0133     		adds	r3, r3, #1
  67 0024 9BB2     		uxth	r3, r3
  68 0026 1380     		strh	r3, [r2]	@ movhi
1019:Middlewares/Third_Party/LwIP/src/core/tcp.c ****     tcp_port = TCP_LOCAL_PORT_RANGE_START;
  69              		.loc 1 1019 3 is_stmt 1 view .LVU14
1019:Middlewares/Third_Party/LwIP/src/core/tcp.c ****     tcp_port = TCP_LOCAL_PORT_RANGE_START;
  70              		.loc 1 1019 6 is_stmt 0 view .LVU15
  71 0028 4FF6FF72 		movw	r2, #65535
  72 002c 9342     		cmp	r3, r2
  73 002e EAD0     		beq	.L12
  74              	.L3:
1023:Middlewares/Third_Party/LwIP/src/core/tcp.c ****     for (pcb = *tcp_pcb_lists[i]; pcb != NULL; pcb = pcb->next) {
  75              		.loc 1 1023 3 is_stmt 1 view .LVU16
  76              	.LVL6:
1023:Middlewares/Third_Party/LwIP/src/core/tcp.c ****     for (pcb = *tcp_pcb_lists[i]; pcb != NULL; pcb = pcb->next) {
  77              		.loc 1 1023 10 is_stmt 0 view .LVU17
  78 0030 0020     		movs	r0, #0
  79              	.LVL7:
  80              	.L4:
1023:Middlewares/Third_Party/LwIP/src/core/tcp.c ****     for (pcb = *tcp_pcb_lists[i]; pcb != NULL; pcb = pcb->next) {
  81              		.loc 1 1023 15 is_stmt 1 discriminator 1 view .LVU18
1023:Middlewares/Third_Party/LwIP/src/core/tcp.c ****     for (pcb = *tcp_pcb_lists[i]; pcb != NULL; pcb = pcb->next) {
  82              		.loc 1 1023 3 is_stmt 0 discriminator 1 view .LVU19
  83 0032 0328     		cmp	r0, #3
  84 0034 0ED8     		bhi	.L13
1024:Middlewares/Third_Party/LwIP/src/core/tcp.c ****       if (pcb->local_port == tcp_port) {
  85              		.loc 1 1024 5 is_stmt 1 view .LVU20
1024:Middlewares/Third_Party/LwIP/src/core/tcp.c ****       if (pcb->local_port == tcp_port) {
  86              		.loc 1 1024 30 is_stmt 0 view .LVU21
  87 0036 0B4B     		ldr	r3, .L16+4
  88 0038 53F82030 		ldr	r3, [r3, r0, lsl #2]
1024:Middlewares/Third_Party/LwIP/src/core/tcp.c ****       if (pcb->local_port == tcp_port) {
  89              		.loc 1 1024 14 view .LVU22
  90 003c 1B68     		ldr	r3, [r3]
  91              	.LVL8:
  92              	.L5:
1024:Middlewares/Third_Party/LwIP/src/core/tcp.c ****       if (pcb->local_port == tcp_port) {
  93              		.loc 1 1024 35 is_stmt 1 discriminator 1 view .LVU23
1024:Middlewares/Third_Party/LwIP/src/core/tcp.c ****       if (pcb->local_port == tcp_port) {
  94              		.loc 1 1024 5 is_stmt 0 discriminator 1 view .LVU24
  95 003e 33B1     		cbz	r3, .L14
1025:Middlewares/Third_Party/LwIP/src/core/tcp.c ****         n++;
  96              		.loc 1 1025 7 is_stmt 1 view .LVU25
1025:Middlewares/Third_Party/LwIP/src/core/tcp.c ****         n++;
  97              		.loc 1 1025 14 is_stmt 0 view .LVU26
  98 0040 D98A     		ldrh	r1, [r3, #22]
ARM GAS  /tmp/ccmQZyRb.s 			page 21


1025:Middlewares/Third_Party/LwIP/src/core/tcp.c ****         n++;
  99              		.loc 1 1025 27 view .LVU27
 100 0042 074A     		ldr	r2, .L16
 101 0044 1288     		ldrh	r2, [r2]
1025:Middlewares/Third_Party/LwIP/src/core/tcp.c ****         n++;
 102              		.loc 1 1025 10 view .LVU28
 103 0046 9142     		cmp	r1, r2
 104 0048 E2D0     		beq	.L15
1024:Middlewares/Third_Party/LwIP/src/core/tcp.c ****       if (pcb->local_port == tcp_port) {
 105              		.loc 1 1024 48 is_stmt 1 discriminator 2 view .LVU29
1024:Middlewares/Third_Party/LwIP/src/core/tcp.c ****       if (pcb->local_port == tcp_port) {
 106              		.loc 1 1024 52 is_stmt 0 discriminator 2 view .LVU30
 107 004a DB68     		ldr	r3, [r3, #12]
 108              	.LVL9:
1024:Middlewares/Third_Party/LwIP/src/core/tcp.c ****       if (pcb->local_port == tcp_port) {
 109              		.loc 1 1024 52 discriminator 2 view .LVU31
 110 004c F7E7     		b	.L5
 111              	.L14:
1023:Middlewares/Third_Party/LwIP/src/core/tcp.c ****     for (pcb = *tcp_pcb_lists[i]; pcb != NULL; pcb = pcb->next) {
 112              		.loc 1 1023 38 is_stmt 1 discriminator 2 view .LVU32
1023:Middlewares/Third_Party/LwIP/src/core/tcp.c ****     for (pcb = *tcp_pcb_lists[i]; pcb != NULL; pcb = pcb->next) {
 113              		.loc 1 1023 39 is_stmt 0 discriminator 2 view .LVU33
 114 004e 0130     		adds	r0, r0, #1
 115              	.LVL10:
1023:Middlewares/Third_Party/LwIP/src/core/tcp.c ****     for (pcb = *tcp_pcb_lists[i]; pcb != NULL; pcb = pcb->next) {
 116              		.loc 1 1023 39 discriminator 2 view .LVU34
 117 0050 C0B2     		uxtb	r0, r0
 118              	.LVL11:
1023:Middlewares/Third_Party/LwIP/src/core/tcp.c ****     for (pcb = *tcp_pcb_lists[i]; pcb != NULL; pcb = pcb->next) {
 119              		.loc 1 1023 39 discriminator 2 view .LVU35
 120 0052 EEE7     		b	.L4
 121              	.LVL12:
 122              	.L13:
1028:Middlewares/Third_Party/LwIP/src/core/tcp.c ****           return 0;
1029:Middlewares/Third_Party/LwIP/src/core/tcp.c ****         }
1030:Middlewares/Third_Party/LwIP/src/core/tcp.c ****         goto again;
1031:Middlewares/Third_Party/LwIP/src/core/tcp.c ****       }
1032:Middlewares/Third_Party/LwIP/src/core/tcp.c ****     }
1033:Middlewares/Third_Party/LwIP/src/core/tcp.c ****   }
1034:Middlewares/Third_Party/LwIP/src/core/tcp.c ****   return tcp_port;
 123              		.loc 1 1034 3 is_stmt 1 view .LVU36
 124              		.loc 1 1034 10 is_stmt 0 view .LVU37
 125 0054 024B     		ldr	r3, .L16
 126 0056 1888     		ldrh	r0, [r3]
 127              	.LVL13:
 128              		.loc 1 1034 10 view .LVU38
 129 0058 7047     		bx	lr
 130              	.LVL14:
 131              	.L11:
1028:Middlewares/Third_Party/LwIP/src/core/tcp.c ****           return 0;
 132              		.loc 1 1028 18 view .LVU39
 133 005a 0020     		movs	r0, #0
 134              	.LVL15:
1035:Middlewares/Third_Party/LwIP/src/core/tcp.c **** }
 135              		.loc 1 1035 1 view .LVU40
 136 005c 7047     		bx	lr
 137              	.L17:
ARM GAS  /tmp/ccmQZyRb.s 			page 22


 138 005e 00BF     		.align	2
 139              	.L16:
 140 0060 00000000 		.word	.LANCHOR0
 141 0064 00000000 		.word	.LANCHOR1
 142              		.cfi_endproc
 143              	.LFE188:
 145              		.section	.rodata.tcp_remove_listener.str1.4,"aMS",%progbits,1
 146              		.align	2
 147              	.LC0:
 148 0000 4D696464 		.ascii	"Middlewares/Third_Party/LwIP/src/core/tcp.c\000"
 148      6C657761 
 148      7265732F 
 148      54686972 
 148      645F5061 
 149              		.align	2
 150              	.LC1:
 151 002c 7463705F 		.ascii	"tcp_remove_listener: invalid listener\000"
 151      72656D6F 
 151      76655F6C 
 151      69737465 
 151      6E65723A 
 152 0052 0000     		.align	2
 153              	.LC2:
 154 0054 41737365 		.ascii	"Assertion \"%s\" failed at line %d in %s\012\000"
 154      7274696F 
 154      6E202225 
 154      73222066 
 154      61696C65 
 155              		.section	.text.tcp_remove_listener,"ax",%progbits
 156              		.align	1
 157              		.syntax unified
 158              		.thumb
 159              		.thumb_func
 160              		.fpu fpv5-d16
 162              	tcp_remove_listener:
 163              	.LVL16:
 164              	.LFB173:
 252:Middlewares/Third_Party/LwIP/src/core/tcp.c ****   struct tcp_pcb *pcb;
 165              		.loc 1 252 1 is_stmt 1 view -0
 166              		.cfi_startproc
 167              		@ args = 0, pretend = 0, frame = 0
 168              		@ frame_needed = 0, uses_anonymous_args = 0
 252:Middlewares/Third_Party/LwIP/src/core/tcp.c ****   struct tcp_pcb *pcb;
 169              		.loc 1 252 1 is_stmt 0 view .LVU42
 170 0000 38B5     		push	{r3, r4, r5, lr}
 171              	.LCFI0:
 172              		.cfi_def_cfa_offset 16
 173              		.cfi_offset 3, -16
 174              		.cfi_offset 4, -12
 175              		.cfi_offset 5, -8
 176              		.cfi_offset 14, -4
 177 0002 0446     		mov	r4, r0
 253:Middlewares/Third_Party/LwIP/src/core/tcp.c **** 
 178              		.loc 1 253 3 is_stmt 1 view .LVU43
 255:Middlewares/Third_Party/LwIP/src/core/tcp.c **** 
 179              		.loc 1 255 3 view .LVU44
 255:Middlewares/Third_Party/LwIP/src/core/tcp.c **** 
ARM GAS  /tmp/ccmQZyRb.s 			page 23


 180              		.loc 1 255 3 view .LVU45
 181 0004 0D46     		mov	r5, r1
 182 0006 39B9     		cbnz	r1, .L20
 255:Middlewares/Third_Party/LwIP/src/core/tcp.c **** 
 183              		.loc 1 255 3 discriminator 1 view .LVU46
 255:Middlewares/Third_Party/LwIP/src/core/tcp.c **** 
 184              		.loc 1 255 3 discriminator 1 view .LVU47
 185 0008 074B     		ldr	r3, .L25
 186 000a FF22     		movs	r2, #255
 187 000c 0749     		ldr	r1, .L25+4
 188              	.LVL17:
 255:Middlewares/Third_Party/LwIP/src/core/tcp.c **** 
 189              		.loc 1 255 3 is_stmt 0 discriminator 1 view .LVU48
 190 000e 0848     		ldr	r0, .L25+8
 191              	.LVL18:
 255:Middlewares/Third_Party/LwIP/src/core/tcp.c **** 
 192              		.loc 1 255 3 discriminator 1 view .LVU49
 193 0010 FFF7FEFF 		bl	printf
 194              	.LVL19:
 195 0014 00E0     		b	.L20
 196              	.LVL20:
 197              	.L21:
 257:Middlewares/Third_Party/LwIP/src/core/tcp.c ****     if (pcb->listener == lpcb) {
 198              		.loc 1 257 33 is_stmt 1 discriminator 2 view .LVU50
 257:Middlewares/Third_Party/LwIP/src/core/tcp.c ****     if (pcb->listener == lpcb) {
 199              		.loc 1 257 37 is_stmt 0 discriminator 2 view .LVU51
 200 0016 E468     		ldr	r4, [r4, #12]
 201              	.LVL21:
 202              	.L20:
 257:Middlewares/Third_Party/LwIP/src/core/tcp.c ****     if (pcb->listener == lpcb) {
 203              		.loc 1 257 20 is_stmt 1 discriminator 1 view .LVU52
 257:Middlewares/Third_Party/LwIP/src/core/tcp.c ****     if (pcb->listener == lpcb) {
 204              		.loc 1 257 3 is_stmt 0 discriminator 1 view .LVU53
 205 0018 2CB1     		cbz	r4, .L24
 258:Middlewares/Third_Party/LwIP/src/core/tcp.c ****       pcb->listener = NULL;
 206              		.loc 1 258 5 is_stmt 1 view .LVU54
 258:Middlewares/Third_Party/LwIP/src/core/tcp.c ****       pcb->listener = NULL;
 207              		.loc 1 258 12 is_stmt 0 view .LVU55
 208 001a E36F     		ldr	r3, [r4, #124]
 258:Middlewares/Third_Party/LwIP/src/core/tcp.c ****       pcb->listener = NULL;
 209              		.loc 1 258 8 view .LVU56
 210 001c AB42     		cmp	r3, r5
 211 001e FAD1     		bne	.L21
 259:Middlewares/Third_Party/LwIP/src/core/tcp.c ****     }
 212              		.loc 1 259 7 is_stmt 1 view .LVU57
 259:Middlewares/Third_Party/LwIP/src/core/tcp.c ****     }
 213              		.loc 1 259 21 is_stmt 0 view .LVU58
 214 0020 0023     		movs	r3, #0
 215 0022 E367     		str	r3, [r4, #124]
 216 0024 F7E7     		b	.L21
 217              	.L24:
 262:Middlewares/Third_Party/LwIP/src/core/tcp.c **** #endif
 218              		.loc 1 262 1 view .LVU59
 219 0026 38BD     		pop	{r3, r4, r5, pc}
 220              	.LVL22:
 221              	.L26:
 262:Middlewares/Third_Party/LwIP/src/core/tcp.c **** #endif
ARM GAS  /tmp/ccmQZyRb.s 			page 24


 222              		.loc 1 262 1 view .LVU60
 223              		.align	2
 224              	.L25:
 225 0028 00000000 		.word	.LC0
 226 002c 2C000000 		.word	.LC1
 227 0030 54000000 		.word	.LC2
 228              		.cfi_endproc
 229              	.LFE173:
 231              		.section	.rodata.tcp_listen_closed.str1.4,"aMS",%progbits,1
 232              		.align	2
 233              	.LC3:
 234 0000 70636220 		.ascii	"pcb != NULL\000"
 234      213D204E 
 234      554C4C00 
 235              		.align	2
 236              	.LC4:
 237 000c 7063622D 		.ascii	"pcb->state == LISTEN\000"
 237      3E737461 
 237      7465203D 
 237      3D204C49 
 237      5354454E 
 238              		.section	.text.tcp_listen_closed,"ax",%progbits
 239              		.align	1
 240              		.syntax unified
 241              		.thumb
 242              		.thumb_func
 243              		.fpu fpv5-d16
 245              	tcp_listen_closed:
 246              	.LVL23:
 247              	.LFB174:
 270:Middlewares/Third_Party/LwIP/src/core/tcp.c **** #if LWIP_CALLBACK_API || TCP_LISTEN_BACKLOG
 248              		.loc 1 270 1 is_stmt 1 view -0
 249              		.cfi_startproc
 250              		@ args = 0, pretend = 0, frame = 0
 251              		@ frame_needed = 0, uses_anonymous_args = 0
 270:Middlewares/Third_Party/LwIP/src/core/tcp.c **** #if LWIP_CALLBACK_API || TCP_LISTEN_BACKLOG
 252              		.loc 1 270 1 is_stmt 0 view .LVU62
 253 0000 38B5     		push	{r3, r4, r5, lr}
 254              	.LCFI1:
 255              		.cfi_def_cfa_offset 16
 256              		.cfi_offset 3, -16
 257              		.cfi_offset 4, -12
 258              		.cfi_offset 5, -8
 259              		.cfi_offset 14, -4
 272:Middlewares/Third_Party/LwIP/src/core/tcp.c ****   LWIP_ASSERT("pcb != NULL", pcb != NULL);
 260              		.loc 1 272 3 is_stmt 1 view .LVU63
 273:Middlewares/Third_Party/LwIP/src/core/tcp.c ****   LWIP_ASSERT("pcb->state == LISTEN", pcb->state == LISTEN);
 261              		.loc 1 273 3 view .LVU64
 273:Middlewares/Third_Party/LwIP/src/core/tcp.c ****   LWIP_ASSERT("pcb->state == LISTEN", pcb->state == LISTEN);
 262              		.loc 1 273 3 view .LVU65
 263 0002 0546     		mov	r5, r0
 264 0004 20B1     		cbz	r0, .L33
 265              	.LVL24:
 266              	.L28:
 273:Middlewares/Third_Party/LwIP/src/core/tcp.c ****   LWIP_ASSERT("pcb->state == LISTEN", pcb->state == LISTEN);
 267              		.loc 1 273 3 discriminator 3 view .LVU66
 273:Middlewares/Third_Party/LwIP/src/core/tcp.c ****   LWIP_ASSERT("pcb->state == LISTEN", pcb->state == LISTEN);
ARM GAS  /tmp/ccmQZyRb.s 			page 25


 268              		.loc 1 273 3 discriminator 3 view .LVU67
 274:Middlewares/Third_Party/LwIP/src/core/tcp.c ****   for (i = 1; i < LWIP_ARRAYSIZE(tcp_pcb_lists); i++) {
 269              		.loc 1 274 3 discriminator 3 view .LVU68
 274:Middlewares/Third_Party/LwIP/src/core/tcp.c ****   for (i = 1; i < LWIP_ARRAYSIZE(tcp_pcb_lists); i++) {
 270              		.loc 1 274 3 discriminator 3 view .LVU69
 271 0006 2B7D     		ldrb	r3, [r5, #20]	@ zero_extendqisi2
 272 0008 012B     		cmp	r3, #1
 273 000a 09D1     		bne	.L34
 274              	.L29:
 270:Middlewares/Third_Party/LwIP/src/core/tcp.c **** #if LWIP_CALLBACK_API || TCP_LISTEN_BACKLOG
 275              		.loc 1 270 1 is_stmt 0 discriminator 1 view .LVU70
 276 000c 0124     		movs	r4, #1
 277 000e 17E0     		b	.L30
 278              	.LVL25:
 279              	.L33:
 273:Middlewares/Third_Party/LwIP/src/core/tcp.c ****   LWIP_ASSERT("pcb->state == LISTEN", pcb->state == LISTEN);
 280              		.loc 1 273 3 is_stmt 1 discriminator 1 view .LVU71
 273:Middlewares/Third_Party/LwIP/src/core/tcp.c ****   LWIP_ASSERT("pcb->state == LISTEN", pcb->state == LISTEN);
 281              		.loc 1 273 3 discriminator 1 view .LVU72
 282 0010 0D4B     		ldr	r3, .L35
 283 0012 40F21112 		movw	r2, #273
 284 0016 0D49     		ldr	r1, .L35+4
 285 0018 0D48     		ldr	r0, .L35+8
 286              	.LVL26:
 273:Middlewares/Third_Party/LwIP/src/core/tcp.c ****   LWIP_ASSERT("pcb->state == LISTEN", pcb->state == LISTEN);
 287              		.loc 1 273 3 is_stmt 0 discriminator 1 view .LVU73
 288 001a FFF7FEFF 		bl	printf
 289              	.LVL27:
 290 001e F2E7     		b	.L28
 291              	.L34:
 274:Middlewares/Third_Party/LwIP/src/core/tcp.c ****   for (i = 1; i < LWIP_ARRAYSIZE(tcp_pcb_lists); i++) {
 292              		.loc 1 274 3 is_stmt 1 discriminator 1 view .LVU74
 274:Middlewares/Third_Party/LwIP/src/core/tcp.c ****   for (i = 1; i < LWIP_ARRAYSIZE(tcp_pcb_lists); i++) {
 293              		.loc 1 274 3 discriminator 1 view .LVU75
 294 0020 094B     		ldr	r3, .L35
 295 0022 4FF48972 		mov	r2, #274
 296 0026 0B49     		ldr	r1, .L35+12
 297 0028 0948     		ldr	r0, .L35+8
 298 002a FFF7FEFF 		bl	printf
 299              	.LVL28:
 300 002e EDE7     		b	.L29
 301              	.LVL29:
 302              	.L31:
 276:Middlewares/Third_Party/LwIP/src/core/tcp.c ****   }
 303              		.loc 1 276 5 discriminator 3 view .LVU76
 276:Middlewares/Third_Party/LwIP/src/core/tcp.c ****   }
 304              		.loc 1 276 39 is_stmt 0 discriminator 3 view .LVU77
 305 0030 094B     		ldr	r3, .L35+16
 306 0032 53F82430 		ldr	r3, [r3, r4, lsl #2]
 276:Middlewares/Third_Party/LwIP/src/core/tcp.c ****   }
 307              		.loc 1 276 5 discriminator 3 view .LVU78
 308 0036 2946     		mov	r1, r5
 309 0038 1868     		ldr	r0, [r3]
 310 003a FFF7FEFF 		bl	tcp_remove_listener
 311              	.LVL30:
 275:Middlewares/Third_Party/LwIP/src/core/tcp.c ****     tcp_remove_listener(*tcp_pcb_lists[i], (struct tcp_pcb_listen *)pcb);
 312              		.loc 1 275 50 is_stmt 1 discriminator 3 view .LVU79
ARM GAS  /tmp/ccmQZyRb.s 			page 26


 275:Middlewares/Third_Party/LwIP/src/core/tcp.c ****     tcp_remove_listener(*tcp_pcb_lists[i], (struct tcp_pcb_listen *)pcb);
 313              		.loc 1 275 51 is_stmt 0 discriminator 3 view .LVU80
 314 003e 0134     		adds	r4, r4, #1
 315              	.LVL31:
 316              	.L30:
 275:Middlewares/Third_Party/LwIP/src/core/tcp.c ****     tcp_remove_listener(*tcp_pcb_lists[i], (struct tcp_pcb_listen *)pcb);
 317              		.loc 1 275 15 is_stmt 1 discriminator 1 view .LVU81
 275:Middlewares/Third_Party/LwIP/src/core/tcp.c ****     tcp_remove_listener(*tcp_pcb_lists[i], (struct tcp_pcb_listen *)pcb);
 318              		.loc 1 275 3 is_stmt 0 discriminator 1 view .LVU82
 319 0040 032C     		cmp	r4, #3
 320 0042 F5D9     		bls	.L31
 280:Middlewares/Third_Party/LwIP/src/core/tcp.c **** 
 321              		.loc 1 280 1 view .LVU83
 322 0044 38BD     		pop	{r3, r4, r5, pc}
 323              	.LVL32:
 324              	.L36:
 280:Middlewares/Third_Party/LwIP/src/core/tcp.c **** 
 325              		.loc 1 280 1 view .LVU84
 326 0046 00BF     		.align	2
 327              	.L35:
 328 0048 00000000 		.word	.LC0
 329 004c 00000000 		.word	.LC3
 330 0050 54000000 		.word	.LC2
 331 0054 0C000000 		.word	.LC4
 332 0058 00000000 		.word	.LANCHOR1
 333              		.cfi_endproc
 334              	.LFE174:
 336              		.section	.rodata.tcp_free_listen.str1.4,"aMS",%progbits,1
 337              		.align	2
 338              	.LC5:
 339 0000 7463705F 		.ascii	"tcp_free_listen: !LISTEN\000"
 339      66726565 
 339      5F6C6973 
 339      74656E3A 
 339      20214C49 
 340              		.section	.text.tcp_free_listen,"ax",%progbits
 341              		.align	1
 342              		.syntax unified
 343              		.thumb
 344              		.thumb_func
 345              		.fpu fpv5-d16
 347              	tcp_free_listen:
 348              	.LVL33:
 349              	.LFB171:
 222:Middlewares/Third_Party/LwIP/src/core/tcp.c ****   LWIP_ASSERT("tcp_free_listen: !LISTEN", pcb->state != LISTEN);
 350              		.loc 1 222 1 is_stmt 1 view -0
 351              		.cfi_startproc
 352              		@ args = 0, pretend = 0, frame = 0
 353              		@ frame_needed = 0, uses_anonymous_args = 0
 222:Middlewares/Third_Party/LwIP/src/core/tcp.c ****   LWIP_ASSERT("tcp_free_listen: !LISTEN", pcb->state != LISTEN);
 354              		.loc 1 222 1 is_stmt 0 view .LVU86
 355 0000 10B5     		push	{r4, lr}
 356              	.LCFI2:
 357              		.cfi_def_cfa_offset 8
 358              		.cfi_offset 4, -8
 359              		.cfi_offset 14, -4
 360 0002 0446     		mov	r4, r0
ARM GAS  /tmp/ccmQZyRb.s 			page 27


 223:Middlewares/Third_Party/LwIP/src/core/tcp.c **** #if LWIP_TCP_PCB_NUM_EXT_ARGS
 361              		.loc 1 223 3 is_stmt 1 view .LVU87
 223:Middlewares/Third_Party/LwIP/src/core/tcp.c **** #if LWIP_TCP_PCB_NUM_EXT_ARGS
 362              		.loc 1 223 3 view .LVU88
 363 0004 037D     		ldrb	r3, [r0, #20]	@ zero_extendqisi2
 364 0006 012B     		cmp	r3, #1
 365 0008 04D0     		beq	.L40
 366              	.LVL34:
 367              	.L38:
 223:Middlewares/Third_Party/LwIP/src/core/tcp.c **** #if LWIP_TCP_PCB_NUM_EXT_ARGS
 368              		.loc 1 223 3 discriminator 3 view .LVU89
 223:Middlewares/Third_Party/LwIP/src/core/tcp.c **** #if LWIP_TCP_PCB_NUM_EXT_ARGS
 369              		.loc 1 223 3 discriminator 3 view .LVU90
 227:Middlewares/Third_Party/LwIP/src/core/tcp.c **** }
 370              		.loc 1 227 3 discriminator 3 view .LVU91
 371 000a 2146     		mov	r1, r4
 372 000c 0220     		movs	r0, #2
 373 000e FFF7FEFF 		bl	memp_free
 374              	.LVL35:
 228:Middlewares/Third_Party/LwIP/src/core/tcp.c **** 
 375              		.loc 1 228 1 is_stmt 0 discriminator 3 view .LVU92
 376 0012 10BD     		pop	{r4, pc}
 377              	.LVL36:
 378              	.L40:
 223:Middlewares/Third_Party/LwIP/src/core/tcp.c **** #if LWIP_TCP_PCB_NUM_EXT_ARGS
 379              		.loc 1 223 3 is_stmt 1 discriminator 1 view .LVU93
 223:Middlewares/Third_Party/LwIP/src/core/tcp.c **** #if LWIP_TCP_PCB_NUM_EXT_ARGS
 380              		.loc 1 223 3 discriminator 1 view .LVU94
 381 0014 034B     		ldr	r3, .L41
 382 0016 DF22     		movs	r2, #223
 383 0018 0349     		ldr	r1, .L41+4
 384 001a 0448     		ldr	r0, .L41+8
 385              	.LVL37:
 223:Middlewares/Third_Party/LwIP/src/core/tcp.c **** #if LWIP_TCP_PCB_NUM_EXT_ARGS
 386              		.loc 1 223 3 is_stmt 0 discriminator 1 view .LVU95
 387 001c FFF7FEFF 		bl	printf
 388              	.LVL38:
 389 0020 F3E7     		b	.L38
 390              	.L42:
 391 0022 00BF     		.align	2
 392              	.L41:
 393 0024 00000000 		.word	.LC0
 394 0028 00000000 		.word	.LC5
 395 002c 54000000 		.word	.LC2
 396              		.cfi_endproc
 397              	.LFE171:
 399              		.section	.text.tcp_close_shutdown_fin,"ax",%progbits
 400              		.align	1
 401              		.syntax unified
 402              		.thumb
 403              		.thumb_func
 404              		.fpu fpv5-d16
 406              	tcp_close_shutdown_fin:
 407              	.LVL39:
 408              	.LFB176:
 410:Middlewares/Third_Party/LwIP/src/core/tcp.c ****   err_t err;
 409              		.loc 1 410 1 is_stmt 1 view -0
ARM GAS  /tmp/ccmQZyRb.s 			page 28


 410              		.cfi_startproc
 411              		@ args = 0, pretend = 0, frame = 0
 412              		@ frame_needed = 0, uses_anonymous_args = 0
 410:Middlewares/Third_Party/LwIP/src/core/tcp.c ****   err_t err;
 413              		.loc 1 410 1 is_stmt 0 view .LVU97
 414 0000 38B5     		push	{r3, r4, r5, lr}
 415              	.LCFI3:
 416              		.cfi_def_cfa_offset 16
 417              		.cfi_offset 3, -16
 418              		.cfi_offset 4, -12
 419              		.cfi_offset 5, -8
 420              		.cfi_offset 14, -4
 411:Middlewares/Third_Party/LwIP/src/core/tcp.c ****   LWIP_ASSERT("pcb != NULL", pcb != NULL);
 421              		.loc 1 411 3 is_stmt 1 view .LVU98
 412:Middlewares/Third_Party/LwIP/src/core/tcp.c **** 
 422              		.loc 1 412 3 view .LVU99
 412:Middlewares/Third_Party/LwIP/src/core/tcp.c **** 
 423              		.loc 1 412 3 view .LVU100
 424 0002 0546     		mov	r5, r0
 425 0004 48B1     		cbz	r0, .L52
 426              	.LVL40:
 427              	.L44:
 412:Middlewares/Third_Party/LwIP/src/core/tcp.c **** 
 428              		.loc 1 412 3 discriminator 3 view .LVU101
 412:Middlewares/Third_Party/LwIP/src/core/tcp.c **** 
 429              		.loc 1 412 3 discriminator 3 view .LVU102
 414:Middlewares/Third_Party/LwIP/src/core/tcp.c ****     case SYN_RCVD:
 430              		.loc 1 414 3 discriminator 3 view .LVU103
 414:Middlewares/Third_Party/LwIP/src/core/tcp.c ****     case SYN_RCVD:
 431              		.loc 1 414 14 is_stmt 0 discriminator 3 view .LVU104
 432 0006 2B7D     		ldrb	r3, [r5, #20]	@ zero_extendqisi2
 414:Middlewares/Third_Party/LwIP/src/core/tcp.c ****     case SYN_RCVD:
 433              		.loc 1 414 3 discriminator 3 view .LVU105
 434 0008 042B     		cmp	r3, #4
 435 000a 1FD0     		beq	.L45
 414:Middlewares/Third_Party/LwIP/src/core/tcp.c ****     case SYN_RCVD:
 436              		.loc 1 414 3 view .LVU106
 437 000c 072B     		cmp	r3, #7
 438 000e 26D0     		beq	.L46
 439 0010 032B     		cmp	r3, #3
 440 0012 0AD0     		beq	.L53
 441 0014 0024     		movs	r4, #0
 442              	.L47:
 460:Middlewares/Third_Party/LwIP/src/core/tcp.c **** 
 443              		.loc 1 460 1 view .LVU107
 444 0016 2046     		mov	r0, r4
 445 0018 38BD     		pop	{r3, r4, r5, pc}
 446              	.LVL41:
 447              	.L52:
 412:Middlewares/Third_Party/LwIP/src/core/tcp.c **** 
 448              		.loc 1 412 3 is_stmt 1 discriminator 1 view .LVU108
 412:Middlewares/Third_Party/LwIP/src/core/tcp.c **** 
 449              		.loc 1 412 3 discriminator 1 view .LVU109
 450 001a 174B     		ldr	r3, .L55
 451 001c 4FF4CE72 		mov	r2, #412
 452 0020 1649     		ldr	r1, .L55+4
 453 0022 1748     		ldr	r0, .L55+8
ARM GAS  /tmp/ccmQZyRb.s 			page 29


 454              	.LVL42:
 412:Middlewares/Third_Party/LwIP/src/core/tcp.c **** 
 455              		.loc 1 412 3 is_stmt 0 discriminator 1 view .LVU110
 456 0024 FFF7FEFF 		bl	printf
 457              	.LVL43:
 458 0028 EDE7     		b	.L44
 459              	.L53:
 416:Middlewares/Third_Party/LwIP/src/core/tcp.c ****       if (err == ERR_OK) {
 460              		.loc 1 416 7 is_stmt 1 view .LVU111
 416:Middlewares/Third_Party/LwIP/src/core/tcp.c ****       if (err == ERR_OK) {
 461              		.loc 1 416 13 is_stmt 0 view .LVU112
 462 002a 2846     		mov	r0, r5
 463 002c FFF7FEFF 		bl	tcp_send_fin
 464              	.LVL44:
 417:Middlewares/Third_Party/LwIP/src/core/tcp.c ****         tcp_backlog_accepted(pcb);
 465              		.loc 1 417 7 is_stmt 1 view .LVU113
 417:Middlewares/Third_Party/LwIP/src/core/tcp.c ****         tcp_backlog_accepted(pcb);
 466              		.loc 1 417 10 is_stmt 0 view .LVU114
 467 0030 0446     		mov	r4, r0
 468 0032 08B9     		cbnz	r0, .L48
 418:Middlewares/Third_Party/LwIP/src/core/tcp.c ****         MIB2_STATS_INC(mib2.tcpattemptfails);
 469              		.loc 1 418 34 is_stmt 1 view .LVU115
 419:Middlewares/Third_Party/LwIP/src/core/tcp.c ****         pcb->state = FIN_WAIT_1;
 470              		.loc 1 419 45 view .LVU116
 420:Middlewares/Third_Party/LwIP/src/core/tcp.c ****       }
 471              		.loc 1 420 9 view .LVU117
 420:Middlewares/Third_Party/LwIP/src/core/tcp.c ****       }
 472              		.loc 1 420 20 is_stmt 0 view .LVU118
 473 0034 0523     		movs	r3, #5
 474 0036 2B75     		strb	r3, [r5, #20]
 475              	.L48:
 476              	.LVL45:
 442:Middlewares/Third_Party/LwIP/src/core/tcp.c ****     /* To ensure all data has been sent when tcp_close returns, we have
 477              		.loc 1 442 3 is_stmt 1 view .LVU119
 442:Middlewares/Third_Party/LwIP/src/core/tcp.c ****     /* To ensure all data has been sent when tcp_close returns, we have
 478              		.loc 1 442 6 is_stmt 0 view .LVU120
 479 0038 D4B1     		cbz	r4, .L54
 449:Middlewares/Third_Party/LwIP/src/core/tcp.c ****     /* Mark this pcb for closing. Closing is retried from tcp_tmr. */
 480              		.loc 1 449 10 is_stmt 1 view .LVU121
 449:Middlewares/Third_Party/LwIP/src/core/tcp.c ****     /* Mark this pcb for closing. Closing is retried from tcp_tmr. */
 481              		.loc 1 449 13 is_stmt 0 view .LVU122
 482 003a B4F1FF3F 		cmp	r4, #-1
 483 003e EAD1     		bne	.L47
 451:Middlewares/Third_Party/LwIP/src/core/tcp.c ****     /* We have to return ERR_OK from here to indicate to the callers that this
 484              		.loc 1 451 5 is_stmt 1 view .LVU123
 451:Middlewares/Third_Party/LwIP/src/core/tcp.c ****     /* We have to return ERR_OK from here to indicate to the callers that this
 485              		.loc 1 451 5 view .LVU124
 486 0040 6B8B     		ldrh	r3, [r5, #26]
 487 0042 43F00803 		orr	r3, r3, #8
 488 0046 6B83     		strh	r3, [r5, #26]	@ movhi
 451:Middlewares/Third_Party/LwIP/src/core/tcp.c ****     /* We have to return ERR_OK from here to indicate to the callers that this
 489              		.loc 1 451 5 view .LVU125
 457:Middlewares/Third_Party/LwIP/src/core/tcp.c ****   }
 490              		.loc 1 457 5 view .LVU126
 457:Middlewares/Third_Party/LwIP/src/core/tcp.c ****   }
 491              		.loc 1 457 12 is_stmt 0 view .LVU127
 492 0048 0024     		movs	r4, #0
ARM GAS  /tmp/ccmQZyRb.s 			page 30


 493              	.LVL46:
 457:Middlewares/Third_Party/LwIP/src/core/tcp.c ****   }
 494              		.loc 1 457 12 view .LVU128
 495 004a E4E7     		b	.L47
 496              	.L45:
 424:Middlewares/Third_Party/LwIP/src/core/tcp.c ****       if (err == ERR_OK) {
 497              		.loc 1 424 7 is_stmt 1 view .LVU129
 424:Middlewares/Third_Party/LwIP/src/core/tcp.c ****       if (err == ERR_OK) {
 498              		.loc 1 424 13 is_stmt 0 view .LVU130
 499 004c 2846     		mov	r0, r5
 500 004e FFF7FEFF 		bl	tcp_send_fin
 501              	.LVL47:
 425:Middlewares/Third_Party/LwIP/src/core/tcp.c ****         MIB2_STATS_INC(mib2.tcpestabresets);
 502              		.loc 1 425 7 is_stmt 1 view .LVU131
 425:Middlewares/Third_Party/LwIP/src/core/tcp.c ****         MIB2_STATS_INC(mib2.tcpestabresets);
 503              		.loc 1 425 10 is_stmt 0 view .LVU132
 504 0052 0446     		mov	r4, r0
 505 0054 0028     		cmp	r0, #0
 506 0056 EFD1     		bne	.L48
 426:Middlewares/Third_Party/LwIP/src/core/tcp.c ****         pcb->state = FIN_WAIT_1;
 507              		.loc 1 426 44 is_stmt 1 view .LVU133
 427:Middlewares/Third_Party/LwIP/src/core/tcp.c ****       }
 508              		.loc 1 427 9 view .LVU134
 427:Middlewares/Third_Party/LwIP/src/core/tcp.c ****       }
 509              		.loc 1 427 20 is_stmt 0 view .LVU135
 510 0058 0523     		movs	r3, #5
 511 005a 2B75     		strb	r3, [r5, #20]
 512 005c ECE7     		b	.L48
 513              	.LVL48:
 514              	.L46:
 431:Middlewares/Third_Party/LwIP/src/core/tcp.c ****       if (err == ERR_OK) {
 515              		.loc 1 431 7 is_stmt 1 view .LVU136
 431:Middlewares/Third_Party/LwIP/src/core/tcp.c ****       if (err == ERR_OK) {
 516              		.loc 1 431 13 is_stmt 0 view .LVU137
 517 005e 2846     		mov	r0, r5
 518 0060 FFF7FEFF 		bl	tcp_send_fin
 519              	.LVL49:
 432:Middlewares/Third_Party/LwIP/src/core/tcp.c ****         MIB2_STATS_INC(mib2.tcpestabresets);
 520              		.loc 1 432 7 is_stmt 1 view .LVU138
 432:Middlewares/Third_Party/LwIP/src/core/tcp.c ****         MIB2_STATS_INC(mib2.tcpestabresets);
 521              		.loc 1 432 10 is_stmt 0 view .LVU139
 522 0064 0446     		mov	r4, r0
 523 0066 0028     		cmp	r0, #0
 524 0068 E6D1     		bne	.L48
 433:Middlewares/Third_Party/LwIP/src/core/tcp.c ****         pcb->state = LAST_ACK;
 525              		.loc 1 433 44 is_stmt 1 view .LVU140
 434:Middlewares/Third_Party/LwIP/src/core/tcp.c ****       }
 526              		.loc 1 434 9 view .LVU141
 434:Middlewares/Third_Party/LwIP/src/core/tcp.c ****       }
 527              		.loc 1 434 20 is_stmt 0 view .LVU142
 528 006a 0923     		movs	r3, #9
 529 006c 2B75     		strb	r3, [r5, #20]
 530 006e E3E7     		b	.L48
 531              	.LVL50:
 532              	.L54:
 448:Middlewares/Third_Party/LwIP/src/core/tcp.c ****   } else if (err == ERR_MEM) {
 533              		.loc 1 448 5 is_stmt 1 view .LVU143
ARM GAS  /tmp/ccmQZyRb.s 			page 31


 534 0070 2846     		mov	r0, r5
 535 0072 FFF7FEFF 		bl	tcp_output
 536              	.LVL51:
 537 0076 CEE7     		b	.L47
 538              	.L56:
 539              		.align	2
 540              	.L55:
 541 0078 00000000 		.word	.LC0
 542 007c 00000000 		.word	.LC3
 543 0080 54000000 		.word	.LC2
 544              		.cfi_endproc
 545              	.LFE176:
 547              		.section	.text.tcp_handle_closepend,"ax",%progbits
 548              		.align	1
 549              		.syntax unified
 550              		.thumb
 551              		.thumb_func
 552              		.fpu fpv5-d16
 554              	tcp_handle_closepend:
 555              	.LFB202:
1036:Middlewares/Third_Party/LwIP/src/core/tcp.c **** 
1037:Middlewares/Third_Party/LwIP/src/core/tcp.c **** /**
1038:Middlewares/Third_Party/LwIP/src/core/tcp.c ****  * @ingroup tcp_raw
1039:Middlewares/Third_Party/LwIP/src/core/tcp.c ****  * Connects to another host. The function given as the "connected"
1040:Middlewares/Third_Party/LwIP/src/core/tcp.c ****  * argument will be called when the connection has been established.
1041:Middlewares/Third_Party/LwIP/src/core/tcp.c ****  *  Sets up the pcb to connect to the remote host and sends the
1042:Middlewares/Third_Party/LwIP/src/core/tcp.c ****  * initial SYN segment which opens the connection. 
1043:Middlewares/Third_Party/LwIP/src/core/tcp.c ****  *
1044:Middlewares/Third_Party/LwIP/src/core/tcp.c ****  * The tcp_connect() function returns immediately; it does not wait for
1045:Middlewares/Third_Party/LwIP/src/core/tcp.c ****  * the connection to be properly setup. Instead, it will call the
1046:Middlewares/Third_Party/LwIP/src/core/tcp.c ****  * function specified as the fourth argument (the "connected" argument)
1047:Middlewares/Third_Party/LwIP/src/core/tcp.c ****  * when the connection is established. If the connection could not be
1048:Middlewares/Third_Party/LwIP/src/core/tcp.c ****  * properly established, either because the other host refused the
1049:Middlewares/Third_Party/LwIP/src/core/tcp.c ****  * connection or because the other host didn't answer, the "err"
1050:Middlewares/Third_Party/LwIP/src/core/tcp.c ****  * callback function of this pcb (registered with tcp_err, see below)
1051:Middlewares/Third_Party/LwIP/src/core/tcp.c ****  * will be called.
1052:Middlewares/Third_Party/LwIP/src/core/tcp.c ****  *
1053:Middlewares/Third_Party/LwIP/src/core/tcp.c ****  * The tcp_connect() function can return ERR_MEM if no memory is
1054:Middlewares/Third_Party/LwIP/src/core/tcp.c ****  * available for enqueueing the SYN segment. If the SYN indeed was
1055:Middlewares/Third_Party/LwIP/src/core/tcp.c ****  * enqueued successfully, the tcp_connect() function returns ERR_OK.
1056:Middlewares/Third_Party/LwIP/src/core/tcp.c ****  *
1057:Middlewares/Third_Party/LwIP/src/core/tcp.c ****  * @param pcb the tcp_pcb used to establish the connection
1058:Middlewares/Third_Party/LwIP/src/core/tcp.c ****  * @param ipaddr the remote ip address to connect to
1059:Middlewares/Third_Party/LwIP/src/core/tcp.c ****  * @param port the remote tcp port to connect to
1060:Middlewares/Third_Party/LwIP/src/core/tcp.c ****  * @param connected callback function to call when connected (on error,
1061:Middlewares/Third_Party/LwIP/src/core/tcp.c ****                     the err calback will be called)
1062:Middlewares/Third_Party/LwIP/src/core/tcp.c ****  * @return ERR_VAL if invalid arguments are given
1063:Middlewares/Third_Party/LwIP/src/core/tcp.c ****  *         ERR_OK if connect request has been sent
1064:Middlewares/Third_Party/LwIP/src/core/tcp.c ****  *         other err_t values if connect request couldn't be sent
1065:Middlewares/Third_Party/LwIP/src/core/tcp.c ****  */
1066:Middlewares/Third_Party/LwIP/src/core/tcp.c **** err_t
1067:Middlewares/Third_Party/LwIP/src/core/tcp.c **** tcp_connect(struct tcp_pcb *pcb, const ip_addr_t *ipaddr, u16_t port,
1068:Middlewares/Third_Party/LwIP/src/core/tcp.c ****             tcp_connected_fn connected)
1069:Middlewares/Third_Party/LwIP/src/core/tcp.c **** {
1070:Middlewares/Third_Party/LwIP/src/core/tcp.c ****   struct netif *netif = NULL;
1071:Middlewares/Third_Party/LwIP/src/core/tcp.c ****   err_t ret;
1072:Middlewares/Third_Party/LwIP/src/core/tcp.c ****   u32_t iss;
ARM GAS  /tmp/ccmQZyRb.s 			page 32


1073:Middlewares/Third_Party/LwIP/src/core/tcp.c ****   u16_t old_local_port;
1074:Middlewares/Third_Party/LwIP/src/core/tcp.c **** 
1075:Middlewares/Third_Party/LwIP/src/core/tcp.c ****   LWIP_ASSERT_CORE_LOCKED();
1076:Middlewares/Third_Party/LwIP/src/core/tcp.c **** 
1077:Middlewares/Third_Party/LwIP/src/core/tcp.c ****   LWIP_ERROR("tcp_connect: invalid pcb", pcb != NULL, return ERR_ARG);
1078:Middlewares/Third_Party/LwIP/src/core/tcp.c ****   LWIP_ERROR("tcp_connect: invalid ipaddr", ipaddr != NULL, return ERR_ARG);
1079:Middlewares/Third_Party/LwIP/src/core/tcp.c **** 
1080:Middlewares/Third_Party/LwIP/src/core/tcp.c ****   LWIP_ERROR("tcp_connect: can only connect from state CLOSED", pcb->state == CLOSED, return ERR_IS
1081:Middlewares/Third_Party/LwIP/src/core/tcp.c **** 
1082:Middlewares/Third_Party/LwIP/src/core/tcp.c ****   LWIP_DEBUGF(TCP_DEBUG, ("tcp_connect to port %"U16_F"\n", port));
1083:Middlewares/Third_Party/LwIP/src/core/tcp.c ****   ip_addr_set(&pcb->remote_ip, ipaddr);
1084:Middlewares/Third_Party/LwIP/src/core/tcp.c ****   pcb->remote_port = port;
1085:Middlewares/Third_Party/LwIP/src/core/tcp.c **** 
1086:Middlewares/Third_Party/LwIP/src/core/tcp.c ****   if (pcb->netif_idx != NETIF_NO_INDEX) {
1087:Middlewares/Third_Party/LwIP/src/core/tcp.c ****     netif = netif_get_by_index(pcb->netif_idx);
1088:Middlewares/Third_Party/LwIP/src/core/tcp.c ****   } else {
1089:Middlewares/Third_Party/LwIP/src/core/tcp.c ****     /* check if we have a route to the remote host */
1090:Middlewares/Third_Party/LwIP/src/core/tcp.c ****     netif = ip_route(&pcb->local_ip, &pcb->remote_ip);
1091:Middlewares/Third_Party/LwIP/src/core/tcp.c ****   }
1092:Middlewares/Third_Party/LwIP/src/core/tcp.c ****   if (netif == NULL) {
1093:Middlewares/Third_Party/LwIP/src/core/tcp.c ****     /* Don't even try to send a SYN packet if we have no route since that will fail. */
1094:Middlewares/Third_Party/LwIP/src/core/tcp.c ****     return ERR_RTE;
1095:Middlewares/Third_Party/LwIP/src/core/tcp.c ****   }
1096:Middlewares/Third_Party/LwIP/src/core/tcp.c **** 
1097:Middlewares/Third_Party/LwIP/src/core/tcp.c ****   /* check if local IP has been assigned to pcb, if not, get one */
1098:Middlewares/Third_Party/LwIP/src/core/tcp.c ****   if (ip_addr_isany(&pcb->local_ip)) {
1099:Middlewares/Third_Party/LwIP/src/core/tcp.c ****     const ip_addr_t *local_ip = ip_netif_get_local_ip(netif, ipaddr);
1100:Middlewares/Third_Party/LwIP/src/core/tcp.c ****     if (local_ip == NULL) {
1101:Middlewares/Third_Party/LwIP/src/core/tcp.c ****       return ERR_RTE;
1102:Middlewares/Third_Party/LwIP/src/core/tcp.c ****     }
1103:Middlewares/Third_Party/LwIP/src/core/tcp.c ****     ip_addr_copy(pcb->local_ip, *local_ip);
1104:Middlewares/Third_Party/LwIP/src/core/tcp.c ****   }
1105:Middlewares/Third_Party/LwIP/src/core/tcp.c **** 
1106:Middlewares/Third_Party/LwIP/src/core/tcp.c **** #if LWIP_IPV6 && LWIP_IPV6_SCOPES
1107:Middlewares/Third_Party/LwIP/src/core/tcp.c ****   /* If the given IP address should have a zone but doesn't, assign one now.
1108:Middlewares/Third_Party/LwIP/src/core/tcp.c ****    * Given that we already have the target netif, this is easy and cheap. */
1109:Middlewares/Third_Party/LwIP/src/core/tcp.c ****   if (IP_IS_V6(&pcb->remote_ip) &&
1110:Middlewares/Third_Party/LwIP/src/core/tcp.c ****       ip6_addr_lacks_zone(ip_2_ip6(&pcb->remote_ip), IP6_UNICAST)) {
1111:Middlewares/Third_Party/LwIP/src/core/tcp.c ****     ip6_addr_assign_zone(ip_2_ip6(&pcb->remote_ip), IP6_UNICAST, netif);
1112:Middlewares/Third_Party/LwIP/src/core/tcp.c ****   }
1113:Middlewares/Third_Party/LwIP/src/core/tcp.c **** #endif /* LWIP_IPV6 && LWIP_IPV6_SCOPES */
1114:Middlewares/Third_Party/LwIP/src/core/tcp.c **** 
1115:Middlewares/Third_Party/LwIP/src/core/tcp.c ****   old_local_port = pcb->local_port;
1116:Middlewares/Third_Party/LwIP/src/core/tcp.c ****   if (pcb->local_port == 0) {
1117:Middlewares/Third_Party/LwIP/src/core/tcp.c ****     pcb->local_port = tcp_new_port();
1118:Middlewares/Third_Party/LwIP/src/core/tcp.c ****     if (pcb->local_port == 0) {
1119:Middlewares/Third_Party/LwIP/src/core/tcp.c ****       return ERR_BUF;
1120:Middlewares/Third_Party/LwIP/src/core/tcp.c ****     }
1121:Middlewares/Third_Party/LwIP/src/core/tcp.c ****   } else {
1122:Middlewares/Third_Party/LwIP/src/core/tcp.c **** #if SO_REUSE
1123:Middlewares/Third_Party/LwIP/src/core/tcp.c ****     if (ip_get_option(pcb, SOF_REUSEADDR)) {
1124:Middlewares/Third_Party/LwIP/src/core/tcp.c ****       /* Since SOF_REUSEADDR allows reusing a local address, we have to make sure
1125:Middlewares/Third_Party/LwIP/src/core/tcp.c ****          now that the 5-tuple is unique. */
1126:Middlewares/Third_Party/LwIP/src/core/tcp.c ****       struct tcp_pcb *cpcb;
1127:Middlewares/Third_Party/LwIP/src/core/tcp.c ****       int i;
1128:Middlewares/Third_Party/LwIP/src/core/tcp.c ****       /* Don't check listen- and bound-PCBs, check active- and TIME-WAIT PCBs. */
1129:Middlewares/Third_Party/LwIP/src/core/tcp.c ****       for (i = 2; i < NUM_TCP_PCB_LISTS; i++) {
ARM GAS  /tmp/ccmQZyRb.s 			page 33


1130:Middlewares/Third_Party/LwIP/src/core/tcp.c ****         for (cpcb = *tcp_pcb_lists[i]; cpcb != NULL; cpcb = cpcb->next) {
1131:Middlewares/Third_Party/LwIP/src/core/tcp.c ****           if ((cpcb->local_port == pcb->local_port) &&
1132:Middlewares/Third_Party/LwIP/src/core/tcp.c ****               (cpcb->remote_port == port) &&
1133:Middlewares/Third_Party/LwIP/src/core/tcp.c ****               ip_addr_cmp(&cpcb->local_ip, &pcb->local_ip) &&
1134:Middlewares/Third_Party/LwIP/src/core/tcp.c ****               ip_addr_cmp(&cpcb->remote_ip, ipaddr)) {
1135:Middlewares/Third_Party/LwIP/src/core/tcp.c ****             /* linux returns EISCONN here, but ERR_USE should be OK for us */
1136:Middlewares/Third_Party/LwIP/src/core/tcp.c ****             return ERR_USE;
1137:Middlewares/Third_Party/LwIP/src/core/tcp.c ****           }
1138:Middlewares/Third_Party/LwIP/src/core/tcp.c ****         }
1139:Middlewares/Third_Party/LwIP/src/core/tcp.c ****       }
1140:Middlewares/Third_Party/LwIP/src/core/tcp.c ****     }
1141:Middlewares/Third_Party/LwIP/src/core/tcp.c **** #endif /* SO_REUSE */
1142:Middlewares/Third_Party/LwIP/src/core/tcp.c ****   }
1143:Middlewares/Third_Party/LwIP/src/core/tcp.c **** 
1144:Middlewares/Third_Party/LwIP/src/core/tcp.c ****   iss = tcp_next_iss(pcb);
1145:Middlewares/Third_Party/LwIP/src/core/tcp.c ****   pcb->rcv_nxt = 0;
1146:Middlewares/Third_Party/LwIP/src/core/tcp.c ****   pcb->snd_nxt = iss;
1147:Middlewares/Third_Party/LwIP/src/core/tcp.c ****   pcb->lastack = iss - 1;
1148:Middlewares/Third_Party/LwIP/src/core/tcp.c ****   pcb->snd_wl2 = iss - 1;
1149:Middlewares/Third_Party/LwIP/src/core/tcp.c ****   pcb->snd_lbb = iss - 1;
1150:Middlewares/Third_Party/LwIP/src/core/tcp.c ****   /* Start with a window that does not need scaling. When window scaling is
1151:Middlewares/Third_Party/LwIP/src/core/tcp.c ****      enabled and used, the window is enlarged when both sides agree on scaling. */
1152:Middlewares/Third_Party/LwIP/src/core/tcp.c ****   pcb->rcv_wnd = pcb->rcv_ann_wnd = TCPWND_MIN16(TCP_WND);
1153:Middlewares/Third_Party/LwIP/src/core/tcp.c ****   pcb->rcv_ann_right_edge = pcb->rcv_nxt;
1154:Middlewares/Third_Party/LwIP/src/core/tcp.c ****   pcb->snd_wnd = TCP_WND;
1155:Middlewares/Third_Party/LwIP/src/core/tcp.c ****   /* As initial send MSS, we use TCP_MSS but limit it to 536.
1156:Middlewares/Third_Party/LwIP/src/core/tcp.c ****      The send MSS is updated when an MSS option is received. */
1157:Middlewares/Third_Party/LwIP/src/core/tcp.c ****   pcb->mss = INITIAL_MSS;
1158:Middlewares/Third_Party/LwIP/src/core/tcp.c **** #if TCP_CALCULATE_EFF_SEND_MSS
1159:Middlewares/Third_Party/LwIP/src/core/tcp.c ****   pcb->mss = tcp_eff_send_mss_netif(pcb->mss, netif, &pcb->remote_ip);
1160:Middlewares/Third_Party/LwIP/src/core/tcp.c **** #endif /* TCP_CALCULATE_EFF_SEND_MSS */
1161:Middlewares/Third_Party/LwIP/src/core/tcp.c ****   pcb->cwnd = 1;
1162:Middlewares/Third_Party/LwIP/src/core/tcp.c **** #if LWIP_CALLBACK_API
1163:Middlewares/Third_Party/LwIP/src/core/tcp.c ****   pcb->connected = connected;
1164:Middlewares/Third_Party/LwIP/src/core/tcp.c **** #else /* LWIP_CALLBACK_API */
1165:Middlewares/Third_Party/LwIP/src/core/tcp.c ****   LWIP_UNUSED_ARG(connected);
1166:Middlewares/Third_Party/LwIP/src/core/tcp.c **** #endif /* LWIP_CALLBACK_API */
1167:Middlewares/Third_Party/LwIP/src/core/tcp.c **** 
1168:Middlewares/Third_Party/LwIP/src/core/tcp.c ****   /* Send a SYN together with the MSS option. */
1169:Middlewares/Third_Party/LwIP/src/core/tcp.c ****   ret = tcp_enqueue_flags(pcb, TCP_SYN);
1170:Middlewares/Third_Party/LwIP/src/core/tcp.c ****   if (ret == ERR_OK) {
1171:Middlewares/Third_Party/LwIP/src/core/tcp.c ****     /* SYN segment was enqueued, changed the pcbs state now */
1172:Middlewares/Third_Party/LwIP/src/core/tcp.c ****     pcb->state = SYN_SENT;
1173:Middlewares/Third_Party/LwIP/src/core/tcp.c ****     if (old_local_port != 0) {
1174:Middlewares/Third_Party/LwIP/src/core/tcp.c ****       TCP_RMV(&tcp_bound_pcbs, pcb);
1175:Middlewares/Third_Party/LwIP/src/core/tcp.c ****     }
1176:Middlewares/Third_Party/LwIP/src/core/tcp.c ****     TCP_REG_ACTIVE(pcb);
1177:Middlewares/Third_Party/LwIP/src/core/tcp.c ****     MIB2_STATS_INC(mib2.tcpactiveopens);
1178:Middlewares/Third_Party/LwIP/src/core/tcp.c **** 
1179:Middlewares/Third_Party/LwIP/src/core/tcp.c ****     tcp_output(pcb);
1180:Middlewares/Third_Party/LwIP/src/core/tcp.c ****   }
1181:Middlewares/Third_Party/LwIP/src/core/tcp.c ****   return ret;
1182:Middlewares/Third_Party/LwIP/src/core/tcp.c **** }
1183:Middlewares/Third_Party/LwIP/src/core/tcp.c **** 
1184:Middlewares/Third_Party/LwIP/src/core/tcp.c **** /**
1185:Middlewares/Third_Party/LwIP/src/core/tcp.c ****  * Called every 500 ms and implements the retransmission timer and the timer that
1186:Middlewares/Third_Party/LwIP/src/core/tcp.c ****  * removes PCBs that have been in TIME-WAIT for enough time. It also increments
ARM GAS  /tmp/ccmQZyRb.s 			page 34


1187:Middlewares/Third_Party/LwIP/src/core/tcp.c ****  * various timers such as the inactivity timer in each PCB.
1188:Middlewares/Third_Party/LwIP/src/core/tcp.c ****  *
1189:Middlewares/Third_Party/LwIP/src/core/tcp.c ****  * Automatically called from tcp_tmr().
1190:Middlewares/Third_Party/LwIP/src/core/tcp.c ****  */
1191:Middlewares/Third_Party/LwIP/src/core/tcp.c **** void
1192:Middlewares/Third_Party/LwIP/src/core/tcp.c **** tcp_slowtmr(void)
1193:Middlewares/Third_Party/LwIP/src/core/tcp.c **** {
1194:Middlewares/Third_Party/LwIP/src/core/tcp.c ****   struct tcp_pcb *pcb, *prev;
1195:Middlewares/Third_Party/LwIP/src/core/tcp.c ****   tcpwnd_size_t eff_wnd;
1196:Middlewares/Third_Party/LwIP/src/core/tcp.c ****   u8_t pcb_remove;      /* flag if a PCB should be removed */
1197:Middlewares/Third_Party/LwIP/src/core/tcp.c ****   u8_t pcb_reset;       /* flag if a RST should be sent when removing */
1198:Middlewares/Third_Party/LwIP/src/core/tcp.c ****   err_t err;
1199:Middlewares/Third_Party/LwIP/src/core/tcp.c **** 
1200:Middlewares/Third_Party/LwIP/src/core/tcp.c ****   err = ERR_OK;
1201:Middlewares/Third_Party/LwIP/src/core/tcp.c **** 
1202:Middlewares/Third_Party/LwIP/src/core/tcp.c ****   ++tcp_ticks;
1203:Middlewares/Third_Party/LwIP/src/core/tcp.c ****   ++tcp_timer_ctr;
1204:Middlewares/Third_Party/LwIP/src/core/tcp.c **** 
1205:Middlewares/Third_Party/LwIP/src/core/tcp.c **** tcp_slowtmr_start:
1206:Middlewares/Third_Party/LwIP/src/core/tcp.c ****   /* Steps through all of the active PCBs. */
1207:Middlewares/Third_Party/LwIP/src/core/tcp.c ****   prev = NULL;
1208:Middlewares/Third_Party/LwIP/src/core/tcp.c ****   pcb = tcp_active_pcbs;
1209:Middlewares/Third_Party/LwIP/src/core/tcp.c ****   if (pcb == NULL) {
1210:Middlewares/Third_Party/LwIP/src/core/tcp.c ****     LWIP_DEBUGF(TCP_DEBUG, ("tcp_slowtmr: no active pcbs\n"));
1211:Middlewares/Third_Party/LwIP/src/core/tcp.c ****   }
1212:Middlewares/Third_Party/LwIP/src/core/tcp.c ****   while (pcb != NULL) {
1213:Middlewares/Third_Party/LwIP/src/core/tcp.c ****     LWIP_DEBUGF(TCP_DEBUG, ("tcp_slowtmr: processing active pcb\n"));
1214:Middlewares/Third_Party/LwIP/src/core/tcp.c ****     LWIP_ASSERT("tcp_slowtmr: active pcb->state != CLOSED\n", pcb->state != CLOSED);
1215:Middlewares/Third_Party/LwIP/src/core/tcp.c ****     LWIP_ASSERT("tcp_slowtmr: active pcb->state != LISTEN\n", pcb->state != LISTEN);
1216:Middlewares/Third_Party/LwIP/src/core/tcp.c ****     LWIP_ASSERT("tcp_slowtmr: active pcb->state != TIME-WAIT\n", pcb->state != TIME_WAIT);
1217:Middlewares/Third_Party/LwIP/src/core/tcp.c ****     if (pcb->last_timer == tcp_timer_ctr) {
1218:Middlewares/Third_Party/LwIP/src/core/tcp.c ****       /* skip this pcb, we have already processed it */
1219:Middlewares/Third_Party/LwIP/src/core/tcp.c ****       prev = pcb;
1220:Middlewares/Third_Party/LwIP/src/core/tcp.c ****       pcb = pcb->next;
1221:Middlewares/Third_Party/LwIP/src/core/tcp.c ****       continue;
1222:Middlewares/Third_Party/LwIP/src/core/tcp.c ****     }
1223:Middlewares/Third_Party/LwIP/src/core/tcp.c ****     pcb->last_timer = tcp_timer_ctr;
1224:Middlewares/Third_Party/LwIP/src/core/tcp.c **** 
1225:Middlewares/Third_Party/LwIP/src/core/tcp.c ****     pcb_remove = 0;
1226:Middlewares/Third_Party/LwIP/src/core/tcp.c ****     pcb_reset = 0;
1227:Middlewares/Third_Party/LwIP/src/core/tcp.c **** 
1228:Middlewares/Third_Party/LwIP/src/core/tcp.c ****     if (pcb->state == SYN_SENT && pcb->nrtx >= TCP_SYNMAXRTX) {
1229:Middlewares/Third_Party/LwIP/src/core/tcp.c ****       ++pcb_remove;
1230:Middlewares/Third_Party/LwIP/src/core/tcp.c ****       LWIP_DEBUGF(TCP_DEBUG, ("tcp_slowtmr: max SYN retries reached\n"));
1231:Middlewares/Third_Party/LwIP/src/core/tcp.c ****     } else if (pcb->nrtx >= TCP_MAXRTX) {
1232:Middlewares/Third_Party/LwIP/src/core/tcp.c ****       ++pcb_remove;
1233:Middlewares/Third_Party/LwIP/src/core/tcp.c ****       LWIP_DEBUGF(TCP_DEBUG, ("tcp_slowtmr: max DATA retries reached\n"));
1234:Middlewares/Third_Party/LwIP/src/core/tcp.c ****     } else {
1235:Middlewares/Third_Party/LwIP/src/core/tcp.c ****       if (pcb->persist_backoff > 0) {
1236:Middlewares/Third_Party/LwIP/src/core/tcp.c ****         LWIP_ASSERT("tcp_slowtimr: persist ticking with in-flight data", pcb->unacked == NULL);
1237:Middlewares/Third_Party/LwIP/src/core/tcp.c ****         LWIP_ASSERT("tcp_slowtimr: persist ticking with empty send buffer", pcb->unsent != NULL);
1238:Middlewares/Third_Party/LwIP/src/core/tcp.c ****         if (pcb->persist_probe >= TCP_MAXRTX) {
1239:Middlewares/Third_Party/LwIP/src/core/tcp.c ****           ++pcb_remove; /* max probes reached */
1240:Middlewares/Third_Party/LwIP/src/core/tcp.c ****         } else {
1241:Middlewares/Third_Party/LwIP/src/core/tcp.c ****           u8_t backoff_cnt = tcp_persist_backoff[pcb->persist_backoff - 1];
1242:Middlewares/Third_Party/LwIP/src/core/tcp.c ****           if (pcb->persist_cnt < backoff_cnt) {
1243:Middlewares/Third_Party/LwIP/src/core/tcp.c ****             pcb->persist_cnt++;
ARM GAS  /tmp/ccmQZyRb.s 			page 35


1244:Middlewares/Third_Party/LwIP/src/core/tcp.c ****           }
1245:Middlewares/Third_Party/LwIP/src/core/tcp.c ****           if (pcb->persist_cnt >= backoff_cnt) {
1246:Middlewares/Third_Party/LwIP/src/core/tcp.c ****             int next_slot = 1; /* increment timer to next slot */
1247:Middlewares/Third_Party/LwIP/src/core/tcp.c ****             /* If snd_wnd is zero, send 1 byte probes */
1248:Middlewares/Third_Party/LwIP/src/core/tcp.c ****             if (pcb->snd_wnd == 0) {
1249:Middlewares/Third_Party/LwIP/src/core/tcp.c ****               if (tcp_zero_window_probe(pcb) != ERR_OK) {
1250:Middlewares/Third_Party/LwIP/src/core/tcp.c ****                 next_slot = 0; /* try probe again with current slot */
1251:Middlewares/Third_Party/LwIP/src/core/tcp.c ****               }
1252:Middlewares/Third_Party/LwIP/src/core/tcp.c ****               /* snd_wnd not fully closed, split unsent head and fill window */
1253:Middlewares/Third_Party/LwIP/src/core/tcp.c ****             } else {
1254:Middlewares/Third_Party/LwIP/src/core/tcp.c ****               if (tcp_split_unsent_seg(pcb, (u16_t)pcb->snd_wnd) == ERR_OK) {
1255:Middlewares/Third_Party/LwIP/src/core/tcp.c ****                 if (tcp_output(pcb) == ERR_OK) {
1256:Middlewares/Third_Party/LwIP/src/core/tcp.c ****                   /* sending will cancel persist timer, else retry with current slot */
1257:Middlewares/Third_Party/LwIP/src/core/tcp.c ****                   next_slot = 0;
1258:Middlewares/Third_Party/LwIP/src/core/tcp.c ****                 }
1259:Middlewares/Third_Party/LwIP/src/core/tcp.c ****               }
1260:Middlewares/Third_Party/LwIP/src/core/tcp.c ****             }
1261:Middlewares/Third_Party/LwIP/src/core/tcp.c ****             if (next_slot) {
1262:Middlewares/Third_Party/LwIP/src/core/tcp.c ****               pcb->persist_cnt = 0;
1263:Middlewares/Third_Party/LwIP/src/core/tcp.c ****               if (pcb->persist_backoff < sizeof(tcp_persist_backoff)) {
1264:Middlewares/Third_Party/LwIP/src/core/tcp.c ****                 pcb->persist_backoff++;
1265:Middlewares/Third_Party/LwIP/src/core/tcp.c ****               }
1266:Middlewares/Third_Party/LwIP/src/core/tcp.c ****             }
1267:Middlewares/Third_Party/LwIP/src/core/tcp.c ****           }
1268:Middlewares/Third_Party/LwIP/src/core/tcp.c ****         }
1269:Middlewares/Third_Party/LwIP/src/core/tcp.c ****       } else {
1270:Middlewares/Third_Party/LwIP/src/core/tcp.c ****         /* Increase the retransmission timer if it is running */
1271:Middlewares/Third_Party/LwIP/src/core/tcp.c ****         if ((pcb->rtime >= 0) && (pcb->rtime < 0x7FFF)) {
1272:Middlewares/Third_Party/LwIP/src/core/tcp.c ****           ++pcb->rtime;
1273:Middlewares/Third_Party/LwIP/src/core/tcp.c ****         }
1274:Middlewares/Third_Party/LwIP/src/core/tcp.c **** 
1275:Middlewares/Third_Party/LwIP/src/core/tcp.c ****         if (pcb->rtime >= pcb->rto) {
1276:Middlewares/Third_Party/LwIP/src/core/tcp.c ****           /* Time for a retransmission. */
1277:Middlewares/Third_Party/LwIP/src/core/tcp.c ****           LWIP_DEBUGF(TCP_RTO_DEBUG, ("tcp_slowtmr: rtime %"S16_F
1278:Middlewares/Third_Party/LwIP/src/core/tcp.c ****                                       " pcb->rto %"S16_F"\n",
1279:Middlewares/Third_Party/LwIP/src/core/tcp.c ****                                       pcb->rtime, pcb->rto));
1280:Middlewares/Third_Party/LwIP/src/core/tcp.c ****           /* If prepare phase fails but we have unsent data but no unacked data,
1281:Middlewares/Third_Party/LwIP/src/core/tcp.c ****              still execute the backoff calculations below, as this means we somehow
1282:Middlewares/Third_Party/LwIP/src/core/tcp.c ****              failed to send segment. */
1283:Middlewares/Third_Party/LwIP/src/core/tcp.c ****           if ((tcp_rexmit_rto_prepare(pcb) == ERR_OK) || ((pcb->unacked == NULL) && (pcb->unsent !=
1284:Middlewares/Third_Party/LwIP/src/core/tcp.c ****             /* Double retransmission time-out unless we are trying to
1285:Middlewares/Third_Party/LwIP/src/core/tcp.c ****              * connect to somebody (i.e., we are in SYN_SENT). */
1286:Middlewares/Third_Party/LwIP/src/core/tcp.c ****             if (pcb->state != SYN_SENT) {
1287:Middlewares/Third_Party/LwIP/src/core/tcp.c ****               u8_t backoff_idx = LWIP_MIN(pcb->nrtx, sizeof(tcp_backoff) - 1);
1288:Middlewares/Third_Party/LwIP/src/core/tcp.c ****               int calc_rto = ((pcb->sa >> 3) + pcb->sv) << tcp_backoff[backoff_idx];
1289:Middlewares/Third_Party/LwIP/src/core/tcp.c ****               pcb->rto = (s16_t)LWIP_MIN(calc_rto, 0x7FFF);
1290:Middlewares/Third_Party/LwIP/src/core/tcp.c ****             }
1291:Middlewares/Third_Party/LwIP/src/core/tcp.c **** 
1292:Middlewares/Third_Party/LwIP/src/core/tcp.c ****             /* Reset the retransmission timer. */
1293:Middlewares/Third_Party/LwIP/src/core/tcp.c ****             pcb->rtime = 0;
1294:Middlewares/Third_Party/LwIP/src/core/tcp.c **** 
1295:Middlewares/Third_Party/LwIP/src/core/tcp.c ****             /* Reduce congestion window and ssthresh. */
1296:Middlewares/Third_Party/LwIP/src/core/tcp.c ****             eff_wnd = LWIP_MIN(pcb->cwnd, pcb->snd_wnd);
1297:Middlewares/Third_Party/LwIP/src/core/tcp.c ****             pcb->ssthresh = eff_wnd >> 1;
1298:Middlewares/Third_Party/LwIP/src/core/tcp.c ****             if (pcb->ssthresh < (tcpwnd_size_t)(pcb->mss << 1)) {
1299:Middlewares/Third_Party/LwIP/src/core/tcp.c ****               pcb->ssthresh = (tcpwnd_size_t)(pcb->mss << 1);
1300:Middlewares/Third_Party/LwIP/src/core/tcp.c ****             }
ARM GAS  /tmp/ccmQZyRb.s 			page 36


1301:Middlewares/Third_Party/LwIP/src/core/tcp.c ****             pcb->cwnd = pcb->mss;
1302:Middlewares/Third_Party/LwIP/src/core/tcp.c ****             LWIP_DEBUGF(TCP_CWND_DEBUG, ("tcp_slowtmr: cwnd %"TCPWNDSIZE_F
1303:Middlewares/Third_Party/LwIP/src/core/tcp.c ****                                          " ssthresh %"TCPWNDSIZE_F"\n",
1304:Middlewares/Third_Party/LwIP/src/core/tcp.c ****                                          pcb->cwnd, pcb->ssthresh));
1305:Middlewares/Third_Party/LwIP/src/core/tcp.c ****             pcb->bytes_acked = 0;
1306:Middlewares/Third_Party/LwIP/src/core/tcp.c **** 
1307:Middlewares/Third_Party/LwIP/src/core/tcp.c ****             /* The following needs to be called AFTER cwnd is set to one
1308:Middlewares/Third_Party/LwIP/src/core/tcp.c ****                mss - STJ */
1309:Middlewares/Third_Party/LwIP/src/core/tcp.c ****             tcp_rexmit_rto_commit(pcb);
1310:Middlewares/Third_Party/LwIP/src/core/tcp.c ****           }
1311:Middlewares/Third_Party/LwIP/src/core/tcp.c ****         }
1312:Middlewares/Third_Party/LwIP/src/core/tcp.c ****       }
1313:Middlewares/Third_Party/LwIP/src/core/tcp.c ****     }
1314:Middlewares/Third_Party/LwIP/src/core/tcp.c ****     /* Check if this PCB has stayed too long in FIN-WAIT-2 */
1315:Middlewares/Third_Party/LwIP/src/core/tcp.c ****     if (pcb->state == FIN_WAIT_2) {
1316:Middlewares/Third_Party/LwIP/src/core/tcp.c ****       /* If this PCB is in FIN_WAIT_2 because of SHUT_WR don't let it time out. */
1317:Middlewares/Third_Party/LwIP/src/core/tcp.c ****       if (pcb->flags & TF_RXCLOSED) {
1318:Middlewares/Third_Party/LwIP/src/core/tcp.c ****         /* PCB was fully closed (either through close() or SHUT_RDWR):
1319:Middlewares/Third_Party/LwIP/src/core/tcp.c ****            normal FIN-WAIT timeout handling. */
1320:Middlewares/Third_Party/LwIP/src/core/tcp.c ****         if ((u32_t)(tcp_ticks - pcb->tmr) >
1321:Middlewares/Third_Party/LwIP/src/core/tcp.c ****             TCP_FIN_WAIT_TIMEOUT / TCP_SLOW_INTERVAL) {
1322:Middlewares/Third_Party/LwIP/src/core/tcp.c ****           ++pcb_remove;
1323:Middlewares/Third_Party/LwIP/src/core/tcp.c ****           LWIP_DEBUGF(TCP_DEBUG, ("tcp_slowtmr: removing pcb stuck in FIN-WAIT-2\n"));
1324:Middlewares/Third_Party/LwIP/src/core/tcp.c ****         }
1325:Middlewares/Third_Party/LwIP/src/core/tcp.c ****       }
1326:Middlewares/Third_Party/LwIP/src/core/tcp.c ****     }
1327:Middlewares/Third_Party/LwIP/src/core/tcp.c **** 
1328:Middlewares/Third_Party/LwIP/src/core/tcp.c ****     /* Check if KEEPALIVE should be sent */
1329:Middlewares/Third_Party/LwIP/src/core/tcp.c ****     if (ip_get_option(pcb, SOF_KEEPALIVE) &&
1330:Middlewares/Third_Party/LwIP/src/core/tcp.c ****         ((pcb->state == ESTABLISHED) ||
1331:Middlewares/Third_Party/LwIP/src/core/tcp.c ****          (pcb->state == CLOSE_WAIT))) {
1332:Middlewares/Third_Party/LwIP/src/core/tcp.c ****       if ((u32_t)(tcp_ticks - pcb->tmr) >
1333:Middlewares/Third_Party/LwIP/src/core/tcp.c ****           (pcb->keep_idle + TCP_KEEP_DUR(pcb)) / TCP_SLOW_INTERVAL) {
1334:Middlewares/Third_Party/LwIP/src/core/tcp.c ****         LWIP_DEBUGF(TCP_DEBUG, ("tcp_slowtmr: KEEPALIVE timeout. Aborting connection to "));
1335:Middlewares/Third_Party/LwIP/src/core/tcp.c ****         ip_addr_debug_print_val(TCP_DEBUG, pcb->remote_ip);
1336:Middlewares/Third_Party/LwIP/src/core/tcp.c ****         LWIP_DEBUGF(TCP_DEBUG, ("\n"));
1337:Middlewares/Third_Party/LwIP/src/core/tcp.c **** 
1338:Middlewares/Third_Party/LwIP/src/core/tcp.c ****         ++pcb_remove;
1339:Middlewares/Third_Party/LwIP/src/core/tcp.c ****         ++pcb_reset;
1340:Middlewares/Third_Party/LwIP/src/core/tcp.c ****       } else if ((u32_t)(tcp_ticks - pcb->tmr) >
1341:Middlewares/Third_Party/LwIP/src/core/tcp.c ****                  (pcb->keep_idle + pcb->keep_cnt_sent * TCP_KEEP_INTVL(pcb))
1342:Middlewares/Third_Party/LwIP/src/core/tcp.c ****                  / TCP_SLOW_INTERVAL) {
1343:Middlewares/Third_Party/LwIP/src/core/tcp.c ****         err = tcp_keepalive(pcb);
1344:Middlewares/Third_Party/LwIP/src/core/tcp.c ****         if (err == ERR_OK) {
1345:Middlewares/Third_Party/LwIP/src/core/tcp.c ****           pcb->keep_cnt_sent++;
1346:Middlewares/Third_Party/LwIP/src/core/tcp.c ****         }
1347:Middlewares/Third_Party/LwIP/src/core/tcp.c ****       }
1348:Middlewares/Third_Party/LwIP/src/core/tcp.c ****     }
1349:Middlewares/Third_Party/LwIP/src/core/tcp.c **** 
1350:Middlewares/Third_Party/LwIP/src/core/tcp.c ****     /* If this PCB has queued out of sequence data, but has been
1351:Middlewares/Third_Party/LwIP/src/core/tcp.c ****        inactive for too long, will drop the data (it will eventually
1352:Middlewares/Third_Party/LwIP/src/core/tcp.c ****        be retransmitted). */
1353:Middlewares/Third_Party/LwIP/src/core/tcp.c **** #if TCP_QUEUE_OOSEQ
1354:Middlewares/Third_Party/LwIP/src/core/tcp.c ****     if (pcb->ooseq != NULL &&
1355:Middlewares/Third_Party/LwIP/src/core/tcp.c ****         (tcp_ticks - pcb->tmr >= (u32_t)pcb->rto * TCP_OOSEQ_TIMEOUT)) {
1356:Middlewares/Third_Party/LwIP/src/core/tcp.c ****       LWIP_DEBUGF(TCP_CWND_DEBUG, ("tcp_slowtmr: dropping OOSEQ queued data\n"));
1357:Middlewares/Third_Party/LwIP/src/core/tcp.c ****       tcp_free_ooseq(pcb);
ARM GAS  /tmp/ccmQZyRb.s 			page 37


1358:Middlewares/Third_Party/LwIP/src/core/tcp.c ****     }
1359:Middlewares/Third_Party/LwIP/src/core/tcp.c **** #endif /* TCP_QUEUE_OOSEQ */
1360:Middlewares/Third_Party/LwIP/src/core/tcp.c **** 
1361:Middlewares/Third_Party/LwIP/src/core/tcp.c ****     /* Check if this PCB has stayed too long in SYN-RCVD */
1362:Middlewares/Third_Party/LwIP/src/core/tcp.c ****     if (pcb->state == SYN_RCVD) {
1363:Middlewares/Third_Party/LwIP/src/core/tcp.c ****       if ((u32_t)(tcp_ticks - pcb->tmr) >
1364:Middlewares/Third_Party/LwIP/src/core/tcp.c ****           TCP_SYN_RCVD_TIMEOUT / TCP_SLOW_INTERVAL) {
1365:Middlewares/Third_Party/LwIP/src/core/tcp.c ****         ++pcb_remove;
1366:Middlewares/Third_Party/LwIP/src/core/tcp.c ****         LWIP_DEBUGF(TCP_DEBUG, ("tcp_slowtmr: removing pcb stuck in SYN-RCVD\n"));
1367:Middlewares/Third_Party/LwIP/src/core/tcp.c ****       }
1368:Middlewares/Third_Party/LwIP/src/core/tcp.c ****     }
1369:Middlewares/Third_Party/LwIP/src/core/tcp.c **** 
1370:Middlewares/Third_Party/LwIP/src/core/tcp.c ****     /* Check if this PCB has stayed too long in LAST-ACK */
1371:Middlewares/Third_Party/LwIP/src/core/tcp.c ****     if (pcb->state == LAST_ACK) {
1372:Middlewares/Third_Party/LwIP/src/core/tcp.c ****       if ((u32_t)(tcp_ticks - pcb->tmr) > 2 * TCP_MSL / TCP_SLOW_INTERVAL) {
1373:Middlewares/Third_Party/LwIP/src/core/tcp.c ****         ++pcb_remove;
1374:Middlewares/Third_Party/LwIP/src/core/tcp.c ****         LWIP_DEBUGF(TCP_DEBUG, ("tcp_slowtmr: removing pcb stuck in LAST-ACK\n"));
1375:Middlewares/Third_Party/LwIP/src/core/tcp.c ****       }
1376:Middlewares/Third_Party/LwIP/src/core/tcp.c ****     }
1377:Middlewares/Third_Party/LwIP/src/core/tcp.c **** 
1378:Middlewares/Third_Party/LwIP/src/core/tcp.c ****     /* If the PCB should be removed, do it. */
1379:Middlewares/Third_Party/LwIP/src/core/tcp.c ****     if (pcb_remove) {
1380:Middlewares/Third_Party/LwIP/src/core/tcp.c ****       struct tcp_pcb *pcb2;
1381:Middlewares/Third_Party/LwIP/src/core/tcp.c **** #if LWIP_CALLBACK_API
1382:Middlewares/Third_Party/LwIP/src/core/tcp.c ****       tcp_err_fn err_fn = pcb->errf;
1383:Middlewares/Third_Party/LwIP/src/core/tcp.c **** #endif /* LWIP_CALLBACK_API */
1384:Middlewares/Third_Party/LwIP/src/core/tcp.c ****       void *err_arg;
1385:Middlewares/Third_Party/LwIP/src/core/tcp.c ****       enum tcp_state last_state;
1386:Middlewares/Third_Party/LwIP/src/core/tcp.c ****       tcp_pcb_purge(pcb);
1387:Middlewares/Third_Party/LwIP/src/core/tcp.c ****       /* Remove PCB from tcp_active_pcbs list. */
1388:Middlewares/Third_Party/LwIP/src/core/tcp.c ****       if (prev != NULL) {
1389:Middlewares/Third_Party/LwIP/src/core/tcp.c ****         LWIP_ASSERT("tcp_slowtmr: middle tcp != tcp_active_pcbs", pcb != tcp_active_pcbs);
1390:Middlewares/Third_Party/LwIP/src/core/tcp.c ****         prev->next = pcb->next;
1391:Middlewares/Third_Party/LwIP/src/core/tcp.c ****       } else {
1392:Middlewares/Third_Party/LwIP/src/core/tcp.c ****         /* This PCB was the first. */
1393:Middlewares/Third_Party/LwIP/src/core/tcp.c ****         LWIP_ASSERT("tcp_slowtmr: first pcb == tcp_active_pcbs", tcp_active_pcbs == pcb);
1394:Middlewares/Third_Party/LwIP/src/core/tcp.c ****         tcp_active_pcbs = pcb->next;
1395:Middlewares/Third_Party/LwIP/src/core/tcp.c ****       }
1396:Middlewares/Third_Party/LwIP/src/core/tcp.c **** 
1397:Middlewares/Third_Party/LwIP/src/core/tcp.c ****       if (pcb_reset) {
1398:Middlewares/Third_Party/LwIP/src/core/tcp.c ****         tcp_rst(pcb, pcb->snd_nxt, pcb->rcv_nxt, &pcb->local_ip, &pcb->remote_ip,
1399:Middlewares/Third_Party/LwIP/src/core/tcp.c ****                 pcb->local_port, pcb->remote_port);
1400:Middlewares/Third_Party/LwIP/src/core/tcp.c ****       }
1401:Middlewares/Third_Party/LwIP/src/core/tcp.c **** 
1402:Middlewares/Third_Party/LwIP/src/core/tcp.c ****       err_arg = pcb->callback_arg;
1403:Middlewares/Third_Party/LwIP/src/core/tcp.c ****       last_state = pcb->state;
1404:Middlewares/Third_Party/LwIP/src/core/tcp.c ****       pcb2 = pcb;
1405:Middlewares/Third_Party/LwIP/src/core/tcp.c ****       pcb = pcb->next;
1406:Middlewares/Third_Party/LwIP/src/core/tcp.c ****       tcp_free(pcb2);
1407:Middlewares/Third_Party/LwIP/src/core/tcp.c **** 
1408:Middlewares/Third_Party/LwIP/src/core/tcp.c ****       tcp_active_pcbs_changed = 0;
1409:Middlewares/Third_Party/LwIP/src/core/tcp.c ****       TCP_EVENT_ERR(last_state, err_fn, err_arg, ERR_ABRT);
1410:Middlewares/Third_Party/LwIP/src/core/tcp.c ****       if (tcp_active_pcbs_changed) {
1411:Middlewares/Third_Party/LwIP/src/core/tcp.c ****         goto tcp_slowtmr_start;
1412:Middlewares/Third_Party/LwIP/src/core/tcp.c ****       }
1413:Middlewares/Third_Party/LwIP/src/core/tcp.c ****     } else {
1414:Middlewares/Third_Party/LwIP/src/core/tcp.c ****       /* get the 'next' element now and work with 'prev' below (in case of abort) */
ARM GAS  /tmp/ccmQZyRb.s 			page 38


1415:Middlewares/Third_Party/LwIP/src/core/tcp.c ****       prev = pcb;
1416:Middlewares/Third_Party/LwIP/src/core/tcp.c ****       pcb = pcb->next;
1417:Middlewares/Third_Party/LwIP/src/core/tcp.c **** 
1418:Middlewares/Third_Party/LwIP/src/core/tcp.c ****       /* We check if we should poll the connection. */
1419:Middlewares/Third_Party/LwIP/src/core/tcp.c ****       ++prev->polltmr;
1420:Middlewares/Third_Party/LwIP/src/core/tcp.c ****       if (prev->polltmr >= prev->pollinterval) {
1421:Middlewares/Third_Party/LwIP/src/core/tcp.c ****         prev->polltmr = 0;
1422:Middlewares/Third_Party/LwIP/src/core/tcp.c ****         LWIP_DEBUGF(TCP_DEBUG, ("tcp_slowtmr: polling application\n"));
1423:Middlewares/Third_Party/LwIP/src/core/tcp.c ****         tcp_active_pcbs_changed = 0;
1424:Middlewares/Third_Party/LwIP/src/core/tcp.c ****         TCP_EVENT_POLL(prev, err);
1425:Middlewares/Third_Party/LwIP/src/core/tcp.c ****         if (tcp_active_pcbs_changed) {
1426:Middlewares/Third_Party/LwIP/src/core/tcp.c ****           goto tcp_slowtmr_start;
1427:Middlewares/Third_Party/LwIP/src/core/tcp.c ****         }
1428:Middlewares/Third_Party/LwIP/src/core/tcp.c ****         /* if err == ERR_ABRT, 'prev' is already deallocated */
1429:Middlewares/Third_Party/LwIP/src/core/tcp.c ****         if (err == ERR_OK) {
1430:Middlewares/Third_Party/LwIP/src/core/tcp.c ****           tcp_output(prev);
1431:Middlewares/Third_Party/LwIP/src/core/tcp.c ****         }
1432:Middlewares/Third_Party/LwIP/src/core/tcp.c ****       }
1433:Middlewares/Third_Party/LwIP/src/core/tcp.c ****     }
1434:Middlewares/Third_Party/LwIP/src/core/tcp.c ****   }
1435:Middlewares/Third_Party/LwIP/src/core/tcp.c **** 
1436:Middlewares/Third_Party/LwIP/src/core/tcp.c **** 
1437:Middlewares/Third_Party/LwIP/src/core/tcp.c ****   /* Steps through all of the TIME-WAIT PCBs. */
1438:Middlewares/Third_Party/LwIP/src/core/tcp.c ****   prev = NULL;
1439:Middlewares/Third_Party/LwIP/src/core/tcp.c ****   pcb = tcp_tw_pcbs;
1440:Middlewares/Third_Party/LwIP/src/core/tcp.c ****   while (pcb != NULL) {
1441:Middlewares/Third_Party/LwIP/src/core/tcp.c ****     LWIP_ASSERT("tcp_slowtmr: TIME-WAIT pcb->state == TIME-WAIT", pcb->state == TIME_WAIT);
1442:Middlewares/Third_Party/LwIP/src/core/tcp.c ****     pcb_remove = 0;
1443:Middlewares/Third_Party/LwIP/src/core/tcp.c **** 
1444:Middlewares/Third_Party/LwIP/src/core/tcp.c ****     /* Check if this PCB has stayed long enough in TIME-WAIT */
1445:Middlewares/Third_Party/LwIP/src/core/tcp.c ****     if ((u32_t)(tcp_ticks - pcb->tmr) > 2 * TCP_MSL / TCP_SLOW_INTERVAL) {
1446:Middlewares/Third_Party/LwIP/src/core/tcp.c ****       ++pcb_remove;
1447:Middlewares/Third_Party/LwIP/src/core/tcp.c ****     }
1448:Middlewares/Third_Party/LwIP/src/core/tcp.c **** 
1449:Middlewares/Third_Party/LwIP/src/core/tcp.c ****     /* If the PCB should be removed, do it. */
1450:Middlewares/Third_Party/LwIP/src/core/tcp.c ****     if (pcb_remove) {
1451:Middlewares/Third_Party/LwIP/src/core/tcp.c ****       struct tcp_pcb *pcb2;
1452:Middlewares/Third_Party/LwIP/src/core/tcp.c ****       tcp_pcb_purge(pcb);
1453:Middlewares/Third_Party/LwIP/src/core/tcp.c ****       /* Remove PCB from tcp_tw_pcbs list. */
1454:Middlewares/Third_Party/LwIP/src/core/tcp.c ****       if (prev != NULL) {
1455:Middlewares/Third_Party/LwIP/src/core/tcp.c ****         LWIP_ASSERT("tcp_slowtmr: middle tcp != tcp_tw_pcbs", pcb != tcp_tw_pcbs);
1456:Middlewares/Third_Party/LwIP/src/core/tcp.c ****         prev->next = pcb->next;
1457:Middlewares/Third_Party/LwIP/src/core/tcp.c ****       } else {
1458:Middlewares/Third_Party/LwIP/src/core/tcp.c ****         /* This PCB was the first. */
1459:Middlewares/Third_Party/LwIP/src/core/tcp.c ****         LWIP_ASSERT("tcp_slowtmr: first pcb == tcp_tw_pcbs", tcp_tw_pcbs == pcb);
1460:Middlewares/Third_Party/LwIP/src/core/tcp.c ****         tcp_tw_pcbs = pcb->next;
1461:Middlewares/Third_Party/LwIP/src/core/tcp.c ****       }
1462:Middlewares/Third_Party/LwIP/src/core/tcp.c ****       pcb2 = pcb;
1463:Middlewares/Third_Party/LwIP/src/core/tcp.c ****       pcb = pcb->next;
1464:Middlewares/Third_Party/LwIP/src/core/tcp.c ****       tcp_free(pcb2);
1465:Middlewares/Third_Party/LwIP/src/core/tcp.c ****     } else {
1466:Middlewares/Third_Party/LwIP/src/core/tcp.c ****       prev = pcb;
1467:Middlewares/Third_Party/LwIP/src/core/tcp.c ****       pcb = pcb->next;
1468:Middlewares/Third_Party/LwIP/src/core/tcp.c ****     }
1469:Middlewares/Third_Party/LwIP/src/core/tcp.c ****   }
1470:Middlewares/Third_Party/LwIP/src/core/tcp.c **** }
1471:Middlewares/Third_Party/LwIP/src/core/tcp.c **** 
ARM GAS  /tmp/ccmQZyRb.s 			page 39


1472:Middlewares/Third_Party/LwIP/src/core/tcp.c **** /**
1473:Middlewares/Third_Party/LwIP/src/core/tcp.c ****  * Is called every TCP_FAST_INTERVAL (250 ms) and process data previously
1474:Middlewares/Third_Party/LwIP/src/core/tcp.c ****  * "refused" by upper layer (application) and sends delayed ACKs or pending FINs.
1475:Middlewares/Third_Party/LwIP/src/core/tcp.c ****  *
1476:Middlewares/Third_Party/LwIP/src/core/tcp.c ****  * Automatically called from tcp_tmr().
1477:Middlewares/Third_Party/LwIP/src/core/tcp.c ****  */
1478:Middlewares/Third_Party/LwIP/src/core/tcp.c **** void
1479:Middlewares/Third_Party/LwIP/src/core/tcp.c **** tcp_fasttmr(void)
1480:Middlewares/Third_Party/LwIP/src/core/tcp.c **** {
1481:Middlewares/Third_Party/LwIP/src/core/tcp.c ****   struct tcp_pcb *pcb;
1482:Middlewares/Third_Party/LwIP/src/core/tcp.c **** 
1483:Middlewares/Third_Party/LwIP/src/core/tcp.c ****   ++tcp_timer_ctr;
1484:Middlewares/Third_Party/LwIP/src/core/tcp.c **** 
1485:Middlewares/Third_Party/LwIP/src/core/tcp.c **** tcp_fasttmr_start:
1486:Middlewares/Third_Party/LwIP/src/core/tcp.c ****   pcb = tcp_active_pcbs;
1487:Middlewares/Third_Party/LwIP/src/core/tcp.c **** 
1488:Middlewares/Third_Party/LwIP/src/core/tcp.c ****   while (pcb != NULL) {
1489:Middlewares/Third_Party/LwIP/src/core/tcp.c ****     if (pcb->last_timer != tcp_timer_ctr) {
1490:Middlewares/Third_Party/LwIP/src/core/tcp.c ****       struct tcp_pcb *next;
1491:Middlewares/Third_Party/LwIP/src/core/tcp.c ****       pcb->last_timer = tcp_timer_ctr;
1492:Middlewares/Third_Party/LwIP/src/core/tcp.c ****       /* send delayed ACKs */
1493:Middlewares/Third_Party/LwIP/src/core/tcp.c ****       if (pcb->flags & TF_ACK_DELAY) {
1494:Middlewares/Third_Party/LwIP/src/core/tcp.c ****         LWIP_DEBUGF(TCP_DEBUG, ("tcp_fasttmr: delayed ACK\n"));
1495:Middlewares/Third_Party/LwIP/src/core/tcp.c ****         tcp_ack_now(pcb);
1496:Middlewares/Third_Party/LwIP/src/core/tcp.c ****         tcp_output(pcb);
1497:Middlewares/Third_Party/LwIP/src/core/tcp.c ****         tcp_clear_flags(pcb, TF_ACK_DELAY | TF_ACK_NOW);
1498:Middlewares/Third_Party/LwIP/src/core/tcp.c ****       }
1499:Middlewares/Third_Party/LwIP/src/core/tcp.c ****       /* send pending FIN */
1500:Middlewares/Third_Party/LwIP/src/core/tcp.c ****       if (pcb->flags & TF_CLOSEPEND) {
1501:Middlewares/Third_Party/LwIP/src/core/tcp.c ****         LWIP_DEBUGF(TCP_DEBUG, ("tcp_fasttmr: pending FIN\n"));
1502:Middlewares/Third_Party/LwIP/src/core/tcp.c ****         tcp_clear_flags(pcb, TF_CLOSEPEND);
1503:Middlewares/Third_Party/LwIP/src/core/tcp.c ****         tcp_close_shutdown_fin(pcb);
1504:Middlewares/Third_Party/LwIP/src/core/tcp.c ****       }
1505:Middlewares/Third_Party/LwIP/src/core/tcp.c **** 
1506:Middlewares/Third_Party/LwIP/src/core/tcp.c ****       next = pcb->next;
1507:Middlewares/Third_Party/LwIP/src/core/tcp.c **** 
1508:Middlewares/Third_Party/LwIP/src/core/tcp.c ****       /* If there is data which was previously "refused" by upper layer */
1509:Middlewares/Third_Party/LwIP/src/core/tcp.c ****       if (pcb->refused_data != NULL) {
1510:Middlewares/Third_Party/LwIP/src/core/tcp.c ****         tcp_active_pcbs_changed = 0;
1511:Middlewares/Third_Party/LwIP/src/core/tcp.c ****         tcp_process_refused_data(pcb);
1512:Middlewares/Third_Party/LwIP/src/core/tcp.c ****         if (tcp_active_pcbs_changed) {
1513:Middlewares/Third_Party/LwIP/src/core/tcp.c ****           /* application callback has changed the pcb list: restart the loop */
1514:Middlewares/Third_Party/LwIP/src/core/tcp.c ****           goto tcp_fasttmr_start;
1515:Middlewares/Third_Party/LwIP/src/core/tcp.c ****         }
1516:Middlewares/Third_Party/LwIP/src/core/tcp.c ****       }
1517:Middlewares/Third_Party/LwIP/src/core/tcp.c ****       pcb = next;
1518:Middlewares/Third_Party/LwIP/src/core/tcp.c ****     } else {
1519:Middlewares/Third_Party/LwIP/src/core/tcp.c ****       pcb = pcb->next;
1520:Middlewares/Third_Party/LwIP/src/core/tcp.c ****     }
1521:Middlewares/Third_Party/LwIP/src/core/tcp.c ****   }
1522:Middlewares/Third_Party/LwIP/src/core/tcp.c **** }
1523:Middlewares/Third_Party/LwIP/src/core/tcp.c **** 
1524:Middlewares/Third_Party/LwIP/src/core/tcp.c **** /** Call tcp_output for all active pcbs that have TF_NAGLEMEMERR set */
1525:Middlewares/Third_Party/LwIP/src/core/tcp.c **** void
1526:Middlewares/Third_Party/LwIP/src/core/tcp.c **** tcp_txnow(void)
1527:Middlewares/Third_Party/LwIP/src/core/tcp.c **** {
1528:Middlewares/Third_Party/LwIP/src/core/tcp.c ****   struct tcp_pcb *pcb;
ARM GAS  /tmp/ccmQZyRb.s 			page 40


1529:Middlewares/Third_Party/LwIP/src/core/tcp.c **** 
1530:Middlewares/Third_Party/LwIP/src/core/tcp.c ****   for (pcb = tcp_active_pcbs; pcb != NULL; pcb = pcb->next) {
1531:Middlewares/Third_Party/LwIP/src/core/tcp.c ****     if (pcb->flags & TF_NAGLEMEMERR) {
1532:Middlewares/Third_Party/LwIP/src/core/tcp.c ****       tcp_output(pcb);
1533:Middlewares/Third_Party/LwIP/src/core/tcp.c ****     }
1534:Middlewares/Third_Party/LwIP/src/core/tcp.c ****   }
1535:Middlewares/Third_Party/LwIP/src/core/tcp.c **** }
1536:Middlewares/Third_Party/LwIP/src/core/tcp.c **** 
1537:Middlewares/Third_Party/LwIP/src/core/tcp.c **** /** Pass pcb->refused_data to the recv callback */
1538:Middlewares/Third_Party/LwIP/src/core/tcp.c **** err_t
1539:Middlewares/Third_Party/LwIP/src/core/tcp.c **** tcp_process_refused_data(struct tcp_pcb *pcb)
1540:Middlewares/Third_Party/LwIP/src/core/tcp.c **** {
1541:Middlewares/Third_Party/LwIP/src/core/tcp.c **** #if TCP_QUEUE_OOSEQ && LWIP_WND_SCALE
1542:Middlewares/Third_Party/LwIP/src/core/tcp.c ****   struct pbuf *rest;
1543:Middlewares/Third_Party/LwIP/src/core/tcp.c **** #endif /* TCP_QUEUE_OOSEQ && LWIP_WND_SCALE */
1544:Middlewares/Third_Party/LwIP/src/core/tcp.c **** 
1545:Middlewares/Third_Party/LwIP/src/core/tcp.c ****   LWIP_ERROR("tcp_process_refused_data: invalid pcb", pcb != NULL, return ERR_ARG);
1546:Middlewares/Third_Party/LwIP/src/core/tcp.c **** 
1547:Middlewares/Third_Party/LwIP/src/core/tcp.c **** #if TCP_QUEUE_OOSEQ && LWIP_WND_SCALE
1548:Middlewares/Third_Party/LwIP/src/core/tcp.c ****   while (pcb->refused_data != NULL)
1549:Middlewares/Third_Party/LwIP/src/core/tcp.c **** #endif /* TCP_QUEUE_OOSEQ && LWIP_WND_SCALE */
1550:Middlewares/Third_Party/LwIP/src/core/tcp.c ****   {
1551:Middlewares/Third_Party/LwIP/src/core/tcp.c ****     err_t err;
1552:Middlewares/Third_Party/LwIP/src/core/tcp.c ****     u8_t refused_flags = pcb->refused_data->flags;
1553:Middlewares/Third_Party/LwIP/src/core/tcp.c ****     /* set pcb->refused_data to NULL in case the callback frees it and then
1554:Middlewares/Third_Party/LwIP/src/core/tcp.c ****        closes the pcb */
1555:Middlewares/Third_Party/LwIP/src/core/tcp.c ****     struct pbuf *refused_data = pcb->refused_data;
1556:Middlewares/Third_Party/LwIP/src/core/tcp.c **** #if TCP_QUEUE_OOSEQ && LWIP_WND_SCALE
1557:Middlewares/Third_Party/LwIP/src/core/tcp.c ****     pbuf_split_64k(refused_data, &rest);
1558:Middlewares/Third_Party/LwIP/src/core/tcp.c ****     pcb->refused_data = rest;
1559:Middlewares/Third_Party/LwIP/src/core/tcp.c **** #else /* TCP_QUEUE_OOSEQ && LWIP_WND_SCALE */
1560:Middlewares/Third_Party/LwIP/src/core/tcp.c ****     pcb->refused_data = NULL;
1561:Middlewares/Third_Party/LwIP/src/core/tcp.c **** #endif /* TCP_QUEUE_OOSEQ && LWIP_WND_SCALE */
1562:Middlewares/Third_Party/LwIP/src/core/tcp.c ****     /* Notify again application with data previously received. */
1563:Middlewares/Third_Party/LwIP/src/core/tcp.c ****     LWIP_DEBUGF(TCP_INPUT_DEBUG, ("tcp_input: notify kept packet\n"));
1564:Middlewares/Third_Party/LwIP/src/core/tcp.c ****     TCP_EVENT_RECV(pcb, refused_data, ERR_OK, err);
1565:Middlewares/Third_Party/LwIP/src/core/tcp.c ****     if (err == ERR_OK) {
1566:Middlewares/Third_Party/LwIP/src/core/tcp.c ****       /* did refused_data include a FIN? */
1567:Middlewares/Third_Party/LwIP/src/core/tcp.c ****       if ((refused_flags & PBUF_FLAG_TCP_FIN)
1568:Middlewares/Third_Party/LwIP/src/core/tcp.c **** #if TCP_QUEUE_OOSEQ && LWIP_WND_SCALE
1569:Middlewares/Third_Party/LwIP/src/core/tcp.c ****           && (rest == NULL)
1570:Middlewares/Third_Party/LwIP/src/core/tcp.c **** #endif /* TCP_QUEUE_OOSEQ && LWIP_WND_SCALE */
1571:Middlewares/Third_Party/LwIP/src/core/tcp.c ****          ) {
1572:Middlewares/Third_Party/LwIP/src/core/tcp.c ****         /* correct rcv_wnd as the application won't call tcp_recved()
1573:Middlewares/Third_Party/LwIP/src/core/tcp.c ****            for the FIN's seqno */
1574:Middlewares/Third_Party/LwIP/src/core/tcp.c ****         if (pcb->rcv_wnd != TCP_WND_MAX(pcb)) {
1575:Middlewares/Third_Party/LwIP/src/core/tcp.c ****           pcb->rcv_wnd++;
1576:Middlewares/Third_Party/LwIP/src/core/tcp.c ****         }
1577:Middlewares/Third_Party/LwIP/src/core/tcp.c ****         TCP_EVENT_CLOSED(pcb, err);
1578:Middlewares/Third_Party/LwIP/src/core/tcp.c ****         if (err == ERR_ABRT) {
1579:Middlewares/Third_Party/LwIP/src/core/tcp.c ****           return ERR_ABRT;
1580:Middlewares/Third_Party/LwIP/src/core/tcp.c ****         }
1581:Middlewares/Third_Party/LwIP/src/core/tcp.c ****       }
1582:Middlewares/Third_Party/LwIP/src/core/tcp.c ****     } else if (err == ERR_ABRT) {
1583:Middlewares/Third_Party/LwIP/src/core/tcp.c ****       /* if err == ERR_ABRT, 'pcb' is already deallocated */
1584:Middlewares/Third_Party/LwIP/src/core/tcp.c ****       /* Drop incoming packets because pcb is "full" (only if the incoming
1585:Middlewares/Third_Party/LwIP/src/core/tcp.c ****          segment contains data). */
ARM GAS  /tmp/ccmQZyRb.s 			page 41


1586:Middlewares/Third_Party/LwIP/src/core/tcp.c ****       LWIP_DEBUGF(TCP_INPUT_DEBUG, ("tcp_input: drop incoming packets, because pcb is \"full\"\n"))
1587:Middlewares/Third_Party/LwIP/src/core/tcp.c ****       return ERR_ABRT;
1588:Middlewares/Third_Party/LwIP/src/core/tcp.c ****     } else {
1589:Middlewares/Third_Party/LwIP/src/core/tcp.c ****       /* data is still refused, pbuf is still valid (go on for ACK-only packets) */
1590:Middlewares/Third_Party/LwIP/src/core/tcp.c **** #if TCP_QUEUE_OOSEQ && LWIP_WND_SCALE
1591:Middlewares/Third_Party/LwIP/src/core/tcp.c ****       if (rest != NULL) {
1592:Middlewares/Third_Party/LwIP/src/core/tcp.c ****         pbuf_cat(refused_data, rest);
1593:Middlewares/Third_Party/LwIP/src/core/tcp.c ****       }
1594:Middlewares/Third_Party/LwIP/src/core/tcp.c **** #endif /* TCP_QUEUE_OOSEQ && LWIP_WND_SCALE */
1595:Middlewares/Third_Party/LwIP/src/core/tcp.c ****       pcb->refused_data = refused_data;
1596:Middlewares/Third_Party/LwIP/src/core/tcp.c ****       return ERR_INPROGRESS;
1597:Middlewares/Third_Party/LwIP/src/core/tcp.c ****     }
1598:Middlewares/Third_Party/LwIP/src/core/tcp.c ****   }
1599:Middlewares/Third_Party/LwIP/src/core/tcp.c ****   return ERR_OK;
1600:Middlewares/Third_Party/LwIP/src/core/tcp.c **** }
1601:Middlewares/Third_Party/LwIP/src/core/tcp.c **** 
1602:Middlewares/Third_Party/LwIP/src/core/tcp.c **** /**
1603:Middlewares/Third_Party/LwIP/src/core/tcp.c ****  * Deallocates a list of TCP segments (tcp_seg structures).
1604:Middlewares/Third_Party/LwIP/src/core/tcp.c ****  *
1605:Middlewares/Third_Party/LwIP/src/core/tcp.c ****  * @param seg tcp_seg list of TCP segments to free
1606:Middlewares/Third_Party/LwIP/src/core/tcp.c ****  */
1607:Middlewares/Third_Party/LwIP/src/core/tcp.c **** void
1608:Middlewares/Third_Party/LwIP/src/core/tcp.c **** tcp_segs_free(struct tcp_seg *seg)
1609:Middlewares/Third_Party/LwIP/src/core/tcp.c **** {
1610:Middlewares/Third_Party/LwIP/src/core/tcp.c ****   while (seg != NULL) {
1611:Middlewares/Third_Party/LwIP/src/core/tcp.c ****     struct tcp_seg *next = seg->next;
1612:Middlewares/Third_Party/LwIP/src/core/tcp.c ****     tcp_seg_free(seg);
1613:Middlewares/Third_Party/LwIP/src/core/tcp.c ****     seg = next;
1614:Middlewares/Third_Party/LwIP/src/core/tcp.c ****   }
1615:Middlewares/Third_Party/LwIP/src/core/tcp.c **** }
1616:Middlewares/Third_Party/LwIP/src/core/tcp.c **** 
1617:Middlewares/Third_Party/LwIP/src/core/tcp.c **** /**
1618:Middlewares/Third_Party/LwIP/src/core/tcp.c ****  * Frees a TCP segment (tcp_seg structure).
1619:Middlewares/Third_Party/LwIP/src/core/tcp.c ****  *
1620:Middlewares/Third_Party/LwIP/src/core/tcp.c ****  * @param seg single tcp_seg to free
1621:Middlewares/Third_Party/LwIP/src/core/tcp.c ****  */
1622:Middlewares/Third_Party/LwIP/src/core/tcp.c **** void
1623:Middlewares/Third_Party/LwIP/src/core/tcp.c **** tcp_seg_free(struct tcp_seg *seg)
1624:Middlewares/Third_Party/LwIP/src/core/tcp.c **** {
1625:Middlewares/Third_Party/LwIP/src/core/tcp.c ****   if (seg != NULL) {
1626:Middlewares/Third_Party/LwIP/src/core/tcp.c ****     if (seg->p != NULL) {
1627:Middlewares/Third_Party/LwIP/src/core/tcp.c ****       pbuf_free(seg->p);
1628:Middlewares/Third_Party/LwIP/src/core/tcp.c **** #if TCP_DEBUG
1629:Middlewares/Third_Party/LwIP/src/core/tcp.c ****       seg->p = NULL;
1630:Middlewares/Third_Party/LwIP/src/core/tcp.c **** #endif /* TCP_DEBUG */
1631:Middlewares/Third_Party/LwIP/src/core/tcp.c ****     }
1632:Middlewares/Third_Party/LwIP/src/core/tcp.c ****     memp_free(MEMP_TCP_SEG, seg);
1633:Middlewares/Third_Party/LwIP/src/core/tcp.c ****   }
1634:Middlewares/Third_Party/LwIP/src/core/tcp.c **** }
1635:Middlewares/Third_Party/LwIP/src/core/tcp.c **** 
1636:Middlewares/Third_Party/LwIP/src/core/tcp.c **** /**
1637:Middlewares/Third_Party/LwIP/src/core/tcp.c ****  * @ingroup tcp
1638:Middlewares/Third_Party/LwIP/src/core/tcp.c ****  * Sets the priority of a connection.
1639:Middlewares/Third_Party/LwIP/src/core/tcp.c ****  *
1640:Middlewares/Third_Party/LwIP/src/core/tcp.c ****  * @param pcb the tcp_pcb to manipulate
1641:Middlewares/Third_Party/LwIP/src/core/tcp.c ****  * @param prio new priority
1642:Middlewares/Third_Party/LwIP/src/core/tcp.c ****  */
ARM GAS  /tmp/ccmQZyRb.s 			page 42


1643:Middlewares/Third_Party/LwIP/src/core/tcp.c **** void
1644:Middlewares/Third_Party/LwIP/src/core/tcp.c **** tcp_setprio(struct tcp_pcb *pcb, u8_t prio)
1645:Middlewares/Third_Party/LwIP/src/core/tcp.c **** {
1646:Middlewares/Third_Party/LwIP/src/core/tcp.c ****   LWIP_ASSERT_CORE_LOCKED();
1647:Middlewares/Third_Party/LwIP/src/core/tcp.c **** 
1648:Middlewares/Third_Party/LwIP/src/core/tcp.c ****   LWIP_ERROR("tcp_setprio: invalid pcb", pcb != NULL, return);
1649:Middlewares/Third_Party/LwIP/src/core/tcp.c **** 
1650:Middlewares/Third_Party/LwIP/src/core/tcp.c ****   pcb->prio = prio;
1651:Middlewares/Third_Party/LwIP/src/core/tcp.c **** }
1652:Middlewares/Third_Party/LwIP/src/core/tcp.c **** 
1653:Middlewares/Third_Party/LwIP/src/core/tcp.c **** #if TCP_QUEUE_OOSEQ
1654:Middlewares/Third_Party/LwIP/src/core/tcp.c **** /**
1655:Middlewares/Third_Party/LwIP/src/core/tcp.c ****  * Returns a copy of the given TCP segment.
1656:Middlewares/Third_Party/LwIP/src/core/tcp.c ****  * The pbuf and data are not copied, only the pointers
1657:Middlewares/Third_Party/LwIP/src/core/tcp.c ****  *
1658:Middlewares/Third_Party/LwIP/src/core/tcp.c ****  * @param seg the old tcp_seg
1659:Middlewares/Third_Party/LwIP/src/core/tcp.c ****  * @return a copy of seg
1660:Middlewares/Third_Party/LwIP/src/core/tcp.c ****  */
1661:Middlewares/Third_Party/LwIP/src/core/tcp.c **** struct tcp_seg *
1662:Middlewares/Third_Party/LwIP/src/core/tcp.c **** tcp_seg_copy(struct tcp_seg *seg)
1663:Middlewares/Third_Party/LwIP/src/core/tcp.c **** {
1664:Middlewares/Third_Party/LwIP/src/core/tcp.c ****   struct tcp_seg *cseg;
1665:Middlewares/Third_Party/LwIP/src/core/tcp.c **** 
1666:Middlewares/Third_Party/LwIP/src/core/tcp.c ****   LWIP_ASSERT("tcp_seg_copy: invalid seg", seg != NULL);
1667:Middlewares/Third_Party/LwIP/src/core/tcp.c **** 
1668:Middlewares/Third_Party/LwIP/src/core/tcp.c ****   cseg = (struct tcp_seg *)memp_malloc(MEMP_TCP_SEG);
1669:Middlewares/Third_Party/LwIP/src/core/tcp.c ****   if (cseg == NULL) {
1670:Middlewares/Third_Party/LwIP/src/core/tcp.c ****     return NULL;
1671:Middlewares/Third_Party/LwIP/src/core/tcp.c ****   }
1672:Middlewares/Third_Party/LwIP/src/core/tcp.c ****   SMEMCPY((u8_t *)cseg, (const u8_t *)seg, sizeof(struct tcp_seg));
1673:Middlewares/Third_Party/LwIP/src/core/tcp.c ****   pbuf_ref(cseg->p);
1674:Middlewares/Third_Party/LwIP/src/core/tcp.c ****   return cseg;
1675:Middlewares/Third_Party/LwIP/src/core/tcp.c **** }
1676:Middlewares/Third_Party/LwIP/src/core/tcp.c **** #endif /* TCP_QUEUE_OOSEQ */
1677:Middlewares/Third_Party/LwIP/src/core/tcp.c **** 
1678:Middlewares/Third_Party/LwIP/src/core/tcp.c **** #if LWIP_CALLBACK_API
1679:Middlewares/Third_Party/LwIP/src/core/tcp.c **** /**
1680:Middlewares/Third_Party/LwIP/src/core/tcp.c ****  * Default receive callback that is called if the user didn't register
1681:Middlewares/Third_Party/LwIP/src/core/tcp.c ****  * a recv callback for the pcb.
1682:Middlewares/Third_Party/LwIP/src/core/tcp.c ****  */
1683:Middlewares/Third_Party/LwIP/src/core/tcp.c **** err_t
1684:Middlewares/Third_Party/LwIP/src/core/tcp.c **** tcp_recv_null(void *arg, struct tcp_pcb *pcb, struct pbuf *p, err_t err)
1685:Middlewares/Third_Party/LwIP/src/core/tcp.c **** {
1686:Middlewares/Third_Party/LwIP/src/core/tcp.c ****   LWIP_UNUSED_ARG(arg);
1687:Middlewares/Third_Party/LwIP/src/core/tcp.c **** 
1688:Middlewares/Third_Party/LwIP/src/core/tcp.c ****   LWIP_ERROR("tcp_recv_null: invalid pcb", pcb != NULL, return ERR_ARG);
1689:Middlewares/Third_Party/LwIP/src/core/tcp.c **** 
1690:Middlewares/Third_Party/LwIP/src/core/tcp.c ****   if (p != NULL) {
1691:Middlewares/Third_Party/LwIP/src/core/tcp.c ****     tcp_recved(pcb, p->tot_len);
1692:Middlewares/Third_Party/LwIP/src/core/tcp.c ****     pbuf_free(p);
1693:Middlewares/Third_Party/LwIP/src/core/tcp.c ****   } else if (err == ERR_OK) {
1694:Middlewares/Third_Party/LwIP/src/core/tcp.c ****     return tcp_close(pcb);
1695:Middlewares/Third_Party/LwIP/src/core/tcp.c ****   }
1696:Middlewares/Third_Party/LwIP/src/core/tcp.c ****   return ERR_OK;
1697:Middlewares/Third_Party/LwIP/src/core/tcp.c **** }
1698:Middlewares/Third_Party/LwIP/src/core/tcp.c **** #endif /* LWIP_CALLBACK_API */
1699:Middlewares/Third_Party/LwIP/src/core/tcp.c **** 
ARM GAS  /tmp/ccmQZyRb.s 			page 43


1700:Middlewares/Third_Party/LwIP/src/core/tcp.c **** /**
1701:Middlewares/Third_Party/LwIP/src/core/tcp.c ****  * Kills the oldest active connection that has a lower priority than 'prio'.
1702:Middlewares/Third_Party/LwIP/src/core/tcp.c ****  *
1703:Middlewares/Third_Party/LwIP/src/core/tcp.c ****  * @param prio minimum priority
1704:Middlewares/Third_Party/LwIP/src/core/tcp.c ****  */
1705:Middlewares/Third_Party/LwIP/src/core/tcp.c **** static void
1706:Middlewares/Third_Party/LwIP/src/core/tcp.c **** tcp_kill_prio(u8_t prio)
1707:Middlewares/Third_Party/LwIP/src/core/tcp.c **** {
1708:Middlewares/Third_Party/LwIP/src/core/tcp.c ****   struct tcp_pcb *pcb, *inactive;
1709:Middlewares/Third_Party/LwIP/src/core/tcp.c ****   u32_t inactivity;
1710:Middlewares/Third_Party/LwIP/src/core/tcp.c ****   u8_t mprio;
1711:Middlewares/Third_Party/LwIP/src/core/tcp.c **** 
1712:Middlewares/Third_Party/LwIP/src/core/tcp.c ****   mprio = LWIP_MIN(TCP_PRIO_MAX, prio);
1713:Middlewares/Third_Party/LwIP/src/core/tcp.c **** 
1714:Middlewares/Third_Party/LwIP/src/core/tcp.c ****   /* We want to kill connections with a lower prio, so bail out if 
1715:Middlewares/Third_Party/LwIP/src/core/tcp.c ****    * supplied prio is 0 - there can never be a lower prio
1716:Middlewares/Third_Party/LwIP/src/core/tcp.c ****    */
1717:Middlewares/Third_Party/LwIP/src/core/tcp.c ****   if (mprio == 0) {
1718:Middlewares/Third_Party/LwIP/src/core/tcp.c ****     return;
1719:Middlewares/Third_Party/LwIP/src/core/tcp.c ****   }
1720:Middlewares/Third_Party/LwIP/src/core/tcp.c **** 
1721:Middlewares/Third_Party/LwIP/src/core/tcp.c ****   /* We only want kill connections with a lower prio, so decrement prio by one 
1722:Middlewares/Third_Party/LwIP/src/core/tcp.c ****    * and start searching for oldest connection with same or lower priority than mprio.
1723:Middlewares/Third_Party/LwIP/src/core/tcp.c ****    * We want to find the connections with the lowest possible prio, and among
1724:Middlewares/Third_Party/LwIP/src/core/tcp.c ****    * these the one with the longest inactivity time.
1725:Middlewares/Third_Party/LwIP/src/core/tcp.c ****    */
1726:Middlewares/Third_Party/LwIP/src/core/tcp.c ****   mprio--;
1727:Middlewares/Third_Party/LwIP/src/core/tcp.c **** 
1728:Middlewares/Third_Party/LwIP/src/core/tcp.c ****   inactivity = 0;
1729:Middlewares/Third_Party/LwIP/src/core/tcp.c ****   inactive = NULL;
1730:Middlewares/Third_Party/LwIP/src/core/tcp.c ****   for (pcb = tcp_active_pcbs; pcb != NULL; pcb = pcb->next) {
1731:Middlewares/Third_Party/LwIP/src/core/tcp.c ****         /* lower prio is always a kill candidate */
1732:Middlewares/Third_Party/LwIP/src/core/tcp.c ****     if ((pcb->prio < mprio) ||
1733:Middlewares/Third_Party/LwIP/src/core/tcp.c ****         /* longer inactivity is also a kill candidate */
1734:Middlewares/Third_Party/LwIP/src/core/tcp.c ****         ((pcb->prio == mprio) && ((u32_t)(tcp_ticks - pcb->tmr) >= inactivity))) {
1735:Middlewares/Third_Party/LwIP/src/core/tcp.c ****       inactivity = tcp_ticks - pcb->tmr;
1736:Middlewares/Third_Party/LwIP/src/core/tcp.c ****       inactive   = pcb;
1737:Middlewares/Third_Party/LwIP/src/core/tcp.c ****       mprio      = pcb->prio;
1738:Middlewares/Third_Party/LwIP/src/core/tcp.c ****     }
1739:Middlewares/Third_Party/LwIP/src/core/tcp.c ****   }
1740:Middlewares/Third_Party/LwIP/src/core/tcp.c ****   if (inactive != NULL) {
1741:Middlewares/Third_Party/LwIP/src/core/tcp.c ****     LWIP_DEBUGF(TCP_DEBUG, ("tcp_kill_prio: killing oldest PCB %p (%"S32_F")\n",
1742:Middlewares/Third_Party/LwIP/src/core/tcp.c ****                             (void *)inactive, inactivity));
1743:Middlewares/Third_Party/LwIP/src/core/tcp.c ****     tcp_abort(inactive);
1744:Middlewares/Third_Party/LwIP/src/core/tcp.c ****   }
1745:Middlewares/Third_Party/LwIP/src/core/tcp.c **** }
1746:Middlewares/Third_Party/LwIP/src/core/tcp.c **** 
1747:Middlewares/Third_Party/LwIP/src/core/tcp.c **** /**
1748:Middlewares/Third_Party/LwIP/src/core/tcp.c ****  * Kills the oldest connection that is in specific state.
1749:Middlewares/Third_Party/LwIP/src/core/tcp.c ****  * Called from tcp_alloc() for LAST_ACK and CLOSING if no more connections are available.
1750:Middlewares/Third_Party/LwIP/src/core/tcp.c ****  */
1751:Middlewares/Third_Party/LwIP/src/core/tcp.c **** static void
1752:Middlewares/Third_Party/LwIP/src/core/tcp.c **** tcp_kill_state(enum tcp_state state)
1753:Middlewares/Third_Party/LwIP/src/core/tcp.c **** {
1754:Middlewares/Third_Party/LwIP/src/core/tcp.c ****   struct tcp_pcb *pcb, *inactive;
1755:Middlewares/Third_Party/LwIP/src/core/tcp.c ****   u32_t inactivity;
1756:Middlewares/Third_Party/LwIP/src/core/tcp.c **** 
ARM GAS  /tmp/ccmQZyRb.s 			page 44


1757:Middlewares/Third_Party/LwIP/src/core/tcp.c ****   LWIP_ASSERT("invalid state", (state == CLOSING) || (state == LAST_ACK));
1758:Middlewares/Third_Party/LwIP/src/core/tcp.c **** 
1759:Middlewares/Third_Party/LwIP/src/core/tcp.c ****   inactivity = 0;
1760:Middlewares/Third_Party/LwIP/src/core/tcp.c ****   inactive = NULL;
1761:Middlewares/Third_Party/LwIP/src/core/tcp.c ****   /* Go through the list of active pcbs and get the oldest pcb that is in state
1762:Middlewares/Third_Party/LwIP/src/core/tcp.c ****      CLOSING/LAST_ACK. */
1763:Middlewares/Third_Party/LwIP/src/core/tcp.c ****   for (pcb = tcp_active_pcbs; pcb != NULL; pcb = pcb->next) {
1764:Middlewares/Third_Party/LwIP/src/core/tcp.c ****     if (pcb->state == state) {
1765:Middlewares/Third_Party/LwIP/src/core/tcp.c ****       if ((u32_t)(tcp_ticks - pcb->tmr) >= inactivity) {
1766:Middlewares/Third_Party/LwIP/src/core/tcp.c ****         inactivity = tcp_ticks - pcb->tmr;
1767:Middlewares/Third_Party/LwIP/src/core/tcp.c ****         inactive = pcb;
1768:Middlewares/Third_Party/LwIP/src/core/tcp.c ****       }
1769:Middlewares/Third_Party/LwIP/src/core/tcp.c ****     }
1770:Middlewares/Third_Party/LwIP/src/core/tcp.c ****   }
1771:Middlewares/Third_Party/LwIP/src/core/tcp.c ****   if (inactive != NULL) {
1772:Middlewares/Third_Party/LwIP/src/core/tcp.c ****     LWIP_DEBUGF(TCP_DEBUG, ("tcp_kill_closing: killing oldest %s PCB %p (%"S32_F")\n",
1773:Middlewares/Third_Party/LwIP/src/core/tcp.c ****                             tcp_state_str[state], (void *)inactive, inactivity));
1774:Middlewares/Third_Party/LwIP/src/core/tcp.c ****     /* Don't send a RST, since no data is lost. */
1775:Middlewares/Third_Party/LwIP/src/core/tcp.c ****     tcp_abandon(inactive, 0);
1776:Middlewares/Third_Party/LwIP/src/core/tcp.c ****   }
1777:Middlewares/Third_Party/LwIP/src/core/tcp.c **** }
1778:Middlewares/Third_Party/LwIP/src/core/tcp.c **** 
1779:Middlewares/Third_Party/LwIP/src/core/tcp.c **** /**
1780:Middlewares/Third_Party/LwIP/src/core/tcp.c ****  * Kills the oldest connection that is in TIME_WAIT state.
1781:Middlewares/Third_Party/LwIP/src/core/tcp.c ****  * Called from tcp_alloc() if no more connections are available.
1782:Middlewares/Third_Party/LwIP/src/core/tcp.c ****  */
1783:Middlewares/Third_Party/LwIP/src/core/tcp.c **** static void
1784:Middlewares/Third_Party/LwIP/src/core/tcp.c **** tcp_kill_timewait(void)
1785:Middlewares/Third_Party/LwIP/src/core/tcp.c **** {
1786:Middlewares/Third_Party/LwIP/src/core/tcp.c ****   struct tcp_pcb *pcb, *inactive;
1787:Middlewares/Third_Party/LwIP/src/core/tcp.c ****   u32_t inactivity;
1788:Middlewares/Third_Party/LwIP/src/core/tcp.c **** 
1789:Middlewares/Third_Party/LwIP/src/core/tcp.c ****   inactivity = 0;
1790:Middlewares/Third_Party/LwIP/src/core/tcp.c ****   inactive = NULL;
1791:Middlewares/Third_Party/LwIP/src/core/tcp.c ****   /* Go through the list of TIME_WAIT pcbs and get the oldest pcb. */
1792:Middlewares/Third_Party/LwIP/src/core/tcp.c ****   for (pcb = tcp_tw_pcbs; pcb != NULL; pcb = pcb->next) {
1793:Middlewares/Third_Party/LwIP/src/core/tcp.c ****     if ((u32_t)(tcp_ticks - pcb->tmr) >= inactivity) {
1794:Middlewares/Third_Party/LwIP/src/core/tcp.c ****       inactivity = tcp_ticks - pcb->tmr;
1795:Middlewares/Third_Party/LwIP/src/core/tcp.c ****       inactive = pcb;
1796:Middlewares/Third_Party/LwIP/src/core/tcp.c ****     }
1797:Middlewares/Third_Party/LwIP/src/core/tcp.c ****   }
1798:Middlewares/Third_Party/LwIP/src/core/tcp.c ****   if (inactive != NULL) {
1799:Middlewares/Third_Party/LwIP/src/core/tcp.c ****     LWIP_DEBUGF(TCP_DEBUG, ("tcp_kill_timewait: killing oldest TIME-WAIT PCB %p (%"S32_F")\n",
1800:Middlewares/Third_Party/LwIP/src/core/tcp.c ****                             (void *)inactive, inactivity));
1801:Middlewares/Third_Party/LwIP/src/core/tcp.c ****     tcp_abort(inactive);
1802:Middlewares/Third_Party/LwIP/src/core/tcp.c ****   }
1803:Middlewares/Third_Party/LwIP/src/core/tcp.c **** }
1804:Middlewares/Third_Party/LwIP/src/core/tcp.c **** 
1805:Middlewares/Third_Party/LwIP/src/core/tcp.c **** /* Called when allocating a pcb fails.
1806:Middlewares/Third_Party/LwIP/src/core/tcp.c ****  * In this case, we want to handle all pcbs that want to close first: if we can
1807:Middlewares/Third_Party/LwIP/src/core/tcp.c ****  * now send the FIN (which failed before), the pcb might be in a state that is
1808:Middlewares/Third_Party/LwIP/src/core/tcp.c ****  * OK for us to now free it.
1809:Middlewares/Third_Party/LwIP/src/core/tcp.c ****  */
1810:Middlewares/Third_Party/LwIP/src/core/tcp.c **** static void
1811:Middlewares/Third_Party/LwIP/src/core/tcp.c **** tcp_handle_closepend(void)
1812:Middlewares/Third_Party/LwIP/src/core/tcp.c **** {
 556              		.loc 1 1812 1 view -0
ARM GAS  /tmp/ccmQZyRb.s 			page 45


 557              		.cfi_startproc
 558              		@ args = 0, pretend = 0, frame = 0
 559              		@ frame_needed = 0, uses_anonymous_args = 0
1813:Middlewares/Third_Party/LwIP/src/core/tcp.c ****   struct tcp_pcb *pcb = tcp_active_pcbs;
 560              		.loc 1 1813 3 view .LVU145
 561              		.loc 1 1813 19 is_stmt 0 view .LVU146
 562 0000 094B     		ldr	r3, .L66
 563 0002 1868     		ldr	r0, [r3]
 564              	.LVL52:
1814:Middlewares/Third_Party/LwIP/src/core/tcp.c **** 
1815:Middlewares/Third_Party/LwIP/src/core/tcp.c ****   while (pcb != NULL) {
 565              		.loc 1 1815 3 is_stmt 1 view .LVU147
 566              		.loc 1 1815 9 view .LVU148
 567 0004 78B1     		cbz	r0, .L64
1812:Middlewares/Third_Party/LwIP/src/core/tcp.c ****   struct tcp_pcb *pcb = tcp_active_pcbs;
 568              		.loc 1 1812 1 is_stmt 0 view .LVU149
 569 0006 10B5     		push	{r4, lr}
 570              	.LCFI4:
 571              		.cfi_def_cfa_offset 8
 572              		.cfi_offset 4, -8
 573              		.cfi_offset 14, -4
 574 0008 01E0     		b	.L60
 575              	.LVL53:
 576              	.L59:
1812:Middlewares/Third_Party/LwIP/src/core/tcp.c ****   struct tcp_pcb *pcb = tcp_active_pcbs;
 577              		.loc 1 1812 1 view .LVU150
 578 000a 2046     		mov	r0, r4
 579              	.LVL54:
 580              		.loc 1 1815 9 is_stmt 1 view .LVU151
 581 000c 54B1     		cbz	r4, .L65
 582              	.LVL55:
 583              	.L60:
 584              	.LBB2:
1816:Middlewares/Third_Party/LwIP/src/core/tcp.c ****     struct tcp_pcb *next = pcb->next;
 585              		.loc 1 1816 5 view .LVU152
 586              		.loc 1 1816 21 is_stmt 0 view .LVU153
 587 000e C468     		ldr	r4, [r0, #12]
 588              	.LVL56:
1817:Middlewares/Third_Party/LwIP/src/core/tcp.c ****     /* send pending FIN */
1818:Middlewares/Third_Party/LwIP/src/core/tcp.c ****     if (pcb->flags & TF_CLOSEPEND) {
 589              		.loc 1 1818 5 is_stmt 1 view .LVU154
 590              		.loc 1 1818 12 is_stmt 0 view .LVU155
 591 0010 438B     		ldrh	r3, [r0, #26]
 592              		.loc 1 1818 8 view .LVU156
 593 0012 13F0080F 		tst	r3, #8
 594 0016 F8D0     		beq	.L59
1819:Middlewares/Third_Party/LwIP/src/core/tcp.c ****       LWIP_DEBUGF(TCP_DEBUG, ("tcp_handle_closepend: pending FIN\n"));
 595              		.loc 1 1819 70 is_stmt 1 view .LVU157
1820:Middlewares/Third_Party/LwIP/src/core/tcp.c ****       tcp_clear_flags(pcb, TF_CLOSEPEND);
 596              		.loc 1 1820 7 view .LVU158
 597              		.loc 1 1820 7 view .LVU159
 598 0018 23F00803 		bic	r3, r3, #8
 599 001c 4383     		strh	r3, [r0, #26]	@ movhi
 600              		.loc 1 1820 7 view .LVU160
1821:Middlewares/Third_Party/LwIP/src/core/tcp.c ****       tcp_close_shutdown_fin(pcb);
 601              		.loc 1 1821 7 view .LVU161
 602 001e FFF7FEFF 		bl	tcp_close_shutdown_fin
ARM GAS  /tmp/ccmQZyRb.s 			page 46


 603              	.LVL57:
 604              		.loc 1 1821 7 is_stmt 0 view .LVU162
 605 0022 F2E7     		b	.L59
 606              	.LVL58:
 607              	.L65:
 608              		.loc 1 1821 7 view .LVU163
 609              	.LBE2:
1822:Middlewares/Third_Party/LwIP/src/core/tcp.c ****     }
1823:Middlewares/Third_Party/LwIP/src/core/tcp.c ****     pcb = next;
1824:Middlewares/Third_Party/LwIP/src/core/tcp.c ****   }
1825:Middlewares/Third_Party/LwIP/src/core/tcp.c **** }
 610              		.loc 1 1825 1 view .LVU164
 611 0024 10BD     		pop	{r4, pc}
 612              	.LVL59:
 613              	.L64:
 614              	.LCFI5:
 615              		.cfi_def_cfa_offset 0
 616              		.cfi_restore 4
 617              		.cfi_restore 14
 618              		.loc 1 1825 1 view .LVU165
 619 0026 7047     		bx	lr
 620              	.L67:
 621              		.align	2
 622              	.L66:
 623 0028 00000000 		.word	.LANCHOR2
 624              		.cfi_endproc
 625              	.LFE202:
 627              		.section	.text.tcp_init,"ax",%progbits
 628              		.align	1
 629              		.global	tcp_init
 630              		.syntax unified
 631              		.thumb
 632              		.thumb_func
 633              		.fpu fpv5-d16
 635              	tcp_init:
 636              	.LFB169:
 202:Middlewares/Third_Party/LwIP/src/core/tcp.c **** #ifdef LWIP_RAND
 637              		.loc 1 202 1 is_stmt 1 view -0
 638              		.cfi_startproc
 639              		@ args = 0, pretend = 0, frame = 0
 640              		@ frame_needed = 0, uses_anonymous_args = 0
 641 0000 08B5     		push	{r3, lr}
 642              	.LCFI6:
 643              		.cfi_def_cfa_offset 8
 644              		.cfi_offset 3, -8
 645              		.cfi_offset 14, -4
 204:Middlewares/Third_Party/LwIP/src/core/tcp.c **** #endif /* LWIP_RAND */
 646              		.loc 1 204 3 view .LVU167
 204:Middlewares/Third_Party/LwIP/src/core/tcp.c **** #endif /* LWIP_RAND */
 647              		.loc 1 204 14 is_stmt 0 view .LVU168
 648 0002 FFF7FEFF 		bl	rand
 649              	.LVL60:
 650 0006 024B     		ldr	r3, .L70
 651 0008 0343     		orrs	r3, r3, r0
 204:Middlewares/Third_Party/LwIP/src/core/tcp.c **** #endif /* LWIP_RAND */
 652              		.loc 1 204 12 view .LVU169
 653 000a 024A     		ldr	r2, .L70+4
ARM GAS  /tmp/ccmQZyRb.s 			page 47


 654 000c 1380     		strh	r3, [r2]	@ movhi
 206:Middlewares/Third_Party/LwIP/src/core/tcp.c **** 
 655              		.loc 1 206 1 view .LVU170
 656 000e 08BD     		pop	{r3, pc}
 657              	.L71:
 658              		.align	2
 659              	.L70:
 660 0010 00C0FFFF 		.word	-16384
 661 0014 00000000 		.word	.LANCHOR0
 662              		.cfi_endproc
 663              	.LFE169:
 665              		.section	.rodata.tcp_free.str1.4,"aMS",%progbits,1
 666              		.align	2
 667              	.LC6:
 668 0000 7463705F 		.ascii	"tcp_free: LISTEN\000"
 668      66726565 
 668      3A204C49 
 668      5354454E 
 668      00
 669              		.section	.text.tcp_free,"ax",%progbits
 670              		.align	1
 671              		.global	tcp_free
 672              		.syntax unified
 673              		.thumb
 674              		.thumb_func
 675              		.fpu fpv5-d16
 677              	tcp_free:
 678              	.LVL61:
 679              	.LFB170:
 211:Middlewares/Third_Party/LwIP/src/core/tcp.c ****   LWIP_ASSERT("tcp_free: LISTEN", pcb->state != LISTEN);
 680              		.loc 1 211 1 is_stmt 1 view -0
 681              		.cfi_startproc
 682              		@ args = 0, pretend = 0, frame = 0
 683              		@ frame_needed = 0, uses_anonymous_args = 0
 211:Middlewares/Third_Party/LwIP/src/core/tcp.c ****   LWIP_ASSERT("tcp_free: LISTEN", pcb->state != LISTEN);
 684              		.loc 1 211 1 is_stmt 0 view .LVU172
 685 0000 10B5     		push	{r4, lr}
 686              	.LCFI7:
 687              		.cfi_def_cfa_offset 8
 688              		.cfi_offset 4, -8
 689              		.cfi_offset 14, -4
 690 0002 0446     		mov	r4, r0
 212:Middlewares/Third_Party/LwIP/src/core/tcp.c **** #if LWIP_TCP_PCB_NUM_EXT_ARGS
 691              		.loc 1 212 3 is_stmt 1 view .LVU173
 212:Middlewares/Third_Party/LwIP/src/core/tcp.c **** #if LWIP_TCP_PCB_NUM_EXT_ARGS
 692              		.loc 1 212 3 view .LVU174
 693 0004 037D     		ldrb	r3, [r0, #20]	@ zero_extendqisi2
 694 0006 012B     		cmp	r3, #1
 695 0008 04D0     		beq	.L75
 696              	.LVL62:
 697              	.L73:
 212:Middlewares/Third_Party/LwIP/src/core/tcp.c **** #if LWIP_TCP_PCB_NUM_EXT_ARGS
 698              		.loc 1 212 3 discriminator 3 view .LVU175
 212:Middlewares/Third_Party/LwIP/src/core/tcp.c **** #if LWIP_TCP_PCB_NUM_EXT_ARGS
 699              		.loc 1 212 3 discriminator 3 view .LVU176
 216:Middlewares/Third_Party/LwIP/src/core/tcp.c **** }
 700              		.loc 1 216 3 discriminator 3 view .LVU177
ARM GAS  /tmp/ccmQZyRb.s 			page 48


 701 000a 2146     		mov	r1, r4
 702 000c 0120     		movs	r0, #1
 703 000e FFF7FEFF 		bl	memp_free
 704              	.LVL63:
 217:Middlewares/Third_Party/LwIP/src/core/tcp.c **** 
 705              		.loc 1 217 1 is_stmt 0 discriminator 3 view .LVU178
 706 0012 10BD     		pop	{r4, pc}
 707              	.LVL64:
 708              	.L75:
 212:Middlewares/Third_Party/LwIP/src/core/tcp.c **** #if LWIP_TCP_PCB_NUM_EXT_ARGS
 709              		.loc 1 212 3 is_stmt 1 discriminator 1 view .LVU179
 212:Middlewares/Third_Party/LwIP/src/core/tcp.c **** #if LWIP_TCP_PCB_NUM_EXT_ARGS
 710              		.loc 1 212 3 discriminator 1 view .LVU180
 711 0014 034B     		ldr	r3, .L76
 712 0016 D422     		movs	r2, #212
 713 0018 0349     		ldr	r1, .L76+4
 714 001a 0448     		ldr	r0, .L76+8
 715              	.LVL65:
 212:Middlewares/Third_Party/LwIP/src/core/tcp.c **** #if LWIP_TCP_PCB_NUM_EXT_ARGS
 716              		.loc 1 212 3 is_stmt 0 discriminator 1 view .LVU181
 717 001c FFF7FEFF 		bl	printf
 718              	.LVL66:
 719 0020 F3E7     		b	.L73
 720              	.L77:
 721 0022 00BF     		.align	2
 722              	.L76:
 723 0024 00000000 		.word	.LC0
 724 0028 00000000 		.word	.LC6
 725 002c 54000000 		.word	.LC2
 726              		.cfi_endproc
 727              	.LFE170:
 729              		.section	.rodata.tcp_bind.str1.4,"aMS",%progbits,1
 730              		.align	2
 731              	.LC7:
 732 0000 7463705F 		.ascii	"tcp_bind: invalid pcb\000"
 732      62696E64 
 732      3A20696E 
 732      76616C69 
 732      64207063 
 733 0016 0000     		.align	2
 734              	.LC8:
 735 0018 7463705F 		.ascii	"tcp_bind: can only bind in state CLOSED\000"
 735      62696E64 
 735      3A206361 
 735      6E206F6E 
 735      6C792062 
 736              		.section	.text.tcp_bind,"ax",%progbits
 737              		.align	1
 738              		.global	tcp_bind
 739              		.syntax unified
 740              		.thumb
 741              		.thumb_func
 742              		.fpu fpv5-d16
 744              	tcp_bind:
 745              	.LVL67:
 746              	.LFB181:
 662:Middlewares/Third_Party/LwIP/src/core/tcp.c ****   int i;
ARM GAS  /tmp/ccmQZyRb.s 			page 49


 747              		.loc 1 662 1 is_stmt 1 view -0
 748              		.cfi_startproc
 749              		@ args = 0, pretend = 0, frame = 0
 750              		@ frame_needed = 0, uses_anonymous_args = 0
 662:Middlewares/Third_Party/LwIP/src/core/tcp.c ****   int i;
 751              		.loc 1 662 1 is_stmt 0 view .LVU183
 752 0000 70B5     		push	{r4, r5, r6, lr}
 753              	.LCFI8:
 754              		.cfi_def_cfa_offset 16
 755              		.cfi_offset 4, -16
 756              		.cfi_offset 5, -12
 757              		.cfi_offset 6, -8
 758              		.cfi_offset 14, -4
 759 0002 0646     		mov	r6, r0
 663:Middlewares/Third_Party/LwIP/src/core/tcp.c ****   int max_pcb_list = NUM_TCP_PCB_LISTS;
 760              		.loc 1 663 3 is_stmt 1 view .LVU184
 664:Middlewares/Third_Party/LwIP/src/core/tcp.c ****   struct tcp_pcb *cpcb;
 761              		.loc 1 664 3 view .LVU185
 762              	.LVL68:
 665:Middlewares/Third_Party/LwIP/src/core/tcp.c **** #if LWIP_IPV6 && LWIP_IPV6_SCOPES
 763              		.loc 1 665 3 view .LVU186
 670:Middlewares/Third_Party/LwIP/src/core/tcp.c **** 
 764              		.loc 1 670 28 view .LVU187
 674:Middlewares/Third_Party/LwIP/src/core/tcp.c ****     ipaddr = IP4_ADDR_ANY;
 765              		.loc 1 674 3 view .LVU188
 674:Middlewares/Third_Party/LwIP/src/core/tcp.c ****     ipaddr = IP4_ADDR_ANY;
 766              		.loc 1 674 6 is_stmt 0 view .LVU189
 767 0004 0D46     		mov	r5, r1
 768 0006 59B1     		cbz	r1, .L99
 769              	.L79:
 770              	.LVL69:
 681:Middlewares/Third_Party/LwIP/src/core/tcp.c **** 
 771              		.loc 1 681 3 is_stmt 1 view .LVU190
 681:Middlewares/Third_Party/LwIP/src/core/tcp.c **** 
 772              		.loc 1 681 3 view .LVU191
 773 0008 66B1     		cbz	r6, .L100
 681:Middlewares/Third_Party/LwIP/src/core/tcp.c **** 
 774              		.loc 1 681 3 discriminator 2 view .LVU192
 683:Middlewares/Third_Party/LwIP/src/core/tcp.c **** 
 775              		.loc 1 683 3 discriminator 2 view .LVU193
 683:Middlewares/Third_Party/LwIP/src/core/tcp.c **** 
 776              		.loc 1 683 3 discriminator 2 view .LVU194
 777 000a 337D     		ldrb	r3, [r6, #20]	@ zero_extendqisi2
 778 000c A3B9     		cbnz	r3, .L101
 683:Middlewares/Third_Party/LwIP/src/core/tcp.c **** 
 779              		.loc 1 683 3 discriminator 2 view .LVU195
 708:Middlewares/Third_Party/LwIP/src/core/tcp.c ****     port = tcp_new_port();
 780              		.loc 1 708 3 discriminator 2 view .LVU196
 708:Middlewares/Third_Party/LwIP/src/core/tcp.c ****     port = tcp_new_port();
 781              		.loc 1 708 6 is_stmt 0 discriminator 2 view .LVU197
 782 000e EAB1     		cbz	r2, .L102
 715:Middlewares/Third_Party/LwIP/src/core/tcp.c ****       for (cpcb = *tcp_pcb_lists[i]; cpcb != NULL; cpcb = cpcb->next) {
 783              		.loc 1 715 12 view .LVU198
 784 0010 0020     		movs	r0, #0
 785              	.LVL70:
 786              	.L83:
 715:Middlewares/Third_Party/LwIP/src/core/tcp.c ****       for (cpcb = *tcp_pcb_lists[i]; cpcb != NULL; cpcb = cpcb->next) {
ARM GAS  /tmp/ccmQZyRb.s 			page 50


 787              		.loc 1 715 17 is_stmt 1 discriminator 1 view .LVU199
 715:Middlewares/Third_Party/LwIP/src/core/tcp.c ****       for (cpcb = *tcp_pcb_lists[i]; cpcb != NULL; cpcb = cpcb->next) {
 788              		.loc 1 715 5 is_stmt 0 discriminator 1 view .LVU200
 789 0012 0328     		cmp	r0, #3
 790 0014 1EDC     		bgt	.L84
 716:Middlewares/Third_Party/LwIP/src/core/tcp.c ****         if (cpcb->local_port == port) {
 791              		.loc 1 716 7 is_stmt 1 view .LVU201
 716:Middlewares/Third_Party/LwIP/src/core/tcp.c ****         if (cpcb->local_port == port) {
 792              		.loc 1 716 33 is_stmt 0 view .LVU202
 793 0016 264B     		ldr	r3, .L105
 794 0018 53F82030 		ldr	r3, [r3, r0, lsl #2]
 716:Middlewares/Third_Party/LwIP/src/core/tcp.c ****         if (cpcb->local_port == port) {
 795              		.loc 1 716 17 view .LVU203
 796 001c 1B68     		ldr	r3, [r3]
 797              	.LVL71:
 716:Middlewares/Third_Party/LwIP/src/core/tcp.c ****         if (cpcb->local_port == port) {
 798              		.loc 1 716 7 view .LVU204
 799 001e 27E0     		b	.L85
 800              	.LVL72:
 801              	.L99:
 675:Middlewares/Third_Party/LwIP/src/core/tcp.c ****   }
 802              		.loc 1 675 12 view .LVU205
 803 0020 244D     		ldr	r5, .L105+4
 804 0022 F1E7     		b	.L79
 805              	.LVL73:
 806              	.L100:
 681:Middlewares/Third_Party/LwIP/src/core/tcp.c **** 
 807              		.loc 1 681 3 is_stmt 1 discriminator 1 view .LVU206
 681:Middlewares/Third_Party/LwIP/src/core/tcp.c **** 
 808              		.loc 1 681 3 discriminator 1 view .LVU207
 809 0024 244B     		ldr	r3, .L105+8
 810 0026 40F2A922 		movw	r2, #681
 811              	.LVL74:
 681:Middlewares/Third_Party/LwIP/src/core/tcp.c **** 
 812              		.loc 1 681 3 is_stmt 0 discriminator 1 view .LVU208
 813 002a 2449     		ldr	r1, .L105+12
 814 002c 2448     		ldr	r0, .L105+16
 815              	.LVL75:
 681:Middlewares/Third_Party/LwIP/src/core/tcp.c **** 
 816              		.loc 1 681 3 discriminator 1 view .LVU209
 817 002e FFF7FEFF 		bl	printf
 818              	.LVL76:
 681:Middlewares/Third_Party/LwIP/src/core/tcp.c **** 
 819              		.loc 1 681 3 is_stmt 1 discriminator 1 view .LVU210
 681:Middlewares/Third_Party/LwIP/src/core/tcp.c **** 
 820              		.loc 1 681 3 discriminator 1 view .LVU211
 821 0032 6FF00F00 		mvn	r0, #15
 822 0036 19E0     		b	.L81
 823              	.LVL77:
 824              	.L101:
 683:Middlewares/Third_Party/LwIP/src/core/tcp.c **** 
 825              		.loc 1 683 3 discriminator 1 view .LVU212
 683:Middlewares/Third_Party/LwIP/src/core/tcp.c **** 
 826              		.loc 1 683 3 discriminator 1 view .LVU213
 827 0038 1F4B     		ldr	r3, .L105+8
 828 003a 40F2AB22 		movw	r2, #683
 829              	.LVL78:
ARM GAS  /tmp/ccmQZyRb.s 			page 51


 683:Middlewares/Third_Party/LwIP/src/core/tcp.c **** 
 830              		.loc 1 683 3 is_stmt 0 discriminator 1 view .LVU214
 831 003e 2149     		ldr	r1, .L105+20
 832 0040 1F48     		ldr	r0, .L105+16
 833              	.LVL79:
 683:Middlewares/Third_Party/LwIP/src/core/tcp.c **** 
 834              		.loc 1 683 3 discriminator 1 view .LVU215
 835 0042 FFF7FEFF 		bl	printf
 836              	.LVL80:
 683:Middlewares/Third_Party/LwIP/src/core/tcp.c **** 
 837              		.loc 1 683 3 is_stmt 1 discriminator 1 view .LVU216
 683:Middlewares/Third_Party/LwIP/src/core/tcp.c **** 
 838              		.loc 1 683 3 discriminator 1 view .LVU217
 839 0046 6FF00500 		mvn	r0, #5
 840 004a 0FE0     		b	.L81
 841              	.LVL81:
 842              	.L102:
 709:Middlewares/Third_Party/LwIP/src/core/tcp.c ****     if (port == 0) {
 843              		.loc 1 709 5 view .LVU218
 709:Middlewares/Third_Party/LwIP/src/core/tcp.c ****     if (port == 0) {
 844              		.loc 1 709 12 is_stmt 0 view .LVU219
 845 004c FFF7FEFF 		bl	tcp_new_port
 846              	.LVL82:
 710:Middlewares/Third_Party/LwIP/src/core/tcp.c ****       return ERR_BUF;
 847              		.loc 1 710 5 is_stmt 1 view .LVU220
 710:Middlewares/Third_Party/LwIP/src/core/tcp.c ****       return ERR_BUF;
 848              		.loc 1 710 8 is_stmt 0 view .LVU221
 849 0050 0246     		mov	r2, r0
 850 0052 F0B1     		cbz	r0, .L103
 851              	.LVL83:
 852              	.L84:
 739:Middlewares/Third_Party/LwIP/src/core/tcp.c **** #if LWIP_IPV4 && LWIP_IPV6
 853              		.loc 1 739 3 is_stmt 1 view .LVU222
 739:Middlewares/Third_Party/LwIP/src/core/tcp.c **** #if LWIP_IPV4 && LWIP_IPV6
 854              		.loc 1 739 6 is_stmt 0 view .LVU223
 855 0054 15B1     		cbz	r5, .L89
 739:Middlewares/Third_Party/LwIP/src/core/tcp.c **** #if LWIP_IPV4 && LWIP_IPV6
 856              		.loc 1 739 8 discriminator 1 view .LVU224
 857 0056 2B68     		ldr	r3, [r5]
 739:Middlewares/Third_Party/LwIP/src/core/tcp.c **** #if LWIP_IPV4 && LWIP_IPV6
 858              		.loc 1 739 7 discriminator 1 view .LVU225
 859 0058 03B1     		cbz	r3, .L89
 744:Middlewares/Third_Party/LwIP/src/core/tcp.c ****   }
 860              		.loc 1 744 5 is_stmt 1 discriminator 4 view .LVU226
 861 005a 3360     		str	r3, [r6]
 862              	.L89:
 746:Middlewares/Third_Party/LwIP/src/core/tcp.c ****   TCP_REG(&tcp_bound_pcbs, pcb);
 863              		.loc 1 746 3 view .LVU227
 746:Middlewares/Third_Party/LwIP/src/core/tcp.c ****   TCP_REG(&tcp_bound_pcbs, pcb);
 864              		.loc 1 746 19 is_stmt 0 view .LVU228
 865 005c F282     		strh	r2, [r6, #22]	@ movhi
 747:Middlewares/Third_Party/LwIP/src/core/tcp.c ****   LWIP_DEBUGF(TCP_DEBUG, ("tcp_bind: bind to port %"U16_F"\n", port));
 866              		.loc 1 747 3 is_stmt 1 view .LVU229
 747:Middlewares/Third_Party/LwIP/src/core/tcp.c ****   LWIP_DEBUGF(TCP_DEBUG, ("tcp_bind: bind to port %"U16_F"\n", port));
 867              		.loc 1 747 3 view .LVU230
 868 005e 1A4B     		ldr	r3, .L105+24
 869 0060 1A68     		ldr	r2, [r3]
ARM GAS  /tmp/ccmQZyRb.s 			page 52


 870              	.LVL84:
 747:Middlewares/Third_Party/LwIP/src/core/tcp.c ****   LWIP_DEBUGF(TCP_DEBUG, ("tcp_bind: bind to port %"U16_F"\n", port));
 871              		.loc 1 747 3 is_stmt 0 view .LVU231
 872 0062 F260     		str	r2, [r6, #12]
 747:Middlewares/Third_Party/LwIP/src/core/tcp.c ****   LWIP_DEBUGF(TCP_DEBUG, ("tcp_bind: bind to port %"U16_F"\n", port));
 873              		.loc 1 747 3 is_stmt 1 view .LVU232
 874 0064 1E60     		str	r6, [r3]
 747:Middlewares/Third_Party/LwIP/src/core/tcp.c ****   LWIP_DEBUGF(TCP_DEBUG, ("tcp_bind: bind to port %"U16_F"\n", port));
 875              		.loc 1 747 3 view .LVU233
 876 0066 FFF7FEFF 		bl	tcp_timer_needed
 877              	.LVL85:
 747:Middlewares/Third_Party/LwIP/src/core/tcp.c ****   LWIP_DEBUGF(TCP_DEBUG, ("tcp_bind: bind to port %"U16_F"\n", port));
 878              		.loc 1 747 3 view .LVU234
 748:Middlewares/Third_Party/LwIP/src/core/tcp.c ****   return ERR_OK;
 879              		.loc 1 748 70 view .LVU235
 749:Middlewares/Third_Party/LwIP/src/core/tcp.c **** }
 880              		.loc 1 749 3 view .LVU236
 749:Middlewares/Third_Party/LwIP/src/core/tcp.c **** }
 881              		.loc 1 749 10 is_stmt 0 view .LVU237
 882 006a 0020     		movs	r0, #0
 883              	.L81:
 750:Middlewares/Third_Party/LwIP/src/core/tcp.c **** 
 884              		.loc 1 750 1 view .LVU238
 885 006c 70BD     		pop	{r4, r5, r6, pc}
 886              	.LVL86:
 887              	.L86:
 716:Middlewares/Third_Party/LwIP/src/core/tcp.c ****         if (cpcb->local_port == port) {
 888              		.loc 1 716 52 is_stmt 1 discriminator 2 view .LVU239
 716:Middlewares/Third_Party/LwIP/src/core/tcp.c ****         if (cpcb->local_port == port) {
 889              		.loc 1 716 57 is_stmt 0 discriminator 2 view .LVU240
 890 006e DB68     		ldr	r3, [r3, #12]
 891              	.LVL87:
 892              	.L85:
 716:Middlewares/Third_Party/LwIP/src/core/tcp.c ****         if (cpcb->local_port == port) {
 893              		.loc 1 716 38 is_stmt 1 discriminator 1 view .LVU241
 716:Middlewares/Third_Party/LwIP/src/core/tcp.c ****         if (cpcb->local_port == port) {
 894              		.loc 1 716 7 is_stmt 0 discriminator 1 view .LVU242
 895 0070 6BB1     		cbz	r3, .L104
 717:Middlewares/Third_Party/LwIP/src/core/tcp.c **** #if SO_REUSE
 896              		.loc 1 717 9 is_stmt 1 view .LVU243
 717:Middlewares/Third_Party/LwIP/src/core/tcp.c **** #if SO_REUSE
 897              		.loc 1 717 17 is_stmt 0 view .LVU244
 898 0072 D98A     		ldrh	r1, [r3, #22]
 717:Middlewares/Third_Party/LwIP/src/core/tcp.c **** #if SO_REUSE
 899              		.loc 1 717 12 view .LVU245
 900 0074 9142     		cmp	r1, r2
 901 0076 FAD1     		bne	.L86
 727:Middlewares/Third_Party/LwIP/src/core/tcp.c ****                 (ip_addr_isany(&cpcb->local_ip) ||
 902              		.loc 1 727 13 is_stmt 1 view .LVU246
 727:Middlewares/Third_Party/LwIP/src/core/tcp.c ****                 (ip_addr_isany(&cpcb->local_ip) ||
 903              		.loc 1 727 16 is_stmt 0 view .LVU247
 904 0078 73B1     		cbz	r3, .L93
 728:Middlewares/Third_Party/LwIP/src/core/tcp.c ****                  ip_addr_isany(ipaddr) ||
 905              		.loc 1 728 18 view .LVU248
 906 007a 1968     		ldr	r1, [r3]
 907 007c 79B1     		cbz	r1, .L94
 728:Middlewares/Third_Party/LwIP/src/core/tcp.c ****                  ip_addr_isany(ipaddr) ||
ARM GAS  /tmp/ccmQZyRb.s 			page 53


 908              		.loc 1 728 49 discriminator 1 view .LVU249
 909 007e 8DB1     		cbz	r5, .L95
 729:Middlewares/Third_Party/LwIP/src/core/tcp.c ****                  ip_addr_cmp(&cpcb->local_ip, ipaddr))) {
 910              		.loc 1 729 18 view .LVU250
 911 0080 2C68     		ldr	r4, [r5]
 912 0082 94B1     		cbz	r4, .L96
 727:Middlewares/Third_Party/LwIP/src/core/tcp.c ****                 (ip_addr_isany(&cpcb->local_ip) ||
 913              		.loc 1 727 68 view .LVU251
 914 0084 A142     		cmp	r1, r4
 915 0086 F2D1     		bne	.L86
 731:Middlewares/Third_Party/LwIP/src/core/tcp.c ****             }
 916              		.loc 1 731 22 view .LVU252
 917 0088 6FF00700 		mvn	r0, #7
 918              	.LVL88:
 731:Middlewares/Third_Party/LwIP/src/core/tcp.c ****             }
 919              		.loc 1 731 22 view .LVU253
 920 008c EEE7     		b	.L81
 921              	.LVL89:
 922              	.L104:
 715:Middlewares/Third_Party/LwIP/src/core/tcp.c ****       for (cpcb = *tcp_pcb_lists[i]; cpcb != NULL; cpcb = cpcb->next) {
 923              		.loc 1 715 35 is_stmt 1 discriminator 2 view .LVU254
 715:Middlewares/Third_Party/LwIP/src/core/tcp.c ****       for (cpcb = *tcp_pcb_lists[i]; cpcb != NULL; cpcb = cpcb->next) {
 924              		.loc 1 715 36 is_stmt 0 discriminator 2 view .LVU255
 925 008e 0130     		adds	r0, r0, #1
 926              	.LVL90:
 715:Middlewares/Third_Party/LwIP/src/core/tcp.c ****       for (cpcb = *tcp_pcb_lists[i]; cpcb != NULL; cpcb = cpcb->next) {
 927              		.loc 1 715 36 discriminator 2 view .LVU256
 928 0090 BFE7     		b	.L83
 929              	.LVL91:
 930              	.L103:
 711:Middlewares/Third_Party/LwIP/src/core/tcp.c ****     }
 931              		.loc 1 711 14 view .LVU257
 932 0092 6FF00100 		mvn	r0, #1
 933              	.LVL92:
 711:Middlewares/Third_Party/LwIP/src/core/tcp.c ****     }
 934              		.loc 1 711 14 view .LVU258
 935 0096 E9E7     		b	.L81
 936              	.LVL93:
 937              	.L93:
 731:Middlewares/Third_Party/LwIP/src/core/tcp.c ****             }
 938              		.loc 1 731 22 view .LVU259
 939 0098 6FF00700 		mvn	r0, #7
 940              	.LVL94:
 731:Middlewares/Third_Party/LwIP/src/core/tcp.c ****             }
 941              		.loc 1 731 22 view .LVU260
 942 009c E6E7     		b	.L81
 943              	.LVL95:
 944              	.L94:
 731:Middlewares/Third_Party/LwIP/src/core/tcp.c ****             }
 945              		.loc 1 731 22 view .LVU261
 946 009e 6FF00700 		mvn	r0, #7
 947              	.LVL96:
 731:Middlewares/Third_Party/LwIP/src/core/tcp.c ****             }
 948              		.loc 1 731 22 view .LVU262
 949 00a2 E3E7     		b	.L81
 950              	.LVL97:
 951              	.L95:
ARM GAS  /tmp/ccmQZyRb.s 			page 54


 731:Middlewares/Third_Party/LwIP/src/core/tcp.c ****             }
 952              		.loc 1 731 22 view .LVU263
 953 00a4 6FF00700 		mvn	r0, #7
 954              	.LVL98:
 731:Middlewares/Third_Party/LwIP/src/core/tcp.c ****             }
 955              		.loc 1 731 22 view .LVU264
 956 00a8 E0E7     		b	.L81
 957              	.LVL99:
 958              	.L96:
 731:Middlewares/Third_Party/LwIP/src/core/tcp.c ****             }
 959              		.loc 1 731 22 view .LVU265
 960 00aa 6FF00700 		mvn	r0, #7
 961              	.LVL100:
 731:Middlewares/Third_Party/LwIP/src/core/tcp.c ****             }
 962              		.loc 1 731 22 view .LVU266
 963 00ae DDE7     		b	.L81
 964              	.L106:
 965              		.align	2
 966              	.L105:
 967 00b0 00000000 		.word	.LANCHOR1
 968 00b4 00000000 		.word	ip_addr_any
 969 00b8 00000000 		.word	.LC0
 970 00bc 00000000 		.word	.LC7
 971 00c0 54000000 		.word	.LC2
 972 00c4 18000000 		.word	.LC8
 973 00c8 00000000 		.word	.LANCHOR3
 974              		.cfi_endproc
 975              	.LFE181:
 977              		.section	.text.tcp_bind_netif,"ax",%progbits
 978              		.align	1
 979              		.global	tcp_bind_netif
 980              		.syntax unified
 981              		.thumb
 982              		.thumb_func
 983              		.fpu fpv5-d16
 985              	tcp_bind_netif:
 986              	.LVL101:
 987              	.LFB182:
 764:Middlewares/Third_Party/LwIP/src/core/tcp.c ****   LWIP_ASSERT_CORE_LOCKED();
 988              		.loc 1 764 1 is_stmt 1 view -0
 989              		.cfi_startproc
 990              		@ args = 0, pretend = 0, frame = 0
 991              		@ frame_needed = 0, uses_anonymous_args = 0
 992              		@ link register save eliminated.
 765:Middlewares/Third_Party/LwIP/src/core/tcp.c ****   if (netif != NULL) {
 993              		.loc 1 765 28 view .LVU268
 766:Middlewares/Third_Party/LwIP/src/core/tcp.c ****     pcb->netif_idx = netif_get_index(netif);
 994              		.loc 1 766 3 view .LVU269
 766:Middlewares/Third_Party/LwIP/src/core/tcp.c ****     pcb->netif_idx = netif_get_index(netif);
 995              		.loc 1 766 6 is_stmt 0 view .LVU270
 996 0000 21B1     		cbz	r1, .L108
 767:Middlewares/Third_Party/LwIP/src/core/tcp.c ****   } else {
 997              		.loc 1 767 5 is_stmt 1 view .LVU271
 767:Middlewares/Third_Party/LwIP/src/core/tcp.c ****   } else {
 998              		.loc 1 767 22 is_stmt 0 view .LVU272
 999 0002 91F83030 		ldrb	r3, [r1, #48]	@ zero_extendqisi2
 1000 0006 0133     		adds	r3, r3, #1
ARM GAS  /tmp/ccmQZyRb.s 			page 55


 767:Middlewares/Third_Party/LwIP/src/core/tcp.c ****   } else {
 1001              		.loc 1 767 20 view .LVU273
 1002 0008 0372     		strb	r3, [r0, #8]
 1003 000a 7047     		bx	lr
 1004              	.L108:
 769:Middlewares/Third_Party/LwIP/src/core/tcp.c ****   }
 1005              		.loc 1 769 5 is_stmt 1 view .LVU274
 769:Middlewares/Third_Party/LwIP/src/core/tcp.c ****   }
 1006              		.loc 1 769 20 is_stmt 0 view .LVU275
 1007 000c 0023     		movs	r3, #0
 1008 000e 0372     		strb	r3, [r0, #8]
 771:Middlewares/Third_Party/LwIP/src/core/tcp.c **** 
 1009              		.loc 1 771 1 view .LVU276
 1010 0010 7047     		bx	lr
 1011              		.cfi_endproc
 1012              	.LFE182:
 1014              		.section	.rodata.tcp_listen_with_backlog_and_err.str1.4,"aMS",%progbits,1
 1015              		.align	2
 1016              	.LC9:
 1017 0000 7463705F 		.ascii	"tcp_listen_with_backlog_and_err: invalid pcb\000"
 1017      6C697374 
 1017      656E5F77 
 1017      6974685F 
 1017      6261636B 
 1018 002d 000000   		.align	2
 1019              	.LC10:
 1020 0030 7463705F 		.ascii	"tcp_listen_with_backlog_and_err: pcb already connec"
 1020      6C697374 
 1020      656E5F77 
 1020      6974685F 
 1020      6261636B 
 1021 0063 74656400 		.ascii	"ted\000"
 1022              		.section	.text.tcp_listen_with_backlog_and_err,"ax",%progbits
 1023              		.align	1
 1024              		.global	tcp_listen_with_backlog_and_err
 1025              		.syntax unified
 1026              		.thumb
 1027              		.thumb_func
 1028              		.fpu fpv5-d16
 1030              	tcp_listen_with_backlog_and_err:
 1031              	.LVL102:
 1032              	.LFB185:
 849:Middlewares/Third_Party/LwIP/src/core/tcp.c ****   struct tcp_pcb_listen *lpcb = NULL;
 1033              		.loc 1 849 1 is_stmt 1 view -0
 1034              		.cfi_startproc
 1035              		@ args = 0, pretend = 0, frame = 0
 1036              		@ frame_needed = 0, uses_anonymous_args = 0
 849:Middlewares/Third_Party/LwIP/src/core/tcp.c ****   struct tcp_pcb_listen *lpcb = NULL;
 1037              		.loc 1 849 1 is_stmt 0 view .LVU278
 1038 0000 70B5     		push	{r4, r5, r6, lr}
 1039              	.LCFI9:
 1040              		.cfi_def_cfa_offset 16
 1041              		.cfi_offset 4, -16
 1042              		.cfi_offset 5, -12
 1043              		.cfi_offset 6, -8
 1044              		.cfi_offset 14, -4
 1045 0002 1646     		mov	r6, r2
ARM GAS  /tmp/ccmQZyRb.s 			page 56


 850:Middlewares/Third_Party/LwIP/src/core/tcp.c ****   err_t res;
 1046              		.loc 1 850 3 is_stmt 1 view .LVU279
 1047              	.LVL103:
 851:Middlewares/Third_Party/LwIP/src/core/tcp.c **** 
 1048              		.loc 1 851 3 view .LVU280
 853:Middlewares/Third_Party/LwIP/src/core/tcp.c **** 
 1049              		.loc 1 853 3 view .LVU281
 855:Middlewares/Third_Party/LwIP/src/core/tcp.c **** 
 1050              		.loc 1 855 28 view .LVU282
 857:Middlewares/Third_Party/LwIP/src/core/tcp.c ****   LWIP_ERROR("tcp_listen_with_backlog_and_err: pcb already connected", pcb->state == CLOSED, res = 
 1051              		.loc 1 857 3 view .LVU283
 857:Middlewares/Third_Party/LwIP/src/core/tcp.c ****   LWIP_ERROR("tcp_listen_with_backlog_and_err: pcb already connected", pcb->state == CLOSED, res = 
 1052              		.loc 1 857 3 view .LVU284
 1053 0004 0446     		mov	r4, r0
 1054 0006 40B3     		cbz	r0, .L123
 857:Middlewares/Third_Party/LwIP/src/core/tcp.c ****   LWIP_ERROR("tcp_listen_with_backlog_and_err: pcb already connected", pcb->state == CLOSED, res = 
 1055              		.loc 1 857 3 discriminator 2 view .LVU285
 858:Middlewares/Third_Party/LwIP/src/core/tcp.c **** 
 1056              		.loc 1 858 3 discriminator 2 view .LVU286
 858:Middlewares/Third_Party/LwIP/src/core/tcp.c **** 
 1057              		.loc 1 858 3 discriminator 2 view .LVU287
 1058 0008 037D     		ldrb	r3, [r0, #20]	@ zero_extendqisi2
 1059 000a 002B     		cmp	r3, #0
 1060 000c 30D1     		bne	.L124
 858:Middlewares/Third_Party/LwIP/src/core/tcp.c **** 
 1061              		.loc 1 858 3 discriminator 2 view .LVU288
 861:Middlewares/Third_Party/LwIP/src/core/tcp.c ****     lpcb = (struct tcp_pcb_listen *)pcb;
 1062              		.loc 1 861 3 discriminator 2 view .LVU289
 861:Middlewares/Third_Party/LwIP/src/core/tcp.c ****     lpcb = (struct tcp_pcb_listen *)pcb;
 1063              		.loc 1 861 6 is_stmt 0 discriminator 2 view .LVU290
 1064 000e 012B     		cmp	r3, #1
 1065 0010 51D0     		beq	.L119
 882:Middlewares/Third_Party/LwIP/src/core/tcp.c ****   if (lpcb == NULL) {
 1066              		.loc 1 882 3 is_stmt 1 view .LVU291
 882:Middlewares/Third_Party/LwIP/src/core/tcp.c ****   if (lpcb == NULL) {
 1067              		.loc 1 882 35 is_stmt 0 view .LVU292
 1068 0012 0220     		movs	r0, #2
 1069              	.LVL104:
 882:Middlewares/Third_Party/LwIP/src/core/tcp.c ****   if (lpcb == NULL) {
 1070              		.loc 1 882 35 view .LVU293
 1071 0014 FFF7FEFF 		bl	memp_malloc
 1072              	.LVL105:
 883:Middlewares/Third_Party/LwIP/src/core/tcp.c ****     res = ERR_MEM;
 1073              		.loc 1 883 3 is_stmt 1 view .LVU294
 883:Middlewares/Third_Party/LwIP/src/core/tcp.c ****     res = ERR_MEM;
 1074              		.loc 1 883 6 is_stmt 0 view .LVU295
 1075 0018 0546     		mov	r5, r0
 1076 001a 0028     		cmp	r0, #0
 1077 001c 4FD0     		beq	.L120
 887:Middlewares/Third_Party/LwIP/src/core/tcp.c ****   lpcb->local_port = pcb->local_port;
 1078              		.loc 1 887 3 is_stmt 1 view .LVU296
 887:Middlewares/Third_Party/LwIP/src/core/tcp.c ****   lpcb->local_port = pcb->local_port;
 1079              		.loc 1 887 27 is_stmt 0 view .LVU297
 1080 001e 2369     		ldr	r3, [r4, #16]
 887:Middlewares/Third_Party/LwIP/src/core/tcp.c ****   lpcb->local_port = pcb->local_port;
 1081              		.loc 1 887 22 view .LVU298
 1082 0020 0361     		str	r3, [r0, #16]
ARM GAS  /tmp/ccmQZyRb.s 			page 57


 888:Middlewares/Third_Party/LwIP/src/core/tcp.c ****   lpcb->state = LISTEN;
 1083              		.loc 1 888 3 is_stmt 1 view .LVU299
 888:Middlewares/Third_Party/LwIP/src/core/tcp.c ****   lpcb->state = LISTEN;
 1084              		.loc 1 888 25 is_stmt 0 view .LVU300
 1085 0022 E38A     		ldrh	r3, [r4, #22]
 888:Middlewares/Third_Party/LwIP/src/core/tcp.c ****   lpcb->state = LISTEN;
 1086              		.loc 1 888 20 view .LVU301
 1087 0024 C382     		strh	r3, [r0, #22]	@ movhi
 889:Middlewares/Third_Party/LwIP/src/core/tcp.c ****   lpcb->prio = pcb->prio;
 1088              		.loc 1 889 3 is_stmt 1 view .LVU302
 889:Middlewares/Third_Party/LwIP/src/core/tcp.c ****   lpcb->prio = pcb->prio;
 1089              		.loc 1 889 15 is_stmt 0 view .LVU303
 1090 0026 0123     		movs	r3, #1
 1091 0028 0375     		strb	r3, [r0, #20]
 890:Middlewares/Third_Party/LwIP/src/core/tcp.c ****   lpcb->so_options = pcb->so_options;
 1092              		.loc 1 890 3 is_stmt 1 view .LVU304
 890:Middlewares/Third_Party/LwIP/src/core/tcp.c ****   lpcb->so_options = pcb->so_options;
 1093              		.loc 1 890 19 is_stmt 0 view .LVU305
 1094 002a 637D     		ldrb	r3, [r4, #21]	@ zero_extendqisi2
 890:Middlewares/Third_Party/LwIP/src/core/tcp.c ****   lpcb->so_options = pcb->so_options;
 1095              		.loc 1 890 14 view .LVU306
 1096 002c 4375     		strb	r3, [r0, #21]
 891:Middlewares/Third_Party/LwIP/src/core/tcp.c ****   lpcb->netif_idx = NETIF_NO_INDEX;
 1097              		.loc 1 891 3 is_stmt 1 view .LVU307
 891:Middlewares/Third_Party/LwIP/src/core/tcp.c ****   lpcb->netif_idx = NETIF_NO_INDEX;
 1098              		.loc 1 891 25 is_stmt 0 view .LVU308
 1099 002e 637A     		ldrb	r3, [r4, #9]	@ zero_extendqisi2
 891:Middlewares/Third_Party/LwIP/src/core/tcp.c ****   lpcb->netif_idx = NETIF_NO_INDEX;
 1100              		.loc 1 891 20 view .LVU309
 1101 0030 4372     		strb	r3, [r0, #9]
 892:Middlewares/Third_Party/LwIP/src/core/tcp.c ****   lpcb->ttl = pcb->ttl;
 1102              		.loc 1 892 3 is_stmt 1 view .LVU310
 892:Middlewares/Third_Party/LwIP/src/core/tcp.c ****   lpcb->ttl = pcb->ttl;
 1103              		.loc 1 892 19 is_stmt 0 view .LVU311
 1104 0032 0023     		movs	r3, #0
 1105 0034 0372     		strb	r3, [r0, #8]
 893:Middlewares/Third_Party/LwIP/src/core/tcp.c ****   lpcb->tos = pcb->tos;
 1106              		.loc 1 893 3 is_stmt 1 view .LVU312
 893:Middlewares/Third_Party/LwIP/src/core/tcp.c ****   lpcb->tos = pcb->tos;
 1107              		.loc 1 893 18 is_stmt 0 view .LVU313
 1108 0036 E37A     		ldrb	r3, [r4, #11]	@ zero_extendqisi2
 893:Middlewares/Third_Party/LwIP/src/core/tcp.c ****   lpcb->tos = pcb->tos;
 1109              		.loc 1 893 13 view .LVU314
 1110 0038 C372     		strb	r3, [r0, #11]
 894:Middlewares/Third_Party/LwIP/src/core/tcp.c **** #if LWIP_IPV4 && LWIP_IPV6
 1111              		.loc 1 894 3 is_stmt 1 view .LVU315
 894:Middlewares/Third_Party/LwIP/src/core/tcp.c **** #if LWIP_IPV4 && LWIP_IPV6
 1112              		.loc 1 894 18 is_stmt 0 view .LVU316
 1113 003a A37A     		ldrb	r3, [r4, #10]	@ zero_extendqisi2
 894:Middlewares/Third_Party/LwIP/src/core/tcp.c **** #if LWIP_IPV4 && LWIP_IPV6
 1114              		.loc 1 894 13 view .LVU317
 1115 003c 8372     		strb	r3, [r0, #10]
 898:Middlewares/Third_Party/LwIP/src/core/tcp.c ****   if (pcb->local_port != 0) {
 1116              		.loc 1 898 3 is_stmt 1 view .LVU318
 1117 003e 2368     		ldr	r3, [r4]
 1118 0040 0360     		str	r3, [r0]
 899:Middlewares/Third_Party/LwIP/src/core/tcp.c ****     TCP_RMV(&tcp_bound_pcbs, pcb);
ARM GAS  /tmp/ccmQZyRb.s 			page 58


 1119              		.loc 1 899 3 view .LVU319
 899:Middlewares/Third_Party/LwIP/src/core/tcp.c ****     TCP_RMV(&tcp_bound_pcbs, pcb);
 1120              		.loc 1 899 10 is_stmt 0 view .LVU320
 1121 0042 E38A     		ldrh	r3, [r4, #22]
 899:Middlewares/Third_Party/LwIP/src/core/tcp.c ****     TCP_RMV(&tcp_bound_pcbs, pcb);
 1122              		.loc 1 899 6 view .LVU321
 1123 0044 3BB3     		cbz	r3, .L114
 900:Middlewares/Third_Party/LwIP/src/core/tcp.c ****   }
 1124              		.loc 1 900 5 is_stmt 1 view .LVU322
 900:Middlewares/Third_Party/LwIP/src/core/tcp.c ****   }
 1125              		.loc 1 900 5 view .LVU323
 1126 0046 1F4B     		ldr	r3, .L127
 1127 0048 1B68     		ldr	r3, [r3]
 1128 004a A342     		cmp	r3, r4
 1129 004c 1BD0     		beq	.L125
 1130              	.L115:
 1131              	.LVL106:
 1132              	.LBB3:
 900:Middlewares/Third_Party/LwIP/src/core/tcp.c ****   }
 1133              		.loc 1 900 5 discriminator 8 view .LVU324
 1134 004e 03B3     		cbz	r3, .L116
 900:Middlewares/Third_Party/LwIP/src/core/tcp.c ****   }
 1135              		.loc 1 900 5 discriminator 9 view .LVU325
 1136 0050 DA68     		ldr	r2, [r3, #12]
 1137 0052 A242     		cmp	r2, r4
 1138 0054 1BD0     		beq	.L126
 900:Middlewares/Third_Party/LwIP/src/core/tcp.c ****   }
 1139              		.loc 1 900 5 is_stmt 0 view .LVU326
 1140 0056 1346     		mov	r3, r2
 1141              	.LVL107:
 900:Middlewares/Third_Party/LwIP/src/core/tcp.c ****   }
 1142              		.loc 1 900 5 view .LVU327
 1143 0058 F9E7     		b	.L115
 1144              	.LVL108:
 1145              	.L123:
 900:Middlewares/Third_Party/LwIP/src/core/tcp.c ****   }
 1146              		.loc 1 900 5 view .LVU328
 1147              	.LBE3:
 857:Middlewares/Third_Party/LwIP/src/core/tcp.c ****   LWIP_ERROR("tcp_listen_with_backlog_and_err: pcb already connected", pcb->state == CLOSED, res = 
 1148              		.loc 1 857 3 is_stmt 1 discriminator 1 view .LVU329
 857:Middlewares/Third_Party/LwIP/src/core/tcp.c ****   LWIP_ERROR("tcp_listen_with_backlog_and_err: pcb already connected", pcb->state == CLOSED, res = 
 1149              		.loc 1 857 3 discriminator 1 view .LVU330
 1150 005a 1B4B     		ldr	r3, .L127+4
 1151 005c 40F25932 		movw	r2, #857
 1152              	.LVL109:
 857:Middlewares/Third_Party/LwIP/src/core/tcp.c ****   LWIP_ERROR("tcp_listen_with_backlog_and_err: pcb already connected", pcb->state == CLOSED, res = 
 1153              		.loc 1 857 3 is_stmt 0 discriminator 1 view .LVU331
 1154 0060 1A49     		ldr	r1, .L127+8
 1155              	.LVL110:
 857:Middlewares/Third_Party/LwIP/src/core/tcp.c ****   LWIP_ERROR("tcp_listen_with_backlog_and_err: pcb already connected", pcb->state == CLOSED, res = 
 1156              		.loc 1 857 3 discriminator 1 view .LVU332
 1157 0062 1B48     		ldr	r0, .L127+12
 1158              	.LVL111:
 857:Middlewares/Third_Party/LwIP/src/core/tcp.c ****   LWIP_ERROR("tcp_listen_with_backlog_and_err: pcb already connected", pcb->state == CLOSED, res = 
 1159              		.loc 1 857 3 discriminator 1 view .LVU333
 1160 0064 FFF7FEFF 		bl	printf
 1161              	.LVL112:
ARM GAS  /tmp/ccmQZyRb.s 			page 59


 857:Middlewares/Third_Party/LwIP/src/core/tcp.c ****   LWIP_ERROR("tcp_listen_with_backlog_and_err: pcb already connected", pcb->state == CLOSED, res = 
 1162              		.loc 1 857 3 is_stmt 1 discriminator 1 view .LVU334
 857:Middlewares/Third_Party/LwIP/src/core/tcp.c ****   LWIP_ERROR("tcp_listen_with_backlog_and_err: pcb already connected", pcb->state == CLOSED, res = 
 1163              		.loc 1 857 3 discriminator 1 view .LVU335
 857:Middlewares/Third_Party/LwIP/src/core/tcp.c ****   LWIP_ERROR("tcp_listen_with_backlog_and_err: pcb already connected", pcb->state == CLOSED, res = 
 1164              		.loc 1 857 3 discriminator 1 view .LVU336
 850:Middlewares/Third_Party/LwIP/src/core/tcp.c ****   err_t res;
 1165              		.loc 1 850 26 is_stmt 0 discriminator 1 view .LVU337
 1166 0068 2546     		mov	r5, r4
 857:Middlewares/Third_Party/LwIP/src/core/tcp.c ****   LWIP_ERROR("tcp_listen_with_backlog_and_err: pcb already connected", pcb->state == CLOSED, res = 
 1167              		.loc 1 857 3 discriminator 1 view .LVU338
 1168 006a 6FF00F03 		mvn	r3, #15
 1169 006e 1EE0     		b	.L112
 1170              	.LVL113:
 1171              	.L124:
 858:Middlewares/Third_Party/LwIP/src/core/tcp.c **** 
 1172              		.loc 1 858 3 is_stmt 1 discriminator 1 view .LVU339
 858:Middlewares/Third_Party/LwIP/src/core/tcp.c **** 
 1173              		.loc 1 858 3 discriminator 1 view .LVU340
 1174 0070 154B     		ldr	r3, .L127+4
 1175 0072 40F25A32 		movw	r2, #858
 1176              	.LVL114:
 858:Middlewares/Third_Party/LwIP/src/core/tcp.c **** 
 1177              		.loc 1 858 3 is_stmt 0 discriminator 1 view .LVU341
 1178 0076 1749     		ldr	r1, .L127+16
 1179              	.LVL115:
 858:Middlewares/Third_Party/LwIP/src/core/tcp.c **** 
 1180              		.loc 1 858 3 discriminator 1 view .LVU342
 1181 0078 1548     		ldr	r0, .L127+12
 1182              	.LVL116:
 858:Middlewares/Third_Party/LwIP/src/core/tcp.c **** 
 1183              		.loc 1 858 3 discriminator 1 view .LVU343
 1184 007a FFF7FEFF 		bl	printf
 1185              	.LVL117:
 858:Middlewares/Third_Party/LwIP/src/core/tcp.c **** 
 1186              		.loc 1 858 3 is_stmt 1 discriminator 1 view .LVU344
 858:Middlewares/Third_Party/LwIP/src/core/tcp.c **** 
 1187              		.loc 1 858 3 discriminator 1 view .LVU345
 858:Middlewares/Third_Party/LwIP/src/core/tcp.c **** 
 1188              		.loc 1 858 3 discriminator 1 view .LVU346
 1189 007e 6FF00E03 		mvn	r3, #14
 850:Middlewares/Third_Party/LwIP/src/core/tcp.c ****   err_t res;
 1190              		.loc 1 850 26 is_stmt 0 discriminator 1 view .LVU347
 1191 0082 0025     		movs	r5, #0
 858:Middlewares/Third_Party/LwIP/src/core/tcp.c **** 
 1192              		.loc 1 858 3 discriminator 1 view .LVU348
 1193 0084 13E0     		b	.L112
 1194              	.LVL118:
 1195              	.L125:
 900:Middlewares/Third_Party/LwIP/src/core/tcp.c ****   }
 1196              		.loc 1 900 5 is_stmt 1 discriminator 1 view .LVU349
 1197 0086 DA68     		ldr	r2, [r3, #12]
 1198 0088 0E4B     		ldr	r3, .L127
 1199 008a 1A60     		str	r2, [r3]
 1200 008c 01E0     		b	.L116
 1201              	.LVL119:
 1202              	.L126:
ARM GAS  /tmp/ccmQZyRb.s 			page 60


 1203              	.LBB4:
 900:Middlewares/Third_Party/LwIP/src/core/tcp.c ****   }
 1204              		.loc 1 900 5 discriminator 5 view .LVU350
 1205 008e E268     		ldr	r2, [r4, #12]
 1206 0090 DA60     		str	r2, [r3, #12]
 900:Middlewares/Third_Party/LwIP/src/core/tcp.c ****   }
 1207              		.loc 1 900 5 discriminator 5 view .LVU351
 1208              	.LVL120:
 1209              	.L116:
 900:Middlewares/Third_Party/LwIP/src/core/tcp.c ****   }
 1210              		.loc 1 900 5 is_stmt 0 discriminator 5 view .LVU352
 1211              	.LBE4:
 900:Middlewares/Third_Party/LwIP/src/core/tcp.c ****   }
 1212              		.loc 1 900 5 is_stmt 1 discriminator 10 view .LVU353
 1213 0092 0023     		movs	r3, #0
 1214 0094 E360     		str	r3, [r4, #12]
 1215              	.L114:
 900:Middlewares/Third_Party/LwIP/src/core/tcp.c ****   }
 1216              		.loc 1 900 5 discriminator 11 view .LVU354
 906:Middlewares/Third_Party/LwIP/src/core/tcp.c **** #if LWIP_CALLBACK_API
 1217              		.loc 1 906 3 discriminator 11 view .LVU355
 1218 0096 2046     		mov	r0, r4
 1219              	.LVL121:
 906:Middlewares/Third_Party/LwIP/src/core/tcp.c **** #if LWIP_CALLBACK_API
 1220              		.loc 1 906 3 is_stmt 0 discriminator 11 view .LVU356
 1221 0098 FFF7FEFF 		bl	tcp_free
 1222              	.LVL122:
 908:Middlewares/Third_Party/LwIP/src/core/tcp.c **** #endif /* LWIP_CALLBACK_API */
 1223              		.loc 1 908 3 is_stmt 1 discriminator 11 view .LVU357
 908:Middlewares/Third_Party/LwIP/src/core/tcp.c **** #endif /* LWIP_CALLBACK_API */
 1224              		.loc 1 908 16 is_stmt 0 discriminator 11 view .LVU358
 1225 009c 0E4B     		ldr	r3, .L127+20
 1226 009e AB61     		str	r3, [r5, #24]
 914:Middlewares/Third_Party/LwIP/src/core/tcp.c ****   res = ERR_OK;
 1227              		.loc 1 914 3 is_stmt 1 discriminator 11 view .LVU359
 914:Middlewares/Third_Party/LwIP/src/core/tcp.c ****   res = ERR_OK;
 1228              		.loc 1 914 3 discriminator 11 view .LVU360
 1229 00a0 0E4B     		ldr	r3, .L127+24
 1230 00a2 1A68     		ldr	r2, [r3]
 1231 00a4 EA60     		str	r2, [r5, #12]
 914:Middlewares/Third_Party/LwIP/src/core/tcp.c ****   res = ERR_OK;
 1232              		.loc 1 914 3 discriminator 11 view .LVU361
 1233 00a6 1D60     		str	r5, [r3]
 914:Middlewares/Third_Party/LwIP/src/core/tcp.c ****   res = ERR_OK;
 1234              		.loc 1 914 3 discriminator 11 view .LVU362
 1235 00a8 FFF7FEFF 		bl	tcp_timer_needed
 1236              	.LVL123:
 914:Middlewares/Third_Party/LwIP/src/core/tcp.c ****   res = ERR_OK;
 1237              		.loc 1 914 3 discriminator 11 view .LVU363
 915:Middlewares/Third_Party/LwIP/src/core/tcp.c **** done:
 1238              		.loc 1 915 3 discriminator 11 view .LVU364
 915:Middlewares/Third_Party/LwIP/src/core/tcp.c **** done:
 1239              		.loc 1 915 7 is_stmt 0 discriminator 11 view .LVU365
 1240 00ac 0023     		movs	r3, #0
 1241              	.LVL124:
 1242              	.L112:
 917:Middlewares/Third_Party/LwIP/src/core/tcp.c ****     *err = res;
ARM GAS  /tmp/ccmQZyRb.s 			page 61


 1243              		.loc 1 917 3 is_stmt 1 view .LVU366
 917:Middlewares/Third_Party/LwIP/src/core/tcp.c ****     *err = res;
 1244              		.loc 1 917 6 is_stmt 0 view .LVU367
 1245 00ae 06B1     		cbz	r6, .L110
 918:Middlewares/Third_Party/LwIP/src/core/tcp.c ****   }
 1246              		.loc 1 918 5 is_stmt 1 view .LVU368
 918:Middlewares/Third_Party/LwIP/src/core/tcp.c ****   }
 1247              		.loc 1 918 10 is_stmt 0 view .LVU369
 1248 00b0 3370     		strb	r3, [r6]
 920:Middlewares/Third_Party/LwIP/src/core/tcp.c **** }
 1249              		.loc 1 920 3 is_stmt 1 view .LVU370
 1250              	.L110:
 921:Middlewares/Third_Party/LwIP/src/core/tcp.c **** 
 1251              		.loc 1 921 1 is_stmt 0 view .LVU371
 1252 00b2 2846     		mov	r0, r5
 1253 00b4 70BD     		pop	{r4, r5, r6, pc}
 1254              	.LVL125:
 1255              	.L119:
 862:Middlewares/Third_Party/LwIP/src/core/tcp.c ****     res = ERR_ALREADY;
 1256              		.loc 1 862 10 view .LVU372
 1257 00b6 0546     		mov	r5, r0
 863:Middlewares/Third_Party/LwIP/src/core/tcp.c ****     goto done;
 1258              		.loc 1 863 9 view .LVU373
 1259 00b8 6FF00803 		mvn	r3, #8
 1260 00bc F7E7     		b	.L112
 1261              	.LVL126:
 1262              	.L120:
 884:Middlewares/Third_Party/LwIP/src/core/tcp.c ****     goto done;
 1263              		.loc 1 884 9 view .LVU374
 1264 00be 4FF0FF33 		mov	r3, #-1
 1265 00c2 F4E7     		b	.L112
 1266              	.L128:
 1267              		.align	2
 1268              	.L127:
 1269 00c4 00000000 		.word	.LANCHOR3
 1270 00c8 00000000 		.word	.LC0
 1271 00cc 00000000 		.word	.LC9
 1272 00d0 54000000 		.word	.LC2
 1273 00d4 30000000 		.word	.LC10
 1274 00d8 00000000 		.word	tcp_accept_null
 1275 00dc 00000000 		.word	.LANCHOR4
 1276              		.cfi_endproc
 1277              	.LFE185:
 1279              		.section	.text.tcp_listen_with_backlog,"ax",%progbits
 1280              		.align	1
 1281              		.global	tcp_listen_with_backlog
 1282              		.syntax unified
 1283              		.thumb
 1284              		.thumb_func
 1285              		.fpu fpv5-d16
 1287              	tcp_listen_with_backlog:
 1288              	.LVL127:
 1289              	.LFB184:
 826:Middlewares/Third_Party/LwIP/src/core/tcp.c ****   LWIP_ASSERT_CORE_LOCKED();
 1290              		.loc 1 826 1 is_stmt 1 view -0
 1291              		.cfi_startproc
 1292              		@ args = 0, pretend = 0, frame = 0
ARM GAS  /tmp/ccmQZyRb.s 			page 62


 1293              		@ frame_needed = 0, uses_anonymous_args = 0
 826:Middlewares/Third_Party/LwIP/src/core/tcp.c ****   LWIP_ASSERT_CORE_LOCKED();
 1294              		.loc 1 826 1 is_stmt 0 view .LVU376
 1295 0000 08B5     		push	{r3, lr}
 1296              	.LCFI10:
 1297              		.cfi_def_cfa_offset 8
 1298              		.cfi_offset 3, -8
 1299              		.cfi_offset 14, -4
 827:Middlewares/Third_Party/LwIP/src/core/tcp.c ****   return tcp_listen_with_backlog_and_err(pcb, backlog, NULL);
 1300              		.loc 1 827 28 is_stmt 1 view .LVU377
 828:Middlewares/Third_Party/LwIP/src/core/tcp.c **** }
 1301              		.loc 1 828 3 view .LVU378
 828:Middlewares/Third_Party/LwIP/src/core/tcp.c **** }
 1302              		.loc 1 828 10 is_stmt 0 view .LVU379
 1303 0002 0022     		movs	r2, #0
 1304 0004 FFF7FEFF 		bl	tcp_listen_with_backlog_and_err
 1305              	.LVL128:
 829:Middlewares/Third_Party/LwIP/src/core/tcp.c **** 
 1306              		.loc 1 829 1 view .LVU380
 1307 0008 08BD     		pop	{r3, pc}
 1308              		.cfi_endproc
 1309              	.LFE184:
 1311              		.section	.rodata.tcp_update_rcv_ann_wnd.str1.4,"aMS",%progbits,1
 1312              		.align	2
 1313              	.LC11:
 1314 0000 7463705F 		.ascii	"tcp_update_rcv_ann_wnd: invalid pcb\000"
 1314      75706461 
 1314      74655F72 
 1314      63765F61 
 1314      6E6E5F77 
 1315              		.align	2
 1316              	.LC12:
 1317 0024 6E65775F 		.ascii	"new_rcv_ann_wnd <= 0xffff\000"
 1317      7263765F 
 1317      616E6E5F 
 1317      776E6420 
 1317      3C3D2030 
 1318              		.section	.text.tcp_update_rcv_ann_wnd,"ax",%progbits
 1319              		.align	1
 1320              		.global	tcp_update_rcv_ann_wnd
 1321              		.syntax unified
 1322              		.thumb
 1323              		.thumb_func
 1324              		.fpu fpv5-d16
 1326              	tcp_update_rcv_ann_wnd:
 1327              	.LVL129:
 1328              	.LFB186:
 931:Middlewares/Third_Party/LwIP/src/core/tcp.c ****   u32_t new_right_edge;
 1329              		.loc 1 931 1 is_stmt 1 view -0
 1330              		.cfi_startproc
 1331              		@ args = 0, pretend = 0, frame = 0
 1332              		@ frame_needed = 0, uses_anonymous_args = 0
 931:Middlewares/Third_Party/LwIP/src/core/tcp.c ****   u32_t new_right_edge;
 1333              		.loc 1 931 1 is_stmt 0 view .LVU382
 1334 0000 38B5     		push	{r3, r4, r5, lr}
 1335              	.LCFI11:
 1336              		.cfi_def_cfa_offset 16
ARM GAS  /tmp/ccmQZyRb.s 			page 63


 1337              		.cfi_offset 3, -16
 1338              		.cfi_offset 4, -12
 1339              		.cfi_offset 5, -8
 1340              		.cfi_offset 14, -4
 932:Middlewares/Third_Party/LwIP/src/core/tcp.c **** 
 1341              		.loc 1 932 3 is_stmt 1 view .LVU383
 934:Middlewares/Third_Party/LwIP/src/core/tcp.c ****   new_right_edge = pcb->rcv_nxt + pcb->rcv_wnd;
 1342              		.loc 1 934 3 view .LVU384
 934:Middlewares/Third_Party/LwIP/src/core/tcp.c ****   new_right_edge = pcb->rcv_nxt + pcb->rcv_wnd;
 1343              		.loc 1 934 3 view .LVU385
 1344 0002 0446     		mov	r4, r0
 1345 0004 98B1     		cbz	r0, .L139
 1346              	.LVL130:
 1347              	.L132:
 934:Middlewares/Third_Party/LwIP/src/core/tcp.c ****   new_right_edge = pcb->rcv_nxt + pcb->rcv_wnd;
 1348              		.loc 1 934 3 discriminator 3 view .LVU386
 934:Middlewares/Third_Party/LwIP/src/core/tcp.c ****   new_right_edge = pcb->rcv_nxt + pcb->rcv_wnd;
 1349              		.loc 1 934 3 discriminator 3 view .LVU387
 935:Middlewares/Third_Party/LwIP/src/core/tcp.c **** 
 1350              		.loc 1 935 3 discriminator 3 view .LVU388
 935:Middlewares/Third_Party/LwIP/src/core/tcp.c **** 
 1351              		.loc 1 935 23 is_stmt 0 discriminator 3 view .LVU389
 1352 0006 656A     		ldr	r5, [r4, #36]
 935:Middlewares/Third_Party/LwIP/src/core/tcp.c **** 
 1353              		.loc 1 935 38 discriminator 3 view .LVU390
 1354 0008 218D     		ldrh	r1, [r4, #40]
 935:Middlewares/Third_Party/LwIP/src/core/tcp.c **** 
 1355              		.loc 1 935 18 discriminator 3 view .LVU391
 1356 000a 6818     		adds	r0, r5, r1
 1357              	.LVL131:
 937:Middlewares/Third_Party/LwIP/src/core/tcp.c ****     /* we can advertise more window */
 1358              		.loc 1 937 3 is_stmt 1 discriminator 3 view .LVU392
 937:Middlewares/Third_Party/LwIP/src/core/tcp.c ****     /* we can advertise more window */
 1359              		.loc 1 937 7 is_stmt 0 discriminator 3 view .LVU393
 1360 000c E26A     		ldr	r2, [r4, #44]
 1361 000e B4F832E0 		ldrh	lr, [r4, #50]
 1362 0012 40F6683C 		movw	ip, #2920
 1363 0016 E645     		cmp	lr, ip
 1364 0018 94BF     		ite	ls
 1365 001a 02EB0E03 		addls	r3, r2, lr
 1366 001e 02EB0C03 		addhi	r3, r2, ip
 1367 0022 C31A     		subs	r3, r0, r3
 937:Middlewares/Third_Party/LwIP/src/core/tcp.c ****     /* we can advertise more window */
 1368              		.loc 1 937 6 discriminator 3 view .LVU394
 1369 0024 002B     		cmp	r3, #0
 1370 0026 0ADB     		blt	.L133
 939:Middlewares/Third_Party/LwIP/src/core/tcp.c ****     return new_right_edge - pcb->rcv_ann_right_edge;
 1371              		.loc 1 939 5 is_stmt 1 view .LVU395
 939:Middlewares/Third_Party/LwIP/src/core/tcp.c ****     return new_right_edge - pcb->rcv_ann_right_edge;
 1372              		.loc 1 939 22 is_stmt 0 view .LVU396
 1373 0028 6185     		strh	r1, [r4, #42]	@ movhi
 940:Middlewares/Third_Party/LwIP/src/core/tcp.c ****   } else {
 1374              		.loc 1 940 5 is_stmt 1 view .LVU397
 940:Middlewares/Third_Party/LwIP/src/core/tcp.c ****   } else {
 1375              		.loc 1 940 27 is_stmt 0 view .LVU398
 1376 002a 801A     		subs	r0, r0, r2
 1377              	.LVL132:
ARM GAS  /tmp/ccmQZyRb.s 			page 64


 1378              	.L131:
 956:Middlewares/Third_Party/LwIP/src/core/tcp.c **** 
 1379              		.loc 1 956 1 view .LVU399
 1380 002c 38BD     		pop	{r3, r4, r5, pc}
 1381              	.LVL133:
 1382              	.L139:
 934:Middlewares/Third_Party/LwIP/src/core/tcp.c ****   new_right_edge = pcb->rcv_nxt + pcb->rcv_wnd;
 1383              		.loc 1 934 3 is_stmt 1 discriminator 1 view .LVU400
 934:Middlewares/Third_Party/LwIP/src/core/tcp.c ****   new_right_edge = pcb->rcv_nxt + pcb->rcv_wnd;
 1384              		.loc 1 934 3 discriminator 1 view .LVU401
 1385 002e 0E4B     		ldr	r3, .L141
 1386 0030 40F2A632 		movw	r2, #934
 1387 0034 0D49     		ldr	r1, .L141+4
 1388 0036 0E48     		ldr	r0, .L141+8
 1389              	.LVL134:
 934:Middlewares/Third_Party/LwIP/src/core/tcp.c ****   new_right_edge = pcb->rcv_nxt + pcb->rcv_wnd;
 1390              		.loc 1 934 3 is_stmt 0 discriminator 1 view .LVU402
 1391 0038 FFF7FEFF 		bl	printf
 1392              	.LVL135:
 1393 003c E3E7     		b	.L132
 1394              	.LVL136:
 1395              	.L133:
 942:Middlewares/Third_Party/LwIP/src/core/tcp.c ****       /* Can happen due to other end sending out of advertised window,
 1396              		.loc 1 942 5 is_stmt 1 view .LVU403
 942:Middlewares/Third_Party/LwIP/src/core/tcp.c ****       /* Can happen due to other end sending out of advertised window,
 1397              		.loc 1 942 9 is_stmt 0 view .LVU404
 1398 003e AB1A     		subs	r3, r5, r2
 942:Middlewares/Third_Party/LwIP/src/core/tcp.c ****       /* Can happen due to other end sending out of advertised window,
 1399              		.loc 1 942 8 view .LVU405
 1400 0040 002B     		cmp	r3, #0
 1401 0042 03DD     		ble	.L135
 945:Middlewares/Third_Party/LwIP/src/core/tcp.c ****     } else {
 1402              		.loc 1 945 7 is_stmt 1 view .LVU406
 945:Middlewares/Third_Party/LwIP/src/core/tcp.c ****     } else {
 1403              		.loc 1 945 24 is_stmt 0 view .LVU407
 1404 0044 0023     		movs	r3, #0
 1405 0046 6385     		strh	r3, [r4, #42]	@ movhi
 1406              	.LVL137:
 1407              	.L136:
 954:Middlewares/Third_Party/LwIP/src/core/tcp.c ****   }
 1408              		.loc 1 954 5 is_stmt 1 view .LVU408
 954:Middlewares/Third_Party/LwIP/src/core/tcp.c ****   }
 1409              		.loc 1 954 12 is_stmt 0 view .LVU409
 1410 0048 0020     		movs	r0, #0
 1411 004a EFE7     		b	.L131
 1412              	.LVL138:
 1413              	.L135:
 1414              	.LBB5:
 948:Middlewares/Third_Party/LwIP/src/core/tcp.c **** #if !LWIP_WND_SCALE
 1415              		.loc 1 948 7 is_stmt 1 view .LVU410
 948:Middlewares/Third_Party/LwIP/src/core/tcp.c **** #if !LWIP_WND_SCALE
 1416              		.loc 1 948 13 is_stmt 0 view .LVU411
 1417 004c 551B     		subs	r5, r2, r5
 1418              	.LVL139:
 950:Middlewares/Third_Party/LwIP/src/core/tcp.c **** #endif
 1419              		.loc 1 950 7 is_stmt 1 view .LVU412
 950:Middlewares/Third_Party/LwIP/src/core/tcp.c **** #endif
ARM GAS  /tmp/ccmQZyRb.s 			page 65


 1420              		.loc 1 950 7 view .LVU413
 1421 004e B5F5803F 		cmp	r5, #65536
 1422 0052 01D2     		bcs	.L140
 1423              	.LVL140:
 1424              	.L137:
 950:Middlewares/Third_Party/LwIP/src/core/tcp.c **** #endif
 1425              		.loc 1 950 7 discriminator 3 view .LVU414
 950:Middlewares/Third_Party/LwIP/src/core/tcp.c **** #endif
 1426              		.loc 1 950 7 discriminator 3 view .LVU415
 952:Middlewares/Third_Party/LwIP/src/core/tcp.c ****     }
 1427              		.loc 1 952 7 discriminator 3 view .LVU416
 952:Middlewares/Third_Party/LwIP/src/core/tcp.c ****     }
 1428              		.loc 1 952 24 is_stmt 0 discriminator 3 view .LVU417
 1429 0054 6585     		strh	r5, [r4, #42]	@ movhi
 1430 0056 F7E7     		b	.L136
 1431              	.LVL141:
 1432              	.L140:
 950:Middlewares/Third_Party/LwIP/src/core/tcp.c **** #endif
 1433              		.loc 1 950 7 is_stmt 1 discriminator 1 view .LVU418
 950:Middlewares/Third_Party/LwIP/src/core/tcp.c **** #endif
 1434              		.loc 1 950 7 discriminator 1 view .LVU419
 1435 0058 034B     		ldr	r3, .L141
 1436 005a 40F2B632 		movw	r2, #950
 1437 005e 0549     		ldr	r1, .L141+12
 1438 0060 0348     		ldr	r0, .L141+8
 1439              	.LVL142:
 950:Middlewares/Third_Party/LwIP/src/core/tcp.c **** #endif
 1440              		.loc 1 950 7 is_stmt 0 discriminator 1 view .LVU420
 1441 0062 FFF7FEFF 		bl	printf
 1442              	.LVL143:
 950:Middlewares/Third_Party/LwIP/src/core/tcp.c **** #endif
 1443              		.loc 1 950 7 discriminator 1 view .LVU421
 1444 0066 F5E7     		b	.L137
 1445              	.L142:
 1446              		.align	2
 1447              	.L141:
 1448 0068 00000000 		.word	.LC0
 1449 006c 00000000 		.word	.LC11
 1450 0070 54000000 		.word	.LC2
 1451 0074 24000000 		.word	.LC12
 1452              	.LBE5:
 1453              		.cfi_endproc
 1454              	.LFE186:
 1456              		.section	.rodata.tcp_recved.str1.4,"aMS",%progbits,1
 1457              		.align	2
 1458              	.LC13:
 1459 0000 7463705F 		.ascii	"tcp_recved: invalid pcb\000"
 1459      72656376 
 1459      65643A20 
 1459      696E7661 
 1459      6C696420 
 1460              		.align	2
 1461              	.LC14:
 1462 0018 646F6E27 		.ascii	"don't call tcp_recved for listen-pcbs\000"
 1462      74206361 
 1462      6C6C2074 
 1462      63705F72 
ARM GAS  /tmp/ccmQZyRb.s 			page 66


 1462      65637665 
 1463              		.section	.text.tcp_recved,"ax",%progbits
 1464              		.align	1
 1465              		.global	tcp_recved
 1466              		.syntax unified
 1467              		.thumb
 1468              		.thumb_func
 1469              		.fpu fpv5-d16
 1471              	tcp_recved:
 1472              	.LVL144:
 1473              	.LFB187:
 969:Middlewares/Third_Party/LwIP/src/core/tcp.c ****   u32_t wnd_inflation;
 1474              		.loc 1 969 1 is_stmt 1 view -0
 1475              		.cfi_startproc
 1476              		@ args = 0, pretend = 0, frame = 0
 1477              		@ frame_needed = 0, uses_anonymous_args = 0
 969:Middlewares/Third_Party/LwIP/src/core/tcp.c ****   u32_t wnd_inflation;
 1478              		.loc 1 969 1 is_stmt 0 view .LVU423
 1479 0000 38B5     		push	{r3, r4, r5, lr}
 1480              	.LCFI12:
 1481              		.cfi_def_cfa_offset 16
 1482              		.cfi_offset 3, -16
 1483              		.cfi_offset 4, -12
 1484              		.cfi_offset 5, -8
 1485              		.cfi_offset 14, -4
 970:Middlewares/Third_Party/LwIP/src/core/tcp.c ****   tcpwnd_size_t rcv_wnd;
 1486              		.loc 1 970 3 is_stmt 1 view .LVU424
 971:Middlewares/Third_Party/LwIP/src/core/tcp.c **** 
 1487              		.loc 1 971 3 view .LVU425
 973:Middlewares/Third_Party/LwIP/src/core/tcp.c **** 
 1488              		.loc 1 973 28 view .LVU426
 975:Middlewares/Third_Party/LwIP/src/core/tcp.c **** 
 1489              		.loc 1 975 3 view .LVU427
 975:Middlewares/Third_Party/LwIP/src/core/tcp.c **** 
 1490              		.loc 1 975 3 view .LVU428
 1491 0002 C0B1     		cbz	r0, .L151
 1492 0004 0C46     		mov	r4, r1
 1493 0006 0546     		mov	r5, r0
 975:Middlewares/Third_Party/LwIP/src/core/tcp.c **** 
 1494              		.loc 1 975 3 discriminator 2 view .LVU429
 978:Middlewares/Third_Party/LwIP/src/core/tcp.c ****               pcb->state != LISTEN);
 1495              		.loc 1 978 3 discriminator 2 view .LVU430
 978:Middlewares/Third_Party/LwIP/src/core/tcp.c ****               pcb->state != LISTEN);
 1496              		.loc 1 978 3 discriminator 2 view .LVU431
 1497 0008 037D     		ldrb	r3, [r0, #20]	@ zero_extendqisi2
 1498 000a 012B     		cmp	r3, #1
 1499 000c 1BD0     		beq	.L152
 1500              	.LVL145:
 1501              	.L146:
 978:Middlewares/Third_Party/LwIP/src/core/tcp.c ****               pcb->state != LISTEN);
 1502              		.loc 1 978 3 discriminator 3 view .LVU432
 978:Middlewares/Third_Party/LwIP/src/core/tcp.c ****               pcb->state != LISTEN);
 1503              		.loc 1 978 3 discriminator 3 view .LVU433
 981:Middlewares/Third_Party/LwIP/src/core/tcp.c ****   if ((rcv_wnd > TCP_WND_MAX(pcb)) || (rcv_wnd < pcb->rcv_wnd)) {
 1504              		.loc 1 981 3 discriminator 3 view .LVU434
 981:Middlewares/Third_Party/LwIP/src/core/tcp.c ****   if ((rcv_wnd > TCP_WND_MAX(pcb)) || (rcv_wnd < pcb->rcv_wnd)) {
 1505              		.loc 1 981 32 is_stmt 0 discriminator 3 view .LVU435
ARM GAS  /tmp/ccmQZyRb.s 			page 67


 1506 000e 2B8D     		ldrh	r3, [r5, #40]
 981:Middlewares/Third_Party/LwIP/src/core/tcp.c ****   if ((rcv_wnd > TCP_WND_MAX(pcb)) || (rcv_wnd < pcb->rcv_wnd)) {
 1507              		.loc 1 981 11 discriminator 3 view .LVU436
 1508 0010 1919     		adds	r1, r3, r4
 1509 0012 89B2     		uxth	r1, r1
 1510              	.LVL146:
 982:Middlewares/Third_Party/LwIP/src/core/tcp.c ****     /* window got too big or tcpwnd_size_t overflow */
 1511              		.loc 1 982 3 is_stmt 1 discriminator 3 view .LVU437
 982:Middlewares/Third_Party/LwIP/src/core/tcp.c ****     /* window got too big or tcpwnd_size_t overflow */
 1512              		.loc 1 982 6 is_stmt 0 discriminator 3 view .LVU438
 1513 0014 41F2D062 		movw	r2, #5840
 1514 0018 9142     		cmp	r1, r2
 1515 001a 01D8     		bhi	.L147
 982:Middlewares/Third_Party/LwIP/src/core/tcp.c ****     /* window got too big or tcpwnd_size_t overflow */
 1516              		.loc 1 982 36 discriminator 1 view .LVU439
 1517 001c 8B42     		cmp	r3, r1
 1518 001e 1AD9     		bls	.L148
 1519              	.L147:
 984:Middlewares/Third_Party/LwIP/src/core/tcp.c ****     pcb->rcv_wnd = TCP_WND_MAX(pcb);
 1520              		.loc 1 984 91 is_stmt 1 view .LVU440
 985:Middlewares/Third_Party/LwIP/src/core/tcp.c ****   } else  {
 1521              		.loc 1 985 5 view .LVU441
 985:Middlewares/Third_Party/LwIP/src/core/tcp.c ****   } else  {
 1522              		.loc 1 985 18 is_stmt 0 view .LVU442
 1523 0020 41F2D063 		movw	r3, #5840
 1524 0024 2B85     		strh	r3, [r5, #40]	@ movhi
 1525              	.L149:
 990:Middlewares/Third_Party/LwIP/src/core/tcp.c **** 
 1526              		.loc 1 990 3 is_stmt 1 view .LVU443
 990:Middlewares/Third_Party/LwIP/src/core/tcp.c **** 
 1527              		.loc 1 990 19 is_stmt 0 view .LVU444
 1528 0026 2846     		mov	r0, r5
 1529 0028 FFF7FEFF 		bl	tcp_update_rcv_ann_wnd
 1530              	.LVL147:
 996:Middlewares/Third_Party/LwIP/src/core/tcp.c ****     tcp_ack_now(pcb);
 1531              		.loc 1 996 3 is_stmt 1 view .LVU445
 996:Middlewares/Third_Party/LwIP/src/core/tcp.c ****     tcp_ack_now(pcb);
 1532              		.loc 1 996 6 is_stmt 0 view .LVU446
 1533 002c 40F2B353 		movw	r3, #1459
 1534 0030 9842     		cmp	r0, r3
 1535 0032 12D8     		bhi	.L153
 1536              	.LVL148:
 1537              	.L143:
1003:Middlewares/Third_Party/LwIP/src/core/tcp.c **** 
 1538              		.loc 1 1003 1 view .LVU447
 1539 0034 38BD     		pop	{r3, r4, r5, pc}
 1540              	.LVL149:
 1541              	.L151:
 975:Middlewares/Third_Party/LwIP/src/core/tcp.c **** 
 1542              		.loc 1 975 3 is_stmt 1 discriminator 1 view .LVU448
 975:Middlewares/Third_Party/LwIP/src/core/tcp.c **** 
 1543              		.loc 1 975 3 discriminator 1 view .LVU449
 1544 0036 0D4B     		ldr	r3, .L154
 1545 0038 40F2CF32 		movw	r2, #975
 1546 003c 0C49     		ldr	r1, .L154+4
 1547              	.LVL150:
 975:Middlewares/Third_Party/LwIP/src/core/tcp.c **** 
ARM GAS  /tmp/ccmQZyRb.s 			page 68


 1548              		.loc 1 975 3 is_stmt 0 discriminator 1 view .LVU450
 1549 003e 0D48     		ldr	r0, .L154+8
 1550              	.LVL151:
 975:Middlewares/Third_Party/LwIP/src/core/tcp.c **** 
 1551              		.loc 1 975 3 discriminator 1 view .LVU451
 1552 0040 FFF7FEFF 		bl	printf
 1553              	.LVL152:
 975:Middlewares/Third_Party/LwIP/src/core/tcp.c **** 
 1554              		.loc 1 975 3 is_stmt 1 discriminator 1 view .LVU452
 975:Middlewares/Third_Party/LwIP/src/core/tcp.c **** 
 1555              		.loc 1 975 3 discriminator 1 view .LVU453
 1556 0044 F6E7     		b	.L143
 1557              	.LVL153:
 1558              	.L152:
 978:Middlewares/Third_Party/LwIP/src/core/tcp.c ****               pcb->state != LISTEN);
 1559              		.loc 1 978 3 discriminator 1 view .LVU454
 978:Middlewares/Third_Party/LwIP/src/core/tcp.c ****               pcb->state != LISTEN);
 1560              		.loc 1 978 3 discriminator 1 view .LVU455
 1561 0046 094B     		ldr	r3, .L154
 1562 0048 40F2D232 		movw	r2, #978
 1563 004c 0A49     		ldr	r1, .L154+12
 1564              	.LVL154:
 978:Middlewares/Third_Party/LwIP/src/core/tcp.c ****               pcb->state != LISTEN);
 1565              		.loc 1 978 3 is_stmt 0 discriminator 1 view .LVU456
 1566 004e 0948     		ldr	r0, .L154+8
 1567              	.LVL155:
 978:Middlewares/Third_Party/LwIP/src/core/tcp.c ****               pcb->state != LISTEN);
 1568              		.loc 1 978 3 discriminator 1 view .LVU457
 1569 0050 FFF7FEFF 		bl	printf
 1570              	.LVL156:
 1571 0054 DBE7     		b	.L146
 1572              	.LVL157:
 1573              	.L148:
 987:Middlewares/Third_Party/LwIP/src/core/tcp.c ****   }
 1574              		.loc 1 987 5 is_stmt 1 view .LVU458
 987:Middlewares/Third_Party/LwIP/src/core/tcp.c ****   }
 1575              		.loc 1 987 18 is_stmt 0 view .LVU459
 1576 0056 2985     		strh	r1, [r5, #40]	@ movhi
 1577 0058 E5E7     		b	.L149
 1578              	.LVL158:
 1579              	.L153:
 997:Middlewares/Third_Party/LwIP/src/core/tcp.c ****     tcp_output(pcb);
 1580              		.loc 1 997 5 is_stmt 1 view .LVU460
 997:Middlewares/Third_Party/LwIP/src/core/tcp.c ****     tcp_output(pcb);
 1581              		.loc 1 997 5 view .LVU461
 1582 005a 6B8B     		ldrh	r3, [r5, #26]
 1583 005c 43F00203 		orr	r3, r3, #2
 1584 0060 6B83     		strh	r3, [r5, #26]	@ movhi
 997:Middlewares/Third_Party/LwIP/src/core/tcp.c ****     tcp_output(pcb);
 1585              		.loc 1 997 5 view .LVU462
 998:Middlewares/Third_Party/LwIP/src/core/tcp.c ****   }
 1586              		.loc 1 998 5 view .LVU463
 1587 0062 2846     		mov	r0, r5
 1588              	.LVL159:
 998:Middlewares/Third_Party/LwIP/src/core/tcp.c ****   }
 1589              		.loc 1 998 5 is_stmt 0 view .LVU464
 1590 0064 FFF7FEFF 		bl	tcp_output
ARM GAS  /tmp/ccmQZyRb.s 			page 69


 1591              	.LVL160:
1002:Middlewares/Third_Party/LwIP/src/core/tcp.c **** }
 1592              		.loc 1 1002 88 is_stmt 1 view .LVU465
 1593 0068 E4E7     		b	.L143
 1594              	.L155:
 1595 006a 00BF     		.align	2
 1596              	.L154:
 1597 006c 00000000 		.word	.LC0
 1598 0070 00000000 		.word	.LC13
 1599 0074 54000000 		.word	.LC2
 1600 0078 18000000 		.word	.LC14
 1601              		.cfi_endproc
 1602              	.LFE187:
 1604              		.section	.text.tcp_txnow,"ax",%progbits
 1605              		.align	1
 1606              		.global	tcp_txnow
 1607              		.syntax unified
 1608              		.thumb
 1609              		.thumb_func
 1610              		.fpu fpv5-d16
 1612              	tcp_txnow:
 1613              	.LFB192:
1527:Middlewares/Third_Party/LwIP/src/core/tcp.c ****   struct tcp_pcb *pcb;
 1614              		.loc 1 1527 1 view -0
 1615              		.cfi_startproc
 1616              		@ args = 0, pretend = 0, frame = 0
 1617              		@ frame_needed = 0, uses_anonymous_args = 0
 1618 0000 10B5     		push	{r4, lr}
 1619              	.LCFI13:
 1620              		.cfi_def_cfa_offset 8
 1621              		.cfi_offset 4, -8
 1622              		.cfi_offset 14, -4
1528:Middlewares/Third_Party/LwIP/src/core/tcp.c **** 
 1623              		.loc 1 1528 3 view .LVU467
1530:Middlewares/Third_Party/LwIP/src/core/tcp.c ****     if (pcb->flags & TF_NAGLEMEMERR) {
 1624              		.loc 1 1530 3 view .LVU468
1530:Middlewares/Third_Party/LwIP/src/core/tcp.c ****     if (pcb->flags & TF_NAGLEMEMERR) {
 1625              		.loc 1 1530 12 is_stmt 0 view .LVU469
 1626 0002 074B     		ldr	r3, .L162
 1627 0004 1C68     		ldr	r4, [r3]
 1628              	.LVL161:
1530:Middlewares/Third_Party/LwIP/src/core/tcp.c ****     if (pcb->flags & TF_NAGLEMEMERR) {
 1629              		.loc 1 1530 3 view .LVU470
 1630 0006 00E0     		b	.L157
 1631              	.L158:
1530:Middlewares/Third_Party/LwIP/src/core/tcp.c ****     if (pcb->flags & TF_NAGLEMEMERR) {
 1632              		.loc 1 1530 44 is_stmt 1 discriminator 2 view .LVU471
1530:Middlewares/Third_Party/LwIP/src/core/tcp.c ****     if (pcb->flags & TF_NAGLEMEMERR) {
 1633              		.loc 1 1530 48 is_stmt 0 discriminator 2 view .LVU472
 1634 0008 E468     		ldr	r4, [r4, #12]
 1635              	.LVL162:
 1636              	.L157:
1530:Middlewares/Third_Party/LwIP/src/core/tcp.c ****     if (pcb->flags & TF_NAGLEMEMERR) {
 1637              		.loc 1 1530 31 is_stmt 1 discriminator 1 view .LVU473
1530:Middlewares/Third_Party/LwIP/src/core/tcp.c ****     if (pcb->flags & TF_NAGLEMEMERR) {
 1638              		.loc 1 1530 3 is_stmt 0 discriminator 1 view .LVU474
 1639 000a 3CB1     		cbz	r4, .L161
ARM GAS  /tmp/ccmQZyRb.s 			page 70


1531:Middlewares/Third_Party/LwIP/src/core/tcp.c ****       tcp_output(pcb);
 1640              		.loc 1 1531 5 is_stmt 1 view .LVU475
1531:Middlewares/Third_Party/LwIP/src/core/tcp.c ****       tcp_output(pcb);
 1641              		.loc 1 1531 12 is_stmt 0 view .LVU476
 1642 000c 638B     		ldrh	r3, [r4, #26]
1531:Middlewares/Third_Party/LwIP/src/core/tcp.c ****       tcp_output(pcb);
 1643              		.loc 1 1531 8 view .LVU477
 1644 000e 13F0800F 		tst	r3, #128
 1645 0012 F9D0     		beq	.L158
1532:Middlewares/Third_Party/LwIP/src/core/tcp.c ****     }
 1646              		.loc 1 1532 7 is_stmt 1 view .LVU478
 1647 0014 2046     		mov	r0, r4
 1648 0016 FFF7FEFF 		bl	tcp_output
 1649              	.LVL163:
 1650 001a F5E7     		b	.L158
 1651              	.L161:
1535:Middlewares/Third_Party/LwIP/src/core/tcp.c **** 
 1652              		.loc 1 1535 1 is_stmt 0 view .LVU479
 1653 001c 10BD     		pop	{r4, pc}
 1654              	.LVL164:
 1655              	.L163:
1535:Middlewares/Third_Party/LwIP/src/core/tcp.c **** 
 1656              		.loc 1 1535 1 view .LVU480
 1657 001e 00BF     		.align	2
 1658              	.L162:
 1659 0020 00000000 		.word	.LANCHOR2
 1660              		.cfi_endproc
 1661              	.LFE192:
 1663              		.section	.text.tcp_seg_free,"ax",%progbits
 1664              		.align	1
 1665              		.global	tcp_seg_free
 1666              		.syntax unified
 1667              		.thumb
 1668              		.thumb_func
 1669              		.fpu fpv5-d16
 1671              	tcp_seg_free:
 1672              	.LVL165:
 1673              	.LFB195:
1624:Middlewares/Third_Party/LwIP/src/core/tcp.c ****   if (seg != NULL) {
 1674              		.loc 1 1624 1 is_stmt 1 view -0
 1675              		.cfi_startproc
 1676              		@ args = 0, pretend = 0, frame = 0
 1677              		@ frame_needed = 0, uses_anonymous_args = 0
1625:Middlewares/Third_Party/LwIP/src/core/tcp.c ****     if (seg->p != NULL) {
 1678              		.loc 1 1625 3 view .LVU482
1625:Middlewares/Third_Party/LwIP/src/core/tcp.c ****     if (seg->p != NULL) {
 1679              		.loc 1 1625 6 is_stmt 0 view .LVU483
 1680 0000 50B1     		cbz	r0, .L168
1624:Middlewares/Third_Party/LwIP/src/core/tcp.c ****   if (seg != NULL) {
 1681              		.loc 1 1624 1 view .LVU484
 1682 0002 10B5     		push	{r4, lr}
 1683              	.LCFI14:
 1684              		.cfi_def_cfa_offset 8
 1685              		.cfi_offset 4, -8
 1686              		.cfi_offset 14, -4
 1687 0004 0446     		mov	r4, r0
1626:Middlewares/Third_Party/LwIP/src/core/tcp.c ****       pbuf_free(seg->p);
ARM GAS  /tmp/ccmQZyRb.s 			page 71


 1688              		.loc 1 1626 5 is_stmt 1 view .LVU485
1626:Middlewares/Third_Party/LwIP/src/core/tcp.c ****       pbuf_free(seg->p);
 1689              		.loc 1 1626 12 is_stmt 0 view .LVU486
 1690 0006 4068     		ldr	r0, [r0, #4]
 1691              	.LVL166:
1626:Middlewares/Third_Party/LwIP/src/core/tcp.c ****       pbuf_free(seg->p);
 1692              		.loc 1 1626 8 view .LVU487
 1693 0008 08B1     		cbz	r0, .L166
1627:Middlewares/Third_Party/LwIP/src/core/tcp.c **** #if TCP_DEBUG
 1694              		.loc 1 1627 7 is_stmt 1 view .LVU488
 1695 000a FFF7FEFF 		bl	pbuf_free
 1696              	.LVL167:
 1697              	.L166:
1632:Middlewares/Third_Party/LwIP/src/core/tcp.c ****   }
 1698              		.loc 1 1632 5 view .LVU489
 1699 000e 2146     		mov	r1, r4
 1700 0010 0320     		movs	r0, #3
 1701 0012 FFF7FEFF 		bl	memp_free
 1702              	.LVL168:
1634:Middlewares/Third_Party/LwIP/src/core/tcp.c **** 
 1703              		.loc 1 1634 1 is_stmt 0 view .LVU490
 1704 0016 10BD     		pop	{r4, pc}
 1705              	.LVL169:
 1706              	.L168:
 1707              	.LCFI15:
 1708              		.cfi_def_cfa_offset 0
 1709              		.cfi_restore 4
 1710              		.cfi_restore 14
1634:Middlewares/Third_Party/LwIP/src/core/tcp.c **** 
 1711              		.loc 1 1634 1 view .LVU491
 1712 0018 7047     		bx	lr
 1713              		.cfi_endproc
 1714              	.LFE195:
 1716              		.section	.text.tcp_segs_free,"ax",%progbits
 1717              		.align	1
 1718              		.global	tcp_segs_free
 1719              		.syntax unified
 1720              		.thumb
 1721              		.thumb_func
 1722              		.fpu fpv5-d16
 1724              	tcp_segs_free:
 1725              	.LVL170:
 1726              	.LFB194:
1609:Middlewares/Third_Party/LwIP/src/core/tcp.c ****   while (seg != NULL) {
 1727              		.loc 1 1609 1 is_stmt 1 view -0
 1728              		.cfi_startproc
 1729              		@ args = 0, pretend = 0, frame = 0
 1730              		@ frame_needed = 0, uses_anonymous_args = 0
1610:Middlewares/Third_Party/LwIP/src/core/tcp.c ****     struct tcp_seg *next = seg->next;
 1731              		.loc 1 1610 3 view .LVU493
1610:Middlewares/Third_Party/LwIP/src/core/tcp.c ****     struct tcp_seg *next = seg->next;
 1732              		.loc 1 1610 9 view .LVU494
 1733 0000 38B1     		cbz	r0, .L177
1609:Middlewares/Third_Party/LwIP/src/core/tcp.c ****   while (seg != NULL) {
 1734              		.loc 1 1609 1 is_stmt 0 view .LVU495
 1735 0002 10B5     		push	{r4, lr}
 1736              	.LCFI16:
ARM GAS  /tmp/ccmQZyRb.s 			page 72


 1737              		.cfi_def_cfa_offset 8
 1738              		.cfi_offset 4, -8
 1739              		.cfi_offset 14, -4
 1740              	.L173:
 1741              	.LBB6:
1611:Middlewares/Third_Party/LwIP/src/core/tcp.c ****     tcp_seg_free(seg);
 1742              		.loc 1 1611 5 is_stmt 1 view .LVU496
1611:Middlewares/Third_Party/LwIP/src/core/tcp.c ****     tcp_seg_free(seg);
 1743              		.loc 1 1611 21 is_stmt 0 view .LVU497
 1744 0004 0468     		ldr	r4, [r0]
 1745              	.LVL171:
1612:Middlewares/Third_Party/LwIP/src/core/tcp.c ****     seg = next;
 1746              		.loc 1 1612 5 is_stmt 1 view .LVU498
 1747 0006 FFF7FEFF 		bl	tcp_seg_free
 1748              	.LVL172:
1613:Middlewares/Third_Party/LwIP/src/core/tcp.c ****   }
 1749              		.loc 1 1613 5 view .LVU499
1613:Middlewares/Third_Party/LwIP/src/core/tcp.c ****   }
 1750              		.loc 1 1613 9 is_stmt 0 view .LVU500
 1751 000a 2046     		mov	r0, r4
1613:Middlewares/Third_Party/LwIP/src/core/tcp.c ****   }
 1752              		.loc 1 1613 9 view .LVU501
 1753              	.LBE6:
1610:Middlewares/Third_Party/LwIP/src/core/tcp.c ****     struct tcp_seg *next = seg->next;
 1754              		.loc 1 1610 9 is_stmt 1 view .LVU502
 1755 000c 002C     		cmp	r4, #0
 1756 000e F9D1     		bne	.L173
1615:Middlewares/Third_Party/LwIP/src/core/tcp.c **** 
 1757              		.loc 1 1615 1 is_stmt 0 view .LVU503
 1758 0010 10BD     		pop	{r4, pc}
 1759              	.LVL173:
 1760              	.L177:
 1761              	.LCFI17:
 1762              		.cfi_def_cfa_offset 0
 1763              		.cfi_restore 4
 1764              		.cfi_restore 14
1615:Middlewares/Third_Party/LwIP/src/core/tcp.c **** 
 1765              		.loc 1 1615 1 view .LVU504
 1766 0012 7047     		bx	lr
 1767              		.cfi_endproc
 1768              	.LFE194:
 1770              		.section	.rodata.tcp_setprio.str1.4,"aMS",%progbits,1
 1771              		.align	2
 1772              	.LC15:
 1773 0000 7463705F 		.ascii	"tcp_setprio: invalid pcb\000"
 1773      73657470 
 1773      72696F3A 
 1773      20696E76 
 1773      616C6964 
 1774              		.section	.text.tcp_setprio,"ax",%progbits
 1775              		.align	1
 1776              		.global	tcp_setprio
 1777              		.syntax unified
 1778              		.thumb
 1779              		.thumb_func
 1780              		.fpu fpv5-d16
 1782              	tcp_setprio:
ARM GAS  /tmp/ccmQZyRb.s 			page 73


 1783              	.LVL174:
 1784              	.LFB196:
1645:Middlewares/Third_Party/LwIP/src/core/tcp.c ****   LWIP_ASSERT_CORE_LOCKED();
 1785              		.loc 1 1645 1 is_stmt 1 view -0
 1786              		.cfi_startproc
 1787              		@ args = 0, pretend = 0, frame = 0
 1788              		@ frame_needed = 0, uses_anonymous_args = 0
1645:Middlewares/Third_Party/LwIP/src/core/tcp.c ****   LWIP_ASSERT_CORE_LOCKED();
 1789              		.loc 1 1645 1 is_stmt 0 view .LVU506
 1790 0000 08B5     		push	{r3, lr}
 1791              	.LCFI18:
 1792              		.cfi_def_cfa_offset 8
 1793              		.cfi_offset 3, -8
 1794              		.cfi_offset 14, -4
1646:Middlewares/Third_Party/LwIP/src/core/tcp.c **** 
 1795              		.loc 1 1646 28 is_stmt 1 view .LVU507
1648:Middlewares/Third_Party/LwIP/src/core/tcp.c **** 
 1796              		.loc 1 1648 3 view .LVU508
1648:Middlewares/Third_Party/LwIP/src/core/tcp.c **** 
 1797              		.loc 1 1648 3 view .LVU509
 1798 0002 08B1     		cbz	r0, .L182
1648:Middlewares/Third_Party/LwIP/src/core/tcp.c **** 
 1799              		.loc 1 1648 3 discriminator 2 view .LVU510
1650:Middlewares/Third_Party/LwIP/src/core/tcp.c **** }
 1800              		.loc 1 1650 3 discriminator 2 view .LVU511
1650:Middlewares/Third_Party/LwIP/src/core/tcp.c **** }
 1801              		.loc 1 1650 13 is_stmt 0 discriminator 2 view .LVU512
 1802 0004 4175     		strb	r1, [r0, #21]
 1803              	.LVL175:
 1804              	.L178:
1651:Middlewares/Third_Party/LwIP/src/core/tcp.c **** 
 1805              		.loc 1 1651 1 view .LVU513
 1806 0006 08BD     		pop	{r3, pc}
 1807              	.LVL176:
 1808              	.L182:
1648:Middlewares/Third_Party/LwIP/src/core/tcp.c **** 
 1809              		.loc 1 1648 3 is_stmt 1 discriminator 1 view .LVU514
1648:Middlewares/Third_Party/LwIP/src/core/tcp.c **** 
 1810              		.loc 1 1648 3 discriminator 1 view .LVU515
 1811 0008 034B     		ldr	r3, .L183
 1812 000a 4FF4CE62 		mov	r2, #1648
 1813 000e 0349     		ldr	r1, .L183+4
 1814              	.LVL177:
1648:Middlewares/Third_Party/LwIP/src/core/tcp.c **** 
 1815              		.loc 1 1648 3 is_stmt 0 discriminator 1 view .LVU516
 1816 0010 0348     		ldr	r0, .L183+8
 1817              	.LVL178:
1648:Middlewares/Third_Party/LwIP/src/core/tcp.c **** 
 1818              		.loc 1 1648 3 discriminator 1 view .LVU517
 1819 0012 FFF7FEFF 		bl	printf
 1820              	.LVL179:
1648:Middlewares/Third_Party/LwIP/src/core/tcp.c **** 
 1821              		.loc 1 1648 3 is_stmt 1 discriminator 1 view .LVU518
1648:Middlewares/Third_Party/LwIP/src/core/tcp.c **** 
 1822              		.loc 1 1648 3 discriminator 1 view .LVU519
 1823 0016 F6E7     		b	.L178
 1824              	.L184:
ARM GAS  /tmp/ccmQZyRb.s 			page 74


 1825              		.align	2
 1826              	.L183:
 1827 0018 00000000 		.word	.LC0
 1828 001c 00000000 		.word	.LC15
 1829 0020 54000000 		.word	.LC2
 1830              		.cfi_endproc
 1831              	.LFE196:
 1833              		.section	.rodata.tcp_seg_copy.str1.4,"aMS",%progbits,1
 1834              		.align	2
 1835              	.LC16:
 1836 0000 7463705F 		.ascii	"tcp_seg_copy: invalid seg\000"
 1836      7365675F 
 1836      636F7079 
 1836      3A20696E 
 1836      76616C69 
 1837              		.section	.text.tcp_seg_copy,"ax",%progbits
 1838              		.align	1
 1839              		.global	tcp_seg_copy
 1840              		.syntax unified
 1841              		.thumb
 1842              		.thumb_func
 1843              		.fpu fpv5-d16
 1845              	tcp_seg_copy:
 1846              	.LVL180:
 1847              	.LFB197:
1663:Middlewares/Third_Party/LwIP/src/core/tcp.c ****   struct tcp_seg *cseg;
 1848              		.loc 1 1663 1 view -0
 1849              		.cfi_startproc
 1850              		@ args = 0, pretend = 0, frame = 0
 1851              		@ frame_needed = 0, uses_anonymous_args = 0
1663:Middlewares/Third_Party/LwIP/src/core/tcp.c ****   struct tcp_seg *cseg;
 1852              		.loc 1 1663 1 is_stmt 0 view .LVU521
 1853 0000 38B5     		push	{r3, r4, r5, lr}
 1854              	.LCFI19:
 1855              		.cfi_def_cfa_offset 16
 1856              		.cfi_offset 3, -16
 1857              		.cfi_offset 4, -12
 1858              		.cfi_offset 5, -8
 1859              		.cfi_offset 14, -4
1664:Middlewares/Third_Party/LwIP/src/core/tcp.c **** 
 1860              		.loc 1 1664 3 is_stmt 1 view .LVU522
1666:Middlewares/Third_Party/LwIP/src/core/tcp.c **** 
 1861              		.loc 1 1666 3 view .LVU523
1666:Middlewares/Third_Party/LwIP/src/core/tcp.c **** 
 1862              		.loc 1 1666 3 view .LVU524
 1863 0002 0546     		mov	r5, r0
 1864 0004 88B1     		cbz	r0, .L189
 1865              	.LVL181:
 1866              	.L186:
1666:Middlewares/Third_Party/LwIP/src/core/tcp.c **** 
 1867              		.loc 1 1666 3 discriminator 3 view .LVU525
1666:Middlewares/Third_Party/LwIP/src/core/tcp.c **** 
 1868              		.loc 1 1666 3 discriminator 3 view .LVU526
1668:Middlewares/Third_Party/LwIP/src/core/tcp.c ****   if (cseg == NULL) {
 1869              		.loc 1 1668 3 discriminator 3 view .LVU527
1668:Middlewares/Third_Party/LwIP/src/core/tcp.c ****   if (cseg == NULL) {
 1870              		.loc 1 1668 28 is_stmt 0 discriminator 3 view .LVU528
ARM GAS  /tmp/ccmQZyRb.s 			page 75


 1871 0006 0320     		movs	r0, #3
 1872 0008 FFF7FEFF 		bl	memp_malloc
 1873              	.LVL182:
1669:Middlewares/Third_Party/LwIP/src/core/tcp.c ****     return NULL;
 1874              		.loc 1 1669 3 is_stmt 1 discriminator 3 view .LVU529
1669:Middlewares/Third_Party/LwIP/src/core/tcp.c ****     return NULL;
 1875              		.loc 1 1669 6 is_stmt 0 discriminator 3 view .LVU530
 1876 000c 0446     		mov	r4, r0
 1877 000e 50B1     		cbz	r0, .L185
1672:Middlewares/Third_Party/LwIP/src/core/tcp.c ****   pbuf_ref(cseg->p);
 1878              		.loc 1 1672 3 is_stmt 1 view .LVU531
 1879 0010 2868     		ldr	r0, [r5]	@ unaligned
 1880              	.LVL183:
1672:Middlewares/Third_Party/LwIP/src/core/tcp.c ****   pbuf_ref(cseg->p);
 1881              		.loc 1 1672 3 is_stmt 0 view .LVU532
 1882 0012 6968     		ldr	r1, [r5, #4]	@ unaligned
 1883 0014 AA68     		ldr	r2, [r5, #8]	@ unaligned
 1884 0016 EB68     		ldr	r3, [r5, #12]	@ unaligned
 1885 0018 2060     		str	r0, [r4]	@ unaligned
 1886 001a 6160     		str	r1, [r4, #4]	@ unaligned
 1887 001c A260     		str	r2, [r4, #8]	@ unaligned
 1888 001e E360     		str	r3, [r4, #12]	@ unaligned
1673:Middlewares/Third_Party/LwIP/src/core/tcp.c ****   return cseg;
 1889              		.loc 1 1673 3 is_stmt 1 view .LVU533
 1890 0020 6068     		ldr	r0, [r4, #4]
 1891 0022 FFF7FEFF 		bl	pbuf_ref
 1892              	.LVL184:
1674:Middlewares/Third_Party/LwIP/src/core/tcp.c **** }
 1893              		.loc 1 1674 3 view .LVU534
 1894              	.L185:
1675:Middlewares/Third_Party/LwIP/src/core/tcp.c **** #endif /* TCP_QUEUE_OOSEQ */
 1895              		.loc 1 1675 1 is_stmt 0 view .LVU535
 1896 0026 2046     		mov	r0, r4
 1897 0028 38BD     		pop	{r3, r4, r5, pc}
 1898              	.LVL185:
 1899              	.L189:
1666:Middlewares/Third_Party/LwIP/src/core/tcp.c **** 
 1900              		.loc 1 1666 3 is_stmt 1 discriminator 1 view .LVU536
1666:Middlewares/Third_Party/LwIP/src/core/tcp.c **** 
 1901              		.loc 1 1666 3 discriminator 1 view .LVU537
 1902 002a 044B     		ldr	r3, .L190
 1903 002c 40F28262 		movw	r2, #1666
 1904 0030 0349     		ldr	r1, .L190+4
 1905 0032 0448     		ldr	r0, .L190+8
 1906              	.LVL186:
1666:Middlewares/Third_Party/LwIP/src/core/tcp.c **** 
 1907              		.loc 1 1666 3 is_stmt 0 discriminator 1 view .LVU538
 1908 0034 FFF7FEFF 		bl	printf
 1909              	.LVL187:
 1910 0038 E5E7     		b	.L186
 1911              	.L191:
 1912 003a 00BF     		.align	2
 1913              	.L190:
 1914 003c 00000000 		.word	.LC0
 1915 0040 00000000 		.word	.LC16
 1916 0044 54000000 		.word	.LC2
 1917              		.cfi_endproc
ARM GAS  /tmp/ccmQZyRb.s 			page 76


 1918              	.LFE197:
 1920              		.section	.text.tcp_arg,"ax",%progbits
 1921              		.align	1
 1922              		.global	tcp_arg
 1923              		.syntax unified
 1924              		.thumb
 1925              		.thumb_func
 1926              		.fpu fpv5-d16
 1928              	tcp_arg:
 1929              	.LVL188:
 1930              	.LFB206:
1826:Middlewares/Third_Party/LwIP/src/core/tcp.c **** 
1827:Middlewares/Third_Party/LwIP/src/core/tcp.c **** /**
1828:Middlewares/Third_Party/LwIP/src/core/tcp.c ****  * Allocate a new tcp_pcb structure.
1829:Middlewares/Third_Party/LwIP/src/core/tcp.c ****  *
1830:Middlewares/Third_Party/LwIP/src/core/tcp.c ****  * @param prio priority for the new pcb
1831:Middlewares/Third_Party/LwIP/src/core/tcp.c ****  * @return a new tcp_pcb that initially is in state CLOSED
1832:Middlewares/Third_Party/LwIP/src/core/tcp.c ****  */
1833:Middlewares/Third_Party/LwIP/src/core/tcp.c **** struct tcp_pcb *
1834:Middlewares/Third_Party/LwIP/src/core/tcp.c **** tcp_alloc(u8_t prio)
1835:Middlewares/Third_Party/LwIP/src/core/tcp.c **** {
1836:Middlewares/Third_Party/LwIP/src/core/tcp.c ****   struct tcp_pcb *pcb;
1837:Middlewares/Third_Party/LwIP/src/core/tcp.c **** 
1838:Middlewares/Third_Party/LwIP/src/core/tcp.c ****   LWIP_ASSERT_CORE_LOCKED();
1839:Middlewares/Third_Party/LwIP/src/core/tcp.c **** 
1840:Middlewares/Third_Party/LwIP/src/core/tcp.c ****   pcb = (struct tcp_pcb *)memp_malloc(MEMP_TCP_PCB);
1841:Middlewares/Third_Party/LwIP/src/core/tcp.c ****   if (pcb == NULL) {
1842:Middlewares/Third_Party/LwIP/src/core/tcp.c ****     /* Try to send FIN for all pcbs stuck in TF_CLOSEPEND first */
1843:Middlewares/Third_Party/LwIP/src/core/tcp.c ****     tcp_handle_closepend();
1844:Middlewares/Third_Party/LwIP/src/core/tcp.c **** 
1845:Middlewares/Third_Party/LwIP/src/core/tcp.c ****     /* Try killing oldest connection in TIME-WAIT. */
1846:Middlewares/Third_Party/LwIP/src/core/tcp.c ****     LWIP_DEBUGF(TCP_DEBUG, ("tcp_alloc: killing off oldest TIME-WAIT connection\n"));
1847:Middlewares/Third_Party/LwIP/src/core/tcp.c ****     tcp_kill_timewait();
1848:Middlewares/Third_Party/LwIP/src/core/tcp.c ****     /* Try to allocate a tcp_pcb again. */
1849:Middlewares/Third_Party/LwIP/src/core/tcp.c ****     pcb = (struct tcp_pcb *)memp_malloc(MEMP_TCP_PCB);
1850:Middlewares/Third_Party/LwIP/src/core/tcp.c ****     if (pcb == NULL) {
1851:Middlewares/Third_Party/LwIP/src/core/tcp.c ****       /* Try killing oldest connection in LAST-ACK (these wouldn't go to TIME-WAIT). */
1852:Middlewares/Third_Party/LwIP/src/core/tcp.c ****       LWIP_DEBUGF(TCP_DEBUG, ("tcp_alloc: killing off oldest LAST-ACK connection\n"));
1853:Middlewares/Third_Party/LwIP/src/core/tcp.c ****       tcp_kill_state(LAST_ACK);
1854:Middlewares/Third_Party/LwIP/src/core/tcp.c ****       /* Try to allocate a tcp_pcb again. */
1855:Middlewares/Third_Party/LwIP/src/core/tcp.c ****       pcb = (struct tcp_pcb *)memp_malloc(MEMP_TCP_PCB);
1856:Middlewares/Third_Party/LwIP/src/core/tcp.c ****       if (pcb == NULL) {
1857:Middlewares/Third_Party/LwIP/src/core/tcp.c ****         /* Try killing oldest connection in CLOSING. */
1858:Middlewares/Third_Party/LwIP/src/core/tcp.c ****         LWIP_DEBUGF(TCP_DEBUG, ("tcp_alloc: killing off oldest CLOSING connection\n"));
1859:Middlewares/Third_Party/LwIP/src/core/tcp.c ****         tcp_kill_state(CLOSING);
1860:Middlewares/Third_Party/LwIP/src/core/tcp.c ****         /* Try to allocate a tcp_pcb again. */
1861:Middlewares/Third_Party/LwIP/src/core/tcp.c ****         pcb = (struct tcp_pcb *)memp_malloc(MEMP_TCP_PCB);
1862:Middlewares/Third_Party/LwIP/src/core/tcp.c ****         if (pcb == NULL) {
1863:Middlewares/Third_Party/LwIP/src/core/tcp.c ****           /* Try killing oldest active connection with lower priority than the new one. */
1864:Middlewares/Third_Party/LwIP/src/core/tcp.c ****           LWIP_DEBUGF(TCP_DEBUG, ("tcp_alloc: killing oldest connection with prio lower than %d\n",
1865:Middlewares/Third_Party/LwIP/src/core/tcp.c ****           tcp_kill_prio(prio);
1866:Middlewares/Third_Party/LwIP/src/core/tcp.c ****           /* Try to allocate a tcp_pcb again. */
1867:Middlewares/Third_Party/LwIP/src/core/tcp.c ****           pcb = (struct tcp_pcb *)memp_malloc(MEMP_TCP_PCB);
1868:Middlewares/Third_Party/LwIP/src/core/tcp.c ****           if (pcb != NULL) {
1869:Middlewares/Third_Party/LwIP/src/core/tcp.c ****             /* adjust err stats: memp_malloc failed multiple times before */
1870:Middlewares/Third_Party/LwIP/src/core/tcp.c ****             MEMP_STATS_DEC(err, MEMP_TCP_PCB);
1871:Middlewares/Third_Party/LwIP/src/core/tcp.c ****           }
ARM GAS  /tmp/ccmQZyRb.s 			page 77


1872:Middlewares/Third_Party/LwIP/src/core/tcp.c ****         }
1873:Middlewares/Third_Party/LwIP/src/core/tcp.c ****         if (pcb != NULL) {
1874:Middlewares/Third_Party/LwIP/src/core/tcp.c ****           /* adjust err stats: memp_malloc failed multiple times before */
1875:Middlewares/Third_Party/LwIP/src/core/tcp.c ****           MEMP_STATS_DEC(err, MEMP_TCP_PCB);
1876:Middlewares/Third_Party/LwIP/src/core/tcp.c ****         }
1877:Middlewares/Third_Party/LwIP/src/core/tcp.c ****       }
1878:Middlewares/Third_Party/LwIP/src/core/tcp.c ****       if (pcb != NULL) {
1879:Middlewares/Third_Party/LwIP/src/core/tcp.c ****         /* adjust err stats: memp_malloc failed multiple times before */
1880:Middlewares/Third_Party/LwIP/src/core/tcp.c ****         MEMP_STATS_DEC(err, MEMP_TCP_PCB);
1881:Middlewares/Third_Party/LwIP/src/core/tcp.c ****       }
1882:Middlewares/Third_Party/LwIP/src/core/tcp.c ****     }
1883:Middlewares/Third_Party/LwIP/src/core/tcp.c ****     if (pcb != NULL) {
1884:Middlewares/Third_Party/LwIP/src/core/tcp.c ****       /* adjust err stats: memp_malloc failed above */
1885:Middlewares/Third_Party/LwIP/src/core/tcp.c ****       MEMP_STATS_DEC(err, MEMP_TCP_PCB);
1886:Middlewares/Third_Party/LwIP/src/core/tcp.c ****     }
1887:Middlewares/Third_Party/LwIP/src/core/tcp.c ****   }
1888:Middlewares/Third_Party/LwIP/src/core/tcp.c ****   if (pcb != NULL) {
1889:Middlewares/Third_Party/LwIP/src/core/tcp.c ****     /* zero out the whole pcb, so there is no need to initialize members to zero */
1890:Middlewares/Third_Party/LwIP/src/core/tcp.c ****     memset(pcb, 0, sizeof(struct tcp_pcb));
1891:Middlewares/Third_Party/LwIP/src/core/tcp.c ****     pcb->prio = prio;
1892:Middlewares/Third_Party/LwIP/src/core/tcp.c ****     pcb->snd_buf = TCP_SND_BUF;
1893:Middlewares/Third_Party/LwIP/src/core/tcp.c ****     /* Start with a window that does not need scaling. When window scaling is
1894:Middlewares/Third_Party/LwIP/src/core/tcp.c ****        enabled and used, the window is enlarged when both sides agree on scaling. */
1895:Middlewares/Third_Party/LwIP/src/core/tcp.c ****     pcb->rcv_wnd = pcb->rcv_ann_wnd = TCPWND_MIN16(TCP_WND);
1896:Middlewares/Third_Party/LwIP/src/core/tcp.c ****     pcb->ttl = TCP_TTL;
1897:Middlewares/Third_Party/LwIP/src/core/tcp.c ****     /* As initial send MSS, we use TCP_MSS but limit it to 536.
1898:Middlewares/Third_Party/LwIP/src/core/tcp.c ****        The send MSS is updated when an MSS option is received. */
1899:Middlewares/Third_Party/LwIP/src/core/tcp.c ****     pcb->mss = INITIAL_MSS;
1900:Middlewares/Third_Party/LwIP/src/core/tcp.c ****     pcb->rto = 3000 / TCP_SLOW_INTERVAL;
1901:Middlewares/Third_Party/LwIP/src/core/tcp.c ****     pcb->sv = 3000 / TCP_SLOW_INTERVAL;
1902:Middlewares/Third_Party/LwIP/src/core/tcp.c ****     pcb->rtime = -1;
1903:Middlewares/Third_Party/LwIP/src/core/tcp.c ****     pcb->cwnd = 1;
1904:Middlewares/Third_Party/LwIP/src/core/tcp.c ****     pcb->tmr = tcp_ticks;
1905:Middlewares/Third_Party/LwIP/src/core/tcp.c ****     pcb->last_timer = tcp_timer_ctr;
1906:Middlewares/Third_Party/LwIP/src/core/tcp.c **** 
1907:Middlewares/Third_Party/LwIP/src/core/tcp.c ****     /* RFC 5681 recommends setting ssthresh abritrarily high and gives an example
1908:Middlewares/Third_Party/LwIP/src/core/tcp.c ****     of using the largest advertised receive window.  We've seen complications with
1909:Middlewares/Third_Party/LwIP/src/core/tcp.c ****     receiving TCPs that use window scaling and/or window auto-tuning where the
1910:Middlewares/Third_Party/LwIP/src/core/tcp.c ****     initial advertised window is very small and then grows rapidly once the
1911:Middlewares/Third_Party/LwIP/src/core/tcp.c ****     connection is established. To avoid these complications, we set ssthresh to the
1912:Middlewares/Third_Party/LwIP/src/core/tcp.c ****     largest effective cwnd (amount of in-flight data) that the sender can have. */
1913:Middlewares/Third_Party/LwIP/src/core/tcp.c ****     pcb->ssthresh = TCP_SND_BUF;
1914:Middlewares/Third_Party/LwIP/src/core/tcp.c **** 
1915:Middlewares/Third_Party/LwIP/src/core/tcp.c **** #if LWIP_CALLBACK_API
1916:Middlewares/Third_Party/LwIP/src/core/tcp.c ****     pcb->recv = tcp_recv_null;
1917:Middlewares/Third_Party/LwIP/src/core/tcp.c **** #endif /* LWIP_CALLBACK_API */
1918:Middlewares/Third_Party/LwIP/src/core/tcp.c **** 
1919:Middlewares/Third_Party/LwIP/src/core/tcp.c ****     /* Init KEEPALIVE timer */
1920:Middlewares/Third_Party/LwIP/src/core/tcp.c ****     pcb->keep_idle  = TCP_KEEPIDLE_DEFAULT;
1921:Middlewares/Third_Party/LwIP/src/core/tcp.c **** 
1922:Middlewares/Third_Party/LwIP/src/core/tcp.c **** #if LWIP_TCP_KEEPALIVE
1923:Middlewares/Third_Party/LwIP/src/core/tcp.c ****     pcb->keep_intvl = TCP_KEEPINTVL_DEFAULT;
1924:Middlewares/Third_Party/LwIP/src/core/tcp.c ****     pcb->keep_cnt   = TCP_KEEPCNT_DEFAULT;
1925:Middlewares/Third_Party/LwIP/src/core/tcp.c **** #endif /* LWIP_TCP_KEEPALIVE */
1926:Middlewares/Third_Party/LwIP/src/core/tcp.c ****   }
1927:Middlewares/Third_Party/LwIP/src/core/tcp.c ****   return pcb;
1928:Middlewares/Third_Party/LwIP/src/core/tcp.c **** }
ARM GAS  /tmp/ccmQZyRb.s 			page 78


1929:Middlewares/Third_Party/LwIP/src/core/tcp.c **** 
1930:Middlewares/Third_Party/LwIP/src/core/tcp.c **** /**
1931:Middlewares/Third_Party/LwIP/src/core/tcp.c ****  * @ingroup tcp_raw
1932:Middlewares/Third_Party/LwIP/src/core/tcp.c ****  * Creates a new TCP protocol control block but doesn't place it on
1933:Middlewares/Third_Party/LwIP/src/core/tcp.c ****  * any of the TCP PCB lists.
1934:Middlewares/Third_Party/LwIP/src/core/tcp.c ****  * The pcb is not put on any list until binding using tcp_bind().
1935:Middlewares/Third_Party/LwIP/src/core/tcp.c ****  * If memory is not available for creating the new pcb, NULL is returned.
1936:Middlewares/Third_Party/LwIP/src/core/tcp.c ****  *
1937:Middlewares/Third_Party/LwIP/src/core/tcp.c ****  * @internal: Maybe there should be a idle TCP PCB list where these
1938:Middlewares/Third_Party/LwIP/src/core/tcp.c ****  * PCBs are put on. Port reservation using tcp_bind() is implemented but
1939:Middlewares/Third_Party/LwIP/src/core/tcp.c ****  * allocated pcbs that are not bound can't be killed automatically if wanting
1940:Middlewares/Third_Party/LwIP/src/core/tcp.c ****  * to allocate a pcb with higher prio (@see tcp_kill_prio())
1941:Middlewares/Third_Party/LwIP/src/core/tcp.c ****  *
1942:Middlewares/Third_Party/LwIP/src/core/tcp.c ****  * @return a new tcp_pcb that initially is in state CLOSED
1943:Middlewares/Third_Party/LwIP/src/core/tcp.c ****  */
1944:Middlewares/Third_Party/LwIP/src/core/tcp.c **** struct tcp_pcb *
1945:Middlewares/Third_Party/LwIP/src/core/tcp.c **** tcp_new(void)
1946:Middlewares/Third_Party/LwIP/src/core/tcp.c **** {
1947:Middlewares/Third_Party/LwIP/src/core/tcp.c ****   return tcp_alloc(TCP_PRIO_NORMAL);
1948:Middlewares/Third_Party/LwIP/src/core/tcp.c **** }
1949:Middlewares/Third_Party/LwIP/src/core/tcp.c **** 
1950:Middlewares/Third_Party/LwIP/src/core/tcp.c **** /**
1951:Middlewares/Third_Party/LwIP/src/core/tcp.c ****  * @ingroup tcp_raw
1952:Middlewares/Third_Party/LwIP/src/core/tcp.c ****  * Creates a new TCP protocol control block but doesn't
1953:Middlewares/Third_Party/LwIP/src/core/tcp.c ****  * place it on any of the TCP PCB lists.
1954:Middlewares/Third_Party/LwIP/src/core/tcp.c ****  * The pcb is not put on any list until binding using tcp_bind().
1955:Middlewares/Third_Party/LwIP/src/core/tcp.c ****  *
1956:Middlewares/Third_Party/LwIP/src/core/tcp.c ****  * @param type IP address type, see @ref lwip_ip_addr_type definitions.
1957:Middlewares/Third_Party/LwIP/src/core/tcp.c ****  * If you want to listen to IPv4 and IPv6 (dual-stack) connections,
1958:Middlewares/Third_Party/LwIP/src/core/tcp.c ****  * supply @ref IPADDR_TYPE_ANY as argument and bind to @ref IP_ANY_TYPE.
1959:Middlewares/Third_Party/LwIP/src/core/tcp.c ****  * @return a new tcp_pcb that initially is in state CLOSED
1960:Middlewares/Third_Party/LwIP/src/core/tcp.c ****  */
1961:Middlewares/Third_Party/LwIP/src/core/tcp.c **** struct tcp_pcb *
1962:Middlewares/Third_Party/LwIP/src/core/tcp.c **** tcp_new_ip_type(u8_t type)
1963:Middlewares/Third_Party/LwIP/src/core/tcp.c **** {
1964:Middlewares/Third_Party/LwIP/src/core/tcp.c ****   struct tcp_pcb *pcb;
1965:Middlewares/Third_Party/LwIP/src/core/tcp.c ****   pcb = tcp_alloc(TCP_PRIO_NORMAL);
1966:Middlewares/Third_Party/LwIP/src/core/tcp.c **** #if LWIP_IPV4 && LWIP_IPV6
1967:Middlewares/Third_Party/LwIP/src/core/tcp.c ****   if (pcb != NULL) {
1968:Middlewares/Third_Party/LwIP/src/core/tcp.c ****     IP_SET_TYPE_VAL(pcb->local_ip, type);
1969:Middlewares/Third_Party/LwIP/src/core/tcp.c ****     IP_SET_TYPE_VAL(pcb->remote_ip, type);
1970:Middlewares/Third_Party/LwIP/src/core/tcp.c ****   }
1971:Middlewares/Third_Party/LwIP/src/core/tcp.c **** #else
1972:Middlewares/Third_Party/LwIP/src/core/tcp.c ****   LWIP_UNUSED_ARG(type);
1973:Middlewares/Third_Party/LwIP/src/core/tcp.c **** #endif /* LWIP_IPV4 && LWIP_IPV6 */
1974:Middlewares/Third_Party/LwIP/src/core/tcp.c ****   return pcb;
1975:Middlewares/Third_Party/LwIP/src/core/tcp.c **** }
1976:Middlewares/Third_Party/LwIP/src/core/tcp.c **** 
1977:Middlewares/Third_Party/LwIP/src/core/tcp.c **** /**
1978:Middlewares/Third_Party/LwIP/src/core/tcp.c ****  * @ingroup tcp_raw
1979:Middlewares/Third_Party/LwIP/src/core/tcp.c ****  * Specifies the program specific state that should be passed to all
1980:Middlewares/Third_Party/LwIP/src/core/tcp.c ****  * other callback functions. The "pcb" argument is the current TCP
1981:Middlewares/Third_Party/LwIP/src/core/tcp.c ****  * connection control block, and the "arg" argument is the argument
1982:Middlewares/Third_Party/LwIP/src/core/tcp.c ****  * that will be passed to the callbacks.
1983:Middlewares/Third_Party/LwIP/src/core/tcp.c ****  *
1984:Middlewares/Third_Party/LwIP/src/core/tcp.c ****  * @param pcb tcp_pcb to set the callback argument
1985:Middlewares/Third_Party/LwIP/src/core/tcp.c ****  * @param arg void pointer argument to pass to callback functions
ARM GAS  /tmp/ccmQZyRb.s 			page 79


1986:Middlewares/Third_Party/LwIP/src/core/tcp.c ****  */
1987:Middlewares/Third_Party/LwIP/src/core/tcp.c **** void
1988:Middlewares/Third_Party/LwIP/src/core/tcp.c **** tcp_arg(struct tcp_pcb *pcb, void *arg)
1989:Middlewares/Third_Party/LwIP/src/core/tcp.c **** {
 1931              		.loc 1 1989 1 is_stmt 1 view -0
 1932              		.cfi_startproc
 1933              		@ args = 0, pretend = 0, frame = 0
 1934              		@ frame_needed = 0, uses_anonymous_args = 0
 1935              		@ link register save eliminated.
1990:Middlewares/Third_Party/LwIP/src/core/tcp.c ****   LWIP_ASSERT_CORE_LOCKED();
 1936              		.loc 1 1990 28 view .LVU540
1991:Middlewares/Third_Party/LwIP/src/core/tcp.c ****   /* This function is allowed to be called for both listen pcbs and
1992:Middlewares/Third_Party/LwIP/src/core/tcp.c ****      connection pcbs. */
1993:Middlewares/Third_Party/LwIP/src/core/tcp.c ****   if (pcb != NULL) {
 1937              		.loc 1 1993 3 view .LVU541
 1938              		.loc 1 1993 6 is_stmt 0 view .LVU542
 1939 0000 00B1     		cbz	r0, .L192
1994:Middlewares/Third_Party/LwIP/src/core/tcp.c ****     pcb->callback_arg = arg;
 1940              		.loc 1 1994 5 is_stmt 1 view .LVU543
 1941              		.loc 1 1994 23 is_stmt 0 view .LVU544
 1942 0002 0161     		str	r1, [r0, #16]
 1943              	.L192:
1995:Middlewares/Third_Party/LwIP/src/core/tcp.c ****   }
1996:Middlewares/Third_Party/LwIP/src/core/tcp.c **** }
 1944              		.loc 1 1996 1 view .LVU545
 1945 0004 7047     		bx	lr
 1946              		.cfi_endproc
 1947              	.LFE206:
 1949              		.section	.rodata.tcp_recv.str1.4,"aMS",%progbits,1
 1950              		.align	2
 1951              	.LC17:
 1952 0000 696E7661 		.ascii	"invalid socket state for recv callback\000"
 1952      6C696420 
 1952      736F636B 
 1952      65742073 
 1952      74617465 
 1953              		.section	.text.tcp_recv,"ax",%progbits
 1954              		.align	1
 1955              		.global	tcp_recv
 1956              		.syntax unified
 1957              		.thumb
 1958              		.thumb_func
 1959              		.fpu fpv5-d16
 1961              	tcp_recv:
 1962              	.LVL189:
 1963              	.LFB207:
1997:Middlewares/Third_Party/LwIP/src/core/tcp.c **** #if LWIP_CALLBACK_API
1998:Middlewares/Third_Party/LwIP/src/core/tcp.c **** 
1999:Middlewares/Third_Party/LwIP/src/core/tcp.c **** /**
2000:Middlewares/Third_Party/LwIP/src/core/tcp.c ****  * @ingroup tcp_raw
2001:Middlewares/Third_Party/LwIP/src/core/tcp.c ****  * Sets the callback function that will be called when new data
2002:Middlewares/Third_Party/LwIP/src/core/tcp.c ****  * arrives. The callback function will be passed a NULL pbuf to
2003:Middlewares/Third_Party/LwIP/src/core/tcp.c ****  * indicate that the remote host has closed the connection. If the
2004:Middlewares/Third_Party/LwIP/src/core/tcp.c ****  * callback function returns ERR_OK or ERR_ABRT it must have
2005:Middlewares/Third_Party/LwIP/src/core/tcp.c ****  * freed the pbuf, otherwise it must not have freed it.
2006:Middlewares/Third_Party/LwIP/src/core/tcp.c ****  *
2007:Middlewares/Third_Party/LwIP/src/core/tcp.c ****  * @param pcb tcp_pcb to set the recv callback
ARM GAS  /tmp/ccmQZyRb.s 			page 80


2008:Middlewares/Third_Party/LwIP/src/core/tcp.c ****  * @param recv callback function to call for this pcb when data is received
2009:Middlewares/Third_Party/LwIP/src/core/tcp.c ****  */
2010:Middlewares/Third_Party/LwIP/src/core/tcp.c **** void
2011:Middlewares/Third_Party/LwIP/src/core/tcp.c **** tcp_recv(struct tcp_pcb *pcb, tcp_recv_fn recv)
2012:Middlewares/Third_Party/LwIP/src/core/tcp.c **** {
 1964              		.loc 1 2012 1 is_stmt 1 view -0
 1965              		.cfi_startproc
 1966              		@ args = 0, pretend = 0, frame = 0
 1967              		@ frame_needed = 0, uses_anonymous_args = 0
2013:Middlewares/Third_Party/LwIP/src/core/tcp.c ****   LWIP_ASSERT_CORE_LOCKED();
 1968              		.loc 1 2013 28 view .LVU547
2014:Middlewares/Third_Party/LwIP/src/core/tcp.c ****   if (pcb != NULL) {
 1969              		.loc 1 2014 3 view .LVU548
 1970              		.loc 1 2014 6 is_stmt 0 view .LVU549
 1971 0000 80B1     		cbz	r0, .L198
2012:Middlewares/Third_Party/LwIP/src/core/tcp.c ****   LWIP_ASSERT_CORE_LOCKED();
 1972              		.loc 1 2012 1 view .LVU550
 1973 0002 38B5     		push	{r3, r4, r5, lr}
 1974              	.LCFI20:
 1975              		.cfi_def_cfa_offset 16
 1976              		.cfi_offset 3, -16
 1977              		.cfi_offset 4, -12
 1978              		.cfi_offset 5, -8
 1979              		.cfi_offset 14, -4
 1980 0004 0C46     		mov	r4, r1
 1981 0006 0546     		mov	r5, r0
2015:Middlewares/Third_Party/LwIP/src/core/tcp.c ****     LWIP_ASSERT("invalid socket state for recv callback", pcb->state != LISTEN);
 1982              		.loc 1 2015 5 is_stmt 1 view .LVU551
 1983              		.loc 1 2015 5 view .LVU552
 1984 0008 037D     		ldrb	r3, [r0, #20]	@ zero_extendqisi2
 1985 000a 012B     		cmp	r3, #1
 1986 000c 02D0     		beq	.L201
 1987              	.LVL190:
 1988              	.L196:
 1989              		.loc 1 2015 5 discriminator 3 view .LVU553
 1990              		.loc 1 2015 5 discriminator 3 view .LVU554
2016:Middlewares/Third_Party/LwIP/src/core/tcp.c ****     pcb->recv = recv;
 1991              		.loc 1 2016 5 discriminator 3 view .LVU555
 1992              		.loc 1 2016 15 is_stmt 0 discriminator 3 view .LVU556
 1993 000e C5F88440 		str	r4, [r5, #132]
2017:Middlewares/Third_Party/LwIP/src/core/tcp.c ****   }
2018:Middlewares/Third_Party/LwIP/src/core/tcp.c **** }
 1994              		.loc 1 2018 1 discriminator 3 view .LVU557
 1995 0012 38BD     		pop	{r3, r4, r5, pc}
 1996              	.LVL191:
 1997              	.L201:
2015:Middlewares/Third_Party/LwIP/src/core/tcp.c ****     pcb->recv = recv;
 1998              		.loc 1 2015 5 is_stmt 1 discriminator 1 view .LVU558
2015:Middlewares/Third_Party/LwIP/src/core/tcp.c ****     pcb->recv = recv;
 1999              		.loc 1 2015 5 discriminator 1 view .LVU559
 2000 0014 044B     		ldr	r3, .L202
 2001 0016 40F2DF72 		movw	r2, #2015
 2002 001a 0449     		ldr	r1, .L202+4
 2003              	.LVL192:
2015:Middlewares/Third_Party/LwIP/src/core/tcp.c ****     pcb->recv = recv;
 2004              		.loc 1 2015 5 is_stmt 0 discriminator 1 view .LVU560
 2005 001c 0448     		ldr	r0, .L202+8
ARM GAS  /tmp/ccmQZyRb.s 			page 81


 2006              	.LVL193:
2015:Middlewares/Third_Party/LwIP/src/core/tcp.c ****     pcb->recv = recv;
 2007              		.loc 1 2015 5 discriminator 1 view .LVU561
 2008 001e FFF7FEFF 		bl	printf
 2009              	.LVL194:
 2010 0022 F4E7     		b	.L196
 2011              	.LVL195:
 2012              	.L198:
 2013              	.LCFI21:
 2014              		.cfi_def_cfa_offset 0
 2015              		.cfi_restore 3
 2016              		.cfi_restore 4
 2017              		.cfi_restore 5
 2018              		.cfi_restore 14
2015:Middlewares/Third_Party/LwIP/src/core/tcp.c ****     pcb->recv = recv;
 2019              		.loc 1 2015 5 discriminator 1 view .LVU562
 2020 0024 7047     		bx	lr
 2021              	.L203:
 2022 0026 00BF     		.align	2
 2023              	.L202:
 2024 0028 00000000 		.word	.LC0
 2025 002c 00000000 		.word	.LC17
 2026 0030 54000000 		.word	.LC2
 2027              		.cfi_endproc
 2028              	.LFE207:
 2030              		.section	.rodata.tcp_sent.str1.4,"aMS",%progbits,1
 2031              		.align	2
 2032              	.LC18:
 2033 0000 696E7661 		.ascii	"invalid socket state for sent callback\000"
 2033      6C696420 
 2033      736F636B 
 2033      65742073 
 2033      74617465 
 2034              		.section	.text.tcp_sent,"ax",%progbits
 2035              		.align	1
 2036              		.global	tcp_sent
 2037              		.syntax unified
 2038              		.thumb
 2039              		.thumb_func
 2040              		.fpu fpv5-d16
 2042              	tcp_sent:
 2043              	.LVL196:
 2044              	.LFB208:
2019:Middlewares/Third_Party/LwIP/src/core/tcp.c **** 
2020:Middlewares/Third_Party/LwIP/src/core/tcp.c **** /**
2021:Middlewares/Third_Party/LwIP/src/core/tcp.c ****  * @ingroup tcp_raw
2022:Middlewares/Third_Party/LwIP/src/core/tcp.c ****  * Specifies the callback function that should be called when data has
2023:Middlewares/Third_Party/LwIP/src/core/tcp.c ****  * successfully been received (i.e., acknowledged) by the remote
2024:Middlewares/Third_Party/LwIP/src/core/tcp.c ****  * host. The len argument passed to the callback function gives the
2025:Middlewares/Third_Party/LwIP/src/core/tcp.c ****  * amount bytes that was acknowledged by the last acknowledgment.
2026:Middlewares/Third_Party/LwIP/src/core/tcp.c ****  *
2027:Middlewares/Third_Party/LwIP/src/core/tcp.c ****  * @param pcb tcp_pcb to set the sent callback
2028:Middlewares/Third_Party/LwIP/src/core/tcp.c ****  * @param sent callback function to call for this pcb when data is successfully sent
2029:Middlewares/Third_Party/LwIP/src/core/tcp.c ****  */
2030:Middlewares/Third_Party/LwIP/src/core/tcp.c **** void
2031:Middlewares/Third_Party/LwIP/src/core/tcp.c **** tcp_sent(struct tcp_pcb *pcb, tcp_sent_fn sent)
2032:Middlewares/Third_Party/LwIP/src/core/tcp.c **** {
ARM GAS  /tmp/ccmQZyRb.s 			page 82


 2045              		.loc 1 2032 1 is_stmt 1 view -0
 2046              		.cfi_startproc
 2047              		@ args = 0, pretend = 0, frame = 0
 2048              		@ frame_needed = 0, uses_anonymous_args = 0
2033:Middlewares/Third_Party/LwIP/src/core/tcp.c ****   LWIP_ASSERT_CORE_LOCKED();
 2049              		.loc 1 2033 28 view .LVU564
2034:Middlewares/Third_Party/LwIP/src/core/tcp.c ****   if (pcb != NULL) {
 2050              		.loc 1 2034 3 view .LVU565
 2051              		.loc 1 2034 6 is_stmt 0 view .LVU566
 2052 0000 80B1     		cbz	r0, .L208
2032:Middlewares/Third_Party/LwIP/src/core/tcp.c ****   LWIP_ASSERT_CORE_LOCKED();
 2053              		.loc 1 2032 1 view .LVU567
 2054 0002 38B5     		push	{r3, r4, r5, lr}
 2055              	.LCFI22:
 2056              		.cfi_def_cfa_offset 16
 2057              		.cfi_offset 3, -16
 2058              		.cfi_offset 4, -12
 2059              		.cfi_offset 5, -8
 2060              		.cfi_offset 14, -4
 2061 0004 0C46     		mov	r4, r1
 2062 0006 0546     		mov	r5, r0
2035:Middlewares/Third_Party/LwIP/src/core/tcp.c ****     LWIP_ASSERT("invalid socket state for sent callback", pcb->state != LISTEN);
 2063              		.loc 1 2035 5 is_stmt 1 view .LVU568
 2064              		.loc 1 2035 5 view .LVU569
 2065 0008 037D     		ldrb	r3, [r0, #20]	@ zero_extendqisi2
 2066 000a 012B     		cmp	r3, #1
 2067 000c 02D0     		beq	.L211
 2068              	.LVL197:
 2069              	.L206:
 2070              		.loc 1 2035 5 discriminator 3 view .LVU570
 2071              		.loc 1 2035 5 discriminator 3 view .LVU571
2036:Middlewares/Third_Party/LwIP/src/core/tcp.c ****     pcb->sent = sent;
 2072              		.loc 1 2036 5 discriminator 3 view .LVU572
 2073              		.loc 1 2036 15 is_stmt 0 discriminator 3 view .LVU573
 2074 000e C5F88040 		str	r4, [r5, #128]
2037:Middlewares/Third_Party/LwIP/src/core/tcp.c ****   }
2038:Middlewares/Third_Party/LwIP/src/core/tcp.c **** }
 2075              		.loc 1 2038 1 discriminator 3 view .LVU574
 2076 0012 38BD     		pop	{r3, r4, r5, pc}
 2077              	.LVL198:
 2078              	.L211:
2035:Middlewares/Third_Party/LwIP/src/core/tcp.c ****     pcb->sent = sent;
 2079              		.loc 1 2035 5 is_stmt 1 discriminator 1 view .LVU575
2035:Middlewares/Third_Party/LwIP/src/core/tcp.c ****     pcb->sent = sent;
 2080              		.loc 1 2035 5 discriminator 1 view .LVU576
 2081 0014 044B     		ldr	r3, .L212
 2082 0016 40F2F372 		movw	r2, #2035
 2083 001a 0449     		ldr	r1, .L212+4
 2084              	.LVL199:
2035:Middlewares/Third_Party/LwIP/src/core/tcp.c ****     pcb->sent = sent;
 2085              		.loc 1 2035 5 is_stmt 0 discriminator 1 view .LVU577
 2086 001c 0448     		ldr	r0, .L212+8
 2087              	.LVL200:
2035:Middlewares/Third_Party/LwIP/src/core/tcp.c ****     pcb->sent = sent;
 2088              		.loc 1 2035 5 discriminator 1 view .LVU578
 2089 001e FFF7FEFF 		bl	printf
 2090              	.LVL201:
ARM GAS  /tmp/ccmQZyRb.s 			page 83


 2091 0022 F4E7     		b	.L206
 2092              	.LVL202:
 2093              	.L208:
 2094              	.LCFI23:
 2095              		.cfi_def_cfa_offset 0
 2096              		.cfi_restore 3
 2097              		.cfi_restore 4
 2098              		.cfi_restore 5
 2099              		.cfi_restore 14
2035:Middlewares/Third_Party/LwIP/src/core/tcp.c ****     pcb->sent = sent;
 2100              		.loc 1 2035 5 discriminator 1 view .LVU579
 2101 0024 7047     		bx	lr
 2102              	.L213:
 2103 0026 00BF     		.align	2
 2104              	.L212:
 2105 0028 00000000 		.word	.LC0
 2106 002c 00000000 		.word	.LC18
 2107 0030 54000000 		.word	.LC2
 2108              		.cfi_endproc
 2109              	.LFE208:
 2111              		.section	.rodata.tcp_err.str1.4,"aMS",%progbits,1
 2112              		.align	2
 2113              	.LC19:
 2114 0000 696E7661 		.ascii	"invalid socket state for err callback\000"
 2114      6C696420 
 2114      736F636B 
 2114      65742073 
 2114      74617465 
 2115              		.section	.text.tcp_err,"ax",%progbits
 2116              		.align	1
 2117              		.global	tcp_err
 2118              		.syntax unified
 2119              		.thumb
 2120              		.thumb_func
 2121              		.fpu fpv5-d16
 2123              	tcp_err:
 2124              	.LVL203:
 2125              	.LFB209:
2039:Middlewares/Third_Party/LwIP/src/core/tcp.c **** 
2040:Middlewares/Third_Party/LwIP/src/core/tcp.c **** /**
2041:Middlewares/Third_Party/LwIP/src/core/tcp.c ****  * @ingroup tcp_raw
2042:Middlewares/Third_Party/LwIP/src/core/tcp.c ****  * Used to specify the function that should be called when a fatal error
2043:Middlewares/Third_Party/LwIP/src/core/tcp.c ****  * has occurred on the connection.
2044:Middlewares/Third_Party/LwIP/src/core/tcp.c ****  * 
2045:Middlewares/Third_Party/LwIP/src/core/tcp.c ****  * If a connection is aborted because of an error, the application is
2046:Middlewares/Third_Party/LwIP/src/core/tcp.c ****  * alerted of this event by the err callback. Errors that might abort a
2047:Middlewares/Third_Party/LwIP/src/core/tcp.c ****  * connection are when there is a shortage of memory. The callback
2048:Middlewares/Third_Party/LwIP/src/core/tcp.c ****  * function to be called is set using the tcp_err() function.
2049:Middlewares/Third_Party/LwIP/src/core/tcp.c ****  *
2050:Middlewares/Third_Party/LwIP/src/core/tcp.c ****  * @note The corresponding pcb is already freed when this callback is called!
2051:Middlewares/Third_Party/LwIP/src/core/tcp.c ****  *
2052:Middlewares/Third_Party/LwIP/src/core/tcp.c ****  * @param pcb tcp_pcb to set the err callback
2053:Middlewares/Third_Party/LwIP/src/core/tcp.c ****  * @param err callback function to call for this pcb when a fatal error
2054:Middlewares/Third_Party/LwIP/src/core/tcp.c ****  *        has occurred on the connection
2055:Middlewares/Third_Party/LwIP/src/core/tcp.c ****  */
2056:Middlewares/Third_Party/LwIP/src/core/tcp.c **** void
2057:Middlewares/Third_Party/LwIP/src/core/tcp.c **** tcp_err(struct tcp_pcb *pcb, tcp_err_fn err)
ARM GAS  /tmp/ccmQZyRb.s 			page 84


2058:Middlewares/Third_Party/LwIP/src/core/tcp.c **** {
 2126              		.loc 1 2058 1 is_stmt 1 view -0
 2127              		.cfi_startproc
 2128              		@ args = 0, pretend = 0, frame = 0
 2129              		@ frame_needed = 0, uses_anonymous_args = 0
2059:Middlewares/Third_Party/LwIP/src/core/tcp.c ****   LWIP_ASSERT_CORE_LOCKED();
 2130              		.loc 1 2059 28 view .LVU581
2060:Middlewares/Third_Party/LwIP/src/core/tcp.c ****   if (pcb != NULL) {
 2131              		.loc 1 2060 3 view .LVU582
 2132              		.loc 1 2060 6 is_stmt 0 view .LVU583
 2133 0000 80B1     		cbz	r0, .L218
2058:Middlewares/Third_Party/LwIP/src/core/tcp.c ****   LWIP_ASSERT_CORE_LOCKED();
 2134              		.loc 1 2058 1 view .LVU584
 2135 0002 38B5     		push	{r3, r4, r5, lr}
 2136              	.LCFI24:
 2137              		.cfi_def_cfa_offset 16
 2138              		.cfi_offset 3, -16
 2139              		.cfi_offset 4, -12
 2140              		.cfi_offset 5, -8
 2141              		.cfi_offset 14, -4
 2142 0004 0C46     		mov	r4, r1
 2143 0006 0546     		mov	r5, r0
2061:Middlewares/Third_Party/LwIP/src/core/tcp.c ****     LWIP_ASSERT("invalid socket state for err callback", pcb->state != LISTEN);
 2144              		.loc 1 2061 5 is_stmt 1 view .LVU585
 2145              		.loc 1 2061 5 view .LVU586
 2146 0008 037D     		ldrb	r3, [r0, #20]	@ zero_extendqisi2
 2147 000a 012B     		cmp	r3, #1
 2148 000c 02D0     		beq	.L221
 2149              	.LVL204:
 2150              	.L216:
 2151              		.loc 1 2061 5 discriminator 3 view .LVU587
 2152              		.loc 1 2061 5 discriminator 3 view .LVU588
2062:Middlewares/Third_Party/LwIP/src/core/tcp.c ****     pcb->errf = err;
 2153              		.loc 1 2062 5 discriminator 3 view .LVU589
 2154              		.loc 1 2062 15 is_stmt 0 discriminator 3 view .LVU590
 2155 000e C5F89040 		str	r4, [r5, #144]
2063:Middlewares/Third_Party/LwIP/src/core/tcp.c ****   }
2064:Middlewares/Third_Party/LwIP/src/core/tcp.c **** }
 2156              		.loc 1 2064 1 discriminator 3 view .LVU591
 2157 0012 38BD     		pop	{r3, r4, r5, pc}
 2158              	.LVL205:
 2159              	.L221:
2061:Middlewares/Third_Party/LwIP/src/core/tcp.c ****     pcb->errf = err;
 2160              		.loc 1 2061 5 is_stmt 1 discriminator 1 view .LVU592
2061:Middlewares/Third_Party/LwIP/src/core/tcp.c ****     pcb->errf = err;
 2161              		.loc 1 2061 5 discriminator 1 view .LVU593
 2162 0014 044B     		ldr	r3, .L222
 2163 0016 40F60D02 		movw	r2, #2061
 2164 001a 0449     		ldr	r1, .L222+4
 2165              	.LVL206:
2061:Middlewares/Third_Party/LwIP/src/core/tcp.c ****     pcb->errf = err;
 2166              		.loc 1 2061 5 is_stmt 0 discriminator 1 view .LVU594
 2167 001c 0448     		ldr	r0, .L222+8
 2168              	.LVL207:
2061:Middlewares/Third_Party/LwIP/src/core/tcp.c ****     pcb->errf = err;
 2169              		.loc 1 2061 5 discriminator 1 view .LVU595
 2170 001e FFF7FEFF 		bl	printf
ARM GAS  /tmp/ccmQZyRb.s 			page 85


 2171              	.LVL208:
 2172 0022 F4E7     		b	.L216
 2173              	.LVL209:
 2174              	.L218:
 2175              	.LCFI25:
 2176              		.cfi_def_cfa_offset 0
 2177              		.cfi_restore 3
 2178              		.cfi_restore 4
 2179              		.cfi_restore 5
 2180              		.cfi_restore 14
2061:Middlewares/Third_Party/LwIP/src/core/tcp.c ****     pcb->errf = err;
 2181              		.loc 1 2061 5 discriminator 1 view .LVU596
 2182 0024 7047     		bx	lr
 2183              	.L223:
 2184 0026 00BF     		.align	2
 2185              	.L222:
 2186 0028 00000000 		.word	.LC0
 2187 002c 00000000 		.word	.LC19
 2188 0030 54000000 		.word	.LC2
 2189              		.cfi_endproc
 2190              	.LFE209:
 2192              		.section	.text.tcp_accept,"ax",%progbits
 2193              		.align	1
 2194              		.global	tcp_accept
 2195              		.syntax unified
 2196              		.thumb
 2197              		.thumb_func
 2198              		.fpu fpv5-d16
 2200              	tcp_accept:
 2201              	.LVL210:
 2202              	.LFB210:
2065:Middlewares/Third_Party/LwIP/src/core/tcp.c **** 
2066:Middlewares/Third_Party/LwIP/src/core/tcp.c **** /**
2067:Middlewares/Third_Party/LwIP/src/core/tcp.c ****  * @ingroup tcp_raw
2068:Middlewares/Third_Party/LwIP/src/core/tcp.c ****  * Used for specifying the function that should be called when a
2069:Middlewares/Third_Party/LwIP/src/core/tcp.c ****  * LISTENing connection has been connected to another host.
2070:Middlewares/Third_Party/LwIP/src/core/tcp.c ****  *
2071:Middlewares/Third_Party/LwIP/src/core/tcp.c ****  * @param pcb tcp_pcb to set the accept callback
2072:Middlewares/Third_Party/LwIP/src/core/tcp.c ****  * @param accept callback function to call for this pcb when LISTENing
2073:Middlewares/Third_Party/LwIP/src/core/tcp.c ****  *        connection has been connected to another host
2074:Middlewares/Third_Party/LwIP/src/core/tcp.c ****  */
2075:Middlewares/Third_Party/LwIP/src/core/tcp.c **** void
2076:Middlewares/Third_Party/LwIP/src/core/tcp.c **** tcp_accept(struct tcp_pcb *pcb, tcp_accept_fn accept)
2077:Middlewares/Third_Party/LwIP/src/core/tcp.c **** {
 2203              		.loc 1 2077 1 is_stmt 1 view -0
 2204              		.cfi_startproc
 2205              		@ args = 0, pretend = 0, frame = 0
 2206              		@ frame_needed = 0, uses_anonymous_args = 0
 2207              		@ link register save eliminated.
2078:Middlewares/Third_Party/LwIP/src/core/tcp.c ****   LWIP_ASSERT_CORE_LOCKED();
 2208              		.loc 1 2078 28 view .LVU598
2079:Middlewares/Third_Party/LwIP/src/core/tcp.c ****   if ((pcb != NULL) && (pcb->state == LISTEN)) {
 2209              		.loc 1 2079 3 view .LVU599
 2210              		.loc 1 2079 6 is_stmt 0 view .LVU600
 2211 0000 10B1     		cbz	r0, .L224
 2212              		.loc 1 2079 28 discriminator 1 view .LVU601
 2213 0002 027D     		ldrb	r2, [r0, #20]	@ zero_extendqisi2
ARM GAS  /tmp/ccmQZyRb.s 			page 86


 2214              		.loc 1 2079 21 discriminator 1 view .LVU602
 2215 0004 012A     		cmp	r2, #1
 2216 0006 00D0     		beq	.L226
 2217              	.L224:
2080:Middlewares/Third_Party/LwIP/src/core/tcp.c ****     struct tcp_pcb_listen *lpcb = (struct tcp_pcb_listen *)pcb;
2081:Middlewares/Third_Party/LwIP/src/core/tcp.c ****     lpcb->accept = accept;
2082:Middlewares/Third_Party/LwIP/src/core/tcp.c ****   }
2083:Middlewares/Third_Party/LwIP/src/core/tcp.c **** }
 2218              		.loc 1 2083 1 view .LVU603
 2219 0008 7047     		bx	lr
 2220              	.L226:
 2221              	.LBB7:
2080:Middlewares/Third_Party/LwIP/src/core/tcp.c ****     struct tcp_pcb_listen *lpcb = (struct tcp_pcb_listen *)pcb;
 2222              		.loc 1 2080 5 is_stmt 1 view .LVU604
 2223              	.LVL211:
2081:Middlewares/Third_Party/LwIP/src/core/tcp.c ****   }
 2224              		.loc 1 2081 5 view .LVU605
2081:Middlewares/Third_Party/LwIP/src/core/tcp.c ****   }
 2225              		.loc 1 2081 18 is_stmt 0 view .LVU606
 2226 000a 8161     		str	r1, [r0, #24]
 2227              	.LBE7:
 2228              		.loc 1 2083 1 view .LVU607
 2229 000c FCE7     		b	.L224
 2230              		.cfi_endproc
 2231              	.LFE210:
 2233              		.section	.rodata.tcp_poll.str1.4,"aMS",%progbits,1
 2234              		.align	2
 2235              	.LC20:
 2236 0000 7463705F 		.ascii	"tcp_poll: invalid pcb\000"
 2236      706F6C6C 
 2236      3A20696E 
 2236      76616C69 
 2236      64207063 
 2237 0016 0000     		.align	2
 2238              	.LC21:
 2239 0018 696E7661 		.ascii	"invalid socket state for poll\000"
 2239      6C696420 
 2239      736F636B 
 2239      65742073 
 2239      74617465 
 2240              		.section	.text.tcp_poll,"ax",%progbits
 2241              		.align	1
 2242              		.global	tcp_poll
 2243              		.syntax unified
 2244              		.thumb
 2245              		.thumb_func
 2246              		.fpu fpv5-d16
 2248              	tcp_poll:
 2249              	.LVL212:
 2250              	.LFB211:
2084:Middlewares/Third_Party/LwIP/src/core/tcp.c **** #endif /* LWIP_CALLBACK_API */
2085:Middlewares/Third_Party/LwIP/src/core/tcp.c **** 
2086:Middlewares/Third_Party/LwIP/src/core/tcp.c **** 
2087:Middlewares/Third_Party/LwIP/src/core/tcp.c **** /**
2088:Middlewares/Third_Party/LwIP/src/core/tcp.c ****  * @ingroup tcp_raw
2089:Middlewares/Third_Party/LwIP/src/core/tcp.c ****  * Specifies the polling interval and the callback function that should
2090:Middlewares/Third_Party/LwIP/src/core/tcp.c ****  * be called to poll the application. The interval is specified in
ARM GAS  /tmp/ccmQZyRb.s 			page 87


2091:Middlewares/Third_Party/LwIP/src/core/tcp.c ****  * number of TCP coarse grained timer shots, which typically occurs
2092:Middlewares/Third_Party/LwIP/src/core/tcp.c ****  * twice a second. An interval of 10 means that the application would
2093:Middlewares/Third_Party/LwIP/src/core/tcp.c ****  * be polled every 5 seconds.
2094:Middlewares/Third_Party/LwIP/src/core/tcp.c ****  * 
2095:Middlewares/Third_Party/LwIP/src/core/tcp.c ****  * When a connection is idle (i.e., no data is either transmitted or
2096:Middlewares/Third_Party/LwIP/src/core/tcp.c ****  * received), lwIP will repeatedly poll the application by calling a
2097:Middlewares/Third_Party/LwIP/src/core/tcp.c ****  * specified callback function. This can be used either as a watchdog
2098:Middlewares/Third_Party/LwIP/src/core/tcp.c ****  * timer for killing connections that have stayed idle for too long, or
2099:Middlewares/Third_Party/LwIP/src/core/tcp.c ****  * as a method of waiting for memory to become available. For instance,
2100:Middlewares/Third_Party/LwIP/src/core/tcp.c ****  * if a call to tcp_write() has failed because memory wasn't available,
2101:Middlewares/Third_Party/LwIP/src/core/tcp.c ****  * the application may use the polling functionality to call tcp_write()
2102:Middlewares/Third_Party/LwIP/src/core/tcp.c ****  * again when the connection has been idle for a while.
2103:Middlewares/Third_Party/LwIP/src/core/tcp.c ****  */
2104:Middlewares/Third_Party/LwIP/src/core/tcp.c **** void
2105:Middlewares/Third_Party/LwIP/src/core/tcp.c **** tcp_poll(struct tcp_pcb *pcb, tcp_poll_fn poll, u8_t interval)
2106:Middlewares/Third_Party/LwIP/src/core/tcp.c **** {
 2251              		.loc 1 2106 1 is_stmt 1 view -0
 2252              		.cfi_startproc
 2253              		@ args = 0, pretend = 0, frame = 0
 2254              		@ frame_needed = 0, uses_anonymous_args = 0
 2255              		.loc 1 2106 1 is_stmt 0 view .LVU609
 2256 0000 70B5     		push	{r4, r5, r6, lr}
 2257              	.LCFI26:
 2258              		.cfi_def_cfa_offset 16
 2259              		.cfi_offset 4, -16
 2260              		.cfi_offset 5, -12
 2261              		.cfi_offset 6, -8
 2262              		.cfi_offset 14, -4
2107:Middlewares/Third_Party/LwIP/src/core/tcp.c ****   LWIP_ASSERT_CORE_LOCKED();
 2263              		.loc 1 2107 28 is_stmt 1 view .LVU610
2108:Middlewares/Third_Party/LwIP/src/core/tcp.c **** 
2109:Middlewares/Third_Party/LwIP/src/core/tcp.c ****   LWIP_ERROR("tcp_poll: invalid pcb", pcb != NULL, return);
 2264              		.loc 1 2109 3 view .LVU611
 2265              		.loc 1 2109 3 view .LVU612
 2266 0002 48B1     		cbz	r0, .L232
 2267 0004 0D46     		mov	r5, r1
 2268 0006 1446     		mov	r4, r2
 2269 0008 0646     		mov	r6, r0
 2270              		.loc 1 2109 3 discriminator 2 view .LVU613
2110:Middlewares/Third_Party/LwIP/src/core/tcp.c ****   LWIP_ASSERT("invalid socket state for poll", pcb->state != LISTEN);
 2271              		.loc 1 2110 3 discriminator 2 view .LVU614
 2272              		.loc 1 2110 3 discriminator 2 view .LVU615
 2273 000a 037D     		ldrb	r3, [r0, #20]	@ zero_extendqisi2
 2274 000c 012B     		cmp	r3, #1
 2275 000e 0BD0     		beq	.L233
 2276              	.LVL213:
 2277              	.L230:
 2278              		.loc 1 2110 3 discriminator 3 view .LVU616
 2279              		.loc 1 2110 3 discriminator 3 view .LVU617
2111:Middlewares/Third_Party/LwIP/src/core/tcp.c **** 
2112:Middlewares/Third_Party/LwIP/src/core/tcp.c **** #if LWIP_CALLBACK_API
2113:Middlewares/Third_Party/LwIP/src/core/tcp.c ****   pcb->poll = poll;
 2280              		.loc 1 2113 3 discriminator 3 view .LVU618
 2281              		.loc 1 2113 13 is_stmt 0 discriminator 3 view .LVU619
 2282 0010 C6F88C50 		str	r5, [r6, #140]
2114:Middlewares/Third_Party/LwIP/src/core/tcp.c **** #else /* LWIP_CALLBACK_API */
2115:Middlewares/Third_Party/LwIP/src/core/tcp.c ****   LWIP_UNUSED_ARG(poll);
ARM GAS  /tmp/ccmQZyRb.s 			page 88


2116:Middlewares/Third_Party/LwIP/src/core/tcp.c **** #endif /* LWIP_CALLBACK_API */
2117:Middlewares/Third_Party/LwIP/src/core/tcp.c ****   pcb->pollinterval = interval;
 2283              		.loc 1 2117 3 is_stmt 1 discriminator 3 view .LVU620
 2284              		.loc 1 2117 21 is_stmt 0 discriminator 3 view .LVU621
 2285 0014 7477     		strb	r4, [r6, #29]
 2286              	.LVL214:
 2287              	.L227:
2118:Middlewares/Third_Party/LwIP/src/core/tcp.c **** }
 2288              		.loc 1 2118 1 view .LVU622
 2289 0016 70BD     		pop	{r4, r5, r6, pc}
 2290              	.LVL215:
 2291              	.L232:
2109:Middlewares/Third_Party/LwIP/src/core/tcp.c ****   LWIP_ASSERT("invalid socket state for poll", pcb->state != LISTEN);
 2292              		.loc 1 2109 3 is_stmt 1 discriminator 1 view .LVU623
2109:Middlewares/Third_Party/LwIP/src/core/tcp.c ****   LWIP_ASSERT("invalid socket state for poll", pcb->state != LISTEN);
 2293              		.loc 1 2109 3 discriminator 1 view .LVU624
 2294 0018 074B     		ldr	r3, .L234
 2295 001a 40F63D02 		movw	r2, #2109
 2296              	.LVL216:
2109:Middlewares/Third_Party/LwIP/src/core/tcp.c ****   LWIP_ASSERT("invalid socket state for poll", pcb->state != LISTEN);
 2297              		.loc 1 2109 3 is_stmt 0 discriminator 1 view .LVU625
 2298 001e 0749     		ldr	r1, .L234+4
 2299              	.LVL217:
2109:Middlewares/Third_Party/LwIP/src/core/tcp.c ****   LWIP_ASSERT("invalid socket state for poll", pcb->state != LISTEN);
 2300              		.loc 1 2109 3 discriminator 1 view .LVU626
 2301 0020 0748     		ldr	r0, .L234+8
 2302              	.LVL218:
2109:Middlewares/Third_Party/LwIP/src/core/tcp.c ****   LWIP_ASSERT("invalid socket state for poll", pcb->state != LISTEN);
 2303              		.loc 1 2109 3 discriminator 1 view .LVU627
 2304 0022 FFF7FEFF 		bl	printf
 2305              	.LVL219:
2109:Middlewares/Third_Party/LwIP/src/core/tcp.c ****   LWIP_ASSERT("invalid socket state for poll", pcb->state != LISTEN);
 2306              		.loc 1 2109 3 is_stmt 1 discriminator 1 view .LVU628
2109:Middlewares/Third_Party/LwIP/src/core/tcp.c ****   LWIP_ASSERT("invalid socket state for poll", pcb->state != LISTEN);
 2307              		.loc 1 2109 3 discriminator 1 view .LVU629
 2308 0026 F6E7     		b	.L227
 2309              	.LVL220:
 2310              	.L233:
2110:Middlewares/Third_Party/LwIP/src/core/tcp.c **** 
 2311              		.loc 1 2110 3 discriminator 1 view .LVU630
2110:Middlewares/Third_Party/LwIP/src/core/tcp.c **** 
 2312              		.loc 1 2110 3 discriminator 1 view .LVU631
 2313 0028 034B     		ldr	r3, .L234
 2314 002a 40F63E02 		movw	r2, #2110
 2315              	.LVL221:
2110:Middlewares/Third_Party/LwIP/src/core/tcp.c **** 
 2316              		.loc 1 2110 3 is_stmt 0 discriminator 1 view .LVU632
 2317 002e 0549     		ldr	r1, .L234+12
 2318              	.LVL222:
2110:Middlewares/Third_Party/LwIP/src/core/tcp.c **** 
 2319              		.loc 1 2110 3 discriminator 1 view .LVU633
 2320 0030 0348     		ldr	r0, .L234+8
 2321              	.LVL223:
2110:Middlewares/Third_Party/LwIP/src/core/tcp.c **** 
 2322              		.loc 1 2110 3 discriminator 1 view .LVU634
 2323 0032 FFF7FEFF 		bl	printf
 2324              	.LVL224:
ARM GAS  /tmp/ccmQZyRb.s 			page 89


 2325 0036 EBE7     		b	.L230
 2326              	.L235:
 2327              		.align	2
 2328              	.L234:
 2329 0038 00000000 		.word	.LC0
 2330 003c 00000000 		.word	.LC20
 2331 0040 54000000 		.word	.LC2
 2332 0044 18000000 		.word	.LC21
 2333              		.cfi_endproc
 2334              	.LFE211:
 2336              		.section	.rodata.tcp_next_iss.str1.4,"aMS",%progbits,1
 2337              		.align	2
 2338              	.LC22:
 2339 0000 7463705F 		.ascii	"tcp_next_iss: invalid pcb\000"
 2339      6E657874 
 2339      5F697373 
 2339      3A20696E 
 2339      76616C69 
 2340              		.section	.text.tcp_next_iss,"ax",%progbits
 2341              		.align	1
 2342              		.global	tcp_next_iss
 2343              		.syntax unified
 2344              		.thumb
 2345              		.thumb_func
 2346              		.fpu fpv5-d16
 2348              	tcp_next_iss:
 2349              	.LVL225:
 2350              	.LFB214:
2119:Middlewares/Third_Party/LwIP/src/core/tcp.c **** 
2120:Middlewares/Third_Party/LwIP/src/core/tcp.c **** /**
2121:Middlewares/Third_Party/LwIP/src/core/tcp.c ****  * Purges a TCP PCB. Removes any buffered data and frees the buffer memory
2122:Middlewares/Third_Party/LwIP/src/core/tcp.c ****  * (pcb->ooseq, pcb->unsent and pcb->unacked are freed).
2123:Middlewares/Third_Party/LwIP/src/core/tcp.c ****  *
2124:Middlewares/Third_Party/LwIP/src/core/tcp.c ****  * @param pcb tcp_pcb to purge. The pcb itself is not deallocated!
2125:Middlewares/Third_Party/LwIP/src/core/tcp.c ****  */
2126:Middlewares/Third_Party/LwIP/src/core/tcp.c **** void
2127:Middlewares/Third_Party/LwIP/src/core/tcp.c **** tcp_pcb_purge(struct tcp_pcb *pcb)
2128:Middlewares/Third_Party/LwIP/src/core/tcp.c **** {
2129:Middlewares/Third_Party/LwIP/src/core/tcp.c ****   LWIP_ERROR("tcp_pcb_purge: invalid pcb", pcb != NULL, return);
2130:Middlewares/Third_Party/LwIP/src/core/tcp.c **** 
2131:Middlewares/Third_Party/LwIP/src/core/tcp.c ****   if (pcb->state != CLOSED &&
2132:Middlewares/Third_Party/LwIP/src/core/tcp.c ****       pcb->state != TIME_WAIT &&
2133:Middlewares/Third_Party/LwIP/src/core/tcp.c ****       pcb->state != LISTEN) {
2134:Middlewares/Third_Party/LwIP/src/core/tcp.c **** 
2135:Middlewares/Third_Party/LwIP/src/core/tcp.c ****     LWIP_DEBUGF(TCP_DEBUG, ("tcp_pcb_purge\n"));
2136:Middlewares/Third_Party/LwIP/src/core/tcp.c **** 
2137:Middlewares/Third_Party/LwIP/src/core/tcp.c ****     tcp_backlog_accepted(pcb);
2138:Middlewares/Third_Party/LwIP/src/core/tcp.c **** 
2139:Middlewares/Third_Party/LwIP/src/core/tcp.c ****     if (pcb->refused_data != NULL) {
2140:Middlewares/Third_Party/LwIP/src/core/tcp.c ****       LWIP_DEBUGF(TCP_DEBUG, ("tcp_pcb_purge: data left on ->refused_data\n"));
2141:Middlewares/Third_Party/LwIP/src/core/tcp.c ****       pbuf_free(pcb->refused_data);
2142:Middlewares/Third_Party/LwIP/src/core/tcp.c ****       pcb->refused_data = NULL;
2143:Middlewares/Third_Party/LwIP/src/core/tcp.c ****     }
2144:Middlewares/Third_Party/LwIP/src/core/tcp.c ****     if (pcb->unsent != NULL) {
2145:Middlewares/Third_Party/LwIP/src/core/tcp.c ****       LWIP_DEBUGF(TCP_DEBUG, ("tcp_pcb_purge: not all data sent\n"));
2146:Middlewares/Third_Party/LwIP/src/core/tcp.c ****     }
2147:Middlewares/Third_Party/LwIP/src/core/tcp.c ****     if (pcb->unacked != NULL) {
ARM GAS  /tmp/ccmQZyRb.s 			page 90


2148:Middlewares/Third_Party/LwIP/src/core/tcp.c ****       LWIP_DEBUGF(TCP_DEBUG, ("tcp_pcb_purge: data left on ->unacked\n"));
2149:Middlewares/Third_Party/LwIP/src/core/tcp.c ****     }
2150:Middlewares/Third_Party/LwIP/src/core/tcp.c **** #if TCP_QUEUE_OOSEQ
2151:Middlewares/Third_Party/LwIP/src/core/tcp.c ****     if (pcb->ooseq != NULL) {
2152:Middlewares/Third_Party/LwIP/src/core/tcp.c ****       LWIP_DEBUGF(TCP_DEBUG, ("tcp_pcb_purge: data left on ->ooseq\n"));
2153:Middlewares/Third_Party/LwIP/src/core/tcp.c ****       tcp_free_ooseq(pcb);
2154:Middlewares/Third_Party/LwIP/src/core/tcp.c ****     }
2155:Middlewares/Third_Party/LwIP/src/core/tcp.c **** #endif /* TCP_QUEUE_OOSEQ */
2156:Middlewares/Third_Party/LwIP/src/core/tcp.c **** 
2157:Middlewares/Third_Party/LwIP/src/core/tcp.c ****     /* Stop the retransmission timer as it will expect data on unacked
2158:Middlewares/Third_Party/LwIP/src/core/tcp.c ****        queue if it fires */
2159:Middlewares/Third_Party/LwIP/src/core/tcp.c ****     pcb->rtime = -1;
2160:Middlewares/Third_Party/LwIP/src/core/tcp.c **** 
2161:Middlewares/Third_Party/LwIP/src/core/tcp.c ****     tcp_segs_free(pcb->unsent);
2162:Middlewares/Third_Party/LwIP/src/core/tcp.c ****     tcp_segs_free(pcb->unacked);
2163:Middlewares/Third_Party/LwIP/src/core/tcp.c ****     pcb->unacked = pcb->unsent = NULL;
2164:Middlewares/Third_Party/LwIP/src/core/tcp.c **** #if TCP_OVERSIZE
2165:Middlewares/Third_Party/LwIP/src/core/tcp.c ****     pcb->unsent_oversize = 0;
2166:Middlewares/Third_Party/LwIP/src/core/tcp.c **** #endif /* TCP_OVERSIZE */
2167:Middlewares/Third_Party/LwIP/src/core/tcp.c ****   }
2168:Middlewares/Third_Party/LwIP/src/core/tcp.c **** }
2169:Middlewares/Third_Party/LwIP/src/core/tcp.c **** 
2170:Middlewares/Third_Party/LwIP/src/core/tcp.c **** /**
2171:Middlewares/Third_Party/LwIP/src/core/tcp.c ****  * Purges the PCB and removes it from a PCB list. Any delayed ACKs are sent first.
2172:Middlewares/Third_Party/LwIP/src/core/tcp.c ****  *
2173:Middlewares/Third_Party/LwIP/src/core/tcp.c ****  * @param pcblist PCB list to purge.
2174:Middlewares/Third_Party/LwIP/src/core/tcp.c ****  * @param pcb tcp_pcb to purge. The pcb itself is NOT deallocated!
2175:Middlewares/Third_Party/LwIP/src/core/tcp.c ****  */
2176:Middlewares/Third_Party/LwIP/src/core/tcp.c **** void
2177:Middlewares/Third_Party/LwIP/src/core/tcp.c **** tcp_pcb_remove(struct tcp_pcb **pcblist, struct tcp_pcb *pcb)
2178:Middlewares/Third_Party/LwIP/src/core/tcp.c **** {
2179:Middlewares/Third_Party/LwIP/src/core/tcp.c ****   LWIP_ASSERT("tcp_pcb_remove: invalid pcb", pcb != NULL);
2180:Middlewares/Third_Party/LwIP/src/core/tcp.c ****   LWIP_ASSERT("tcp_pcb_remove: invalid pcblist", pcblist != NULL);
2181:Middlewares/Third_Party/LwIP/src/core/tcp.c **** 
2182:Middlewares/Third_Party/LwIP/src/core/tcp.c ****   TCP_RMV(pcblist, pcb);
2183:Middlewares/Third_Party/LwIP/src/core/tcp.c **** 
2184:Middlewares/Third_Party/LwIP/src/core/tcp.c ****   tcp_pcb_purge(pcb);
2185:Middlewares/Third_Party/LwIP/src/core/tcp.c **** 
2186:Middlewares/Third_Party/LwIP/src/core/tcp.c ****   /* if there is an outstanding delayed ACKs, send it */
2187:Middlewares/Third_Party/LwIP/src/core/tcp.c ****   if ((pcb->state != TIME_WAIT) &&
2188:Middlewares/Third_Party/LwIP/src/core/tcp.c ****       (pcb->state != LISTEN) &&
2189:Middlewares/Third_Party/LwIP/src/core/tcp.c ****       (pcb->flags & TF_ACK_DELAY)) {
2190:Middlewares/Third_Party/LwIP/src/core/tcp.c ****     tcp_ack_now(pcb);
2191:Middlewares/Third_Party/LwIP/src/core/tcp.c ****     tcp_output(pcb);
2192:Middlewares/Third_Party/LwIP/src/core/tcp.c ****   }
2193:Middlewares/Third_Party/LwIP/src/core/tcp.c **** 
2194:Middlewares/Third_Party/LwIP/src/core/tcp.c ****   if (pcb->state != LISTEN) {
2195:Middlewares/Third_Party/LwIP/src/core/tcp.c ****     LWIP_ASSERT("unsent segments leaking", pcb->unsent == NULL);
2196:Middlewares/Third_Party/LwIP/src/core/tcp.c ****     LWIP_ASSERT("unacked segments leaking", pcb->unacked == NULL);
2197:Middlewares/Third_Party/LwIP/src/core/tcp.c **** #if TCP_QUEUE_OOSEQ
2198:Middlewares/Third_Party/LwIP/src/core/tcp.c ****     LWIP_ASSERT("ooseq segments leaking", pcb->ooseq == NULL);
2199:Middlewares/Third_Party/LwIP/src/core/tcp.c **** #endif /* TCP_QUEUE_OOSEQ */
2200:Middlewares/Third_Party/LwIP/src/core/tcp.c ****   }
2201:Middlewares/Third_Party/LwIP/src/core/tcp.c **** 
2202:Middlewares/Third_Party/LwIP/src/core/tcp.c ****   pcb->state = CLOSED;
2203:Middlewares/Third_Party/LwIP/src/core/tcp.c ****   /* reset the local port to prevent the pcb from being 'bound' */
2204:Middlewares/Third_Party/LwIP/src/core/tcp.c ****   pcb->local_port = 0;
ARM GAS  /tmp/ccmQZyRb.s 			page 91


2205:Middlewares/Third_Party/LwIP/src/core/tcp.c **** 
2206:Middlewares/Third_Party/LwIP/src/core/tcp.c ****   LWIP_ASSERT("tcp_pcb_remove: tcp_pcbs_sane()", tcp_pcbs_sane());
2207:Middlewares/Third_Party/LwIP/src/core/tcp.c **** }
2208:Middlewares/Third_Party/LwIP/src/core/tcp.c **** 
2209:Middlewares/Third_Party/LwIP/src/core/tcp.c **** /**
2210:Middlewares/Third_Party/LwIP/src/core/tcp.c ****  * Calculates a new initial sequence number for new connections.
2211:Middlewares/Third_Party/LwIP/src/core/tcp.c ****  *
2212:Middlewares/Third_Party/LwIP/src/core/tcp.c ****  * @return u32_t pseudo random sequence number
2213:Middlewares/Third_Party/LwIP/src/core/tcp.c ****  */
2214:Middlewares/Third_Party/LwIP/src/core/tcp.c **** u32_t
2215:Middlewares/Third_Party/LwIP/src/core/tcp.c **** tcp_next_iss(struct tcp_pcb *pcb)
2216:Middlewares/Third_Party/LwIP/src/core/tcp.c **** {
 2351              		.loc 1 2216 1 is_stmt 1 view -0
 2352              		.cfi_startproc
 2353              		@ args = 0, pretend = 0, frame = 0
 2354              		@ frame_needed = 0, uses_anonymous_args = 0
 2355              		.loc 1 2216 1 is_stmt 0 view .LVU636
 2356 0000 08B5     		push	{r3, lr}
 2357              	.LCFI27:
 2358              		.cfi_def_cfa_offset 8
 2359              		.cfi_offset 3, -8
 2360              		.cfi_offset 14, -4
2217:Middlewares/Third_Party/LwIP/src/core/tcp.c **** #ifdef LWIP_HOOK_TCP_ISN
2218:Middlewares/Third_Party/LwIP/src/core/tcp.c ****   LWIP_ASSERT("tcp_next_iss: invalid pcb", pcb != NULL);
2219:Middlewares/Third_Party/LwIP/src/core/tcp.c ****   return LWIP_HOOK_TCP_ISN(&pcb->local_ip, pcb->local_port, &pcb->remote_ip, pcb->remote_port);
2220:Middlewares/Third_Party/LwIP/src/core/tcp.c **** #else /* LWIP_HOOK_TCP_ISN */
2221:Middlewares/Third_Party/LwIP/src/core/tcp.c ****   static u32_t iss = 6510;
 2361              		.loc 1 2221 3 is_stmt 1 view .LVU637
2222:Middlewares/Third_Party/LwIP/src/core/tcp.c **** 
2223:Middlewares/Third_Party/LwIP/src/core/tcp.c ****   LWIP_ASSERT("tcp_next_iss: invalid pcb", pcb != NULL);
 2362              		.loc 1 2223 3 view .LVU638
 2363              		.loc 1 2223 3 view .LVU639
 2364 0002 30B1     		cbz	r0, .L239
 2365              	.LVL226:
 2366              	.L237:
 2367              		.loc 1 2223 3 discriminator 3 view .LVU640
 2368              		.loc 1 2223 3 discriminator 3 view .LVU641
2224:Middlewares/Third_Party/LwIP/src/core/tcp.c ****   LWIP_UNUSED_ARG(pcb);
 2369              		.loc 1 2224 3 discriminator 3 view .LVU642
2225:Middlewares/Third_Party/LwIP/src/core/tcp.c **** 
2226:Middlewares/Third_Party/LwIP/src/core/tcp.c ****   iss += tcp_ticks;       /* XXX */
 2370              		.loc 1 2226 3 discriminator 3 view .LVU643
 2371              		.loc 1 2226 7 is_stmt 0 discriminator 3 view .LVU644
 2372 0004 074B     		ldr	r3, .L240
 2373 0006 1868     		ldr	r0, [r3]
 2374 0008 074A     		ldr	r2, .L240+4
 2375 000a 1268     		ldr	r2, [r2]
 2376 000c 1044     		add	r0, r0, r2
 2377 000e 1860     		str	r0, [r3]
2227:Middlewares/Third_Party/LwIP/src/core/tcp.c ****   return iss;
 2378              		.loc 1 2227 3 is_stmt 1 discriminator 3 view .LVU645
2228:Middlewares/Third_Party/LwIP/src/core/tcp.c **** #endif /* LWIP_HOOK_TCP_ISN */
2229:Middlewares/Third_Party/LwIP/src/core/tcp.c **** }
 2379              		.loc 1 2229 1 is_stmt 0 discriminator 3 view .LVU646
 2380 0010 08BD     		pop	{r3, pc}
 2381              	.LVL227:
 2382              	.L239:
ARM GAS  /tmp/ccmQZyRb.s 			page 92


2223:Middlewares/Third_Party/LwIP/src/core/tcp.c ****   LWIP_UNUSED_ARG(pcb);
 2383              		.loc 1 2223 3 is_stmt 1 discriminator 1 view .LVU647
2223:Middlewares/Third_Party/LwIP/src/core/tcp.c ****   LWIP_UNUSED_ARG(pcb);
 2384              		.loc 1 2223 3 discriminator 1 view .LVU648
 2385 0012 064B     		ldr	r3, .L240+8
 2386 0014 40F6AF02 		movw	r2, #2223
 2387 0018 0549     		ldr	r1, .L240+12
 2388 001a 0648     		ldr	r0, .L240+16
 2389              	.LVL228:
2223:Middlewares/Third_Party/LwIP/src/core/tcp.c ****   LWIP_UNUSED_ARG(pcb);
 2390              		.loc 1 2223 3 is_stmt 0 discriminator 1 view .LVU649
 2391 001c FFF7FEFF 		bl	printf
 2392              	.LVL229:
 2393 0020 F0E7     		b	.L237
 2394              	.L241:
 2395 0022 00BF     		.align	2
 2396              	.L240:
 2397 0024 00000000 		.word	.LANCHOR5
 2398 0028 00000000 		.word	.LANCHOR6
 2399 002c 00000000 		.word	.LC0
 2400 0030 00000000 		.word	.LC22
 2401 0034 54000000 		.word	.LC2
 2402              		.cfi_endproc
 2403              	.LFE214:
 2405              		.section	.rodata.tcp_eff_send_mss_netif.str1.4,"aMS",%progbits,1
 2406              		.align	2
 2407              	.LC23:
 2408 0000 7463705F 		.ascii	"tcp_eff_send_mss_netif: invalid dst_ip\000"
 2408      6566665F 
 2408      73656E64 
 2408      5F6D7373 
 2408      5F6E6574 
 2409              		.section	.text.tcp_eff_send_mss_netif,"ax",%progbits
 2410              		.align	1
 2411              		.global	tcp_eff_send_mss_netif
 2412              		.syntax unified
 2413              		.thumb
 2414              		.thumb_func
 2415              		.fpu fpv5-d16
 2417              	tcp_eff_send_mss_netif:
 2418              	.LVL230:
 2419              	.LFB215:
2230:Middlewares/Third_Party/LwIP/src/core/tcp.c **** 
2231:Middlewares/Third_Party/LwIP/src/core/tcp.c **** #if TCP_CALCULATE_EFF_SEND_MSS
2232:Middlewares/Third_Party/LwIP/src/core/tcp.c **** /**
2233:Middlewares/Third_Party/LwIP/src/core/tcp.c ****  * Calculates the effective send mss that can be used for a specific IP address
2234:Middlewares/Third_Party/LwIP/src/core/tcp.c ****  * by calculating the minimum of TCP_MSS and the mtu (if set) of the target
2235:Middlewares/Third_Party/LwIP/src/core/tcp.c ****  * netif (if not NULL).
2236:Middlewares/Third_Party/LwIP/src/core/tcp.c ****  */
2237:Middlewares/Third_Party/LwIP/src/core/tcp.c **** u16_t
2238:Middlewares/Third_Party/LwIP/src/core/tcp.c **** tcp_eff_send_mss_netif(u16_t sendmss, struct netif *outif, const ip_addr_t *dest)
2239:Middlewares/Third_Party/LwIP/src/core/tcp.c **** {
 2420              		.loc 1 2239 1 is_stmt 1 view -0
 2421              		.cfi_startproc
 2422              		@ args = 0, pretend = 0, frame = 0
 2423              		@ frame_needed = 0, uses_anonymous_args = 0
 2424              		.loc 1 2239 1 is_stmt 0 view .LVU651
ARM GAS  /tmp/ccmQZyRb.s 			page 93


 2425 0000 38B5     		push	{r3, r4, r5, lr}
 2426              	.LCFI28:
 2427              		.cfi_def_cfa_offset 16
 2428              		.cfi_offset 3, -16
 2429              		.cfi_offset 4, -12
 2430              		.cfi_offset 5, -8
 2431              		.cfi_offset 14, -4
 2432 0002 0546     		mov	r5, r0
 2433 0004 0C46     		mov	r4, r1
2240:Middlewares/Third_Party/LwIP/src/core/tcp.c ****   u16_t mss_s;
 2434              		.loc 1 2240 3 is_stmt 1 view .LVU652
2241:Middlewares/Third_Party/LwIP/src/core/tcp.c ****   u16_t mtu;
 2435              		.loc 1 2241 3 view .LVU653
2242:Middlewares/Third_Party/LwIP/src/core/tcp.c **** 
2243:Middlewares/Third_Party/LwIP/src/core/tcp.c ****   LWIP_UNUSED_ARG(dest); /* in case IPv6 is disabled */
 2436              		.loc 1 2243 3 view .LVU654
2244:Middlewares/Third_Party/LwIP/src/core/tcp.c **** 
2245:Middlewares/Third_Party/LwIP/src/core/tcp.c ****   LWIP_ASSERT("tcp_eff_send_mss_netif: invalid dst_ip", dest != NULL);
 2437              		.loc 1 2245 3 view .LVU655
 2438              		.loc 1 2245 3 view .LVU656
 2439 0006 5AB1     		cbz	r2, .L248
 2440              	.LVL231:
 2441              	.L243:
 2442              		.loc 1 2245 3 discriminator 3 view .LVU657
 2443              		.loc 1 2245 3 discriminator 3 view .LVU658
2246:Middlewares/Third_Party/LwIP/src/core/tcp.c **** 
2247:Middlewares/Third_Party/LwIP/src/core/tcp.c **** #if LWIP_IPV6
2248:Middlewares/Third_Party/LwIP/src/core/tcp.c **** #if LWIP_IPV4
2249:Middlewares/Third_Party/LwIP/src/core/tcp.c ****   if (IP_IS_V6(dest))
2250:Middlewares/Third_Party/LwIP/src/core/tcp.c **** #endif /* LWIP_IPV4 */
2251:Middlewares/Third_Party/LwIP/src/core/tcp.c ****   {
2252:Middlewares/Third_Party/LwIP/src/core/tcp.c ****     /* First look in destination cache, to see if there is a Path MTU. */
2253:Middlewares/Third_Party/LwIP/src/core/tcp.c ****     mtu = nd6_get_destination_mtu(ip_2_ip6(dest), outif);
2254:Middlewares/Third_Party/LwIP/src/core/tcp.c ****   }
2255:Middlewares/Third_Party/LwIP/src/core/tcp.c **** #if LWIP_IPV4
2256:Middlewares/Third_Party/LwIP/src/core/tcp.c ****   else
2257:Middlewares/Third_Party/LwIP/src/core/tcp.c **** #endif /* LWIP_IPV4 */
2258:Middlewares/Third_Party/LwIP/src/core/tcp.c **** #endif /* LWIP_IPV6 */
2259:Middlewares/Third_Party/LwIP/src/core/tcp.c **** #if LWIP_IPV4
2260:Middlewares/Third_Party/LwIP/src/core/tcp.c ****   {
2261:Middlewares/Third_Party/LwIP/src/core/tcp.c ****     if (outif == NULL) {
 2444              		.loc 1 2261 5 discriminator 3 view .LVU659
 2445              		.loc 1 2261 8 is_stmt 0 discriminator 3 view .LVU660
 2446 0008 44B1     		cbz	r4, .L244
2262:Middlewares/Third_Party/LwIP/src/core/tcp.c ****       return sendmss;
2263:Middlewares/Third_Party/LwIP/src/core/tcp.c ****     }
2264:Middlewares/Third_Party/LwIP/src/core/tcp.c ****     mtu = outif->mtu;
 2447              		.loc 1 2264 5 is_stmt 1 view .LVU661
 2448              		.loc 1 2264 9 is_stmt 0 view .LVU662
 2449 000a A38C     		ldrh	r3, [r4, #36]
 2450              	.LVL232:
2265:Middlewares/Third_Party/LwIP/src/core/tcp.c ****   }
2266:Middlewares/Third_Party/LwIP/src/core/tcp.c **** #endif /* LWIP_IPV4 */
2267:Middlewares/Third_Party/LwIP/src/core/tcp.c **** 
2268:Middlewares/Third_Party/LwIP/src/core/tcp.c ****   if (mtu != 0) {
 2451              		.loc 1 2268 3 is_stmt 1 view .LVU663
 2452              		.loc 1 2268 6 is_stmt 0 view .LVU664
ARM GAS  /tmp/ccmQZyRb.s 			page 94


 2453 000c 33B1     		cbz	r3, .L244
 2454              	.LBB8:
2269:Middlewares/Third_Party/LwIP/src/core/tcp.c ****     u16_t offset;
 2455              		.loc 1 2269 5 is_stmt 1 view .LVU665
2270:Middlewares/Third_Party/LwIP/src/core/tcp.c **** #if LWIP_IPV6
2271:Middlewares/Third_Party/LwIP/src/core/tcp.c **** #if LWIP_IPV4
2272:Middlewares/Third_Party/LwIP/src/core/tcp.c ****     if (IP_IS_V6(dest))
2273:Middlewares/Third_Party/LwIP/src/core/tcp.c **** #endif /* LWIP_IPV4 */
2274:Middlewares/Third_Party/LwIP/src/core/tcp.c ****     {
2275:Middlewares/Third_Party/LwIP/src/core/tcp.c ****       offset = IP6_HLEN + TCP_HLEN;
2276:Middlewares/Third_Party/LwIP/src/core/tcp.c ****     }
2277:Middlewares/Third_Party/LwIP/src/core/tcp.c **** #if LWIP_IPV4
2278:Middlewares/Third_Party/LwIP/src/core/tcp.c ****     else
2279:Middlewares/Third_Party/LwIP/src/core/tcp.c **** #endif /* LWIP_IPV4 */
2280:Middlewares/Third_Party/LwIP/src/core/tcp.c **** #endif /* LWIP_IPV6 */
2281:Middlewares/Third_Party/LwIP/src/core/tcp.c **** #if LWIP_IPV4
2282:Middlewares/Third_Party/LwIP/src/core/tcp.c ****     {
2283:Middlewares/Third_Party/LwIP/src/core/tcp.c ****       offset = IP_HLEN + TCP_HLEN;
 2456              		.loc 1 2283 7 view .LVU666
 2457              	.LVL233:
2284:Middlewares/Third_Party/LwIP/src/core/tcp.c ****     }
2285:Middlewares/Third_Party/LwIP/src/core/tcp.c **** #endif /* LWIP_IPV4 */
2286:Middlewares/Third_Party/LwIP/src/core/tcp.c ****     mss_s = (mtu > offset) ? (u16_t)(mtu - offset) : 0;
 2458              		.loc 1 2286 5 view .LVU667
 2459              		.loc 1 2286 11 is_stmt 0 view .LVU668
 2460 000e 282B     		cmp	r3, #40
 2461 0010 0ED9     		bls	.L246
 2462              		.loc 1 2286 11 discriminator 1 view .LVU669
 2463 0012 283B     		subs	r3, r3, #40
 2464              	.LVL234:
 2465              		.loc 1 2286 11 discriminator 1 view .LVU670
 2466 0014 9BB2     		uxth	r3, r3
 2467              	.LVL235:
 2468              	.L245:
2287:Middlewares/Third_Party/LwIP/src/core/tcp.c ****     /* RFC 1122, chap 4.2.2.6:
2288:Middlewares/Third_Party/LwIP/src/core/tcp.c ****      * Eff.snd.MSS = min(SendMSS+20, MMS_S) - TCPhdrsize - IPoptionsize
2289:Middlewares/Third_Party/LwIP/src/core/tcp.c ****      * We correct for TCP options in tcp_write(), and don't support IP options.
2290:Middlewares/Third_Party/LwIP/src/core/tcp.c ****      */
2291:Middlewares/Third_Party/LwIP/src/core/tcp.c ****     sendmss = LWIP_MIN(sendmss, mss_s);
 2469              		.loc 1 2291 5 is_stmt 1 discriminator 4 view .LVU671
 2470              		.loc 1 2291 13 is_stmt 0 discriminator 4 view .LVU672
 2471 0016 9D42     		cmp	r5, r3
 2472 0018 28BF     		it	cs
 2473 001a 1D46     		movcs	r5, r3
 2474              	.LVL236:
 2475              	.L244:
 2476              		.loc 1 2291 13 discriminator 4 view .LVU673
 2477              	.LBE8:
2292:Middlewares/Third_Party/LwIP/src/core/tcp.c ****   }
2293:Middlewares/Third_Party/LwIP/src/core/tcp.c ****   return sendmss;
2294:Middlewares/Third_Party/LwIP/src/core/tcp.c **** }
 2478              		.loc 1 2294 1 view .LVU674
 2479 001c 2846     		mov	r0, r5
 2480 001e 38BD     		pop	{r3, r4, r5, pc}
 2481              	.LVL237:
 2482              	.L248:
2245:Middlewares/Third_Party/LwIP/src/core/tcp.c **** 
ARM GAS  /tmp/ccmQZyRb.s 			page 95


 2483              		.loc 1 2245 3 is_stmt 1 discriminator 1 view .LVU675
2245:Middlewares/Third_Party/LwIP/src/core/tcp.c **** 
 2484              		.loc 1 2245 3 discriminator 1 view .LVU676
 2485 0020 044B     		ldr	r3, .L249
 2486 0022 40F6C502 		movw	r2, #2245
 2487              	.LVL238:
2245:Middlewares/Third_Party/LwIP/src/core/tcp.c **** 
 2488              		.loc 1 2245 3 is_stmt 0 discriminator 1 view .LVU677
 2489 0026 0449     		ldr	r1, .L249+4
 2490              	.LVL239:
2245:Middlewares/Third_Party/LwIP/src/core/tcp.c **** 
 2491              		.loc 1 2245 3 discriminator 1 view .LVU678
 2492 0028 0448     		ldr	r0, .L249+8
 2493              	.LVL240:
2245:Middlewares/Third_Party/LwIP/src/core/tcp.c **** 
 2494              		.loc 1 2245 3 discriminator 1 view .LVU679
 2495 002a FFF7FEFF 		bl	printf
 2496              	.LVL241:
 2497 002e EBE7     		b	.L243
 2498              	.LVL242:
 2499              	.L246:
 2500              	.LBB9:
2286:Middlewares/Third_Party/LwIP/src/core/tcp.c ****     /* RFC 1122, chap 4.2.2.6:
 2501              		.loc 1 2286 11 view .LVU680
 2502 0030 0023     		movs	r3, #0
 2503              	.LVL243:
2286:Middlewares/Third_Party/LwIP/src/core/tcp.c ****     /* RFC 1122, chap 4.2.2.6:
 2504              		.loc 1 2286 11 view .LVU681
 2505 0032 F0E7     		b	.L245
 2506              	.L250:
 2507              		.align	2
 2508              	.L249:
 2509 0034 00000000 		.word	.LC0
 2510 0038 00000000 		.word	.LC23
 2511 003c 54000000 		.word	.LC2
 2512              	.LBE9:
 2513              		.cfi_endproc
 2514              	.LFE215:
 2516              		.section	.rodata.tcp_connect.str1.4,"aMS",%progbits,1
 2517              		.align	2
 2518              	.LC24:
 2519 0000 7463705F 		.ascii	"tcp_connect: invalid pcb\000"
 2519      636F6E6E 
 2519      6563743A 
 2519      20696E76 
 2519      616C6964 
 2520 0019 000000   		.align	2
 2521              	.LC25:
 2522 001c 7463705F 		.ascii	"tcp_connect: invalid ipaddr\000"
 2522      636F6E6E 
 2522      6563743A 
 2522      20696E76 
 2522      616C6964 
 2523              		.align	2
 2524              	.LC26:
 2525 0038 7463705F 		.ascii	"tcp_connect: can only connect from state CLOSED\000"
 2525      636F6E6E 
ARM GAS  /tmp/ccmQZyRb.s 			page 96


 2525      6563743A 
 2525      2063616E 
 2525      206F6E6C 
 2526              		.section	.text.tcp_connect,"ax",%progbits
 2527              		.align	1
 2528              		.global	tcp_connect
 2529              		.syntax unified
 2530              		.thumb
 2531              		.thumb_func
 2532              		.fpu fpv5-d16
 2534              	tcp_connect:
 2535              	.LVL244:
 2536              	.LFB189:
1069:Middlewares/Third_Party/LwIP/src/core/tcp.c ****   struct netif *netif = NULL;
 2537              		.loc 1 1069 1 is_stmt 1 view -0
 2538              		.cfi_startproc
 2539              		@ args = 0, pretend = 0, frame = 0
 2540              		@ frame_needed = 0, uses_anonymous_args = 0
1069:Middlewares/Third_Party/LwIP/src/core/tcp.c ****   struct netif *netif = NULL;
 2541              		.loc 1 1069 1 is_stmt 0 view .LVU683
 2542 0000 F8B5     		push	{r3, r4, r5, r6, r7, lr}
 2543              	.LCFI29:
 2544              		.cfi_def_cfa_offset 24
 2545              		.cfi_offset 3, -24
 2546              		.cfi_offset 4, -20
 2547              		.cfi_offset 5, -16
 2548              		.cfi_offset 6, -12
 2549              		.cfi_offset 7, -8
 2550              		.cfi_offset 14, -4
1070:Middlewares/Third_Party/LwIP/src/core/tcp.c ****   err_t ret;
 2551              		.loc 1 1070 3 is_stmt 1 view .LVU684
 2552              	.LVL245:
1071:Middlewares/Third_Party/LwIP/src/core/tcp.c ****   u32_t iss;
 2553              		.loc 1 1071 3 view .LVU685
1072:Middlewares/Third_Party/LwIP/src/core/tcp.c ****   u16_t old_local_port;
 2554              		.loc 1 1072 3 view .LVU686
1073:Middlewares/Third_Party/LwIP/src/core/tcp.c **** 
 2555              		.loc 1 1073 3 view .LVU687
1075:Middlewares/Third_Party/LwIP/src/core/tcp.c **** 
 2556              		.loc 1 1075 28 view .LVU688
1077:Middlewares/Third_Party/LwIP/src/core/tcp.c ****   LWIP_ERROR("tcp_connect: invalid ipaddr", ipaddr != NULL, return ERR_ARG);
 2557              		.loc 1 1077 3 view .LVU689
1077:Middlewares/Third_Party/LwIP/src/core/tcp.c ****   LWIP_ERROR("tcp_connect: invalid ipaddr", ipaddr != NULL, return ERR_ARG);
 2558              		.loc 1 1077 3 view .LVU690
 2559 0002 0028     		cmp	r0, #0
 2560 0004 53D0     		beq	.L270
 2561 0006 1E46     		mov	r6, r3
 2562 0008 0446     		mov	r4, r0
1077:Middlewares/Third_Party/LwIP/src/core/tcp.c ****   LWIP_ERROR("tcp_connect: invalid ipaddr", ipaddr != NULL, return ERR_ARG);
 2563              		.loc 1 1077 3 discriminator 2 view .LVU691
1078:Middlewares/Third_Party/LwIP/src/core/tcp.c **** 
 2564              		.loc 1 1078 3 discriminator 2 view .LVU692
1078:Middlewares/Third_Party/LwIP/src/core/tcp.c **** 
 2565              		.loc 1 1078 3 discriminator 2 view .LVU693
 2566 000a 0029     		cmp	r1, #0
 2567 000c 59D0     		beq	.L271
1078:Middlewares/Third_Party/LwIP/src/core/tcp.c **** 
ARM GAS  /tmp/ccmQZyRb.s 			page 97


 2568              		.loc 1 1078 3 discriminator 2 view .LVU694
1080:Middlewares/Third_Party/LwIP/src/core/tcp.c **** 
 2569              		.loc 1 1080 3 discriminator 2 view .LVU695
1080:Middlewares/Third_Party/LwIP/src/core/tcp.c **** 
 2570              		.loc 1 1080 3 discriminator 2 view .LVU696
 2571 000e 037D     		ldrb	r3, [r0, #20]	@ zero_extendqisi2
 2572              	.LVL246:
1080:Middlewares/Third_Party/LwIP/src/core/tcp.c **** 
 2573              		.loc 1 1080 3 is_stmt 0 discriminator 2 view .LVU697
 2574 0010 002B     		cmp	r3, #0
 2575 0012 60D1     		bne	.L272
1080:Middlewares/Third_Party/LwIP/src/core/tcp.c **** 
 2576              		.loc 1 1080 3 is_stmt 1 discriminator 1 view .LVU698
1082:Middlewares/Third_Party/LwIP/src/core/tcp.c ****   ip_addr_set(&pcb->remote_ip, ipaddr);
 2577              		.loc 1 1082 67 discriminator 1 view .LVU699
1083:Middlewares/Third_Party/LwIP/src/core/tcp.c ****   pcb->remote_port = port;
 2578              		.loc 1 1083 3 discriminator 1 view .LVU700
 2579 0014 0B68     		ldr	r3, [r1]
 2580 0016 4360     		str	r3, [r0, #4]
1084:Middlewares/Third_Party/LwIP/src/core/tcp.c **** 
 2581              		.loc 1 1084 3 discriminator 1 view .LVU701
1084:Middlewares/Third_Party/LwIP/src/core/tcp.c **** 
 2582              		.loc 1 1084 20 is_stmt 0 discriminator 1 view .LVU702
 2583 0018 0283     		strh	r2, [r0, #24]	@ movhi
1086:Middlewares/Third_Party/LwIP/src/core/tcp.c ****     netif = netif_get_by_index(pcb->netif_idx);
 2584              		.loc 1 1086 3 is_stmt 1 discriminator 1 view .LVU703
1086:Middlewares/Third_Party/LwIP/src/core/tcp.c ****     netif = netif_get_by_index(pcb->netif_idx);
 2585              		.loc 1 1086 10 is_stmt 0 discriminator 1 view .LVU704
 2586 001a 007A     		ldrb	r0, [r0, #8]	@ zero_extendqisi2
 2587              	.LVL247:
1086:Middlewares/Third_Party/LwIP/src/core/tcp.c ****     netif = netif_get_by_index(pcb->netif_idx);
 2588              		.loc 1 1086 6 discriminator 1 view .LVU705
 2589 001c 0028     		cmp	r0, #0
 2590 001e 64D0     		beq	.L256
1087:Middlewares/Third_Party/LwIP/src/core/tcp.c ****   } else {
 2591              		.loc 1 1087 5 is_stmt 1 view .LVU706
1087:Middlewares/Third_Party/LwIP/src/core/tcp.c ****   } else {
 2592              		.loc 1 1087 13 is_stmt 0 view .LVU707
 2593 0020 FFF7FEFF 		bl	netif_get_by_index
 2594              	.LVL248:
1087:Middlewares/Third_Party/LwIP/src/core/tcp.c ****   } else {
 2595              		.loc 1 1087 13 view .LVU708
 2596 0024 0546     		mov	r5, r0
 2597              	.LVL249:
 2598              	.L257:
1092:Middlewares/Third_Party/LwIP/src/core/tcp.c ****     /* Don't even try to send a SYN packet if we have no route since that will fail. */
 2599              		.loc 1 1092 3 is_stmt 1 view .LVU709
1092:Middlewares/Third_Party/LwIP/src/core/tcp.c ****     /* Don't even try to send a SYN packet if we have no route since that will fail. */
 2600              		.loc 1 1092 6 is_stmt 0 view .LVU710
 2601 0026 002D     		cmp	r5, #0
 2602 0028 7AD0     		beq	.L265
1098:Middlewares/Third_Party/LwIP/src/core/tcp.c ****     const ip_addr_t *local_ip = ip_netif_get_local_ip(netif, ipaddr);
 2603              		.loc 1 1098 3 is_stmt 1 view .LVU711
1098:Middlewares/Third_Party/LwIP/src/core/tcp.c ****     const ip_addr_t *local_ip = ip_netif_get_local_ip(netif, ipaddr);
 2604              		.loc 1 1098 6 is_stmt 0 view .LVU712
 2605 002a 0CB1     		cbz	r4, .L258
1098:Middlewares/Third_Party/LwIP/src/core/tcp.c ****     const ip_addr_t *local_ip = ip_netif_get_local_ip(netif, ipaddr);
ARM GAS  /tmp/ccmQZyRb.s 			page 98


 2606              		.loc 1 1098 7 discriminator 1 view .LVU713
 2607 002c 2368     		ldr	r3, [r4]
 2608 002e 23B9     		cbnz	r3, .L259
 2609              	.L258:
 2610              	.LBB10:
1099:Middlewares/Third_Party/LwIP/src/core/tcp.c ****     if (local_ip == NULL) {
 2611              		.loc 1 1099 5 is_stmt 1 discriminator 1 view .LVU714
 2612              	.LVL250:
1100:Middlewares/Third_Party/LwIP/src/core/tcp.c ****       return ERR_RTE;
 2613              		.loc 1 1100 5 discriminator 1 view .LVU715
1100:Middlewares/Third_Party/LwIP/src/core/tcp.c ****       return ERR_RTE;
 2614              		.loc 1 1100 8 is_stmt 0 discriminator 1 view .LVU716
 2615 0030 15F1040F 		cmn	r5, #4
 2616 0034 77D0     		beq	.L266
1103:Middlewares/Third_Party/LwIP/src/core/tcp.c ****   }
 2617              		.loc 1 1103 5 is_stmt 1 view .LVU717
 2618 0036 6B68     		ldr	r3, [r5, #4]
 2619 0038 2360     		str	r3, [r4]
 2620              	.LVL251:
 2621              	.L259:
1103:Middlewares/Third_Party/LwIP/src/core/tcp.c ****   }
 2622              		.loc 1 1103 5 is_stmt 0 view .LVU718
 2623              	.LBE10:
1115:Middlewares/Third_Party/LwIP/src/core/tcp.c ****   if (pcb->local_port == 0) {
 2624              		.loc 1 1115 3 is_stmt 1 view .LVU719
1115:Middlewares/Third_Party/LwIP/src/core/tcp.c ****   if (pcb->local_port == 0) {
 2625              		.loc 1 1115 18 is_stmt 0 view .LVU720
 2626 003a E78A     		ldrh	r7, [r4, #22]
 2627              	.LVL252:
1116:Middlewares/Third_Party/LwIP/src/core/tcp.c ****     pcb->local_port = tcp_new_port();
 2628              		.loc 1 1116 3 is_stmt 1 view .LVU721
1116:Middlewares/Third_Party/LwIP/src/core/tcp.c ****     pcb->local_port = tcp_new_port();
 2629              		.loc 1 1116 6 is_stmt 0 view .LVU722
 2630 003c 27B9     		cbnz	r7, .L260
1117:Middlewares/Third_Party/LwIP/src/core/tcp.c ****     if (pcb->local_port == 0) {
 2631              		.loc 1 1117 5 is_stmt 1 view .LVU723
1117:Middlewares/Third_Party/LwIP/src/core/tcp.c ****     if (pcb->local_port == 0) {
 2632              		.loc 1 1117 23 is_stmt 0 view .LVU724
 2633 003e FFF7FEFF 		bl	tcp_new_port
 2634              	.LVL253:
1117:Middlewares/Third_Party/LwIP/src/core/tcp.c ****     if (pcb->local_port == 0) {
 2635              		.loc 1 1117 21 view .LVU725
 2636 0042 E082     		strh	r0, [r4, #22]	@ movhi
1118:Middlewares/Third_Party/LwIP/src/core/tcp.c ****       return ERR_BUF;
 2637              		.loc 1 1118 5 is_stmt 1 view .LVU726
1118:Middlewares/Third_Party/LwIP/src/core/tcp.c ****       return ERR_BUF;
 2638              		.loc 1 1118 8 is_stmt 0 view .LVU727
 2639 0044 0028     		cmp	r0, #0
 2640 0046 71D0     		beq	.L267
 2641              	.L260:
1142:Middlewares/Third_Party/LwIP/src/core/tcp.c **** 
 2642              		.loc 1 1142 3 is_stmt 1 view .LVU728
1144:Middlewares/Third_Party/LwIP/src/core/tcp.c ****   pcb->rcv_nxt = 0;
 2643              		.loc 1 1144 3 view .LVU729
1144:Middlewares/Third_Party/LwIP/src/core/tcp.c ****   pcb->rcv_nxt = 0;
 2644              		.loc 1 1144 9 is_stmt 0 view .LVU730
 2645 0048 2046     		mov	r0, r4
ARM GAS  /tmp/ccmQZyRb.s 			page 99


 2646 004a FFF7FEFF 		bl	tcp_next_iss
 2647              	.LVL254:
1145:Middlewares/Third_Party/LwIP/src/core/tcp.c ****   pcb->snd_nxt = iss;
 2648              		.loc 1 1145 3 is_stmt 1 view .LVU731
1145:Middlewares/Third_Party/LwIP/src/core/tcp.c ****   pcb->snd_nxt = iss;
 2649              		.loc 1 1145 16 is_stmt 0 view .LVU732
 2650 004e 0021     		movs	r1, #0
 2651 0050 6162     		str	r1, [r4, #36]
1146:Middlewares/Third_Party/LwIP/src/core/tcp.c ****   pcb->lastack = iss - 1;
 2652              		.loc 1 1146 3 is_stmt 1 view .LVU733
1146:Middlewares/Third_Party/LwIP/src/core/tcp.c ****   pcb->lastack = iss - 1;
 2653              		.loc 1 1146 16 is_stmt 0 view .LVU734
 2654 0052 2065     		str	r0, [r4, #80]
1147:Middlewares/Third_Party/LwIP/src/core/tcp.c ****   pcb->snd_wl2 = iss - 1;
 2655              		.loc 1 1147 3 is_stmt 1 view .LVU735
1147:Middlewares/Third_Party/LwIP/src/core/tcp.c ****   pcb->snd_wl2 = iss - 1;
 2656              		.loc 1 1147 22 is_stmt 0 view .LVU736
 2657 0054 0138     		subs	r0, r0, #1
 2658              	.LVL255:
1147:Middlewares/Third_Party/LwIP/src/core/tcp.c ****   pcb->snd_wl2 = iss - 1;
 2659              		.loc 1 1147 16 view .LVU737
 2660 0056 6064     		str	r0, [r4, #68]
1148:Middlewares/Third_Party/LwIP/src/core/tcp.c ****   pcb->snd_lbb = iss - 1;
 2661              		.loc 1 1148 3 is_stmt 1 view .LVU738
1148:Middlewares/Third_Party/LwIP/src/core/tcp.c ****   pcb->snd_lbb = iss - 1;
 2662              		.loc 1 1148 16 is_stmt 0 view .LVU739
 2663 0058 A065     		str	r0, [r4, #88]
1149:Middlewares/Third_Party/LwIP/src/core/tcp.c ****   /* Start with a window that does not need scaling. When window scaling is
 2664              		.loc 1 1149 3 is_stmt 1 view .LVU740
1149:Middlewares/Third_Party/LwIP/src/core/tcp.c ****   /* Start with a window that does not need scaling. When window scaling is
 2665              		.loc 1 1149 16 is_stmt 0 view .LVU741
 2666 005a E065     		str	r0, [r4, #92]
1152:Middlewares/Third_Party/LwIP/src/core/tcp.c ****   pcb->rcv_ann_right_edge = pcb->rcv_nxt;
 2667              		.loc 1 1152 3 is_stmt 1 view .LVU742
1152:Middlewares/Third_Party/LwIP/src/core/tcp.c ****   pcb->rcv_ann_right_edge = pcb->rcv_nxt;
 2668              		.loc 1 1152 35 is_stmt 0 view .LVU743
 2669 005c 41F2D063 		movw	r3, #5840
 2670 0060 6385     		strh	r3, [r4, #42]	@ movhi
1152:Middlewares/Third_Party/LwIP/src/core/tcp.c ****   pcb->rcv_ann_right_edge = pcb->rcv_nxt;
 2671              		.loc 1 1152 16 view .LVU744
 2672 0062 2385     		strh	r3, [r4, #40]	@ movhi
1153:Middlewares/Third_Party/LwIP/src/core/tcp.c ****   pcb->snd_wnd = TCP_WND;
 2673              		.loc 1 1153 3 is_stmt 1 view .LVU745
1153:Middlewares/Third_Party/LwIP/src/core/tcp.c ****   pcb->snd_wnd = TCP_WND;
 2674              		.loc 1 1153 27 is_stmt 0 view .LVU746
 2675 0064 E162     		str	r1, [r4, #44]
1154:Middlewares/Third_Party/LwIP/src/core/tcp.c ****   /* As initial send MSS, we use TCP_MSS but limit it to 536.
 2676              		.loc 1 1154 3 is_stmt 1 view .LVU747
1154:Middlewares/Third_Party/LwIP/src/core/tcp.c ****   /* As initial send MSS, we use TCP_MSS but limit it to 536.
 2677              		.loc 1 1154 16 is_stmt 0 view .LVU748
 2678 0066 A4F86030 		strh	r3, [r4, #96]	@ movhi
1157:Middlewares/Third_Party/LwIP/src/core/tcp.c **** #if TCP_CALCULATE_EFF_SEND_MSS
 2679              		.loc 1 1157 3 is_stmt 1 view .LVU749
1157:Middlewares/Third_Party/LwIP/src/core/tcp.c **** #if TCP_CALCULATE_EFF_SEND_MSS
 2680              		.loc 1 1157 12 is_stmt 0 view .LVU750
 2681 006a 4FF40670 		mov	r0, #536
 2682 006e 6086     		strh	r0, [r4, #50]	@ movhi
ARM GAS  /tmp/ccmQZyRb.s 			page 100


1159:Middlewares/Third_Party/LwIP/src/core/tcp.c **** #endif /* TCP_CALCULATE_EFF_SEND_MSS */
 2683              		.loc 1 1159 3 is_stmt 1 view .LVU751
1159:Middlewares/Third_Party/LwIP/src/core/tcp.c **** #endif /* TCP_CALCULATE_EFF_SEND_MSS */
 2684              		.loc 1 1159 14 is_stmt 0 view .LVU752
 2685 0070 221D     		adds	r2, r4, #4
 2686 0072 2946     		mov	r1, r5
 2687 0074 FFF7FEFF 		bl	tcp_eff_send_mss_netif
 2688              	.LVL256:
1159:Middlewares/Third_Party/LwIP/src/core/tcp.c **** #endif /* TCP_CALCULATE_EFF_SEND_MSS */
 2689              		.loc 1 1159 12 view .LVU753
 2690 0078 6086     		strh	r0, [r4, #50]	@ movhi
1161:Middlewares/Third_Party/LwIP/src/core/tcp.c **** #if LWIP_CALLBACK_API
 2691              		.loc 1 1161 3 is_stmt 1 view .LVU754
1161:Middlewares/Third_Party/LwIP/src/core/tcp.c **** #if LWIP_CALLBACK_API
 2692              		.loc 1 1161 13 is_stmt 0 view .LVU755
 2693 007a 0123     		movs	r3, #1
 2694 007c A4F84830 		strh	r3, [r4, #72]	@ movhi
1163:Middlewares/Third_Party/LwIP/src/core/tcp.c **** #else /* LWIP_CALLBACK_API */
 2695              		.loc 1 1163 3 is_stmt 1 view .LVU756
1163:Middlewares/Third_Party/LwIP/src/core/tcp.c **** #else /* LWIP_CALLBACK_API */
 2696              		.loc 1 1163 18 is_stmt 0 view .LVU757
 2697 0080 C4F88860 		str	r6, [r4, #136]
1169:Middlewares/Third_Party/LwIP/src/core/tcp.c ****   if (ret == ERR_OK) {
 2698              		.loc 1 1169 3 is_stmt 1 view .LVU758
1169:Middlewares/Third_Party/LwIP/src/core/tcp.c ****   if (ret == ERR_OK) {
 2699              		.loc 1 1169 9 is_stmt 0 view .LVU759
 2700 0084 0221     		movs	r1, #2
 2701 0086 2046     		mov	r0, r4
 2702 0088 FFF7FEFF 		bl	tcp_enqueue_flags
 2703              	.LVL257:
1170:Middlewares/Third_Party/LwIP/src/core/tcp.c ****     /* SYN segment was enqueued, changed the pcbs state now */
 2704              		.loc 1 1170 3 is_stmt 1 view .LVU760
1170:Middlewares/Third_Party/LwIP/src/core/tcp.c ****     /* SYN segment was enqueued, changed the pcbs state now */
 2705              		.loc 1 1170 6 is_stmt 0 view .LVU761
 2706 008c 0546     		mov	r5, r0
 2707              	.LVL258:
1170:Middlewares/Third_Party/LwIP/src/core/tcp.c ****     /* SYN segment was enqueued, changed the pcbs state now */
 2708              		.loc 1 1170 6 view .LVU762
 2709 008e 0028     		cmp	r0, #0
 2710 0090 44D1     		bne	.L253
1172:Middlewares/Third_Party/LwIP/src/core/tcp.c ****     if (old_local_port != 0) {
 2711              		.loc 1 1172 5 is_stmt 1 view .LVU763
1172:Middlewares/Third_Party/LwIP/src/core/tcp.c ****     if (old_local_port != 0) {
 2712              		.loc 1 1172 16 is_stmt 0 view .LVU764
 2713 0092 0223     		movs	r3, #2
 2714 0094 2375     		strb	r3, [r4, #20]
1173:Middlewares/Third_Party/LwIP/src/core/tcp.c ****       TCP_RMV(&tcp_bound_pcbs, pcb);
 2715              		.loc 1 1173 5 is_stmt 1 view .LVU765
1173:Middlewares/Third_Party/LwIP/src/core/tcp.c ****       TCP_RMV(&tcp_bound_pcbs, pcb);
 2716              		.loc 1 1173 8 is_stmt 0 view .LVU766
 2717 0096 002F     		cmp	r7, #0
 2718 0098 34D0     		beq	.L261
1174:Middlewares/Third_Party/LwIP/src/core/tcp.c ****     }
 2719              		.loc 1 1174 7 is_stmt 1 view .LVU767
1174:Middlewares/Third_Party/LwIP/src/core/tcp.c ****     }
 2720              		.loc 1 1174 7 view .LVU768
 2721 009a 264B     		ldr	r3, .L275
ARM GAS  /tmp/ccmQZyRb.s 			page 101


 2722 009c 1B68     		ldr	r3, [r3]
 2723 009e A342     		cmp	r3, r4
 2724 00a0 28D0     		beq	.L273
 2725              	.L262:
 2726              	.LVL259:
 2727              	.LBB11:
1174:Middlewares/Third_Party/LwIP/src/core/tcp.c ****     }
 2728              		.loc 1 1174 7 discriminator 8 view .LVU769
 2729 00a2 6BB3     		cbz	r3, .L263
1174:Middlewares/Third_Party/LwIP/src/core/tcp.c ****     }
 2730              		.loc 1 1174 7 discriminator 9 view .LVU770
 2731 00a4 DA68     		ldr	r2, [r3, #12]
 2732 00a6 A242     		cmp	r2, r4
 2733 00a8 28D0     		beq	.L274
1174:Middlewares/Third_Party/LwIP/src/core/tcp.c ****     }
 2734              		.loc 1 1174 7 is_stmt 0 view .LVU771
 2735 00aa 1346     		mov	r3, r2
 2736              	.LVL260:
1174:Middlewares/Third_Party/LwIP/src/core/tcp.c ****     }
 2737              		.loc 1 1174 7 view .LVU772
 2738 00ac F9E7     		b	.L262
 2739              	.LVL261:
 2740              	.L270:
1174:Middlewares/Third_Party/LwIP/src/core/tcp.c ****     }
 2741              		.loc 1 1174 7 view .LVU773
 2742              	.LBE11:
1077:Middlewares/Third_Party/LwIP/src/core/tcp.c ****   LWIP_ERROR("tcp_connect: invalid ipaddr", ipaddr != NULL, return ERR_ARG);
 2743              		.loc 1 1077 3 is_stmt 1 discriminator 1 view .LVU774
1077:Middlewares/Third_Party/LwIP/src/core/tcp.c ****   LWIP_ERROR("tcp_connect: invalid ipaddr", ipaddr != NULL, return ERR_ARG);
 2744              		.loc 1 1077 3 discriminator 1 view .LVU775
 2745 00ae 224B     		ldr	r3, .L275+4
 2746              	.LVL262:
1077:Middlewares/Third_Party/LwIP/src/core/tcp.c ****   LWIP_ERROR("tcp_connect: invalid ipaddr", ipaddr != NULL, return ERR_ARG);
 2747              		.loc 1 1077 3 is_stmt 0 discriminator 1 view .LVU776
 2748 00b0 40F23542 		movw	r2, #1077
 2749              	.LVL263:
1077:Middlewares/Third_Party/LwIP/src/core/tcp.c ****   LWIP_ERROR("tcp_connect: invalid ipaddr", ipaddr != NULL, return ERR_ARG);
 2750              		.loc 1 1077 3 discriminator 1 view .LVU777
 2751 00b4 2149     		ldr	r1, .L275+8
 2752              	.LVL264:
1077:Middlewares/Third_Party/LwIP/src/core/tcp.c ****   LWIP_ERROR("tcp_connect: invalid ipaddr", ipaddr != NULL, return ERR_ARG);
 2753              		.loc 1 1077 3 discriminator 1 view .LVU778
 2754 00b6 2248     		ldr	r0, .L275+12
 2755              	.LVL265:
1077:Middlewares/Third_Party/LwIP/src/core/tcp.c ****   LWIP_ERROR("tcp_connect: invalid ipaddr", ipaddr != NULL, return ERR_ARG);
 2756              		.loc 1 1077 3 discriminator 1 view .LVU779
 2757 00b8 FFF7FEFF 		bl	printf
 2758              	.LVL266:
1077:Middlewares/Third_Party/LwIP/src/core/tcp.c ****   LWIP_ERROR("tcp_connect: invalid ipaddr", ipaddr != NULL, return ERR_ARG);
 2759              		.loc 1 1077 3 is_stmt 1 discriminator 1 view .LVU780
1077:Middlewares/Third_Party/LwIP/src/core/tcp.c ****   LWIP_ERROR("tcp_connect: invalid ipaddr", ipaddr != NULL, return ERR_ARG);
 2760              		.loc 1 1077 3 discriminator 1 view .LVU781
 2761 00bc 6FF00F05 		mvn	r5, #15
 2762 00c0 2CE0     		b	.L253
 2763              	.LVL267:
 2764              	.L271:
1078:Middlewares/Third_Party/LwIP/src/core/tcp.c **** 
ARM GAS  /tmp/ccmQZyRb.s 			page 102


 2765              		.loc 1 1078 3 discriminator 1 view .LVU782
1078:Middlewares/Third_Party/LwIP/src/core/tcp.c **** 
 2766              		.loc 1 1078 3 discriminator 1 view .LVU783
 2767 00c2 1D4B     		ldr	r3, .L275+4
 2768              	.LVL268:
1078:Middlewares/Third_Party/LwIP/src/core/tcp.c **** 
 2769              		.loc 1 1078 3 is_stmt 0 discriminator 1 view .LVU784
 2770 00c4 40F23642 		movw	r2, #1078
 2771              	.LVL269:
1078:Middlewares/Third_Party/LwIP/src/core/tcp.c **** 
 2772              		.loc 1 1078 3 discriminator 1 view .LVU785
 2773 00c8 1E49     		ldr	r1, .L275+16
 2774              	.LVL270:
1078:Middlewares/Third_Party/LwIP/src/core/tcp.c **** 
 2775              		.loc 1 1078 3 discriminator 1 view .LVU786
 2776 00ca 1D48     		ldr	r0, .L275+12
 2777              	.LVL271:
1078:Middlewares/Third_Party/LwIP/src/core/tcp.c **** 
 2778              		.loc 1 1078 3 discriminator 1 view .LVU787
 2779 00cc FFF7FEFF 		bl	printf
 2780              	.LVL272:
1078:Middlewares/Third_Party/LwIP/src/core/tcp.c **** 
 2781              		.loc 1 1078 3 is_stmt 1 discriminator 1 view .LVU788
1078:Middlewares/Third_Party/LwIP/src/core/tcp.c **** 
 2782              		.loc 1 1078 3 discriminator 1 view .LVU789
 2783 00d0 6FF00F05 		mvn	r5, #15
 2784 00d4 22E0     		b	.L253
 2785              	.LVL273:
 2786              	.L272:
1080:Middlewares/Third_Party/LwIP/src/core/tcp.c **** 
 2787              		.loc 1 1080 3 discriminator 1 view .LVU790
1080:Middlewares/Third_Party/LwIP/src/core/tcp.c **** 
 2788              		.loc 1 1080 3 discriminator 1 view .LVU791
 2789 00d6 184B     		ldr	r3, .L275+4
 2790 00d8 4FF48762 		mov	r2, #1080
 2791              	.LVL274:
1080:Middlewares/Third_Party/LwIP/src/core/tcp.c **** 
 2792              		.loc 1 1080 3 is_stmt 0 discriminator 1 view .LVU792
 2793 00dc 1A49     		ldr	r1, .L275+20
 2794              	.LVL275:
1080:Middlewares/Third_Party/LwIP/src/core/tcp.c **** 
 2795              		.loc 1 1080 3 discriminator 1 view .LVU793
 2796 00de 1848     		ldr	r0, .L275+12
 2797              	.LVL276:
1080:Middlewares/Third_Party/LwIP/src/core/tcp.c **** 
 2798              		.loc 1 1080 3 discriminator 1 view .LVU794
 2799 00e0 FFF7FEFF 		bl	printf
 2800              	.LVL277:
1080:Middlewares/Third_Party/LwIP/src/core/tcp.c **** 
 2801              		.loc 1 1080 3 is_stmt 1 discriminator 1 view .LVU795
1080:Middlewares/Third_Party/LwIP/src/core/tcp.c **** 
 2802              		.loc 1 1080 3 discriminator 1 view .LVU796
 2803 00e4 6FF00905 		mvn	r5, #9
 2804 00e8 18E0     		b	.L253
 2805              	.LVL278:
 2806              	.L256:
1090:Middlewares/Third_Party/LwIP/src/core/tcp.c ****   }
ARM GAS  /tmp/ccmQZyRb.s 			page 103


 2807              		.loc 1 1090 5 view .LVU797
1090:Middlewares/Third_Party/LwIP/src/core/tcp.c ****   }
 2808              		.loc 1 1090 13 is_stmt 0 view .LVU798
 2809 00ea 201D     		adds	r0, r4, #4
 2810 00ec FFF7FEFF 		bl	ip4_route
 2811              	.LVL279:
1090:Middlewares/Third_Party/LwIP/src/core/tcp.c ****   }
 2812              		.loc 1 1090 13 view .LVU799
 2813 00f0 0546     		mov	r5, r0
 2814              	.LVL280:
1090:Middlewares/Third_Party/LwIP/src/core/tcp.c ****   }
 2815              		.loc 1 1090 13 view .LVU800
 2816 00f2 98E7     		b	.L257
 2817              	.LVL281:
 2818              	.L273:
1174:Middlewares/Third_Party/LwIP/src/core/tcp.c ****     }
 2819              		.loc 1 1174 7 is_stmt 1 discriminator 1 view .LVU801
 2820 00f4 DA68     		ldr	r2, [r3, #12]
 2821 00f6 0F4B     		ldr	r3, .L275
 2822 00f8 1A60     		str	r2, [r3]
 2823 00fa 01E0     		b	.L263
 2824              	.LVL282:
 2825              	.L274:
 2826              	.LBB12:
1174:Middlewares/Third_Party/LwIP/src/core/tcp.c ****     }
 2827              		.loc 1 1174 7 discriminator 5 view .LVU802
 2828 00fc E268     		ldr	r2, [r4, #12]
 2829 00fe DA60     		str	r2, [r3, #12]
1174:Middlewares/Third_Party/LwIP/src/core/tcp.c ****     }
 2830              		.loc 1 1174 7 discriminator 5 view .LVU803
 2831              	.LVL283:
 2832              	.L263:
1174:Middlewares/Third_Party/LwIP/src/core/tcp.c ****     }
 2833              		.loc 1 1174 7 is_stmt 0 discriminator 5 view .LVU804
 2834              	.LBE12:
1174:Middlewares/Third_Party/LwIP/src/core/tcp.c ****     }
 2835              		.loc 1 1174 7 is_stmt 1 discriminator 10 view .LVU805
 2836 0100 0023     		movs	r3, #0
 2837 0102 E360     		str	r3, [r4, #12]
 2838              	.L261:
1174:Middlewares/Third_Party/LwIP/src/core/tcp.c ****     }
 2839              		.loc 1 1174 7 discriminator 11 view .LVU806
1176:Middlewares/Third_Party/LwIP/src/core/tcp.c ****     MIB2_STATS_INC(mib2.tcpactiveopens);
 2840              		.loc 1 1176 5 discriminator 11 view .LVU807
1176:Middlewares/Third_Party/LwIP/src/core/tcp.c ****     MIB2_STATS_INC(mib2.tcpactiveopens);
 2841              		.loc 1 1176 5 discriminator 11 view .LVU808
1176:Middlewares/Third_Party/LwIP/src/core/tcp.c ****     MIB2_STATS_INC(mib2.tcpactiveopens);
 2842              		.loc 1 1176 5 discriminator 11 view .LVU809
 2843 0104 114B     		ldr	r3, .L275+24
 2844 0106 1A68     		ldr	r2, [r3]
 2845 0108 E260     		str	r2, [r4, #12]
1176:Middlewares/Third_Party/LwIP/src/core/tcp.c ****     MIB2_STATS_INC(mib2.tcpactiveopens);
 2846              		.loc 1 1176 5 discriminator 11 view .LVU810
 2847 010a 1C60     		str	r4, [r3]
1176:Middlewares/Third_Party/LwIP/src/core/tcp.c ****     MIB2_STATS_INC(mib2.tcpactiveopens);
 2848              		.loc 1 1176 5 discriminator 11 view .LVU811
 2849 010c FFF7FEFF 		bl	tcp_timer_needed
ARM GAS  /tmp/ccmQZyRb.s 			page 104


 2850              	.LVL284:
1176:Middlewares/Third_Party/LwIP/src/core/tcp.c ****     MIB2_STATS_INC(mib2.tcpactiveopens);
 2851              		.loc 1 1176 5 discriminator 11 view .LVU812
1176:Middlewares/Third_Party/LwIP/src/core/tcp.c ****     MIB2_STATS_INC(mib2.tcpactiveopens);
 2852              		.loc 1 1176 5 discriminator 11 view .LVU813
 2853 0110 0F4B     		ldr	r3, .L275+28
 2854 0112 0122     		movs	r2, #1
 2855 0114 1A70     		strb	r2, [r3]
1176:Middlewares/Third_Party/LwIP/src/core/tcp.c ****     MIB2_STATS_INC(mib2.tcpactiveopens);
 2856              		.loc 1 1176 5 discriminator 11 view .LVU814
1177:Middlewares/Third_Party/LwIP/src/core/tcp.c **** 
 2857              		.loc 1 1177 40 discriminator 11 view .LVU815
1179:Middlewares/Third_Party/LwIP/src/core/tcp.c ****   }
 2858              		.loc 1 1179 5 discriminator 11 view .LVU816
 2859 0116 2046     		mov	r0, r4
 2860 0118 FFF7FEFF 		bl	tcp_output
 2861              	.LVL285:
 2862              	.L253:
1182:Middlewares/Third_Party/LwIP/src/core/tcp.c **** 
 2863              		.loc 1 1182 1 is_stmt 0 view .LVU817
 2864 011c 2846     		mov	r0, r5
 2865 011e F8BD     		pop	{r3, r4, r5, r6, r7, pc}
 2866              	.LVL286:
 2867              	.L265:
1094:Middlewares/Third_Party/LwIP/src/core/tcp.c ****   }
 2868              		.loc 1 1094 12 view .LVU818
 2869 0120 6FF00305 		mvn	r5, #3
 2870 0124 FAE7     		b	.L253
 2871              	.LVL287:
 2872              	.L266:
 2873              	.LBB13:
1101:Middlewares/Third_Party/LwIP/src/core/tcp.c ****     }
 2874              		.loc 1 1101 14 view .LVU819
 2875 0126 6FF00305 		mvn	r5, #3
 2876 012a F7E7     		b	.L253
 2877              	.LVL288:
 2878              	.L267:
1101:Middlewares/Third_Party/LwIP/src/core/tcp.c ****     }
 2879              		.loc 1 1101 14 view .LVU820
 2880              	.LBE13:
1119:Middlewares/Third_Party/LwIP/src/core/tcp.c ****     }
 2881              		.loc 1 1119 14 view .LVU821
 2882 012c 6FF00105 		mvn	r5, #1
 2883              	.LVL289:
1119:Middlewares/Third_Party/LwIP/src/core/tcp.c ****     }
 2884              		.loc 1 1119 14 view .LVU822
 2885 0130 F4E7     		b	.L253
 2886              	.L276:
 2887 0132 00BF     		.align	2
 2888              	.L275:
 2889 0134 00000000 		.word	.LANCHOR3
 2890 0138 00000000 		.word	.LC0
 2891 013c 00000000 		.word	.LC24
 2892 0140 54000000 		.word	.LC2
 2893 0144 1C000000 		.word	.LC25
 2894 0148 38000000 		.word	.LC26
 2895 014c 00000000 		.word	.LANCHOR2
ARM GAS  /tmp/ccmQZyRb.s 			page 105


 2896 0150 00000000 		.word	.LANCHOR7
 2897              		.cfi_endproc
 2898              	.LFE189:
 2900              		.section	.text.tcp_debug_state_str,"ax",%progbits
 2901              		.align	1
 2902              		.global	tcp_debug_state_str
 2903              		.syntax unified
 2904              		.thumb
 2905              		.thumb_func
 2906              		.fpu fpv5-d16
 2908              	tcp_debug_state_str:
 2909              	.LVL290:
 2910              	.LFB218:
2295:Middlewares/Third_Party/LwIP/src/core/tcp.c **** #endif /* TCP_CALCULATE_EFF_SEND_MSS */
2296:Middlewares/Third_Party/LwIP/src/core/tcp.c **** 
2297:Middlewares/Third_Party/LwIP/src/core/tcp.c **** /** Helper function for tcp_netif_ip_addr_changed() that iterates a pcb list */
2298:Middlewares/Third_Party/LwIP/src/core/tcp.c **** static void
2299:Middlewares/Third_Party/LwIP/src/core/tcp.c **** tcp_netif_ip_addr_changed_pcblist(const ip_addr_t *old_addr, struct tcp_pcb *pcb_list)
2300:Middlewares/Third_Party/LwIP/src/core/tcp.c **** {
2301:Middlewares/Third_Party/LwIP/src/core/tcp.c ****   struct tcp_pcb *pcb;
2302:Middlewares/Third_Party/LwIP/src/core/tcp.c ****   pcb = pcb_list;
2303:Middlewares/Third_Party/LwIP/src/core/tcp.c **** 
2304:Middlewares/Third_Party/LwIP/src/core/tcp.c ****   LWIP_ASSERT("tcp_netif_ip_addr_changed_pcblist: invalid old_addr", old_addr != NULL);
2305:Middlewares/Third_Party/LwIP/src/core/tcp.c **** 
2306:Middlewares/Third_Party/LwIP/src/core/tcp.c ****   while (pcb != NULL) {
2307:Middlewares/Third_Party/LwIP/src/core/tcp.c ****     /* PCB bound to current local interface address? */
2308:Middlewares/Third_Party/LwIP/src/core/tcp.c ****     if (ip_addr_cmp(&pcb->local_ip, old_addr)
2309:Middlewares/Third_Party/LwIP/src/core/tcp.c **** #if LWIP_AUTOIP
2310:Middlewares/Third_Party/LwIP/src/core/tcp.c ****         /* connections to link-local addresses must persist (RFC3927 ch. 1.9) */
2311:Middlewares/Third_Party/LwIP/src/core/tcp.c ****         && (!IP_IS_V4_VAL(pcb->local_ip) || !ip4_addr_islinklocal(ip_2_ip4(&pcb->local_ip)))
2312:Middlewares/Third_Party/LwIP/src/core/tcp.c **** #endif /* LWIP_AUTOIP */
2313:Middlewares/Third_Party/LwIP/src/core/tcp.c ****        ) {
2314:Middlewares/Third_Party/LwIP/src/core/tcp.c ****       /* this connection must be aborted */
2315:Middlewares/Third_Party/LwIP/src/core/tcp.c ****       struct tcp_pcb *next = pcb->next;
2316:Middlewares/Third_Party/LwIP/src/core/tcp.c ****       LWIP_DEBUGF(NETIF_DEBUG | LWIP_DBG_STATE, ("netif_set_ipaddr: aborting TCP pcb %p\n", (void *
2317:Middlewares/Third_Party/LwIP/src/core/tcp.c ****       tcp_abort(pcb);
2318:Middlewares/Third_Party/LwIP/src/core/tcp.c ****       pcb = next;
2319:Middlewares/Third_Party/LwIP/src/core/tcp.c ****     } else {
2320:Middlewares/Third_Party/LwIP/src/core/tcp.c ****       pcb = pcb->next;
2321:Middlewares/Third_Party/LwIP/src/core/tcp.c ****     }
2322:Middlewares/Third_Party/LwIP/src/core/tcp.c ****   }
2323:Middlewares/Third_Party/LwIP/src/core/tcp.c **** }
2324:Middlewares/Third_Party/LwIP/src/core/tcp.c **** 
2325:Middlewares/Third_Party/LwIP/src/core/tcp.c **** /** This function is called from netif.c when address is changed or netif is removed
2326:Middlewares/Third_Party/LwIP/src/core/tcp.c ****  *
2327:Middlewares/Third_Party/LwIP/src/core/tcp.c ****  * @param old_addr IP address of the netif before change
2328:Middlewares/Third_Party/LwIP/src/core/tcp.c ****  * @param new_addr IP address of the netif after change or NULL if netif has been removed
2329:Middlewares/Third_Party/LwIP/src/core/tcp.c ****  */
2330:Middlewares/Third_Party/LwIP/src/core/tcp.c **** void
2331:Middlewares/Third_Party/LwIP/src/core/tcp.c **** tcp_netif_ip_addr_changed(const ip_addr_t *old_addr, const ip_addr_t *new_addr)
2332:Middlewares/Third_Party/LwIP/src/core/tcp.c **** {
2333:Middlewares/Third_Party/LwIP/src/core/tcp.c ****   struct tcp_pcb_listen *lpcb;
2334:Middlewares/Third_Party/LwIP/src/core/tcp.c **** 
2335:Middlewares/Third_Party/LwIP/src/core/tcp.c ****   if (!ip_addr_isany(old_addr)) {
2336:Middlewares/Third_Party/LwIP/src/core/tcp.c ****     tcp_netif_ip_addr_changed_pcblist(old_addr, tcp_active_pcbs);
2337:Middlewares/Third_Party/LwIP/src/core/tcp.c ****     tcp_netif_ip_addr_changed_pcblist(old_addr, tcp_bound_pcbs);
2338:Middlewares/Third_Party/LwIP/src/core/tcp.c **** 
ARM GAS  /tmp/ccmQZyRb.s 			page 106


2339:Middlewares/Third_Party/LwIP/src/core/tcp.c ****     if (!ip_addr_isany(new_addr)) {
2340:Middlewares/Third_Party/LwIP/src/core/tcp.c ****       /* PCB bound to current local interface address? */
2341:Middlewares/Third_Party/LwIP/src/core/tcp.c ****       for (lpcb = tcp_listen_pcbs.listen_pcbs; lpcb != NULL; lpcb = lpcb->next) {
2342:Middlewares/Third_Party/LwIP/src/core/tcp.c ****         /* PCB bound to current local interface address? */
2343:Middlewares/Third_Party/LwIP/src/core/tcp.c ****         if (ip_addr_cmp(&lpcb->local_ip, old_addr)) {
2344:Middlewares/Third_Party/LwIP/src/core/tcp.c ****           /* The PCB is listening to the old ipaddr and
2345:Middlewares/Third_Party/LwIP/src/core/tcp.c ****             * is set to listen to the new one instead */
2346:Middlewares/Third_Party/LwIP/src/core/tcp.c ****           ip_addr_copy(lpcb->local_ip, *new_addr);
2347:Middlewares/Third_Party/LwIP/src/core/tcp.c ****         }
2348:Middlewares/Third_Party/LwIP/src/core/tcp.c ****       }
2349:Middlewares/Third_Party/LwIP/src/core/tcp.c ****     }
2350:Middlewares/Third_Party/LwIP/src/core/tcp.c ****   }
2351:Middlewares/Third_Party/LwIP/src/core/tcp.c **** }
2352:Middlewares/Third_Party/LwIP/src/core/tcp.c **** 
2353:Middlewares/Third_Party/LwIP/src/core/tcp.c **** const char *
2354:Middlewares/Third_Party/LwIP/src/core/tcp.c **** tcp_debug_state_str(enum tcp_state s)
2355:Middlewares/Third_Party/LwIP/src/core/tcp.c **** {
 2911              		.loc 1 2355 1 is_stmt 1 view -0
 2912              		.cfi_startproc
 2913              		@ args = 0, pretend = 0, frame = 0
 2914              		@ frame_needed = 0, uses_anonymous_args = 0
 2915              		@ link register save eliminated.
2356:Middlewares/Third_Party/LwIP/src/core/tcp.c ****   return tcp_state_str[s];
 2916              		.loc 1 2356 3 view .LVU824
2357:Middlewares/Third_Party/LwIP/src/core/tcp.c **** }
 2917              		.loc 1 2357 1 is_stmt 0 view .LVU825
 2918 0000 014B     		ldr	r3, .L278
 2919 0002 53F82000 		ldr	r0, [r3, r0, lsl #2]
 2920              	.LVL291:
 2921              		.loc 1 2357 1 view .LVU826
 2922 0006 7047     		bx	lr
 2923              	.L279:
 2924              		.align	2
 2925              	.L278:
 2926 0008 00000000 		.word	.LANCHOR8
 2927              		.cfi_endproc
 2928              	.LFE218:
 2930              		.section	.text.tcp_tcp_get_tcp_addrinfo,"ax",%progbits
 2931              		.align	1
 2932              		.global	tcp_tcp_get_tcp_addrinfo
 2933              		.syntax unified
 2934              		.thumb
 2935              		.thumb_func
 2936              		.fpu fpv5-d16
 2938              	tcp_tcp_get_tcp_addrinfo:
 2939              	.LVL292:
 2940              	.LFB219:
2358:Middlewares/Third_Party/LwIP/src/core/tcp.c **** 
2359:Middlewares/Third_Party/LwIP/src/core/tcp.c **** err_t
2360:Middlewares/Third_Party/LwIP/src/core/tcp.c **** tcp_tcp_get_tcp_addrinfo(struct tcp_pcb *pcb, int local, ip_addr_t *addr, u16_t *port)
2361:Middlewares/Third_Party/LwIP/src/core/tcp.c **** {
 2941              		.loc 1 2361 1 is_stmt 1 view -0
 2942              		.cfi_startproc
 2943              		@ args = 0, pretend = 0, frame = 0
 2944              		@ frame_needed = 0, uses_anonymous_args = 0
 2945              		@ link register save eliminated.
2362:Middlewares/Third_Party/LwIP/src/core/tcp.c ****   if (pcb) {
ARM GAS  /tmp/ccmQZyRb.s 			page 107


 2946              		.loc 1 2362 3 view .LVU828
 2947              		.loc 1 2362 6 is_stmt 0 view .LVU829
 2948 0000 8446     		mov	ip, r0
 2949 0002 90B1     		cbz	r0, .L286
2363:Middlewares/Third_Party/LwIP/src/core/tcp.c ****     if (local) {
 2950              		.loc 1 2363 5 is_stmt 1 view .LVU830
 2951              		.loc 1 2363 8 is_stmt 0 view .LVU831
 2952 0004 41B1     		cbz	r1, .L282
2364:Middlewares/Third_Party/LwIP/src/core/tcp.c ****       if (addr) {
 2953              		.loc 1 2364 7 is_stmt 1 view .LVU832
 2954              		.loc 1 2364 10 is_stmt 0 view .LVU833
 2955 0006 0AB1     		cbz	r2, .L283
2365:Middlewares/Third_Party/LwIP/src/core/tcp.c ****         *addr = pcb->local_ip;
 2956              		.loc 1 2365 9 is_stmt 1 view .LVU834
 2957              		.loc 1 2365 15 is_stmt 0 view .LVU835
 2958 0008 0168     		ldr	r1, [r0]
 2959              	.LVL293:
 2960              		.loc 1 2365 15 view .LVU836
 2961 000a 1160     		str	r1, [r2]
 2962              	.L283:
2366:Middlewares/Third_Party/LwIP/src/core/tcp.c ****       }
2367:Middlewares/Third_Party/LwIP/src/core/tcp.c ****       if (port) {
 2963              		.loc 1 2367 7 is_stmt 1 view .LVU837
 2964              		.loc 1 2367 10 is_stmt 0 view .LVU838
 2965 000c 13B1     		cbz	r3, .L284
2368:Middlewares/Third_Party/LwIP/src/core/tcp.c ****         *port = pcb->local_port;
 2966              		.loc 1 2368 9 is_stmt 1 view .LVU839
 2967              		.loc 1 2368 20 is_stmt 0 view .LVU840
 2968 000e BCF81620 		ldrh	r2, [ip, #22]
 2969              	.LVL294:
 2970              		.loc 1 2368 15 view .LVU841
 2971 0012 1A80     		strh	r2, [r3]	@ movhi
 2972              	.L284:
2369:Middlewares/Third_Party/LwIP/src/core/tcp.c ****       }
2370:Middlewares/Third_Party/LwIP/src/core/tcp.c ****     } else {
2371:Middlewares/Third_Party/LwIP/src/core/tcp.c ****       if (addr) {
2372:Middlewares/Third_Party/LwIP/src/core/tcp.c ****         *addr = pcb->remote_ip;
2373:Middlewares/Third_Party/LwIP/src/core/tcp.c ****       }
2374:Middlewares/Third_Party/LwIP/src/core/tcp.c ****       if (port) {
2375:Middlewares/Third_Party/LwIP/src/core/tcp.c ****         *port = pcb->remote_port;
2376:Middlewares/Third_Party/LwIP/src/core/tcp.c ****       }
2377:Middlewares/Third_Party/LwIP/src/core/tcp.c ****     }
2378:Middlewares/Third_Party/LwIP/src/core/tcp.c ****     return ERR_OK;
 2973              		.loc 1 2378 5 is_stmt 1 view .LVU842
 2974              		.loc 1 2378 12 is_stmt 0 view .LVU843
 2975 0014 0020     		movs	r0, #0
 2976              	.LVL295:
 2977              		.loc 1 2378 12 view .LVU844
 2978 0016 7047     		bx	lr
 2979              	.LVL296:
 2980              	.L282:
2371:Middlewares/Third_Party/LwIP/src/core/tcp.c ****         *addr = pcb->remote_ip;
 2981              		.loc 1 2371 7 is_stmt 1 view .LVU845
2371:Middlewares/Third_Party/LwIP/src/core/tcp.c ****         *addr = pcb->remote_ip;
 2982              		.loc 1 2371 10 is_stmt 0 view .LVU846
 2983 0018 0AB1     		cbz	r2, .L285
2372:Middlewares/Third_Party/LwIP/src/core/tcp.c ****       }
ARM GAS  /tmp/ccmQZyRb.s 			page 108


 2984              		.loc 1 2372 9 is_stmt 1 view .LVU847
2372:Middlewares/Third_Party/LwIP/src/core/tcp.c ****       }
 2985              		.loc 1 2372 15 is_stmt 0 view .LVU848
 2986 001a 4168     		ldr	r1, [r0, #4]
 2987              	.LVL297:
2372:Middlewares/Third_Party/LwIP/src/core/tcp.c ****       }
 2988              		.loc 1 2372 15 view .LVU849
 2989 001c 1160     		str	r1, [r2]
 2990              	.L285:
2374:Middlewares/Third_Party/LwIP/src/core/tcp.c ****         *port = pcb->remote_port;
 2991              		.loc 1 2374 7 is_stmt 1 view .LVU850
2374:Middlewares/Third_Party/LwIP/src/core/tcp.c ****         *port = pcb->remote_port;
 2992              		.loc 1 2374 10 is_stmt 0 view .LVU851
 2993 001e 002B     		cmp	r3, #0
 2994 0020 F8D0     		beq	.L284
2375:Middlewares/Third_Party/LwIP/src/core/tcp.c ****       }
 2995              		.loc 1 2375 9 is_stmt 1 view .LVU852
2375:Middlewares/Third_Party/LwIP/src/core/tcp.c ****       }
 2996              		.loc 1 2375 20 is_stmt 0 view .LVU853
 2997 0022 BCF81820 		ldrh	r2, [ip, #24]
 2998              	.LVL298:
2375:Middlewares/Third_Party/LwIP/src/core/tcp.c ****       }
 2999              		.loc 1 2375 15 view .LVU854
 3000 0026 1A80     		strh	r2, [r3]	@ movhi
 3001 0028 F4E7     		b	.L284
 3002              	.LVL299:
 3003              	.L286:
2379:Middlewares/Third_Party/LwIP/src/core/tcp.c ****   }
2380:Middlewares/Third_Party/LwIP/src/core/tcp.c ****   return ERR_VAL;
 3004              		.loc 1 2380 10 view .LVU855
 3005 002a 6FF00500 		mvn	r0, #5
 3006              	.LVL300:
2381:Middlewares/Third_Party/LwIP/src/core/tcp.c **** }
 3007              		.loc 1 2381 1 view .LVU856
 3008 002e 7047     		bx	lr
 3009              		.cfi_endproc
 3010              	.LFE219:
 3012              		.section	.text.tcp_free_ooseq,"ax",%progbits
 3013              		.align	1
 3014              		.global	tcp_free_ooseq
 3015              		.syntax unified
 3016              		.thumb
 3017              		.thumb_func
 3018              		.fpu fpv5-d16
 3020              	tcp_free_ooseq:
 3021              	.LVL301:
 3022              	.LFB220:
2382:Middlewares/Third_Party/LwIP/src/core/tcp.c **** 
2383:Middlewares/Third_Party/LwIP/src/core/tcp.c **** #if TCP_QUEUE_OOSEQ
2384:Middlewares/Third_Party/LwIP/src/core/tcp.c **** /* Free all ooseq pbufs (and possibly reset SACK state) */
2385:Middlewares/Third_Party/LwIP/src/core/tcp.c **** void
2386:Middlewares/Third_Party/LwIP/src/core/tcp.c **** tcp_free_ooseq(struct tcp_pcb *pcb)
2387:Middlewares/Third_Party/LwIP/src/core/tcp.c **** {
 3023              		.loc 1 2387 1 is_stmt 1 view -0
 3024              		.cfi_startproc
 3025              		@ args = 0, pretend = 0, frame = 0
 3026              		@ frame_needed = 0, uses_anonymous_args = 0
ARM GAS  /tmp/ccmQZyRb.s 			page 109


 3027              		.loc 1 2387 1 is_stmt 0 view .LVU858
 3028 0000 10B5     		push	{r4, lr}
 3029              	.LCFI30:
 3030              		.cfi_def_cfa_offset 8
 3031              		.cfi_offset 4, -8
 3032              		.cfi_offset 14, -4
 3033 0002 0446     		mov	r4, r0
2388:Middlewares/Third_Party/LwIP/src/core/tcp.c ****   if (pcb->ooseq) {
 3034              		.loc 1 2388 3 is_stmt 1 view .LVU859
 3035              		.loc 1 2388 10 is_stmt 0 view .LVU860
 3036 0004 406F     		ldr	r0, [r0, #116]
 3037              	.LVL302:
 3038              		.loc 1 2388 6 view .LVU861
 3039 0006 18B1     		cbz	r0, .L287
2389:Middlewares/Third_Party/LwIP/src/core/tcp.c ****     tcp_segs_free(pcb->ooseq);
 3040              		.loc 1 2389 5 is_stmt 1 view .LVU862
 3041 0008 FFF7FEFF 		bl	tcp_segs_free
 3042              	.LVL303:
2390:Middlewares/Third_Party/LwIP/src/core/tcp.c ****     pcb->ooseq = NULL;
 3043              		.loc 1 2390 5 view .LVU863
 3044              		.loc 1 2390 16 is_stmt 0 view .LVU864
 3045 000c 0023     		movs	r3, #0
 3046 000e 6367     		str	r3, [r4, #116]
 3047              	.L287:
2391:Middlewares/Third_Party/LwIP/src/core/tcp.c **** #if LWIP_TCP_SACK_OUT
2392:Middlewares/Third_Party/LwIP/src/core/tcp.c ****     memset(pcb->rcv_sacks, 0, sizeof(pcb->rcv_sacks));
2393:Middlewares/Third_Party/LwIP/src/core/tcp.c **** #endif /* LWIP_TCP_SACK_OUT */
2394:Middlewares/Third_Party/LwIP/src/core/tcp.c ****   }
2395:Middlewares/Third_Party/LwIP/src/core/tcp.c **** }
 3048              		.loc 1 2395 1 view .LVU865
 3049 0010 10BD     		pop	{r4, pc}
 3050              		.loc 1 2395 1 view .LVU866
 3051              		.cfi_endproc
 3052              	.LFE220:
 3054              		.section	.rodata.tcp_pcb_purge.str1.4,"aMS",%progbits,1
 3055              		.align	2
 3056              	.LC27:
 3057 0000 7463705F 		.ascii	"tcp_pcb_purge: invalid pcb\000"
 3057      7063625F 
 3057      70757267 
 3057      653A2069 
 3057      6E76616C 
 3058              		.section	.text.tcp_pcb_purge,"ax",%progbits
 3059              		.align	1
 3060              		.global	tcp_pcb_purge
 3061              		.syntax unified
 3062              		.thumb
 3063              		.thumb_func
 3064              		.fpu fpv5-d16
 3066              	tcp_pcb_purge:
 3067              	.LVL304:
 3068              	.LFB212:
2128:Middlewares/Third_Party/LwIP/src/core/tcp.c ****   LWIP_ERROR("tcp_pcb_purge: invalid pcb", pcb != NULL, return);
 3069              		.loc 1 2128 1 is_stmt 1 view -0
 3070              		.cfi_startproc
 3071              		@ args = 0, pretend = 0, frame = 0
 3072              		@ frame_needed = 0, uses_anonymous_args = 0
ARM GAS  /tmp/ccmQZyRb.s 			page 110


2128:Middlewares/Third_Party/LwIP/src/core/tcp.c ****   LWIP_ERROR("tcp_pcb_purge: invalid pcb", pcb != NULL, return);
 3073              		.loc 1 2128 1 is_stmt 0 view .LVU868
 3074 0000 10B5     		push	{r4, lr}
 3075              	.LCFI31:
 3076              		.cfi_def_cfa_offset 8
 3077              		.cfi_offset 4, -8
 3078              		.cfi_offset 14, -4
2129:Middlewares/Third_Party/LwIP/src/core/tcp.c **** 
 3079              		.loc 1 2129 3 is_stmt 1 view .LVU869
2129:Middlewares/Third_Party/LwIP/src/core/tcp.c **** 
 3080              		.loc 1 2129 3 view .LVU870
 3081 0002 08B3     		cbz	r0, .L296
 3082 0004 0446     		mov	r4, r0
2129:Middlewares/Third_Party/LwIP/src/core/tcp.c **** 
 3083              		.loc 1 2129 3 discriminator 2 view .LVU871
2131:Middlewares/Third_Party/LwIP/src/core/tcp.c ****       pcb->state != TIME_WAIT &&
 3084              		.loc 1 2131 3 discriminator 2 view .LVU872
2131:Middlewares/Third_Party/LwIP/src/core/tcp.c ****       pcb->state != TIME_WAIT &&
 3085              		.loc 1 2131 10 is_stmt 0 discriminator 2 view .LVU873
 3086 0006 037D     		ldrb	r3, [r0, #20]	@ zero_extendqisi2
2131:Middlewares/Third_Party/LwIP/src/core/tcp.c ****       pcb->state != TIME_WAIT &&
 3087              		.loc 1 2131 6 discriminator 2 view .LVU874
 3088 0008 002B     		cmp	r3, #0
 3089 000a 18BF     		it	ne
 3090 000c 0A2B     		cmpne	r3, #10
 3091 000e 1AD0     		beq	.L290
2132:Middlewares/Third_Party/LwIP/src/core/tcp.c ****       pcb->state != LISTEN) {
 3092              		.loc 1 2132 31 view .LVU875
 3093 0010 012B     		cmp	r3, #1
 3094 0012 18D0     		beq	.L290
2135:Middlewares/Third_Party/LwIP/src/core/tcp.c **** 
 3095              		.loc 1 2135 48 is_stmt 1 view .LVU876
2137:Middlewares/Third_Party/LwIP/src/core/tcp.c **** 
 3096              		.loc 1 2137 30 view .LVU877
2139:Middlewares/Third_Party/LwIP/src/core/tcp.c ****       LWIP_DEBUGF(TCP_DEBUG, ("tcp_pcb_purge: data left on ->refused_data\n"));
 3097              		.loc 1 2139 5 view .LVU878
2139:Middlewares/Third_Party/LwIP/src/core/tcp.c ****       LWIP_DEBUGF(TCP_DEBUG, ("tcp_pcb_purge: data left on ->refused_data\n"));
 3098              		.loc 1 2139 12 is_stmt 0 view .LVU879
 3099 0014 806F     		ldr	r0, [r0, #120]
 3100              	.LVL305:
2139:Middlewares/Third_Party/LwIP/src/core/tcp.c ****       LWIP_DEBUGF(TCP_DEBUG, ("tcp_pcb_purge: data left on ->refused_data\n"));
 3101              		.loc 1 2139 8 view .LVU880
 3102 0016 18B1     		cbz	r0, .L293
2140:Middlewares/Third_Party/LwIP/src/core/tcp.c ****       pbuf_free(pcb->refused_data);
 3103              		.loc 1 2140 79 is_stmt 1 view .LVU881
2141:Middlewares/Third_Party/LwIP/src/core/tcp.c ****       pcb->refused_data = NULL;
 3104              		.loc 1 2141 7 view .LVU882
 3105 0018 FFF7FEFF 		bl	pbuf_free
 3106              	.LVL306:
2142:Middlewares/Third_Party/LwIP/src/core/tcp.c ****     }
 3107              		.loc 1 2142 7 view .LVU883
2142:Middlewares/Third_Party/LwIP/src/core/tcp.c ****     }
 3108              		.loc 1 2142 25 is_stmt 0 view .LVU884
 3109 001c 0023     		movs	r3, #0
 3110 001e A367     		str	r3, [r4, #120]
 3111              	.L293:
2144:Middlewares/Third_Party/LwIP/src/core/tcp.c ****       LWIP_DEBUGF(TCP_DEBUG, ("tcp_pcb_purge: not all data sent\n"));
ARM GAS  /tmp/ccmQZyRb.s 			page 111


 3112              		.loc 1 2144 5 is_stmt 1 view .LVU885
2145:Middlewares/Third_Party/LwIP/src/core/tcp.c ****     }
 3113              		.loc 1 2145 69 view .LVU886
2147:Middlewares/Third_Party/LwIP/src/core/tcp.c ****       LWIP_DEBUGF(TCP_DEBUG, ("tcp_pcb_purge: data left on ->unacked\n"));
 3114              		.loc 1 2147 5 view .LVU887
2148:Middlewares/Third_Party/LwIP/src/core/tcp.c ****     }
 3115              		.loc 1 2148 74 view .LVU888
2151:Middlewares/Third_Party/LwIP/src/core/tcp.c ****       LWIP_DEBUGF(TCP_DEBUG, ("tcp_pcb_purge: data left on ->ooseq\n"));
 3116              		.loc 1 2151 5 view .LVU889
2151:Middlewares/Third_Party/LwIP/src/core/tcp.c ****       LWIP_DEBUGF(TCP_DEBUG, ("tcp_pcb_purge: data left on ->ooseq\n"));
 3117              		.loc 1 2151 12 is_stmt 0 view .LVU890
 3118 0020 636F     		ldr	r3, [r4, #116]
2151:Middlewares/Third_Party/LwIP/src/core/tcp.c ****       LWIP_DEBUGF(TCP_DEBUG, ("tcp_pcb_purge: data left on ->ooseq\n"));
 3119              		.loc 1 2151 8 view .LVU891
 3120 0022 13B1     		cbz	r3, .L294
2152:Middlewares/Third_Party/LwIP/src/core/tcp.c ****       tcp_free_ooseq(pcb);
 3121              		.loc 1 2152 72 is_stmt 1 view .LVU892
2153:Middlewares/Third_Party/LwIP/src/core/tcp.c ****     }
 3122              		.loc 1 2153 7 view .LVU893
 3123 0024 2046     		mov	r0, r4
 3124 0026 FFF7FEFF 		bl	tcp_free_ooseq
 3125              	.LVL307:
 3126              	.L294:
2159:Middlewares/Third_Party/LwIP/src/core/tcp.c **** 
 3127              		.loc 1 2159 5 view .LVU894
2159:Middlewares/Third_Party/LwIP/src/core/tcp.c **** 
 3128              		.loc 1 2159 16 is_stmt 0 view .LVU895
 3129 002a 4FF6FF73 		movw	r3, #65535
 3130 002e 2386     		strh	r3, [r4, #48]	@ movhi
2161:Middlewares/Third_Party/LwIP/src/core/tcp.c ****     tcp_segs_free(pcb->unacked);
 3131              		.loc 1 2161 5 is_stmt 1 view .LVU896
 3132 0030 E06E     		ldr	r0, [r4, #108]
 3133 0032 FFF7FEFF 		bl	tcp_segs_free
 3134              	.LVL308:
2162:Middlewares/Third_Party/LwIP/src/core/tcp.c ****     pcb->unacked = pcb->unsent = NULL;
 3135              		.loc 1 2162 5 view .LVU897
 3136 0036 206F     		ldr	r0, [r4, #112]
 3137 0038 FFF7FEFF 		bl	tcp_segs_free
 3138              	.LVL309:
2163:Middlewares/Third_Party/LwIP/src/core/tcp.c **** #if TCP_OVERSIZE
 3139              		.loc 1 2163 5 view .LVU898
2163:Middlewares/Third_Party/LwIP/src/core/tcp.c **** #if TCP_OVERSIZE
 3140              		.loc 1 2163 32 is_stmt 0 view .LVU899
 3141 003c 0023     		movs	r3, #0
 3142 003e E366     		str	r3, [r4, #108]
2163:Middlewares/Third_Party/LwIP/src/core/tcp.c **** #if TCP_OVERSIZE
 3143              		.loc 1 2163 18 view .LVU900
 3144 0040 2367     		str	r3, [r4, #112]
2165:Middlewares/Third_Party/LwIP/src/core/tcp.c **** #endif /* TCP_OVERSIZE */
 3145              		.loc 1 2165 5 is_stmt 1 view .LVU901
2165:Middlewares/Third_Party/LwIP/src/core/tcp.c **** #endif /* TCP_OVERSIZE */
 3146              		.loc 1 2165 26 is_stmt 0 view .LVU902
 3147 0042 A4F86830 		strh	r3, [r4, #104]	@ movhi
 3148              	.LVL310:
 3149              	.L290:
2168:Middlewares/Third_Party/LwIP/src/core/tcp.c **** 
 3150              		.loc 1 2168 1 view .LVU903
ARM GAS  /tmp/ccmQZyRb.s 			page 112


 3151 0046 10BD     		pop	{r4, pc}
 3152              	.LVL311:
 3153              	.L296:
2129:Middlewares/Third_Party/LwIP/src/core/tcp.c **** 
 3154              		.loc 1 2129 3 is_stmt 1 discriminator 1 view .LVU904
2129:Middlewares/Third_Party/LwIP/src/core/tcp.c **** 
 3155              		.loc 1 2129 3 discriminator 1 view .LVU905
 3156 0048 034B     		ldr	r3, .L297
 3157 004a 40F65102 		movw	r2, #2129
 3158 004e 0349     		ldr	r1, .L297+4
 3159 0050 0348     		ldr	r0, .L297+8
 3160              	.LVL312:
2129:Middlewares/Third_Party/LwIP/src/core/tcp.c **** 
 3161              		.loc 1 2129 3 is_stmt 0 discriminator 1 view .LVU906
 3162 0052 FFF7FEFF 		bl	printf
 3163              	.LVL313:
2129:Middlewares/Third_Party/LwIP/src/core/tcp.c **** 
 3164              		.loc 1 2129 3 is_stmt 1 discriminator 1 view .LVU907
2129:Middlewares/Third_Party/LwIP/src/core/tcp.c **** 
 3165              		.loc 1 2129 3 discriminator 1 view .LVU908
 3166 0056 F6E7     		b	.L290
 3167              	.L298:
 3168              		.align	2
 3169              	.L297:
 3170 0058 00000000 		.word	.LC0
 3171 005c 00000000 		.word	.LC27
 3172 0060 54000000 		.word	.LC2
 3173              		.cfi_endproc
 3174              	.LFE212:
 3176              		.section	.rodata.tcp_pcb_remove.str1.4,"aMS",%progbits,1
 3177              		.align	2
 3178              	.LC28:
 3179 0000 7463705F 		.ascii	"tcp_pcb_remove: invalid pcb\000"
 3179      7063625F 
 3179      72656D6F 
 3179      76653A20 
 3179      696E7661 
 3180              		.align	2
 3181              	.LC29:
 3182 001c 7463705F 		.ascii	"tcp_pcb_remove: invalid pcblist\000"
 3182      7063625F 
 3182      72656D6F 
 3182      76653A20 
 3182      696E7661 
 3183              		.align	2
 3184              	.LC30:
 3185 003c 756E7365 		.ascii	"unsent segments leaking\000"
 3185      6E742073 
 3185      65676D65 
 3185      6E747320 
 3185      6C65616B 
 3186              		.align	2
 3187              	.LC31:
 3188 0054 756E6163 		.ascii	"unacked segments leaking\000"
 3188      6B656420 
 3188      7365676D 
 3188      656E7473 
ARM GAS  /tmp/ccmQZyRb.s 			page 113


 3188      206C6561 
 3189 006d 000000   		.align	2
 3190              	.LC32:
 3191 0070 6F6F7365 		.ascii	"ooseq segments leaking\000"
 3191      71207365 
 3191      676D656E 
 3191      7473206C 
 3191      65616B69 
 3192              		.section	.text.tcp_pcb_remove,"ax",%progbits
 3193              		.align	1
 3194              		.global	tcp_pcb_remove
 3195              		.syntax unified
 3196              		.thumb
 3197              		.thumb_func
 3198              		.fpu fpv5-d16
 3200              	tcp_pcb_remove:
 3201              	.LVL314:
 3202              	.LFB213:
2178:Middlewares/Third_Party/LwIP/src/core/tcp.c ****   LWIP_ASSERT("tcp_pcb_remove: invalid pcb", pcb != NULL);
 3203              		.loc 1 2178 1 view -0
 3204              		.cfi_startproc
 3205              		@ args = 0, pretend = 0, frame = 0
 3206              		@ frame_needed = 0, uses_anonymous_args = 0
2178:Middlewares/Third_Party/LwIP/src/core/tcp.c ****   LWIP_ASSERT("tcp_pcb_remove: invalid pcb", pcb != NULL);
 3207              		.loc 1 2178 1 is_stmt 0 view .LVU910
 3208 0000 38B5     		push	{r3, r4, r5, lr}
 3209              	.LCFI32:
 3210              		.cfi_def_cfa_offset 16
 3211              		.cfi_offset 3, -16
 3212              		.cfi_offset 4, -12
 3213              		.cfi_offset 5, -8
 3214              		.cfi_offset 14, -4
 3215 0002 0546     		mov	r5, r0
2179:Middlewares/Third_Party/LwIP/src/core/tcp.c ****   LWIP_ASSERT("tcp_pcb_remove: invalid pcblist", pcblist != NULL);
 3216              		.loc 1 2179 3 is_stmt 1 view .LVU911
2179:Middlewares/Third_Party/LwIP/src/core/tcp.c ****   LWIP_ASSERT("tcp_pcb_remove: invalid pcblist", pcblist != NULL);
 3217              		.loc 1 2179 3 view .LVU912
 3218 0004 0C46     		mov	r4, r1
 3219 0006 49B1     		cbz	r1, .L311
 3220              	.LVL315:
 3221              	.L300:
2179:Middlewares/Third_Party/LwIP/src/core/tcp.c ****   LWIP_ASSERT("tcp_pcb_remove: invalid pcblist", pcblist != NULL);
 3222              		.loc 1 2179 3 discriminator 3 view .LVU913
2179:Middlewares/Third_Party/LwIP/src/core/tcp.c ****   LWIP_ASSERT("tcp_pcb_remove: invalid pcblist", pcblist != NULL);
 3223              		.loc 1 2179 3 discriminator 3 view .LVU914
2180:Middlewares/Third_Party/LwIP/src/core/tcp.c **** 
 3224              		.loc 1 2180 3 discriminator 3 view .LVU915
2180:Middlewares/Third_Party/LwIP/src/core/tcp.c **** 
 3225              		.loc 1 2180 3 discriminator 3 view .LVU916
 3226 0008 85B1     		cbz	r5, .L312
 3227              	.L301:
2180:Middlewares/Third_Party/LwIP/src/core/tcp.c **** 
 3228              		.loc 1 2180 3 discriminator 3 view .LVU917
2180:Middlewares/Third_Party/LwIP/src/core/tcp.c **** 
 3229              		.loc 1 2180 3 discriminator 3 view .LVU918
2182:Middlewares/Third_Party/LwIP/src/core/tcp.c **** 
 3230              		.loc 1 2182 3 discriminator 3 view .LVU919
ARM GAS  /tmp/ccmQZyRb.s 			page 114


2182:Middlewares/Third_Party/LwIP/src/core/tcp.c **** 
 3231              		.loc 1 2182 3 discriminator 3 view .LVU920
 3232 000a 2B68     		ldr	r3, [r5]
 3233 000c A342     		cmp	r3, r4
 3234 000e 15D0     		beq	.L313
 3235              	.L302:
 3236              	.LVL316:
 3237              	.LBB14:
2182:Middlewares/Third_Party/LwIP/src/core/tcp.c **** 
 3238              		.loc 1 2182 3 discriminator 8 view .LVU921
 3239 0010 CBB1     		cbz	r3, .L303
2182:Middlewares/Third_Party/LwIP/src/core/tcp.c **** 
 3240              		.loc 1 2182 3 discriminator 9 view .LVU922
 3241 0012 DA68     		ldr	r2, [r3, #12]
 3242 0014 A242     		cmp	r2, r4
 3243 0016 14D0     		beq	.L314
2182:Middlewares/Third_Party/LwIP/src/core/tcp.c **** 
 3244              		.loc 1 2182 3 is_stmt 0 view .LVU923
 3245 0018 1346     		mov	r3, r2
 3246              	.LVL317:
2182:Middlewares/Third_Party/LwIP/src/core/tcp.c **** 
 3247              		.loc 1 2182 3 view .LVU924
 3248 001a F9E7     		b	.L302
 3249              	.LVL318:
 3250              	.L311:
2182:Middlewares/Third_Party/LwIP/src/core/tcp.c **** 
 3251              		.loc 1 2182 3 view .LVU925
 3252              	.LBE14:
2179:Middlewares/Third_Party/LwIP/src/core/tcp.c ****   LWIP_ASSERT("tcp_pcb_remove: invalid pcblist", pcblist != NULL);
 3253              		.loc 1 2179 3 is_stmt 1 discriminator 1 view .LVU926
2179:Middlewares/Third_Party/LwIP/src/core/tcp.c ****   LWIP_ASSERT("tcp_pcb_remove: invalid pcblist", pcblist != NULL);
 3254              		.loc 1 2179 3 discriminator 1 view .LVU927
 3255 001c 254B     		ldr	r3, .L316
 3256 001e 40F68302 		movw	r2, #2179
 3257 0022 2549     		ldr	r1, .L316+4
 3258              	.LVL319:
2179:Middlewares/Third_Party/LwIP/src/core/tcp.c ****   LWIP_ASSERT("tcp_pcb_remove: invalid pcblist", pcblist != NULL);
 3259              		.loc 1 2179 3 is_stmt 0 discriminator 1 view .LVU928
 3260 0024 2548     		ldr	r0, .L316+8
 3261              	.LVL320:
2179:Middlewares/Third_Party/LwIP/src/core/tcp.c ****   LWIP_ASSERT("tcp_pcb_remove: invalid pcblist", pcblist != NULL);
 3262              		.loc 1 2179 3 discriminator 1 view .LVU929
 3263 0026 FFF7FEFF 		bl	printf
 3264              	.LVL321:
 3265 002a EDE7     		b	.L300
 3266              	.L312:
2180:Middlewares/Third_Party/LwIP/src/core/tcp.c **** 
 3267              		.loc 1 2180 3 is_stmt 1 discriminator 1 view .LVU930
2180:Middlewares/Third_Party/LwIP/src/core/tcp.c **** 
 3268              		.loc 1 2180 3 discriminator 1 view .LVU931
 3269 002c 214B     		ldr	r3, .L316
 3270 002e 40F68402 		movw	r2, #2180
 3271 0032 2349     		ldr	r1, .L316+12
 3272 0034 2148     		ldr	r0, .L316+8
 3273 0036 FFF7FEFF 		bl	printf
 3274              	.LVL322:
 3275 003a E6E7     		b	.L301
ARM GAS  /tmp/ccmQZyRb.s 			page 115


 3276              	.L313:
2182:Middlewares/Third_Party/LwIP/src/core/tcp.c **** 
 3277              		.loc 1 2182 3 discriminator 1 view .LVU932
 3278 003c DB68     		ldr	r3, [r3, #12]
 3279 003e 2B60     		str	r3, [r5]
 3280 0040 01E0     		b	.L303
 3281              	.LVL323:
 3282              	.L314:
 3283              	.LBB15:
2182:Middlewares/Third_Party/LwIP/src/core/tcp.c **** 
 3284              		.loc 1 2182 3 discriminator 5 view .LVU933
 3285 0042 E268     		ldr	r2, [r4, #12]
 3286 0044 DA60     		str	r2, [r3, #12]
2182:Middlewares/Third_Party/LwIP/src/core/tcp.c **** 
 3287              		.loc 1 2182 3 discriminator 5 view .LVU934
 3288              	.LVL324:
 3289              	.L303:
2182:Middlewares/Third_Party/LwIP/src/core/tcp.c **** 
 3290              		.loc 1 2182 3 is_stmt 0 discriminator 5 view .LVU935
 3291              	.LBE15:
2182:Middlewares/Third_Party/LwIP/src/core/tcp.c **** 
 3292              		.loc 1 2182 3 is_stmt 1 discriminator 10 view .LVU936
 3293 0046 0023     		movs	r3, #0
 3294 0048 E360     		str	r3, [r4, #12]
2182:Middlewares/Third_Party/LwIP/src/core/tcp.c **** 
 3295              		.loc 1 2182 3 discriminator 10 view .LVU937
2184:Middlewares/Third_Party/LwIP/src/core/tcp.c **** 
 3296              		.loc 1 2184 3 discriminator 10 view .LVU938
 3297 004a 2046     		mov	r0, r4
 3298 004c FFF7FEFF 		bl	tcp_pcb_purge
 3299              	.LVL325:
2187:Middlewares/Third_Party/LwIP/src/core/tcp.c ****       (pcb->state != LISTEN) &&
 3300              		.loc 1 2187 3 discriminator 10 view .LVU939
2187:Middlewares/Third_Party/LwIP/src/core/tcp.c ****       (pcb->state != LISTEN) &&
 3301              		.loc 1 2187 11 is_stmt 0 discriminator 10 view .LVU940
 3302 0050 237D     		ldrb	r3, [r4, #20]	@ zero_extendqisi2
2187:Middlewares/Third_Party/LwIP/src/core/tcp.c ****       (pcb->state != LISTEN) &&
 3303              		.loc 1 2187 6 discriminator 10 view .LVU941
 3304 0052 0A2B     		cmp	r3, #10
 3305 0054 18BF     		it	ne
 3306 0056 012B     		cmpne	r3, #1
 3307 0058 03D0     		beq	.L305
2189:Middlewares/Third_Party/LwIP/src/core/tcp.c ****     tcp_ack_now(pcb);
 3308              		.loc 1 2189 11 view .LVU942
 3309 005a 638B     		ldrh	r3, [r4, #26]
2188:Middlewares/Third_Party/LwIP/src/core/tcp.c ****       (pcb->flags & TF_ACK_DELAY)) {
 3310              		.loc 1 2188 30 view .LVU943
 3311 005c 13F0010F 		tst	r3, #1
 3312 0060 21D1     		bne	.L315
 3313              	.L305:
2194:Middlewares/Third_Party/LwIP/src/core/tcp.c ****     LWIP_ASSERT("unsent segments leaking", pcb->unsent == NULL);
 3314              		.loc 1 2194 3 is_stmt 1 view .LVU944
2194:Middlewares/Third_Party/LwIP/src/core/tcp.c ****     LWIP_ASSERT("unsent segments leaking", pcb->unsent == NULL);
 3315              		.loc 1 2194 10 is_stmt 0 view .LVU945
 3316 0062 237D     		ldrb	r3, [r4, #20]	@ zero_extendqisi2
2194:Middlewares/Third_Party/LwIP/src/core/tcp.c ****     LWIP_ASSERT("unsent segments leaking", pcb->unsent == NULL);
 3317              		.loc 1 2194 6 view .LVU946
ARM GAS  /tmp/ccmQZyRb.s 			page 116


 3318 0064 012B     		cmp	r3, #1
 3319 0066 1AD0     		beq	.L306
2195:Middlewares/Third_Party/LwIP/src/core/tcp.c ****     LWIP_ASSERT("unacked segments leaking", pcb->unacked == NULL);
 3320              		.loc 1 2195 5 is_stmt 1 view .LVU947
2195:Middlewares/Third_Party/LwIP/src/core/tcp.c ****     LWIP_ASSERT("unacked segments leaking", pcb->unacked == NULL);
 3321              		.loc 1 2195 5 view .LVU948
 3322 0068 E36E     		ldr	r3, [r4, #108]
 3323 006a 33B1     		cbz	r3, .L307
2195:Middlewares/Third_Party/LwIP/src/core/tcp.c ****     LWIP_ASSERT("unacked segments leaking", pcb->unacked == NULL);
 3324              		.loc 1 2195 5 discriminator 1 view .LVU949
2195:Middlewares/Third_Party/LwIP/src/core/tcp.c ****     LWIP_ASSERT("unacked segments leaking", pcb->unacked == NULL);
 3325              		.loc 1 2195 5 discriminator 1 view .LVU950
 3326 006c 114B     		ldr	r3, .L316
 3327 006e 40F69302 		movw	r2, #2195
 3328 0072 1449     		ldr	r1, .L316+16
 3329 0074 1148     		ldr	r0, .L316+8
 3330 0076 FFF7FEFF 		bl	printf
 3331              	.LVL326:
 3332              	.L307:
2195:Middlewares/Third_Party/LwIP/src/core/tcp.c ****     LWIP_ASSERT("unacked segments leaking", pcb->unacked == NULL);
 3333              		.loc 1 2195 5 discriminator 3 view .LVU951
2195:Middlewares/Third_Party/LwIP/src/core/tcp.c ****     LWIP_ASSERT("unacked segments leaking", pcb->unacked == NULL);
 3334              		.loc 1 2195 5 discriminator 3 view .LVU952
2196:Middlewares/Third_Party/LwIP/src/core/tcp.c **** #if TCP_QUEUE_OOSEQ
 3335              		.loc 1 2196 5 discriminator 3 view .LVU953
2196:Middlewares/Third_Party/LwIP/src/core/tcp.c **** #if TCP_QUEUE_OOSEQ
 3336              		.loc 1 2196 5 discriminator 3 view .LVU954
 3337 007a 236F     		ldr	r3, [r4, #112]
 3338 007c 33B1     		cbz	r3, .L308
2196:Middlewares/Third_Party/LwIP/src/core/tcp.c **** #if TCP_QUEUE_OOSEQ
 3339              		.loc 1 2196 5 discriminator 1 view .LVU955
2196:Middlewares/Third_Party/LwIP/src/core/tcp.c **** #if TCP_QUEUE_OOSEQ
 3340              		.loc 1 2196 5 discriminator 1 view .LVU956
 3341 007e 0D4B     		ldr	r3, .L316
 3342 0080 40F69402 		movw	r2, #2196
 3343 0084 1049     		ldr	r1, .L316+20
 3344 0086 0D48     		ldr	r0, .L316+8
 3345 0088 FFF7FEFF 		bl	printf
 3346              	.LVL327:
 3347              	.L308:
2196:Middlewares/Third_Party/LwIP/src/core/tcp.c **** #if TCP_QUEUE_OOSEQ
 3348              		.loc 1 2196 5 discriminator 3 view .LVU957
2196:Middlewares/Third_Party/LwIP/src/core/tcp.c **** #if TCP_QUEUE_OOSEQ
 3349              		.loc 1 2196 5 discriminator 3 view .LVU958
2198:Middlewares/Third_Party/LwIP/src/core/tcp.c **** #endif /* TCP_QUEUE_OOSEQ */
 3350              		.loc 1 2198 5 discriminator 3 view .LVU959
2198:Middlewares/Third_Party/LwIP/src/core/tcp.c **** #endif /* TCP_QUEUE_OOSEQ */
 3351              		.loc 1 2198 5 discriminator 3 view .LVU960
 3352 008c 636F     		ldr	r3, [r4, #116]
 3353 008e 33B1     		cbz	r3, .L306
2198:Middlewares/Third_Party/LwIP/src/core/tcp.c **** #endif /* TCP_QUEUE_OOSEQ */
 3354              		.loc 1 2198 5 discriminator 1 view .LVU961
2198:Middlewares/Third_Party/LwIP/src/core/tcp.c **** #endif /* TCP_QUEUE_OOSEQ */
 3355              		.loc 1 2198 5 discriminator 1 view .LVU962
 3356 0090 084B     		ldr	r3, .L316
 3357 0092 40F69602 		movw	r2, #2198
 3358 0096 0D49     		ldr	r1, .L316+24
ARM GAS  /tmp/ccmQZyRb.s 			page 117


 3359 0098 0848     		ldr	r0, .L316+8
 3360 009a FFF7FEFF 		bl	printf
 3361              	.LVL328:
 3362              	.L306:
2198:Middlewares/Third_Party/LwIP/src/core/tcp.c **** #endif /* TCP_QUEUE_OOSEQ */
 3363              		.loc 1 2198 5 discriminator 3 view .LVU963
2198:Middlewares/Third_Party/LwIP/src/core/tcp.c **** #endif /* TCP_QUEUE_OOSEQ */
 3364              		.loc 1 2198 5 discriminator 3 view .LVU964
2202:Middlewares/Third_Party/LwIP/src/core/tcp.c ****   /* reset the local port to prevent the pcb from being 'bound' */
 3365              		.loc 1 2202 3 discriminator 3 view .LVU965
2202:Middlewares/Third_Party/LwIP/src/core/tcp.c ****   /* reset the local port to prevent the pcb from being 'bound' */
 3366              		.loc 1 2202 14 is_stmt 0 discriminator 3 view .LVU966
 3367 009e 0023     		movs	r3, #0
 3368 00a0 2375     		strb	r3, [r4, #20]
2204:Middlewares/Third_Party/LwIP/src/core/tcp.c **** 
 3369              		.loc 1 2204 3 is_stmt 1 discriminator 3 view .LVU967
2204:Middlewares/Third_Party/LwIP/src/core/tcp.c **** 
 3370              		.loc 1 2204 19 is_stmt 0 discriminator 3 view .LVU968
 3371 00a2 E382     		strh	r3, [r4, #22]	@ movhi
2206:Middlewares/Third_Party/LwIP/src/core/tcp.c **** }
 3372              		.loc 1 2206 3 is_stmt 1 discriminator 3 view .LVU969
2206:Middlewares/Third_Party/LwIP/src/core/tcp.c **** }
 3373              		.loc 1 2206 3 discriminator 3 view .LVU970
2206:Middlewares/Third_Party/LwIP/src/core/tcp.c **** }
 3374              		.loc 1 2206 3 discriminator 3 view .LVU971
2206:Middlewares/Third_Party/LwIP/src/core/tcp.c **** }
 3375              		.loc 1 2206 3 discriminator 3 view .LVU972
2207:Middlewares/Third_Party/LwIP/src/core/tcp.c **** 
 3376              		.loc 1 2207 1 is_stmt 0 discriminator 3 view .LVU973
 3377 00a4 38BD     		pop	{r3, r4, r5, pc}
 3378              	.LVL329:
 3379              	.L315:
2190:Middlewares/Third_Party/LwIP/src/core/tcp.c ****     tcp_output(pcb);
 3380              		.loc 1 2190 5 is_stmt 1 view .LVU974
2190:Middlewares/Third_Party/LwIP/src/core/tcp.c ****     tcp_output(pcb);
 3381              		.loc 1 2190 5 view .LVU975
 3382 00a6 43F00203 		orr	r3, r3, #2
 3383 00aa 6383     		strh	r3, [r4, #26]	@ movhi
2190:Middlewares/Third_Party/LwIP/src/core/tcp.c ****     tcp_output(pcb);
 3384              		.loc 1 2190 5 view .LVU976
2191:Middlewares/Third_Party/LwIP/src/core/tcp.c ****   }
 3385              		.loc 1 2191 5 view .LVU977
 3386 00ac 2046     		mov	r0, r4
 3387 00ae FFF7FEFF 		bl	tcp_output
 3388              	.LVL330:
 3389 00b2 D6E7     		b	.L305
 3390              	.L317:
 3391              		.align	2
 3392              	.L316:
 3393 00b4 00000000 		.word	.LC0
 3394 00b8 00000000 		.word	.LC28
 3395 00bc 54000000 		.word	.LC2
 3396 00c0 1C000000 		.word	.LC29
 3397 00c4 3C000000 		.word	.LC30
 3398 00c8 54000000 		.word	.LC31
 3399 00cc 70000000 		.word	.LC32
 3400              		.cfi_endproc
ARM GAS  /tmp/ccmQZyRb.s 			page 118


 3401              	.LFE213:
 3403              		.section	.rodata.tcp_abandon.str1.4,"aMS",%progbits,1
 3404              		.align	2
 3405              	.LC33:
 3406 0000 7463705F 		.ascii	"tcp_abandon: invalid pcb\000"
 3406      6162616E 
 3406      646F6E3A 
 3406      20696E76 
 3406      616C6964 
 3407 0019 000000   		.align	2
 3408              	.LC34:
 3409 001c 646F6E27 		.ascii	"don't call tcp_abort/tcp_abandon for listen-pcbs\000"
 3409      74206361 
 3409      6C6C2074 
 3409      63705F61 
 3409      626F7274 
 3410              		.section	.text.tcp_abandon,"ax",%progbits
 3411              		.align	1
 3412              		.global	tcp_abandon
 3413              		.syntax unified
 3414              		.thumb
 3415              		.thumb_func
 3416              		.fpu fpv5-d16
 3418              	tcp_abandon:
 3419              	.LVL331:
 3420              	.LFB179:
 564:Middlewares/Third_Party/LwIP/src/core/tcp.c ****   u32_t seqno, ackno;
 3421              		.loc 1 564 1 view -0
 3422              		.cfi_startproc
 3423              		@ args = 0, pretend = 0, frame = 0
 3424              		@ frame_needed = 0, uses_anonymous_args = 0
 564:Middlewares/Third_Party/LwIP/src/core/tcp.c ****   u32_t seqno, ackno;
 3425              		.loc 1 564 1 is_stmt 0 view .LVU979
 3426 0000 2DE9F047 		push	{r4, r5, r6, r7, r8, r9, r10, lr}
 3427              	.LCFI33:
 3428              		.cfi_def_cfa_offset 32
 3429              		.cfi_offset 4, -32
 3430              		.cfi_offset 5, -28
 3431              		.cfi_offset 6, -24
 3432              		.cfi_offset 7, -20
 3433              		.cfi_offset 8, -16
 3434              		.cfi_offset 9, -12
 3435              		.cfi_offset 10, -8
 3436              		.cfi_offset 14, -4
 3437 0004 84B0     		sub	sp, sp, #16
 3438              	.LCFI34:
 3439              		.cfi_def_cfa_offset 48
 565:Middlewares/Third_Party/LwIP/src/core/tcp.c **** #if LWIP_CALLBACK_API
 3440              		.loc 1 565 3 is_stmt 1 view .LVU980
 567:Middlewares/Third_Party/LwIP/src/core/tcp.c **** #endif /* LWIP_CALLBACK_API */
 3441              		.loc 1 567 3 view .LVU981
 569:Middlewares/Third_Party/LwIP/src/core/tcp.c **** 
 3442              		.loc 1 569 3 view .LVU982
 571:Middlewares/Third_Party/LwIP/src/core/tcp.c **** 
 3443              		.loc 1 571 28 view .LVU983
 573:Middlewares/Third_Party/LwIP/src/core/tcp.c **** 
 3444              		.loc 1 573 3 view .LVU984
ARM GAS  /tmp/ccmQZyRb.s 			page 119


 573:Middlewares/Third_Party/LwIP/src/core/tcp.c **** 
 3445              		.loc 1 573 3 view .LVU985
 3446 0006 F8B1     		cbz	r0, .L335
 3447 0008 0D46     		mov	r5, r1
 3448 000a 0446     		mov	r4, r0
 573:Middlewares/Third_Party/LwIP/src/core/tcp.c **** 
 3449              		.loc 1 573 3 discriminator 2 view .LVU986
 576:Middlewares/Third_Party/LwIP/src/core/tcp.c ****               pcb->state != LISTEN);
 3450              		.loc 1 576 3 discriminator 2 view .LVU987
 576:Middlewares/Third_Party/LwIP/src/core/tcp.c ****               pcb->state != LISTEN);
 3451              		.loc 1 576 3 discriminator 2 view .LVU988
 3452 000c 037D     		ldrb	r3, [r0, #20]	@ zero_extendqisi2
 3453 000e 012B     		cmp	r3, #1
 3454 0010 22D0     		beq	.L336
 3455              	.LVL332:
 3456              	.L321:
 576:Middlewares/Third_Party/LwIP/src/core/tcp.c ****               pcb->state != LISTEN);
 3457              		.loc 1 576 3 discriminator 3 view .LVU989
 576:Middlewares/Third_Party/LwIP/src/core/tcp.c ****               pcb->state != LISTEN);
 3458              		.loc 1 576 3 discriminator 3 view .LVU990
 581:Middlewares/Third_Party/LwIP/src/core/tcp.c ****     tcp_pcb_remove(&tcp_tw_pcbs, pcb);
 3459              		.loc 1 581 3 discriminator 3 view .LVU991
 581:Middlewares/Third_Party/LwIP/src/core/tcp.c ****     tcp_pcb_remove(&tcp_tw_pcbs, pcb);
 3460              		.loc 1 581 10 is_stmt 0 discriminator 3 view .LVU992
 3461 0012 237D     		ldrb	r3, [r4, #20]	@ zero_extendqisi2
 581:Middlewares/Third_Party/LwIP/src/core/tcp.c ****     tcp_pcb_remove(&tcp_tw_pcbs, pcb);
 3462              		.loc 1 581 6 discriminator 3 view .LVU993
 3463 0014 0A2B     		cmp	r3, #10
 3464 0016 27D0     		beq	.L337
 3465              	.LBB16:
 585:Middlewares/Third_Party/LwIP/src/core/tcp.c ****     u16_t local_port = 0;
 3466              		.loc 1 585 5 is_stmt 1 view .LVU994
 3467              	.LVL333:
 586:Middlewares/Third_Party/LwIP/src/core/tcp.c ****     enum tcp_state last_state;
 3468              		.loc 1 586 5 view .LVU995
 587:Middlewares/Third_Party/LwIP/src/core/tcp.c ****     seqno = pcb->snd_nxt;
 3469              		.loc 1 587 5 view .LVU996
 588:Middlewares/Third_Party/LwIP/src/core/tcp.c ****     ackno = pcb->rcv_nxt;
 3470              		.loc 1 588 5 view .LVU997
 588:Middlewares/Third_Party/LwIP/src/core/tcp.c ****     ackno = pcb->rcv_nxt;
 3471              		.loc 1 588 11 is_stmt 0 view .LVU998
 3472 0018 D4F85080 		ldr	r8, [r4, #80]
 3473              	.LVL334:
 589:Middlewares/Third_Party/LwIP/src/core/tcp.c **** #if LWIP_CALLBACK_API
 3474              		.loc 1 589 5 is_stmt 1 view .LVU999
 589:Middlewares/Third_Party/LwIP/src/core/tcp.c **** #if LWIP_CALLBACK_API
 3475              		.loc 1 589 11 is_stmt 0 view .LVU1000
 3476 001c D4F82490 		ldr	r9, [r4, #36]
 3477              	.LVL335:
 591:Middlewares/Third_Party/LwIP/src/core/tcp.c **** #endif /* LWIP_CALLBACK_API */
 3478              		.loc 1 591 5 is_stmt 1 view .LVU1001
 591:Middlewares/Third_Party/LwIP/src/core/tcp.c **** #endif /* LWIP_CALLBACK_API */
 3479              		.loc 1 591 10 is_stmt 0 view .LVU1002
 3480 0020 D4F89060 		ldr	r6, [r4, #144]
 3481              	.LVL336:
 593:Middlewares/Third_Party/LwIP/src/core/tcp.c ****     if (pcb->state == CLOSED) {
 3482              		.loc 1 593 5 is_stmt 1 view .LVU1003
ARM GAS  /tmp/ccmQZyRb.s 			page 120


 593:Middlewares/Third_Party/LwIP/src/core/tcp.c ****     if (pcb->state == CLOSED) {
 3483              		.loc 1 593 14 is_stmt 0 view .LVU1004
 3484 0024 2769     		ldr	r7, [r4, #16]
 3485              	.LVL337:
 594:Middlewares/Third_Party/LwIP/src/core/tcp.c ****       if (pcb->local_port != 0) {
 3486              		.loc 1 594 5 is_stmt 1 view .LVU1005
 594:Middlewares/Third_Party/LwIP/src/core/tcp.c ****       if (pcb->local_port != 0) {
 3487              		.loc 1 594 8 is_stmt 0 view .LVU1006
 3488 0026 002B     		cmp	r3, #0
 3489 0028 47D1     		bne	.L323
 595:Middlewares/Third_Party/LwIP/src/core/tcp.c ****         /* bound, not yet opened */
 3490              		.loc 1 595 7 is_stmt 1 view .LVU1007
 595:Middlewares/Third_Party/LwIP/src/core/tcp.c ****         /* bound, not yet opened */
 3491              		.loc 1 595 14 is_stmt 0 view .LVU1008
 3492 002a B4F816A0 		ldrh	r10, [r4, #22]
 595:Middlewares/Third_Party/LwIP/src/core/tcp.c ****         /* bound, not yet opened */
 3493              		.loc 1 595 10 view .LVU1009
 3494 002e BAF1000F 		cmp	r10, #0
 3495 0032 4CD0     		beq	.L332
 597:Middlewares/Third_Party/LwIP/src/core/tcp.c ****       }
 3496              		.loc 1 597 9 is_stmt 1 view .LVU1010
 597:Middlewares/Third_Party/LwIP/src/core/tcp.c ****       }
 3497              		.loc 1 597 9 view .LVU1011
 3498 0034 2D4B     		ldr	r3, .L341
 3499 0036 1B68     		ldr	r3, [r3]
 3500 0038 A342     		cmp	r3, r4
 3501 003a 1DD0     		beq	.L338
 3502              	.L325:
 3503              	.LVL338:
 3504              	.LBB17:
 597:Middlewares/Third_Party/LwIP/src/core/tcp.c ****       }
 3505              		.loc 1 597 9 discriminator 8 view .LVU1012
 3506 003c 13B3     		cbz	r3, .L326
 597:Middlewares/Third_Party/LwIP/src/core/tcp.c ****       }
 3507              		.loc 1 597 9 discriminator 9 view .LVU1013
 3508 003e DA68     		ldr	r2, [r3, #12]
 3509 0040 A242     		cmp	r2, r4
 3510 0042 1DD0     		beq	.L339
 597:Middlewares/Third_Party/LwIP/src/core/tcp.c ****       }
 3511              		.loc 1 597 9 is_stmt 0 view .LVU1014
 3512 0044 1346     		mov	r3, r2
 3513              	.LVL339:
 597:Middlewares/Third_Party/LwIP/src/core/tcp.c ****       }
 3514              		.loc 1 597 9 view .LVU1015
 3515 0046 F9E7     		b	.L325
 3516              	.LVL340:
 3517              	.L335:
 597:Middlewares/Third_Party/LwIP/src/core/tcp.c ****       }
 3518              		.loc 1 597 9 view .LVU1016
 3519              	.LBE17:
 3520              	.LBE16:
 573:Middlewares/Third_Party/LwIP/src/core/tcp.c **** 
 3521              		.loc 1 573 3 is_stmt 1 discriminator 1 view .LVU1017
 573:Middlewares/Third_Party/LwIP/src/core/tcp.c **** 
 3522              		.loc 1 573 3 discriminator 1 view .LVU1018
 3523 0048 294B     		ldr	r3, .L341+4
 3524 004a 40F23D22 		movw	r2, #573
ARM GAS  /tmp/ccmQZyRb.s 			page 121


 3525 004e 2949     		ldr	r1, .L341+8
 3526              	.LVL341:
 573:Middlewares/Third_Party/LwIP/src/core/tcp.c **** 
 3527              		.loc 1 573 3 is_stmt 0 discriminator 1 view .LVU1019
 3528 0050 2948     		ldr	r0, .L341+12
 3529              	.LVL342:
 573:Middlewares/Third_Party/LwIP/src/core/tcp.c **** 
 3530              		.loc 1 573 3 discriminator 1 view .LVU1020
 3531 0052 FFF7FEFF 		bl	printf
 3532              	.LVL343:
 573:Middlewares/Third_Party/LwIP/src/core/tcp.c **** 
 3533              		.loc 1 573 3 is_stmt 1 discriminator 1 view .LVU1021
 573:Middlewares/Third_Party/LwIP/src/core/tcp.c **** 
 3534              		.loc 1 573 3 discriminator 1 view .LVU1022
 3535 0056 2DE0     		b	.L318
 3536              	.LVL344:
 3537              	.L336:
 576:Middlewares/Third_Party/LwIP/src/core/tcp.c ****               pcb->state != LISTEN);
 3538              		.loc 1 576 3 discriminator 1 view .LVU1023
 576:Middlewares/Third_Party/LwIP/src/core/tcp.c ****               pcb->state != LISTEN);
 3539              		.loc 1 576 3 discriminator 1 view .LVU1024
 3540 0058 254B     		ldr	r3, .L341+4
 3541 005a 4FF41072 		mov	r2, #576
 3542 005e 2749     		ldr	r1, .L341+16
 3543              	.LVL345:
 576:Middlewares/Third_Party/LwIP/src/core/tcp.c ****               pcb->state != LISTEN);
 3544              		.loc 1 576 3 is_stmt 0 discriminator 1 view .LVU1025
 3545 0060 2548     		ldr	r0, .L341+12
 3546              	.LVL346:
 576:Middlewares/Third_Party/LwIP/src/core/tcp.c ****               pcb->state != LISTEN);
 3547              		.loc 1 576 3 discriminator 1 view .LVU1026
 3548 0062 FFF7FEFF 		bl	printf
 3549              	.LVL347:
 3550 0066 D4E7     		b	.L321
 3551              	.L337:
 582:Middlewares/Third_Party/LwIP/src/core/tcp.c ****     tcp_free(pcb);
 3552              		.loc 1 582 5 is_stmt 1 view .LVU1027
 3553 0068 2146     		mov	r1, r4
 3554 006a 2548     		ldr	r0, .L341+20
 3555 006c FFF7FEFF 		bl	tcp_pcb_remove
 3556              	.LVL348:
 583:Middlewares/Third_Party/LwIP/src/core/tcp.c ****   } else {
 3557              		.loc 1 583 5 view .LVU1028
 3558 0070 2046     		mov	r0, r4
 3559 0072 FFF7FEFF 		bl	tcp_free
 3560              	.LVL349:
 3561 0076 1DE0     		b	.L318
 3562              	.LVL350:
 3563              	.L338:
 3564              	.LBB19:
 597:Middlewares/Third_Party/LwIP/src/core/tcp.c ****       }
 3565              		.loc 1 597 9 discriminator 1 view .LVU1029
 3566 0078 DA68     		ldr	r2, [r3, #12]
 3567 007a 1C4B     		ldr	r3, .L341
 3568 007c 1A60     		str	r2, [r3]
 3569 007e 01E0     		b	.L326
 3570              	.LVL351:
ARM GAS  /tmp/ccmQZyRb.s 			page 122


 3571              	.L339:
 3572              	.LBB18:
 597:Middlewares/Third_Party/LwIP/src/core/tcp.c ****       }
 3573              		.loc 1 597 9 discriminator 5 view .LVU1030
 3574 0080 E268     		ldr	r2, [r4, #12]
 3575 0082 DA60     		str	r2, [r3, #12]
 597:Middlewares/Third_Party/LwIP/src/core/tcp.c ****       }
 3576              		.loc 1 597 9 discriminator 5 view .LVU1031
 3577              	.LVL352:
 3578              	.L326:
 597:Middlewares/Third_Party/LwIP/src/core/tcp.c ****       }
 3579              		.loc 1 597 9 is_stmt 0 discriminator 5 view .LVU1032
 3580              	.LBE18:
 597:Middlewares/Third_Party/LwIP/src/core/tcp.c ****       }
 3581              		.loc 1 597 9 is_stmt 1 discriminator 10 view .LVU1033
 3582 0084 0025     		movs	r5, #0
 3583              	.LVL353:
 597:Middlewares/Third_Party/LwIP/src/core/tcp.c ****       }
 3584              		.loc 1 597 9 is_stmt 0 discriminator 10 view .LVU1034
 3585 0086 E560     		str	r5, [r4, #12]
 586:Middlewares/Third_Party/LwIP/src/core/tcp.c ****     enum tcp_state last_state;
 3586              		.loc 1 586 11 discriminator 10 view .LVU1035
 3587 0088 AA46     		mov	r10, r5
 3588              	.LVL354:
 3589              	.L324:
 602:Middlewares/Third_Party/LwIP/src/core/tcp.c ****     }
 3590              		.loc 1 602 7 is_stmt 1 discriminator 1 view .LVU1036
 604:Middlewares/Third_Party/LwIP/src/core/tcp.c ****       tcp_segs_free(pcb->unacked);
 3591              		.loc 1 604 5 discriminator 1 view .LVU1037
 604:Middlewares/Third_Party/LwIP/src/core/tcp.c ****       tcp_segs_free(pcb->unacked);
 3592              		.loc 1 604 12 is_stmt 0 discriminator 1 view .LVU1038
 3593 008a 206F     		ldr	r0, [r4, #112]
 604:Middlewares/Third_Party/LwIP/src/core/tcp.c ****       tcp_segs_free(pcb->unacked);
 3594              		.loc 1 604 8 discriminator 1 view .LVU1039
 3595 008c 08B1     		cbz	r0, .L328
 605:Middlewares/Third_Party/LwIP/src/core/tcp.c ****     }
 3596              		.loc 1 605 7 is_stmt 1 view .LVU1040
 3597 008e FFF7FEFF 		bl	tcp_segs_free
 3598              	.LVL355:
 3599              	.L328:
 607:Middlewares/Third_Party/LwIP/src/core/tcp.c ****       tcp_segs_free(pcb->unsent);
 3600              		.loc 1 607 5 view .LVU1041
 607:Middlewares/Third_Party/LwIP/src/core/tcp.c ****       tcp_segs_free(pcb->unsent);
 3601              		.loc 1 607 12 is_stmt 0 view .LVU1042
 3602 0092 E06E     		ldr	r0, [r4, #108]
 607:Middlewares/Third_Party/LwIP/src/core/tcp.c ****       tcp_segs_free(pcb->unsent);
 3603              		.loc 1 607 8 view .LVU1043
 3604 0094 08B1     		cbz	r0, .L329
 608:Middlewares/Third_Party/LwIP/src/core/tcp.c ****     }
 3605              		.loc 1 608 7 is_stmt 1 view .LVU1044
 3606 0096 FFF7FEFF 		bl	tcp_segs_free
 3607              	.LVL356:
 3608              	.L329:
 611:Middlewares/Third_Party/LwIP/src/core/tcp.c ****       tcp_segs_free(pcb->ooseq);
 3609              		.loc 1 611 5 view .LVU1045
 611:Middlewares/Third_Party/LwIP/src/core/tcp.c ****       tcp_segs_free(pcb->ooseq);
 3610              		.loc 1 611 12 is_stmt 0 view .LVU1046
ARM GAS  /tmp/ccmQZyRb.s 			page 123


 3611 009a 606F     		ldr	r0, [r4, #116]
 611:Middlewares/Third_Party/LwIP/src/core/tcp.c ****       tcp_segs_free(pcb->ooseq);
 3612              		.loc 1 611 8 view .LVU1047
 3613 009c 08B1     		cbz	r0, .L330
 612:Middlewares/Third_Party/LwIP/src/core/tcp.c ****     }
 3614              		.loc 1 612 7 is_stmt 1 view .LVU1048
 3615 009e FFF7FEFF 		bl	tcp_segs_free
 3616              	.LVL357:
 3617              	.L330:
 615:Middlewares/Third_Party/LwIP/src/core/tcp.c ****     if (send_rst) {
 3618              		.loc 1 615 30 view .LVU1049
 616:Middlewares/Third_Party/LwIP/src/core/tcp.c ****       LWIP_DEBUGF(TCP_RST_DEBUG, ("tcp_abandon: sending RST\n"));
 3619              		.loc 1 616 5 view .LVU1050
 616:Middlewares/Third_Party/LwIP/src/core/tcp.c ****       LWIP_DEBUGF(TCP_RST_DEBUG, ("tcp_abandon: sending RST\n"));
 3620              		.loc 1 616 8 is_stmt 0 view .LVU1051
 3621 00a2 B5B9     		cbnz	r5, .L340
 3622              	.L331:
 620:Middlewares/Third_Party/LwIP/src/core/tcp.c ****     tcp_free(pcb);
 3623              		.loc 1 620 5 is_stmt 1 view .LVU1052
 3624              	.LVL358:
 621:Middlewares/Third_Party/LwIP/src/core/tcp.c ****     TCP_EVENT_ERR(last_state, errf, errf_arg, ERR_ABRT);
 3625              		.loc 1 621 5 view .LVU1053
 3626 00a4 2046     		mov	r0, r4
 3627 00a6 FFF7FEFF 		bl	tcp_free
 3628              	.LVL359:
 622:Middlewares/Third_Party/LwIP/src/core/tcp.c ****   }
 3629              		.loc 1 622 5 view .LVU1054
 622:Middlewares/Third_Party/LwIP/src/core/tcp.c ****   }
 3630              		.loc 1 622 5 view .LVU1055
 622:Middlewares/Third_Party/LwIP/src/core/tcp.c ****   }
 3631              		.loc 1 622 5 view .LVU1056
 3632 00aa 1EB1     		cbz	r6, .L318
 622:Middlewares/Third_Party/LwIP/src/core/tcp.c ****   }
 3633              		.loc 1 622 5 discriminator 1 view .LVU1057
 3634 00ac 6FF00C01 		mvn	r1, #12
 3635 00b0 3846     		mov	r0, r7
 3636 00b2 B047     		blx	r6
 3637              	.LVL360:
 622:Middlewares/Third_Party/LwIP/src/core/tcp.c ****   }
 3638              		.loc 1 622 5 discriminator 1 view .LVU1058
 3639              	.L318:
 622:Middlewares/Third_Party/LwIP/src/core/tcp.c ****   }
 3640              		.loc 1 622 5 is_stmt 0 discriminator 1 view .LVU1059
 3641              	.LBE19:
 624:Middlewares/Third_Party/LwIP/src/core/tcp.c **** 
 3642              		.loc 1 624 1 view .LVU1060
 3643 00b4 04B0     		add	sp, sp, #16
 3644              	.LCFI35:
 3645              		.cfi_remember_state
 3646              		.cfi_def_cfa_offset 32
 3647              		@ sp needed
 3648 00b6 BDE8F087 		pop	{r4, r5, r6, r7, r8, r9, r10, pc}
 3649              	.LVL361:
 3650              	.L323:
 3651              	.LCFI36:
 3652              		.cfi_restore_state
 3653              	.LBB20:
ARM GAS  /tmp/ccmQZyRb.s 			page 124


 600:Middlewares/Third_Party/LwIP/src/core/tcp.c ****       local_port = pcb->local_port;
 3654              		.loc 1 600 7 is_stmt 1 view .LVU1061
 601:Middlewares/Third_Party/LwIP/src/core/tcp.c ****       TCP_PCB_REMOVE_ACTIVE(pcb);
 3655              		.loc 1 601 7 view .LVU1062
 601:Middlewares/Third_Party/LwIP/src/core/tcp.c ****       TCP_PCB_REMOVE_ACTIVE(pcb);
 3656              		.loc 1 601 18 is_stmt 0 view .LVU1063
 3657 00ba B4F816A0 		ldrh	r10, [r4, #22]
 3658              	.LVL362:
 602:Middlewares/Third_Party/LwIP/src/core/tcp.c ****     }
 3659              		.loc 1 602 7 is_stmt 1 view .LVU1064
 602:Middlewares/Third_Party/LwIP/src/core/tcp.c ****     }
 3660              		.loc 1 602 7 view .LVU1065
 3661 00be 2146     		mov	r1, r4
 3662 00c0 1048     		ldr	r0, .L341+24
 3663 00c2 FFF7FEFF 		bl	tcp_pcb_remove
 3664              	.LVL363:
 602:Middlewares/Third_Party/LwIP/src/core/tcp.c ****     }
 3665              		.loc 1 602 7 view .LVU1066
 3666 00c6 104B     		ldr	r3, .L341+28
 3667 00c8 0122     		movs	r2, #1
 3668 00ca 1A70     		strb	r2, [r3]
 3669 00cc DDE7     		b	.L324
 3670              	.LVL364:
 3671              	.L332:
 585:Middlewares/Third_Party/LwIP/src/core/tcp.c ****     u16_t local_port = 0;
 3672              		.loc 1 585 9 is_stmt 0 view .LVU1067
 3673 00ce 0025     		movs	r5, #0
 3674              	.LVL365:
 585:Middlewares/Third_Party/LwIP/src/core/tcp.c ****     u16_t local_port = 0;
 3675              		.loc 1 585 9 view .LVU1068
 3676 00d0 DBE7     		b	.L324
 3677              	.LVL366:
 3678              	.L340:
 617:Middlewares/Third_Party/LwIP/src/core/tcp.c ****       tcp_rst(pcb, seqno, ackno, &pcb->local_ip, &pcb->remote_ip, local_port, pcb->remote_port);
 3679              		.loc 1 617 65 is_stmt 1 view .LVU1069
 618:Middlewares/Third_Party/LwIP/src/core/tcp.c ****     }
 3680              		.loc 1 618 7 view .LVU1070
 618:Middlewares/Third_Party/LwIP/src/core/tcp.c ****     }
 3681              		.loc 1 618 50 is_stmt 0 view .LVU1071
 3682 00d2 231D     		adds	r3, r4, #4
 618:Middlewares/Third_Party/LwIP/src/core/tcp.c ****     }
 3683              		.loc 1 618 7 view .LVU1072
 3684 00d4 228B     		ldrh	r2, [r4, #24]
 3685 00d6 0292     		str	r2, [sp, #8]
 3686 00d8 CDF804A0 		str	r10, [sp, #4]
 3687 00dc 0093     		str	r3, [sp]
 3688 00de 2346     		mov	r3, r4
 3689 00e0 4A46     		mov	r2, r9
 3690 00e2 4146     		mov	r1, r8
 3691 00e4 2046     		mov	r0, r4
 3692 00e6 FFF7FEFF 		bl	tcp_rst
 3693              	.LVL367:
 3694 00ea DBE7     		b	.L331
 3695              	.L342:
 3696              		.align	2
 3697              	.L341:
 3698 00ec 00000000 		.word	.LANCHOR3
ARM GAS  /tmp/ccmQZyRb.s 			page 125


 3699 00f0 00000000 		.word	.LC0
 3700 00f4 00000000 		.word	.LC33
 3701 00f8 54000000 		.word	.LC2
 3702 00fc 1C000000 		.word	.LC34
 3703 0100 00000000 		.word	.LANCHOR9
 3704 0104 00000000 		.word	.LANCHOR2
 3705 0108 00000000 		.word	.LANCHOR7
 3706              	.LBE20:
 3707              		.cfi_endproc
 3708              	.LFE179:
 3710              		.section	.text.tcp_abort,"ax",%progbits
 3711              		.align	1
 3712              		.global	tcp_abort
 3713              		.syntax unified
 3714              		.thumb
 3715              		.thumb_func
 3716              		.fpu fpv5-d16
 3718              	tcp_abort:
 3719              	.LVL368:
 3720              	.LFB180:
 639:Middlewares/Third_Party/LwIP/src/core/tcp.c ****   tcp_abandon(pcb, 1);
 3721              		.loc 1 639 1 is_stmt 1 view -0
 3722              		.cfi_startproc
 3723              		@ args = 0, pretend = 0, frame = 0
 3724              		@ frame_needed = 0, uses_anonymous_args = 0
 639:Middlewares/Third_Party/LwIP/src/core/tcp.c ****   tcp_abandon(pcb, 1);
 3725              		.loc 1 639 1 is_stmt 0 view .LVU1074
 3726 0000 08B5     		push	{r3, lr}
 3727              	.LCFI37:
 3728              		.cfi_def_cfa_offset 8
 3729              		.cfi_offset 3, -8
 3730              		.cfi_offset 14, -4
 640:Middlewares/Third_Party/LwIP/src/core/tcp.c **** }
 3731              		.loc 1 640 3 is_stmt 1 view .LVU1075
 3732 0002 0121     		movs	r1, #1
 3733 0004 FFF7FEFF 		bl	tcp_abandon
 3734              	.LVL369:
 641:Middlewares/Third_Party/LwIP/src/core/tcp.c **** 
 3735              		.loc 1 641 1 is_stmt 0 view .LVU1076
 3736 0008 08BD     		pop	{r3, pc}
 3737              		.cfi_endproc
 3738              	.LFE180:
 3740              		.section	.rodata.tcp_accept_null.str1.4,"aMS",%progbits,1
 3741              		.align	2
 3742              	.LC35:
 3743 0000 7463705F 		.ascii	"tcp_accept_null: invalid pcb\000"
 3743      61636365 
 3743      70745F6E 
 3743      756C6C3A 
 3743      20696E76 
 3744              		.section	.text.tcp_accept_null,"ax",%progbits
 3745              		.align	1
 3746              		.syntax unified
 3747              		.thumb
 3748              		.thumb_func
 3749              		.fpu fpv5-d16
 3751              	tcp_accept_null:
ARM GAS  /tmp/ccmQZyRb.s 			page 126


 3752              	.LVL370:
 3753              	.LFB183:
 779:Middlewares/Third_Party/LwIP/src/core/tcp.c ****   LWIP_UNUSED_ARG(arg);
 3754              		.loc 1 779 1 is_stmt 1 view -0
 3755              		.cfi_startproc
 3756              		@ args = 0, pretend = 0, frame = 0
 3757              		@ frame_needed = 0, uses_anonymous_args = 0
 779:Middlewares/Third_Party/LwIP/src/core/tcp.c ****   LWIP_UNUSED_ARG(arg);
 3758              		.loc 1 779 1 is_stmt 0 view .LVU1078
 3759 0000 10B5     		push	{r4, lr}
 3760              	.LCFI38:
 3761              		.cfi_def_cfa_offset 8
 3762              		.cfi_offset 4, -8
 3763              		.cfi_offset 14, -4
 780:Middlewares/Third_Party/LwIP/src/core/tcp.c ****   LWIP_UNUSED_ARG(err);
 3764              		.loc 1 780 3 is_stmt 1 view .LVU1079
 781:Middlewares/Third_Party/LwIP/src/core/tcp.c **** 
 3765              		.loc 1 781 3 view .LVU1080
 783:Middlewares/Third_Party/LwIP/src/core/tcp.c **** 
 3766              		.loc 1 783 3 view .LVU1081
 783:Middlewares/Third_Party/LwIP/src/core/tcp.c **** 
 3767              		.loc 1 783 3 view .LVU1082
 3768 0002 0C46     		mov	r4, r1
 3769 0004 29B1     		cbz	r1, .L348
 3770              	.LVL371:
 3771              	.L346:
 783:Middlewares/Third_Party/LwIP/src/core/tcp.c **** 
 3772              		.loc 1 783 3 discriminator 3 view .LVU1083
 783:Middlewares/Third_Party/LwIP/src/core/tcp.c **** 
 3773              		.loc 1 783 3 discriminator 3 view .LVU1084
 785:Middlewares/Third_Party/LwIP/src/core/tcp.c **** 
 3774              		.loc 1 785 3 discriminator 3 view .LVU1085
 3775 0006 2046     		mov	r0, r4
 3776 0008 FFF7FEFF 		bl	tcp_abort
 3777              	.LVL372:
 787:Middlewares/Third_Party/LwIP/src/core/tcp.c **** }
 3778              		.loc 1 787 3 discriminator 3 view .LVU1086
 788:Middlewares/Third_Party/LwIP/src/core/tcp.c **** #endif /* LWIP_CALLBACK_API */
 3779              		.loc 1 788 1 is_stmt 0 discriminator 3 view .LVU1087
 3780 000c 6FF00C00 		mvn	r0, #12
 3781 0010 10BD     		pop	{r4, pc}
 3782              	.LVL373:
 3783              	.L348:
 783:Middlewares/Third_Party/LwIP/src/core/tcp.c **** 
 3784              		.loc 1 783 3 is_stmt 1 discriminator 1 view .LVU1088
 783:Middlewares/Third_Party/LwIP/src/core/tcp.c **** 
 3785              		.loc 1 783 3 discriminator 1 view .LVU1089
 3786 0012 044B     		ldr	r3, .L349
 3787 0014 40F20F32 		movw	r2, #783
 3788              	.LVL374:
 783:Middlewares/Third_Party/LwIP/src/core/tcp.c **** 
 3789              		.loc 1 783 3 is_stmt 0 discriminator 1 view .LVU1090
 3790 0018 0349     		ldr	r1, .L349+4
 3791              	.LVL375:
 783:Middlewares/Third_Party/LwIP/src/core/tcp.c **** 
 3792              		.loc 1 783 3 discriminator 1 view .LVU1091
 3793 001a 0448     		ldr	r0, .L349+8
ARM GAS  /tmp/ccmQZyRb.s 			page 127


 3794              	.LVL376:
 783:Middlewares/Third_Party/LwIP/src/core/tcp.c **** 
 3795              		.loc 1 783 3 discriminator 1 view .LVU1092
 3796 001c FFF7FEFF 		bl	printf
 3797              	.LVL377:
 3798 0020 F1E7     		b	.L346
 3799              	.L350:
 3800 0022 00BF     		.align	2
 3801              	.L349:
 3802 0024 00000000 		.word	.LC0
 3803 0028 00000000 		.word	.LC35
 3804 002c 54000000 		.word	.LC2
 3805              		.cfi_endproc
 3806              	.LFE183:
 3808              		.section	.text.tcp_kill_timewait,"ax",%progbits
 3809              		.align	1
 3810              		.syntax unified
 3811              		.thumb
 3812              		.thumb_func
 3813              		.fpu fpv5-d16
 3815              	tcp_kill_timewait:
 3816              	.LFB201:
1785:Middlewares/Third_Party/LwIP/src/core/tcp.c ****   struct tcp_pcb *pcb, *inactive;
 3817              		.loc 1 1785 1 is_stmt 1 view -0
 3818              		.cfi_startproc
 3819              		@ args = 0, pretend = 0, frame = 0
 3820              		@ frame_needed = 0, uses_anonymous_args = 0
 3821 0000 08B5     		push	{r3, lr}
 3822              	.LCFI39:
 3823              		.cfi_def_cfa_offset 8
 3824              		.cfi_offset 3, -8
 3825              		.cfi_offset 14, -4
1786:Middlewares/Third_Party/LwIP/src/core/tcp.c ****   u32_t inactivity;
 3826              		.loc 1 1786 3 view .LVU1094
1787:Middlewares/Third_Party/LwIP/src/core/tcp.c **** 
 3827              		.loc 1 1787 3 view .LVU1095
1789:Middlewares/Third_Party/LwIP/src/core/tcp.c ****   inactive = NULL;
 3828              		.loc 1 1789 3 view .LVU1096
 3829              	.LVL378:
1790:Middlewares/Third_Party/LwIP/src/core/tcp.c ****   /* Go through the list of TIME_WAIT pcbs and get the oldest pcb. */
 3830              		.loc 1 1790 3 view .LVU1097
1792:Middlewares/Third_Party/LwIP/src/core/tcp.c ****     if ((u32_t)(tcp_ticks - pcb->tmr) >= inactivity) {
 3831              		.loc 1 1792 3 view .LVU1098
1792:Middlewares/Third_Party/LwIP/src/core/tcp.c ****     if ((u32_t)(tcp_ticks - pcb->tmr) >= inactivity) {
 3832              		.loc 1 1792 12 is_stmt 0 view .LVU1099
 3833 0002 0A4B     		ldr	r3, .L359
 3834 0004 1B68     		ldr	r3, [r3]
 3835              	.LVL379:
1789:Middlewares/Third_Party/LwIP/src/core/tcp.c ****   inactive = NULL;
 3836              		.loc 1 1789 14 view .LVU1100
 3837 0006 4FF0000C 		mov	ip, #0
1790:Middlewares/Third_Party/LwIP/src/core/tcp.c ****   /* Go through the list of TIME_WAIT pcbs and get the oldest pcb. */
 3838              		.loc 1 1790 12 view .LVU1101
 3839 000a 6046     		mov	r0, ip
1792:Middlewares/Third_Party/LwIP/src/core/tcp.c ****     if ((u32_t)(tcp_ticks - pcb->tmr) >= inactivity) {
 3840              		.loc 1 1792 3 view .LVU1102
 3841 000c 00E0     		b	.L352
ARM GAS  /tmp/ccmQZyRb.s 			page 128


 3842              	.LVL380:
 3843              	.L353:
1792:Middlewares/Third_Party/LwIP/src/core/tcp.c ****     if ((u32_t)(tcp_ticks - pcb->tmr) >= inactivity) {
 3844              		.loc 1 1792 40 is_stmt 1 discriminator 2 view .LVU1103
1792:Middlewares/Third_Party/LwIP/src/core/tcp.c ****     if ((u32_t)(tcp_ticks - pcb->tmr) >= inactivity) {
 3845              		.loc 1 1792 44 is_stmt 0 discriminator 2 view .LVU1104
 3846 000e DB68     		ldr	r3, [r3, #12]
 3847              	.LVL381:
 3848              	.L352:
1792:Middlewares/Third_Party/LwIP/src/core/tcp.c ****     if ((u32_t)(tcp_ticks - pcb->tmr) >= inactivity) {
 3849              		.loc 1 1792 27 is_stmt 1 discriminator 1 view .LVU1105
1792:Middlewares/Third_Party/LwIP/src/core/tcp.c ****     if ((u32_t)(tcp_ticks - pcb->tmr) >= inactivity) {
 3850              		.loc 1 1792 3 is_stmt 0 discriminator 1 view .LVU1106
 3851 0010 43B1     		cbz	r3, .L358
1793:Middlewares/Third_Party/LwIP/src/core/tcp.c ****       inactivity = tcp_ticks - pcb->tmr;
 3852              		.loc 1 1793 5 is_stmt 1 view .LVU1107
1793:Middlewares/Third_Party/LwIP/src/core/tcp.c ****       inactivity = tcp_ticks - pcb->tmr;
 3853              		.loc 1 1793 32 is_stmt 0 view .LVU1108
 3854 0012 196A     		ldr	r1, [r3, #32]
1793:Middlewares/Third_Party/LwIP/src/core/tcp.c ****       inactivity = tcp_ticks - pcb->tmr;
 3855              		.loc 1 1793 27 view .LVU1109
 3856 0014 064A     		ldr	r2, .L359+4
 3857 0016 1268     		ldr	r2, [r2]
 3858 0018 521A     		subs	r2, r2, r1
1793:Middlewares/Third_Party/LwIP/src/core/tcp.c ****       inactivity = tcp_ticks - pcb->tmr;
 3859              		.loc 1 1793 8 view .LVU1110
 3860 001a 6245     		cmp	r2, ip
 3861 001c F7D3     		bcc	.L353
1794:Middlewares/Third_Party/LwIP/src/core/tcp.c ****       inactive = pcb;
 3862              		.loc 1 1794 18 view .LVU1111
 3863 001e 9446     		mov	ip, r2
 3864              	.LVL382:
1795:Middlewares/Third_Party/LwIP/src/core/tcp.c ****     }
 3865              		.loc 1 1795 16 view .LVU1112
 3866 0020 1846     		mov	r0, r3
 3867              	.LVL383:
1795:Middlewares/Third_Party/LwIP/src/core/tcp.c ****     }
 3868              		.loc 1 1795 16 view .LVU1113
 3869 0022 F4E7     		b	.L353
 3870              	.LVL384:
 3871              	.L358:
1798:Middlewares/Third_Party/LwIP/src/core/tcp.c ****     LWIP_DEBUGF(TCP_DEBUG, ("tcp_kill_timewait: killing oldest TIME-WAIT PCB %p (%"S32_F")\n",
 3872              		.loc 1 1798 3 is_stmt 1 view .LVU1114
1798:Middlewares/Third_Party/LwIP/src/core/tcp.c ****     LWIP_DEBUGF(TCP_DEBUG, ("tcp_kill_timewait: killing oldest TIME-WAIT PCB %p (%"S32_F")\n",
 3873              		.loc 1 1798 6 is_stmt 0 view .LVU1115
 3874 0024 08B1     		cbz	r0, .L351
1800:Middlewares/Third_Party/LwIP/src/core/tcp.c ****     tcp_abort(inactive);
 3875              		.loc 1 1800 59 is_stmt 1 view .LVU1116
1801:Middlewares/Third_Party/LwIP/src/core/tcp.c ****   }
 3876              		.loc 1 1801 5 view .LVU1117
 3877 0026 FFF7FEFF 		bl	tcp_abort
 3878              	.LVL385:
 3879              	.L351:
1803:Middlewares/Third_Party/LwIP/src/core/tcp.c **** 
 3880              		.loc 1 1803 1 is_stmt 0 view .LVU1118
 3881 002a 08BD     		pop	{r3, pc}
 3882              	.L360:
ARM GAS  /tmp/ccmQZyRb.s 			page 129


 3883              		.align	2
 3884              	.L359:
 3885 002c 00000000 		.word	.LANCHOR9
 3886 0030 00000000 		.word	.LANCHOR6
 3887              		.cfi_endproc
 3888              	.LFE201:
 3890              		.section	.text.tcp_kill_prio,"ax",%progbits
 3891              		.align	1
 3892              		.syntax unified
 3893              		.thumb
 3894              		.thumb_func
 3895              		.fpu fpv5-d16
 3897              	tcp_kill_prio:
 3898              	.LVL386:
 3899              	.LFB199:
1707:Middlewares/Third_Party/LwIP/src/core/tcp.c ****   struct tcp_pcb *pcb, *inactive;
 3900              		.loc 1 1707 1 is_stmt 1 view -0
 3901              		.cfi_startproc
 3902              		@ args = 0, pretend = 0, frame = 0
 3903              		@ frame_needed = 0, uses_anonymous_args = 0
1708:Middlewares/Third_Party/LwIP/src/core/tcp.c ****   u32_t inactivity;
 3904              		.loc 1 1708 3 view .LVU1120
1709:Middlewares/Third_Party/LwIP/src/core/tcp.c ****   u8_t mprio;
 3905              		.loc 1 1709 3 view .LVU1121
1710:Middlewares/Third_Party/LwIP/src/core/tcp.c **** 
 3906              		.loc 1 1710 3 view .LVU1122
1712:Middlewares/Third_Party/LwIP/src/core/tcp.c **** 
 3907              		.loc 1 1712 3 view .LVU1123
1712:Middlewares/Third_Party/LwIP/src/core/tcp.c **** 
 3908              		.loc 1 1712 9 is_stmt 0 view .LVU1124
 3909 0000 10F0800F 		tst	r0, #128
 3910 0004 01D1     		bne	.L368
 3911              	.LVL387:
1717:Middlewares/Third_Party/LwIP/src/core/tcp.c ****     return;
 3912              		.loc 1 1717 3 is_stmt 1 discriminator 4 view .LVU1125
1717:Middlewares/Third_Party/LwIP/src/core/tcp.c ****     return;
 3913              		.loc 1 1717 6 is_stmt 0 discriminator 4 view .LVU1126
 3914 0006 08B9     		cbnz	r0, .L362
 3915 0008 7047     		bx	lr
 3916              	.LVL388:
 3917              	.L368:
1712:Middlewares/Third_Party/LwIP/src/core/tcp.c **** 
 3918              		.loc 1 1712 9 view .LVU1127
 3919 000a 7F20     		movs	r0, #127
 3920              	.LVL389:
 3921              	.L362:
1707:Middlewares/Third_Party/LwIP/src/core/tcp.c ****   struct tcp_pcb *pcb, *inactive;
 3922              		.loc 1 1707 1 view .LVU1128
 3923 000c 38B5     		push	{r3, r4, r5, lr}
 3924              	.LCFI40:
 3925              		.cfi_def_cfa_offset 16
 3926              		.cfi_offset 3, -16
 3927              		.cfi_offset 4, -12
 3928              		.cfi_offset 5, -8
 3929              		.cfi_offset 14, -4
1726:Middlewares/Third_Party/LwIP/src/core/tcp.c **** 
 3930              		.loc 1 1726 3 is_stmt 1 view .LVU1129
ARM GAS  /tmp/ccmQZyRb.s 			page 130


1726:Middlewares/Third_Party/LwIP/src/core/tcp.c **** 
 3931              		.loc 1 1726 8 is_stmt 0 view .LVU1130
 3932 000e 0138     		subs	r0, r0, #1
 3933 0010 C2B2     		uxtb	r2, r0
 3934              	.LVL390:
1728:Middlewares/Third_Party/LwIP/src/core/tcp.c ****   inactive = NULL;
 3935              		.loc 1 1728 3 is_stmt 1 view .LVU1131
1729:Middlewares/Third_Party/LwIP/src/core/tcp.c ****   for (pcb = tcp_active_pcbs; pcb != NULL; pcb = pcb->next) {
 3936              		.loc 1 1729 3 view .LVU1132
1730:Middlewares/Third_Party/LwIP/src/core/tcp.c ****         /* lower prio is always a kill candidate */
 3937              		.loc 1 1730 3 view .LVU1133
1730:Middlewares/Third_Party/LwIP/src/core/tcp.c ****         /* lower prio is always a kill candidate */
 3938              		.loc 1 1730 12 is_stmt 0 view .LVU1134
 3939 0012 0F4B     		ldr	r3, .L373
 3940 0014 1B68     		ldr	r3, [r3]
 3941              	.LVL391:
1728:Middlewares/Third_Party/LwIP/src/core/tcp.c ****   inactive = NULL;
 3942              		.loc 1 1728 14 view .LVU1135
 3943 0016 4FF0000C 		mov	ip, #0
1729:Middlewares/Third_Party/LwIP/src/core/tcp.c ****   for (pcb = tcp_active_pcbs; pcb != NULL; pcb = pcb->next) {
 3944              		.loc 1 1729 12 view .LVU1136
 3945 001a 6046     		mov	r0, ip
1730:Middlewares/Third_Party/LwIP/src/core/tcp.c ****         /* lower prio is always a kill candidate */
 3946              		.loc 1 1730 3 view .LVU1137
 3947 001c 07E0     		b	.L364
 3948              	.LVL392:
 3949              	.L365:
1735:Middlewares/Third_Party/LwIP/src/core/tcp.c ****       inactive   = pcb;
 3950              		.loc 1 1735 7 is_stmt 1 view .LVU1138
1735:Middlewares/Third_Party/LwIP/src/core/tcp.c ****       inactive   = pcb;
 3951              		.loc 1 1735 30 is_stmt 0 view .LVU1139
 3952 001e 0D4A     		ldr	r2, .L373+4
 3953              	.LVL393:
1735:Middlewares/Third_Party/LwIP/src/core/tcp.c ****       inactive   = pcb;
 3954              		.loc 1 1735 30 view .LVU1140
 3955 0020 1268     		ldr	r2, [r2]
1735:Middlewares/Third_Party/LwIP/src/core/tcp.c ****       inactive   = pcb;
 3956              		.loc 1 1735 35 view .LVU1141
 3957 0022 186A     		ldr	r0, [r3, #32]
 3958              	.LVL394:
1735:Middlewares/Third_Party/LwIP/src/core/tcp.c ****       inactive   = pcb;
 3959              		.loc 1 1735 18 view .LVU1142
 3960 0024 A2EB000C 		sub	ip, r2, r0
 3961              	.LVL395:
1736:Middlewares/Third_Party/LwIP/src/core/tcp.c ****       mprio      = pcb->prio;
 3962              		.loc 1 1736 7 is_stmt 1 view .LVU1143
1737:Middlewares/Third_Party/LwIP/src/core/tcp.c ****     }
 3963              		.loc 1 1737 7 view .LVU1144
1737:Middlewares/Third_Party/LwIP/src/core/tcp.c ****     }
 3964              		.loc 1 1737 18 is_stmt 0 view .LVU1145
 3965 0028 0A46     		mov	r2, r1
1736:Middlewares/Third_Party/LwIP/src/core/tcp.c ****       mprio      = pcb->prio;
 3966              		.loc 1 1736 18 view .LVU1146
 3967 002a 1846     		mov	r0, r3
 3968              	.LVL396:
 3969              	.L366:
1730:Middlewares/Third_Party/LwIP/src/core/tcp.c ****         /* lower prio is always a kill candidate */
ARM GAS  /tmp/ccmQZyRb.s 			page 131


 3970              		.loc 1 1730 44 is_stmt 1 discriminator 2 view .LVU1147
1730:Middlewares/Third_Party/LwIP/src/core/tcp.c ****         /* lower prio is always a kill candidate */
 3971              		.loc 1 1730 48 is_stmt 0 discriminator 2 view .LVU1148
 3972 002c DB68     		ldr	r3, [r3, #12]
 3973              	.LVL397:
 3974              	.L364:
1730:Middlewares/Third_Party/LwIP/src/core/tcp.c ****         /* lower prio is always a kill candidate */
 3975              		.loc 1 1730 31 is_stmt 1 discriminator 1 view .LVU1149
1730:Middlewares/Third_Party/LwIP/src/core/tcp.c ****         /* lower prio is always a kill candidate */
 3976              		.loc 1 1730 3 is_stmt 0 discriminator 1 view .LVU1150
 3977 002e 5BB1     		cbz	r3, .L372
1732:Middlewares/Third_Party/LwIP/src/core/tcp.c ****         /* longer inactivity is also a kill candidate */
 3978              		.loc 1 1732 5 is_stmt 1 view .LVU1151
1732:Middlewares/Third_Party/LwIP/src/core/tcp.c ****         /* longer inactivity is also a kill candidate */
 3979              		.loc 1 1732 13 is_stmt 0 view .LVU1152
 3980 0030 597D     		ldrb	r1, [r3, #21]	@ zero_extendqisi2
1732:Middlewares/Third_Party/LwIP/src/core/tcp.c ****         /* longer inactivity is also a kill candidate */
 3981              		.loc 1 1732 8 view .LVU1153
 3982 0032 9142     		cmp	r1, r2
 3983 0034 F3D3     		bcc	.L365
1732:Middlewares/Third_Party/LwIP/src/core/tcp.c ****         /* longer inactivity is also a kill candidate */
 3984              		.loc 1 1732 29 discriminator 1 view .LVU1154
 3985 0036 F9D1     		bne	.L366
1734:Middlewares/Third_Party/LwIP/src/core/tcp.c ****       inactivity = tcp_ticks - pcb->tmr;
 3986              		.loc 1 1734 53 view .LVU1155
 3987 0038 064C     		ldr	r4, .L373+4
 3988 003a 2468     		ldr	r4, [r4]
 3989 003c 1D6A     		ldr	r5, [r3, #32]
 3990 003e A4EB050E 		sub	lr, r4, r5
1734:Middlewares/Third_Party/LwIP/src/core/tcp.c ****       inactivity = tcp_ticks - pcb->tmr;
 3991              		.loc 1 1734 31 view .LVU1156
 3992 0042 E645     		cmp	lr, ip
 3993 0044 F2D3     		bcc	.L366
 3994 0046 EAE7     		b	.L365
 3995              	.L372:
1740:Middlewares/Third_Party/LwIP/src/core/tcp.c ****     LWIP_DEBUGF(TCP_DEBUG, ("tcp_kill_prio: killing oldest PCB %p (%"S32_F")\n",
 3996              		.loc 1 1740 3 is_stmt 1 view .LVU1157
1740:Middlewares/Third_Party/LwIP/src/core/tcp.c ****     LWIP_DEBUGF(TCP_DEBUG, ("tcp_kill_prio: killing oldest PCB %p (%"S32_F")\n",
 3997              		.loc 1 1740 6 is_stmt 0 view .LVU1158
 3998 0048 08B1     		cbz	r0, .L361
1742:Middlewares/Third_Party/LwIP/src/core/tcp.c ****     tcp_abort(inactive);
 3999              		.loc 1 1742 59 is_stmt 1 view .LVU1159
1743:Middlewares/Third_Party/LwIP/src/core/tcp.c ****   }
 4000              		.loc 1 1743 5 view .LVU1160
 4001 004a FFF7FEFF 		bl	tcp_abort
 4002              	.LVL398:
 4003              	.L361:
1745:Middlewares/Third_Party/LwIP/src/core/tcp.c **** 
 4004              		.loc 1 1745 1 is_stmt 0 view .LVU1161
 4005 004e 38BD     		pop	{r3, r4, r5, pc}
 4006              	.L374:
 4007              		.align	2
 4008              	.L373:
 4009 0050 00000000 		.word	.LANCHOR2
 4010 0054 00000000 		.word	.LANCHOR6
 4011              		.cfi_endproc
 4012              	.LFE199:
ARM GAS  /tmp/ccmQZyRb.s 			page 132


 4014              		.section	.rodata.tcp_netif_ip_addr_changed_pcblist.str1.4,"aMS",%progbits,1
 4015              		.align	2
 4016              	.LC36:
 4017 0000 7463705F 		.ascii	"tcp_netif_ip_addr_changed_pcblist: invalid old_addr"
 4017      6E657469 
 4017      665F6970 
 4017      5F616464 
 4017      725F6368 
 4018 0033 00       		.ascii	"\000"
 4019              		.section	.text.tcp_netif_ip_addr_changed_pcblist,"ax",%progbits
 4020              		.align	1
 4021              		.syntax unified
 4022              		.thumb
 4023              		.thumb_func
 4024              		.fpu fpv5-d16
 4026              	tcp_netif_ip_addr_changed_pcblist:
 4027              	.LVL399:
 4028              	.LFB216:
2300:Middlewares/Third_Party/LwIP/src/core/tcp.c ****   struct tcp_pcb *pcb;
 4029              		.loc 1 2300 1 is_stmt 1 view -0
 4030              		.cfi_startproc
 4031              		@ args = 0, pretend = 0, frame = 0
 4032              		@ frame_needed = 0, uses_anonymous_args = 0
2300:Middlewares/Third_Party/LwIP/src/core/tcp.c ****   struct tcp_pcb *pcb;
 4033              		.loc 1 2300 1 is_stmt 0 view .LVU1163
 4034 0000 70B5     		push	{r4, r5, r6, lr}
 4035              	.LCFI41:
 4036              		.cfi_def_cfa_offset 16
 4037              		.cfi_offset 4, -16
 4038              		.cfi_offset 5, -12
 4039              		.cfi_offset 6, -8
 4040              		.cfi_offset 14, -4
 4041 0002 0C46     		mov	r4, r1
2301:Middlewares/Third_Party/LwIP/src/core/tcp.c ****   pcb = pcb_list;
 4042              		.loc 1 2301 3 is_stmt 1 view .LVU1164
2302:Middlewares/Third_Party/LwIP/src/core/tcp.c **** 
 4043              		.loc 1 2302 3 view .LVU1165
 4044              	.LVL400:
2304:Middlewares/Third_Party/LwIP/src/core/tcp.c **** 
 4045              		.loc 1 2304 3 view .LVU1166
2304:Middlewares/Third_Party/LwIP/src/core/tcp.c **** 
 4046              		.loc 1 2304 3 view .LVU1167
 4047 0004 0546     		mov	r5, r0
 4048 0006 60B9     		cbnz	r0, .L377
2304:Middlewares/Third_Party/LwIP/src/core/tcp.c **** 
 4049              		.loc 1 2304 3 discriminator 1 view .LVU1168
2304:Middlewares/Third_Party/LwIP/src/core/tcp.c **** 
 4050              		.loc 1 2304 3 discriminator 1 view .LVU1169
 4051 0008 0A4B     		ldr	r3, .L384
 4052 000a 4FF41062 		mov	r2, #2304
 4053 000e 0A49     		ldr	r1, .L384+4
 4054              	.LVL401:
2304:Middlewares/Third_Party/LwIP/src/core/tcp.c **** 
 4055              		.loc 1 2304 3 is_stmt 0 discriminator 1 view .LVU1170
 4056 0010 0A48     		ldr	r0, .L384+8
 4057              	.LVL402:
2304:Middlewares/Third_Party/LwIP/src/core/tcp.c **** 
ARM GAS  /tmp/ccmQZyRb.s 			page 133


 4058              		.loc 1 2304 3 discriminator 1 view .LVU1171
 4059 0012 FFF7FEFF 		bl	printf
 4060              	.LVL403:
 4061 0016 04E0     		b	.L377
 4062              	.LVL404:
 4063              	.L383:
 4064              	.LBB21:
2315:Middlewares/Third_Party/LwIP/src/core/tcp.c ****       LWIP_DEBUGF(NETIF_DEBUG | LWIP_DBG_STATE, ("netif_set_ipaddr: aborting TCP pcb %p\n", (void *
 4065              		.loc 1 2315 7 is_stmt 1 view .LVU1172
2315:Middlewares/Third_Party/LwIP/src/core/tcp.c ****       LWIP_DEBUGF(NETIF_DEBUG | LWIP_DBG_STATE, ("netif_set_ipaddr: aborting TCP pcb %p\n", (void *
 4066              		.loc 1 2315 23 is_stmt 0 view .LVU1173
 4067 0018 E668     		ldr	r6, [r4, #12]
 4068              	.LVL405:
2316:Middlewares/Third_Party/LwIP/src/core/tcp.c ****       tcp_abort(pcb);
 4069              		.loc 1 2316 106 is_stmt 1 view .LVU1174
2317:Middlewares/Third_Party/LwIP/src/core/tcp.c ****       pcb = next;
 4070              		.loc 1 2317 7 view .LVU1175
 4071 001a 2046     		mov	r0, r4
 4072 001c FFF7FEFF 		bl	tcp_abort
 4073              	.LVL406:
2318:Middlewares/Third_Party/LwIP/src/core/tcp.c ****     } else {
 4074              		.loc 1 2318 7 view .LVU1176
2318:Middlewares/Third_Party/LwIP/src/core/tcp.c ****     } else {
 4075              		.loc 1 2318 11 is_stmt 0 view .LVU1177
 4076 0020 3446     		mov	r4, r6
 4077              	.LVL407:
 4078              	.L377:
2318:Middlewares/Third_Party/LwIP/src/core/tcp.c ****     } else {
 4079              		.loc 1 2318 11 view .LVU1178
 4080              	.LBE21:
2306:Middlewares/Third_Party/LwIP/src/core/tcp.c ****     /* PCB bound to current local interface address? */
 4081              		.loc 1 2306 9 is_stmt 1 view .LVU1179
 4082 0022 2CB1     		cbz	r4, .L382
2308:Middlewares/Third_Party/LwIP/src/core/tcp.c **** #if LWIP_AUTOIP
 4083              		.loc 1 2308 5 view .LVU1180
2308:Middlewares/Third_Party/LwIP/src/core/tcp.c **** #if LWIP_AUTOIP
 4084              		.loc 1 2308 9 is_stmt 0 view .LVU1181
 4085 0024 2268     		ldr	r2, [r4]
 4086 0026 2B68     		ldr	r3, [r5]
2308:Middlewares/Third_Party/LwIP/src/core/tcp.c **** #if LWIP_AUTOIP
 4087              		.loc 1 2308 8 view .LVU1182
 4088 0028 9A42     		cmp	r2, r3
 4089 002a F5D0     		beq	.L383
2320:Middlewares/Third_Party/LwIP/src/core/tcp.c ****     }
 4090              		.loc 1 2320 7 is_stmt 1 view .LVU1183
2320:Middlewares/Third_Party/LwIP/src/core/tcp.c ****     }
 4091              		.loc 1 2320 11 is_stmt 0 view .LVU1184
 4092 002c E468     		ldr	r4, [r4, #12]
 4093              	.LVL408:
2320:Middlewares/Third_Party/LwIP/src/core/tcp.c ****     }
 4094              		.loc 1 2320 11 view .LVU1185
 4095 002e F8E7     		b	.L377
 4096              	.L382:
2323:Middlewares/Third_Party/LwIP/src/core/tcp.c **** 
 4097              		.loc 1 2323 1 view .LVU1186
 4098 0030 70BD     		pop	{r4, r5, r6, pc}
 4099              	.LVL409:
ARM GAS  /tmp/ccmQZyRb.s 			page 134


 4100              	.L385:
2323:Middlewares/Third_Party/LwIP/src/core/tcp.c **** 
 4101              		.loc 1 2323 1 view .LVU1187
 4102 0032 00BF     		.align	2
 4103              	.L384:
 4104 0034 00000000 		.word	.LC0
 4105 0038 00000000 		.word	.LC36
 4106 003c 54000000 		.word	.LC2
 4107              		.cfi_endproc
 4108              	.LFE216:
 4110              		.section	.text.tcp_netif_ip_addr_changed,"ax",%progbits
 4111              		.align	1
 4112              		.global	tcp_netif_ip_addr_changed
 4113              		.syntax unified
 4114              		.thumb
 4115              		.thumb_func
 4116              		.fpu fpv5-d16
 4118              	tcp_netif_ip_addr_changed:
 4119              	.LVL410:
 4120              	.LFB217:
2332:Middlewares/Third_Party/LwIP/src/core/tcp.c ****   struct tcp_pcb_listen *lpcb;
 4121              		.loc 1 2332 1 is_stmt 1 view -0
 4122              		.cfi_startproc
 4123              		@ args = 0, pretend = 0, frame = 0
 4124              		@ frame_needed = 0, uses_anonymous_args = 0
2333:Middlewares/Third_Party/LwIP/src/core/tcp.c **** 
 4125              		.loc 1 2333 3 view .LVU1189
2335:Middlewares/Third_Party/LwIP/src/core/tcp.c ****     tcp_netif_ip_addr_changed_pcblist(old_addr, tcp_active_pcbs);
 4126              		.loc 1 2335 3 view .LVU1190
2335:Middlewares/Third_Party/LwIP/src/core/tcp.c ****     tcp_netif_ip_addr_changed_pcblist(old_addr, tcp_active_pcbs);
 4127              		.loc 1 2335 6 is_stmt 0 view .LVU1191
 4128 0000 00B3     		cbz	r0, .L392
2332:Middlewares/Third_Party/LwIP/src/core/tcp.c ****   struct tcp_pcb_listen *lpcb;
 4129              		.loc 1 2332 1 discriminator 1 view .LVU1192
 4130 0002 38B5     		push	{r3, r4, r5, lr}
 4131              	.LCFI42:
 4132              		.cfi_def_cfa_offset 16
 4133              		.cfi_offset 3, -16
 4134              		.cfi_offset 4, -12
 4135              		.cfi_offset 5, -8
 4136              		.cfi_offset 14, -4
 4137 0004 0D46     		mov	r5, r1
 4138 0006 0446     		mov	r4, r0
2335:Middlewares/Third_Party/LwIP/src/core/tcp.c ****     tcp_netif_ip_addr_changed_pcblist(old_addr, tcp_active_pcbs);
 4139              		.loc 1 2335 8 discriminator 1 view .LVU1193
 4140 0008 0368     		ldr	r3, [r0]
2335:Middlewares/Third_Party/LwIP/src/core/tcp.c ****     tcp_netif_ip_addr_changed_pcblist(old_addr, tcp_active_pcbs);
 4141              		.loc 1 2335 7 discriminator 1 view .LVU1194
 4142 000a 03B9     		cbnz	r3, .L395
 4143              	.LVL411:
 4144              	.L386:
2351:Middlewares/Third_Party/LwIP/src/core/tcp.c **** 
 4145              		.loc 1 2351 1 view .LVU1195
 4146 000c 38BD     		pop	{r3, r4, r5, pc}
 4147              	.LVL412:
 4148              	.L395:
2336:Middlewares/Third_Party/LwIP/src/core/tcp.c ****     tcp_netif_ip_addr_changed_pcblist(old_addr, tcp_bound_pcbs);
ARM GAS  /tmp/ccmQZyRb.s 			page 135


 4149              		.loc 1 2336 5 is_stmt 1 view .LVU1196
 4150 000e 0E4B     		ldr	r3, .L396
 4151 0010 1968     		ldr	r1, [r3]
 4152              	.LVL413:
2336:Middlewares/Third_Party/LwIP/src/core/tcp.c ****     tcp_netif_ip_addr_changed_pcblist(old_addr, tcp_bound_pcbs);
 4153              		.loc 1 2336 5 is_stmt 0 view .LVU1197
 4154 0012 FFF7FEFF 		bl	tcp_netif_ip_addr_changed_pcblist
 4155              	.LVL414:
2337:Middlewares/Third_Party/LwIP/src/core/tcp.c **** 
 4156              		.loc 1 2337 5 is_stmt 1 view .LVU1198
 4157 0016 0D4B     		ldr	r3, .L396+4
 4158 0018 1968     		ldr	r1, [r3]
 4159 001a 2046     		mov	r0, r4
 4160 001c FFF7FEFF 		bl	tcp_netif_ip_addr_changed_pcblist
 4161              	.LVL415:
2339:Middlewares/Third_Party/LwIP/src/core/tcp.c ****       /* PCB bound to current local interface address? */
 4162              		.loc 1 2339 5 view .LVU1199
2339:Middlewares/Third_Party/LwIP/src/core/tcp.c ****       /* PCB bound to current local interface address? */
 4163              		.loc 1 2339 8 is_stmt 0 view .LVU1200
 4164 0020 002D     		cmp	r5, #0
 4165 0022 F3D0     		beq	.L386
2339:Middlewares/Third_Party/LwIP/src/core/tcp.c ****       /* PCB bound to current local interface address? */
 4166              		.loc 1 2339 10 discriminator 1 view .LVU1201
 4167 0024 2B68     		ldr	r3, [r5]
2339:Middlewares/Third_Party/LwIP/src/core/tcp.c ****       /* PCB bound to current local interface address? */
 4168              		.loc 1 2339 9 discriminator 1 view .LVU1202
 4169 0026 002B     		cmp	r3, #0
 4170 0028 F0D0     		beq	.L386
2341:Middlewares/Third_Party/LwIP/src/core/tcp.c ****         /* PCB bound to current local interface address? */
 4171              		.loc 1 2341 7 is_stmt 1 view .LVU1203
2341:Middlewares/Third_Party/LwIP/src/core/tcp.c ****         /* PCB bound to current local interface address? */
 4172              		.loc 1 2341 17 is_stmt 0 view .LVU1204
 4173 002a 094B     		ldr	r3, .L396+8
 4174 002c 1B68     		ldr	r3, [r3]
 4175              	.LVL416:
2341:Middlewares/Third_Party/LwIP/src/core/tcp.c ****         /* PCB bound to current local interface address? */
 4176              		.loc 1 2341 7 view .LVU1205
 4177 002e 00E0     		b	.L388
 4178              	.L389:
2341:Middlewares/Third_Party/LwIP/src/core/tcp.c ****         /* PCB bound to current local interface address? */
 4179              		.loc 1 2341 62 is_stmt 1 discriminator 2 view .LVU1206
2341:Middlewares/Third_Party/LwIP/src/core/tcp.c ****         /* PCB bound to current local interface address? */
 4180              		.loc 1 2341 67 is_stmt 0 discriminator 2 view .LVU1207
 4181 0030 DB68     		ldr	r3, [r3, #12]
 4182              	.LVL417:
 4183              	.L388:
2341:Middlewares/Third_Party/LwIP/src/core/tcp.c ****         /* PCB bound to current local interface address? */
 4184              		.loc 1 2341 48 is_stmt 1 discriminator 1 view .LVU1208
2341:Middlewares/Third_Party/LwIP/src/core/tcp.c ****         /* PCB bound to current local interface address? */
 4185              		.loc 1 2341 7 is_stmt 0 discriminator 1 view .LVU1209
 4186 0032 002B     		cmp	r3, #0
 4187 0034 EAD0     		beq	.L386
2343:Middlewares/Third_Party/LwIP/src/core/tcp.c ****           /* The PCB is listening to the old ipaddr and
 4188              		.loc 1 2343 9 is_stmt 1 view .LVU1210
2343:Middlewares/Third_Party/LwIP/src/core/tcp.c ****           /* The PCB is listening to the old ipaddr and
 4189              		.loc 1 2343 13 is_stmt 0 view .LVU1211
 4190 0036 1968     		ldr	r1, [r3]
ARM GAS  /tmp/ccmQZyRb.s 			page 136


 4191 0038 2268     		ldr	r2, [r4]
2343:Middlewares/Third_Party/LwIP/src/core/tcp.c ****           /* The PCB is listening to the old ipaddr and
 4192              		.loc 1 2343 12 view .LVU1212
 4193 003a 9142     		cmp	r1, r2
 4194 003c F8D1     		bne	.L389
2346:Middlewares/Third_Party/LwIP/src/core/tcp.c ****         }
 4195              		.loc 1 2346 11 is_stmt 1 view .LVU1213
 4196 003e 2A68     		ldr	r2, [r5]
 4197 0040 1A60     		str	r2, [r3]
 4198 0042 F5E7     		b	.L389
 4199              	.LVL418:
 4200              	.L392:
 4201              	.LCFI43:
 4202              		.cfi_def_cfa_offset 0
 4203              		.cfi_restore 3
 4204              		.cfi_restore 4
 4205              		.cfi_restore 5
 4206              		.cfi_restore 14
2346:Middlewares/Third_Party/LwIP/src/core/tcp.c ****         }
 4207              		.loc 1 2346 11 is_stmt 0 view .LVU1214
 4208 0044 7047     		bx	lr
 4209              	.L397:
 4210 0046 00BF     		.align	2
 4211              	.L396:
 4212 0048 00000000 		.word	.LANCHOR2
 4213 004c 00000000 		.word	.LANCHOR3
 4214 0050 00000000 		.word	.LANCHOR4
 4215              		.cfi_endproc
 4216              	.LFE217:
 4218              		.section	.rodata.tcp_kill_state.str1.4,"aMS",%progbits,1
 4219              		.align	2
 4220              	.LC37:
 4221 0000 696E7661 		.ascii	"invalid state\000"
 4221      6C696420 
 4221      73746174 
 4221      6500
 4222              		.section	.text.tcp_kill_state,"ax",%progbits
 4223              		.align	1
 4224              		.syntax unified
 4225              		.thumb
 4226              		.thumb_func
 4227              		.fpu fpv5-d16
 4229              	tcp_kill_state:
 4230              	.LVL419:
 4231              	.LFB200:
1753:Middlewares/Third_Party/LwIP/src/core/tcp.c ****   struct tcp_pcb *pcb, *inactive;
 4232              		.loc 1 1753 1 is_stmt 1 view -0
 4233              		.cfi_startproc
 4234              		@ args = 0, pretend = 0, frame = 0
 4235              		@ frame_needed = 0, uses_anonymous_args = 0
1753:Middlewares/Third_Party/LwIP/src/core/tcp.c ****   struct tcp_pcb *pcb, *inactive;
 4236              		.loc 1 1753 1 is_stmt 0 view .LVU1216
 4237 0000 38B5     		push	{r3, r4, r5, lr}
 4238              	.LCFI44:
 4239              		.cfi_def_cfa_offset 16
 4240              		.cfi_offset 3, -16
 4241              		.cfi_offset 4, -12
ARM GAS  /tmp/ccmQZyRb.s 			page 137


 4242              		.cfi_offset 5, -8
 4243              		.cfi_offset 14, -4
 4244 0002 0446     		mov	r4, r0
1754:Middlewares/Third_Party/LwIP/src/core/tcp.c ****   u32_t inactivity;
 4245              		.loc 1 1754 3 is_stmt 1 view .LVU1217
1755:Middlewares/Third_Party/LwIP/src/core/tcp.c **** 
 4246              		.loc 1 1755 3 view .LVU1218
1757:Middlewares/Third_Party/LwIP/src/core/tcp.c **** 
 4247              		.loc 1 1757 3 view .LVU1219
1757:Middlewares/Third_Party/LwIP/src/core/tcp.c **** 
 4248              		.loc 1 1757 3 view .LVU1220
 4249 0004 A0F10803 		sub	r3, r0, #8
 4250 0008 DBB2     		uxtb	r3, r3
 4251 000a 012B     		cmp	r3, #1
 4252 000c 04D8     		bhi	.L406
 4253              	.LVL420:
 4254              	.L399:
1757:Middlewares/Third_Party/LwIP/src/core/tcp.c **** 
 4255              		.loc 1 1757 3 discriminator 3 view .LVU1221
1757:Middlewares/Third_Party/LwIP/src/core/tcp.c **** 
 4256              		.loc 1 1757 3 discriminator 3 view .LVU1222
1759:Middlewares/Third_Party/LwIP/src/core/tcp.c ****   inactive = NULL;
 4257              		.loc 1 1759 3 discriminator 3 view .LVU1223
1760:Middlewares/Third_Party/LwIP/src/core/tcp.c ****   /* Go through the list of active pcbs and get the oldest pcb that is in state
 4258              		.loc 1 1760 3 discriminator 3 view .LVU1224
1763:Middlewares/Third_Party/LwIP/src/core/tcp.c ****     if (pcb->state == state) {
 4259              		.loc 1 1763 3 discriminator 3 view .LVU1225
1763:Middlewares/Third_Party/LwIP/src/core/tcp.c ****     if (pcb->state == state) {
 4260              		.loc 1 1763 12 is_stmt 0 discriminator 3 view .LVU1226
 4261 000e 104B     		ldr	r3, .L408
 4262 0010 1B68     		ldr	r3, [r3]
 4263              	.LVL421:
1759:Middlewares/Third_Party/LwIP/src/core/tcp.c ****   inactive = NULL;
 4264              		.loc 1 1759 14 discriminator 3 view .LVU1227
 4265 0012 0021     		movs	r1, #0
1760:Middlewares/Third_Party/LwIP/src/core/tcp.c ****   /* Go through the list of active pcbs and get the oldest pcb that is in state
 4266              		.loc 1 1760 12 discriminator 3 view .LVU1228
 4267 0014 0846     		mov	r0, r1
1763:Middlewares/Third_Party/LwIP/src/core/tcp.c ****     if (pcb->state == state) {
 4268              		.loc 1 1763 3 discriminator 3 view .LVU1229
 4269 0016 08E0     		b	.L400
 4270              	.LVL422:
 4271              	.L406:
1757:Middlewares/Third_Party/LwIP/src/core/tcp.c **** 
 4272              		.loc 1 1757 3 is_stmt 1 discriminator 1 view .LVU1230
1757:Middlewares/Third_Party/LwIP/src/core/tcp.c **** 
 4273              		.loc 1 1757 3 discriminator 1 view .LVU1231
 4274 0018 0E4B     		ldr	r3, .L408+4
 4275 001a 40F2DD62 		movw	r2, #1757
 4276 001e 0E49     		ldr	r1, .L408+8
 4277 0020 0E48     		ldr	r0, .L408+12
 4278              	.LVL423:
1757:Middlewares/Third_Party/LwIP/src/core/tcp.c **** 
 4279              		.loc 1 1757 3 is_stmt 0 discriminator 1 view .LVU1232
 4280 0022 FFF7FEFF 		bl	printf
 4281              	.LVL424:
 4282 0026 F2E7     		b	.L399
ARM GAS  /tmp/ccmQZyRb.s 			page 138


 4283              	.LVL425:
 4284              	.L401:
1763:Middlewares/Third_Party/LwIP/src/core/tcp.c ****     if (pcb->state == state) {
 4285              		.loc 1 1763 44 is_stmt 1 discriminator 2 view .LVU1233
1763:Middlewares/Third_Party/LwIP/src/core/tcp.c ****     if (pcb->state == state) {
 4286              		.loc 1 1763 48 is_stmt 0 discriminator 2 view .LVU1234
 4287 0028 DB68     		ldr	r3, [r3, #12]
 4288              	.LVL426:
 4289              	.L400:
1763:Middlewares/Third_Party/LwIP/src/core/tcp.c ****     if (pcb->state == state) {
 4290              		.loc 1 1763 31 is_stmt 1 discriminator 1 view .LVU1235
1763:Middlewares/Third_Party/LwIP/src/core/tcp.c ****     if (pcb->state == state) {
 4291              		.loc 1 1763 3 is_stmt 0 discriminator 1 view .LVU1236
 4292 002a 5BB1     		cbz	r3, .L407
1764:Middlewares/Third_Party/LwIP/src/core/tcp.c ****       if ((u32_t)(tcp_ticks - pcb->tmr) >= inactivity) {
 4293              		.loc 1 1764 5 is_stmt 1 view .LVU1237
1764:Middlewares/Third_Party/LwIP/src/core/tcp.c ****       if ((u32_t)(tcp_ticks - pcb->tmr) >= inactivity) {
 4294              		.loc 1 1764 12 is_stmt 0 view .LVU1238
 4295 002c 1A7D     		ldrb	r2, [r3, #20]	@ zero_extendqisi2
1764:Middlewares/Third_Party/LwIP/src/core/tcp.c ****       if ((u32_t)(tcp_ticks - pcb->tmr) >= inactivity) {
 4296              		.loc 1 1764 8 view .LVU1239
 4297 002e A242     		cmp	r2, r4
 4298 0030 FAD1     		bne	.L401
1765:Middlewares/Third_Party/LwIP/src/core/tcp.c ****         inactivity = tcp_ticks - pcb->tmr;
 4299              		.loc 1 1765 7 is_stmt 1 view .LVU1240
1765:Middlewares/Third_Party/LwIP/src/core/tcp.c ****         inactivity = tcp_ticks - pcb->tmr;
 4300              		.loc 1 1765 29 is_stmt 0 view .LVU1241
 4301 0032 0B4A     		ldr	r2, .L408+16
 4302 0034 1268     		ldr	r2, [r2]
 4303 0036 1D6A     		ldr	r5, [r3, #32]
 4304 0038 521B     		subs	r2, r2, r5
1765:Middlewares/Third_Party/LwIP/src/core/tcp.c ****         inactivity = tcp_ticks - pcb->tmr;
 4305              		.loc 1 1765 10 view .LVU1242
 4306 003a 8A42     		cmp	r2, r1
 4307 003c F4D3     		bcc	.L401
1766:Middlewares/Third_Party/LwIP/src/core/tcp.c ****         inactive = pcb;
 4308              		.loc 1 1766 20 view .LVU1243
 4309 003e 1146     		mov	r1, r2
 4310              	.LVL427:
1767:Middlewares/Third_Party/LwIP/src/core/tcp.c ****       }
 4311              		.loc 1 1767 18 view .LVU1244
 4312 0040 1846     		mov	r0, r3
 4313              	.LVL428:
1767:Middlewares/Third_Party/LwIP/src/core/tcp.c ****       }
 4314              		.loc 1 1767 18 view .LVU1245
 4315 0042 F1E7     		b	.L401
 4316              	.LVL429:
 4317              	.L407:
1771:Middlewares/Third_Party/LwIP/src/core/tcp.c ****     LWIP_DEBUGF(TCP_DEBUG, ("tcp_kill_closing: killing oldest %s PCB %p (%"S32_F")\n",
 4318              		.loc 1 1771 3 is_stmt 1 view .LVU1246
1771:Middlewares/Third_Party/LwIP/src/core/tcp.c ****     LWIP_DEBUGF(TCP_DEBUG, ("tcp_kill_closing: killing oldest %s PCB %p (%"S32_F")\n",
 4319              		.loc 1 1771 6 is_stmt 0 view .LVU1247
 4320 0044 10B1     		cbz	r0, .L398
1773:Middlewares/Third_Party/LwIP/src/core/tcp.c ****     /* Don't send a RST, since no data is lost. */
 4321              		.loc 1 1773 81 is_stmt 1 view .LVU1248
1775:Middlewares/Third_Party/LwIP/src/core/tcp.c ****   }
 4322              		.loc 1 1775 5 view .LVU1249
ARM GAS  /tmp/ccmQZyRb.s 			page 139


 4323 0046 0021     		movs	r1, #0
 4324              	.LVL430:
1775:Middlewares/Third_Party/LwIP/src/core/tcp.c ****   }
 4325              		.loc 1 1775 5 is_stmt 0 view .LVU1250
 4326 0048 FFF7FEFF 		bl	tcp_abandon
 4327              	.LVL431:
 4328              	.L398:
1777:Middlewares/Third_Party/LwIP/src/core/tcp.c **** 
 4329              		.loc 1 1777 1 view .LVU1251
 4330 004c 38BD     		pop	{r3, r4, r5, pc}
 4331              	.L409:
 4332 004e 00BF     		.align	2
 4333              	.L408:
 4334 0050 00000000 		.word	.LANCHOR2
 4335 0054 00000000 		.word	.LC0
 4336 0058 00000000 		.word	.LC37
 4337 005c 54000000 		.word	.LC2
 4338 0060 00000000 		.word	.LANCHOR6
 4339              		.cfi_endproc
 4340              	.LFE200:
 4342              		.section	.text.tcp_alloc,"ax",%progbits
 4343              		.align	1
 4344              		.global	tcp_alloc
 4345              		.syntax unified
 4346              		.thumb
 4347              		.thumb_func
 4348              		.fpu fpv5-d16
 4350              	tcp_alloc:
 4351              	.LVL432:
 4352              	.LFB203:
1835:Middlewares/Third_Party/LwIP/src/core/tcp.c ****   struct tcp_pcb *pcb;
 4353              		.loc 1 1835 1 is_stmt 1 view -0
 4354              		.cfi_startproc
 4355              		@ args = 0, pretend = 0, frame = 0
 4356              		@ frame_needed = 0, uses_anonymous_args = 0
1835:Middlewares/Third_Party/LwIP/src/core/tcp.c ****   struct tcp_pcb *pcb;
 4357              		.loc 1 1835 1 is_stmt 0 view .LVU1253
 4358 0000 38B5     		push	{r3, r4, r5, lr}
 4359              	.LCFI45:
 4360              		.cfi_def_cfa_offset 16
 4361              		.cfi_offset 3, -16
 4362              		.cfi_offset 4, -12
 4363              		.cfi_offset 5, -8
 4364              		.cfi_offset 14, -4
 4365 0002 0546     		mov	r5, r0
1836:Middlewares/Third_Party/LwIP/src/core/tcp.c **** 
 4366              		.loc 1 1836 3 is_stmt 1 view .LVU1254
1838:Middlewares/Third_Party/LwIP/src/core/tcp.c **** 
 4367              		.loc 1 1838 28 view .LVU1255
1840:Middlewares/Third_Party/LwIP/src/core/tcp.c ****   if (pcb == NULL) {
 4368              		.loc 1 1840 3 view .LVU1256
1840:Middlewares/Third_Party/LwIP/src/core/tcp.c ****   if (pcb == NULL) {
 4369              		.loc 1 1840 27 is_stmt 0 view .LVU1257
 4370 0004 0120     		movs	r0, #1
 4371              	.LVL433:
1840:Middlewares/Third_Party/LwIP/src/core/tcp.c ****   if (pcb == NULL) {
 4372              		.loc 1 1840 27 view .LVU1258
ARM GAS  /tmp/ccmQZyRb.s 			page 140


 4373 0006 FFF7FEFF 		bl	memp_malloc
 4374              	.LVL434:
1841:Middlewares/Third_Party/LwIP/src/core/tcp.c ****     /* Try to send FIN for all pcbs stuck in TF_CLOSEPEND first */
 4375              		.loc 1 1841 3 is_stmt 1 view .LVU1259
1841:Middlewares/Third_Party/LwIP/src/core/tcp.c ****     /* Try to send FIN for all pcbs stuck in TF_CLOSEPEND first */
 4376              		.loc 1 1841 6 is_stmt 0 view .LVU1260
 4377 000a 0446     		mov	r4, r0
 4378 000c 68B3     		cbz	r0, .L414
 4379              	.L411:
1885:Middlewares/Third_Party/LwIP/src/core/tcp.c ****     }
 4380              		.loc 1 1885 40 is_stmt 1 view .LVU1261
1888:Middlewares/Third_Party/LwIP/src/core/tcp.c ****     /* zero out the whole pcb, so there is no need to initialize members to zero */
 4381              		.loc 1 1888 3 view .LVU1262
1888:Middlewares/Third_Party/LwIP/src/core/tcp.c ****     /* zero out the whole pcb, so there is no need to initialize members to zero */
 4382              		.loc 1 1888 6 is_stmt 0 view .LVU1263
 4383 000e 54B3     		cbz	r4, .L410
1890:Middlewares/Third_Party/LwIP/src/core/tcp.c ****     pcb->prio = prio;
 4384              		.loc 1 1890 5 is_stmt 1 view .LVU1264
 4385 0010 9C22     		movs	r2, #156
 4386 0012 0021     		movs	r1, #0
 4387 0014 2046     		mov	r0, r4
1890:Middlewares/Third_Party/LwIP/src/core/tcp.c ****     pcb->prio = prio;
 4388              		.loc 1 1890 5 is_stmt 0 view .LVU1265
 4389 0016 FFF7FEFF 		bl	memset
 4390              	.LVL435:
1891:Middlewares/Third_Party/LwIP/src/core/tcp.c ****     pcb->snd_buf = TCP_SND_BUF;
 4391              		.loc 1 1891 5 is_stmt 1 view .LVU1266
1891:Middlewares/Third_Party/LwIP/src/core/tcp.c ****     pcb->snd_buf = TCP_SND_BUF;
 4392              		.loc 1 1891 15 is_stmt 0 view .LVU1267
 4393 001a 6575     		strb	r5, [r4, #21]
1892:Middlewares/Third_Party/LwIP/src/core/tcp.c ****     /* Start with a window that does not need scaling. When window scaling is
 4394              		.loc 1 1892 5 is_stmt 1 view .LVU1268
1892:Middlewares/Third_Party/LwIP/src/core/tcp.c ****     /* Start with a window that does not need scaling. When window scaling is
 4395              		.loc 1 1892 18 is_stmt 0 view .LVU1269
 4396 001c 40F66833 		movw	r3, #2920
 4397 0020 A4F86430 		strh	r3, [r4, #100]	@ movhi
1895:Middlewares/Third_Party/LwIP/src/core/tcp.c ****     pcb->ttl = TCP_TTL;
 4398              		.loc 1 1895 5 is_stmt 1 view .LVU1270
1895:Middlewares/Third_Party/LwIP/src/core/tcp.c ****     pcb->ttl = TCP_TTL;
 4399              		.loc 1 1895 37 is_stmt 0 view .LVU1271
 4400 0024 41F2D062 		movw	r2, #5840
 4401 0028 6285     		strh	r2, [r4, #42]	@ movhi
1895:Middlewares/Third_Party/LwIP/src/core/tcp.c ****     pcb->ttl = TCP_TTL;
 4402              		.loc 1 1895 18 view .LVU1272
 4403 002a 2285     		strh	r2, [r4, #40]	@ movhi
1896:Middlewares/Third_Party/LwIP/src/core/tcp.c ****     /* As initial send MSS, we use TCP_MSS but limit it to 536.
 4404              		.loc 1 1896 5 is_stmt 1 view .LVU1273
1896:Middlewares/Third_Party/LwIP/src/core/tcp.c ****     /* As initial send MSS, we use TCP_MSS but limit it to 536.
 4405              		.loc 1 1896 14 is_stmt 0 view .LVU1274
 4406 002c FF22     		movs	r2, #255
 4407 002e E272     		strb	r2, [r4, #11]
1899:Middlewares/Third_Party/LwIP/src/core/tcp.c ****     pcb->rto = 3000 / TCP_SLOW_INTERVAL;
 4408              		.loc 1 1899 5 is_stmt 1 view .LVU1275
1899:Middlewares/Third_Party/LwIP/src/core/tcp.c ****     pcb->rto = 3000 / TCP_SLOW_INTERVAL;
 4409              		.loc 1 1899 14 is_stmt 0 view .LVU1276
 4410 0030 4FF40672 		mov	r2, #536
 4411 0034 6286     		strh	r2, [r4, #50]	@ movhi
ARM GAS  /tmp/ccmQZyRb.s 			page 141


1900:Middlewares/Third_Party/LwIP/src/core/tcp.c ****     pcb->sv = 3000 / TCP_SLOW_INTERVAL;
 4412              		.loc 1 1900 5 is_stmt 1 view .LVU1277
1900:Middlewares/Third_Party/LwIP/src/core/tcp.c ****     pcb->sv = 3000 / TCP_SLOW_INTERVAL;
 4413              		.loc 1 1900 14 is_stmt 0 view .LVU1278
 4414 0036 0622     		movs	r2, #6
 4415 0038 A4F84020 		strh	r2, [r4, #64]	@ movhi
1901:Middlewares/Third_Party/LwIP/src/core/tcp.c ****     pcb->rtime = -1;
 4416              		.loc 1 1901 5 is_stmt 1 view .LVU1279
1901:Middlewares/Third_Party/LwIP/src/core/tcp.c ****     pcb->rtime = -1;
 4417              		.loc 1 1901 13 is_stmt 0 view .LVU1280
 4418 003c E287     		strh	r2, [r4, #62]	@ movhi
1902:Middlewares/Third_Party/LwIP/src/core/tcp.c ****     pcb->cwnd = 1;
 4419              		.loc 1 1902 5 is_stmt 1 view .LVU1281
1902:Middlewares/Third_Party/LwIP/src/core/tcp.c ****     pcb->cwnd = 1;
 4420              		.loc 1 1902 16 is_stmt 0 view .LVU1282
 4421 003e 4FF6FF72 		movw	r2, #65535
 4422 0042 2286     		strh	r2, [r4, #48]	@ movhi
1903:Middlewares/Third_Party/LwIP/src/core/tcp.c ****     pcb->tmr = tcp_ticks;
 4423              		.loc 1 1903 5 is_stmt 1 view .LVU1283
1903:Middlewares/Third_Party/LwIP/src/core/tcp.c ****     pcb->tmr = tcp_ticks;
 4424              		.loc 1 1903 15 is_stmt 0 view .LVU1284
 4425 0044 0122     		movs	r2, #1
 4426 0046 A4F84820 		strh	r2, [r4, #72]	@ movhi
1904:Middlewares/Third_Party/LwIP/src/core/tcp.c ****     pcb->last_timer = tcp_timer_ctr;
 4427              		.loc 1 1904 5 is_stmt 1 view .LVU1285
1904:Middlewares/Third_Party/LwIP/src/core/tcp.c ****     pcb->last_timer = tcp_timer_ctr;
 4428              		.loc 1 1904 14 is_stmt 0 view .LVU1286
 4429 004a 1A4A     		ldr	r2, .L415
 4430 004c 1268     		ldr	r2, [r2]
 4431 004e 2262     		str	r2, [r4, #32]
1905:Middlewares/Third_Party/LwIP/src/core/tcp.c **** 
 4432              		.loc 1 1905 5 is_stmt 1 view .LVU1287
1905:Middlewares/Third_Party/LwIP/src/core/tcp.c **** 
 4433              		.loc 1 1905 21 is_stmt 0 view .LVU1288
 4434 0050 194A     		ldr	r2, .L415+4
 4435 0052 1278     		ldrb	r2, [r2]	@ zero_extendqisi2
 4436 0054 A277     		strb	r2, [r4, #30]
1913:Middlewares/Third_Party/LwIP/src/core/tcp.c **** 
 4437              		.loc 1 1913 5 is_stmt 1 view .LVU1289
1913:Middlewares/Third_Party/LwIP/src/core/tcp.c **** 
 4438              		.loc 1 1913 19 is_stmt 0 view .LVU1290
 4439 0056 A4F84A30 		strh	r3, [r4, #74]	@ movhi
1916:Middlewares/Third_Party/LwIP/src/core/tcp.c **** #endif /* LWIP_CALLBACK_API */
 4440              		.loc 1 1916 5 is_stmt 1 view .LVU1291
1916:Middlewares/Third_Party/LwIP/src/core/tcp.c **** #endif /* LWIP_CALLBACK_API */
 4441              		.loc 1 1916 15 is_stmt 0 view .LVU1292
 4442 005a 184B     		ldr	r3, .L415+8
 4443 005c C4F88430 		str	r3, [r4, #132]
1920:Middlewares/Third_Party/LwIP/src/core/tcp.c **** 
 4444              		.loc 1 1920 5 is_stmt 1 view .LVU1293
1920:Middlewares/Third_Party/LwIP/src/core/tcp.c **** 
 4445              		.loc 1 1920 21 is_stmt 0 view .LVU1294
 4446 0060 174B     		ldr	r3, .L415+12
 4447 0062 C4F89430 		str	r3, [r4, #148]
1927:Middlewares/Third_Party/LwIP/src/core/tcp.c **** }
 4448              		.loc 1 1927 3 is_stmt 1 view .LVU1295
 4449              	.L410:
ARM GAS  /tmp/ccmQZyRb.s 			page 142


1928:Middlewares/Third_Party/LwIP/src/core/tcp.c **** 
 4450              		.loc 1 1928 1 is_stmt 0 view .LVU1296
 4451 0066 2046     		mov	r0, r4
 4452 0068 38BD     		pop	{r3, r4, r5, pc}
 4453              	.LVL436:
 4454              	.L414:
1843:Middlewares/Third_Party/LwIP/src/core/tcp.c **** 
 4455              		.loc 1 1843 5 is_stmt 1 view .LVU1297
 4456 006a FFF7FEFF 		bl	tcp_handle_closepend
 4457              	.LVL437:
1846:Middlewares/Third_Party/LwIP/src/core/tcp.c ****     tcp_kill_timewait();
 4458              		.loc 1 1846 85 view .LVU1298
1847:Middlewares/Third_Party/LwIP/src/core/tcp.c ****     /* Try to allocate a tcp_pcb again. */
 4459              		.loc 1 1847 5 view .LVU1299
 4460 006e FFF7FEFF 		bl	tcp_kill_timewait
 4461              	.LVL438:
1849:Middlewares/Third_Party/LwIP/src/core/tcp.c ****     if (pcb == NULL) {
 4462              		.loc 1 1849 5 view .LVU1300
1849:Middlewares/Third_Party/LwIP/src/core/tcp.c ****     if (pcb == NULL) {
 4463              		.loc 1 1849 29 is_stmt 0 view .LVU1301
 4464 0072 0120     		movs	r0, #1
 4465 0074 FFF7FEFF 		bl	memp_malloc
 4466              	.LVL439:
1850:Middlewares/Third_Party/LwIP/src/core/tcp.c ****       /* Try killing oldest connection in LAST-ACK (these wouldn't go to TIME-WAIT). */
 4467              		.loc 1 1850 5 is_stmt 1 view .LVU1302
1850:Middlewares/Third_Party/LwIP/src/core/tcp.c ****       /* Try killing oldest connection in LAST-ACK (these wouldn't go to TIME-WAIT). */
 4468              		.loc 1 1850 8 is_stmt 0 view .LVU1303
 4469 0078 0446     		mov	r4, r0
 4470 007a 0028     		cmp	r0, #0
 4471 007c C7D1     		bne	.L411
1852:Middlewares/Third_Party/LwIP/src/core/tcp.c ****       tcp_kill_state(LAST_ACK);
 4472              		.loc 1 1852 86 is_stmt 1 view .LVU1304
1853:Middlewares/Third_Party/LwIP/src/core/tcp.c ****       /* Try to allocate a tcp_pcb again. */
 4473              		.loc 1 1853 7 view .LVU1305
 4474 007e 0920     		movs	r0, #9
 4475              	.LVL440:
1853:Middlewares/Third_Party/LwIP/src/core/tcp.c ****       /* Try to allocate a tcp_pcb again. */
 4476              		.loc 1 1853 7 is_stmt 0 view .LVU1306
 4477 0080 FFF7FEFF 		bl	tcp_kill_state
 4478              	.LVL441:
1855:Middlewares/Third_Party/LwIP/src/core/tcp.c ****       if (pcb == NULL) {
 4479              		.loc 1 1855 7 is_stmt 1 view .LVU1307
1855:Middlewares/Third_Party/LwIP/src/core/tcp.c ****       if (pcb == NULL) {
 4480              		.loc 1 1855 31 is_stmt 0 view .LVU1308
 4481 0084 0120     		movs	r0, #1
 4482 0086 FFF7FEFF 		bl	memp_malloc
 4483              	.LVL442:
1856:Middlewares/Third_Party/LwIP/src/core/tcp.c ****         /* Try killing oldest connection in CLOSING. */
 4484              		.loc 1 1856 7 is_stmt 1 view .LVU1309
1856:Middlewares/Third_Party/LwIP/src/core/tcp.c ****         /* Try killing oldest connection in CLOSING. */
 4485              		.loc 1 1856 10 is_stmt 0 view .LVU1310
 4486 008a 0446     		mov	r4, r0
 4487 008c 0028     		cmp	r0, #0
 4488 008e BED1     		bne	.L411
1858:Middlewares/Third_Party/LwIP/src/core/tcp.c ****         tcp_kill_state(CLOSING);
 4489              		.loc 1 1858 87 is_stmt 1 view .LVU1311
1859:Middlewares/Third_Party/LwIP/src/core/tcp.c ****         /* Try to allocate a tcp_pcb again. */
ARM GAS  /tmp/ccmQZyRb.s 			page 143


 4490              		.loc 1 1859 9 view .LVU1312
 4491 0090 0820     		movs	r0, #8
 4492              	.LVL443:
1859:Middlewares/Third_Party/LwIP/src/core/tcp.c ****         /* Try to allocate a tcp_pcb again. */
 4493              		.loc 1 1859 9 is_stmt 0 view .LVU1313
 4494 0092 FFF7FEFF 		bl	tcp_kill_state
 4495              	.LVL444:
1861:Middlewares/Third_Party/LwIP/src/core/tcp.c ****         if (pcb == NULL) {
 4496              		.loc 1 1861 9 is_stmt 1 view .LVU1314
1861:Middlewares/Third_Party/LwIP/src/core/tcp.c ****         if (pcb == NULL) {
 4497              		.loc 1 1861 33 is_stmt 0 view .LVU1315
 4498 0096 0120     		movs	r0, #1
 4499 0098 FFF7FEFF 		bl	memp_malloc
 4500              	.LVL445:
1862:Middlewares/Third_Party/LwIP/src/core/tcp.c ****           /* Try killing oldest active connection with lower priority than the new one. */
 4501              		.loc 1 1862 9 is_stmt 1 view .LVU1316
1862:Middlewares/Third_Party/LwIP/src/core/tcp.c ****           /* Try killing oldest active connection with lower priority than the new one. */
 4502              		.loc 1 1862 12 is_stmt 0 view .LVU1317
 4503 009c 0446     		mov	r4, r0
 4504 009e 0028     		cmp	r0, #0
 4505 00a0 B5D1     		bne	.L411
1864:Middlewares/Third_Party/LwIP/src/core/tcp.c ****           tcp_kill_prio(prio);
 4506              		.loc 1 1864 107 is_stmt 1 view .LVU1318
1865:Middlewares/Third_Party/LwIP/src/core/tcp.c ****           /* Try to allocate a tcp_pcb again. */
 4507              		.loc 1 1865 11 view .LVU1319
 4508 00a2 2846     		mov	r0, r5
 4509              	.LVL446:
1865:Middlewares/Third_Party/LwIP/src/core/tcp.c ****           /* Try to allocate a tcp_pcb again. */
 4510              		.loc 1 1865 11 is_stmt 0 view .LVU1320
 4511 00a4 FFF7FEFF 		bl	tcp_kill_prio
 4512              	.LVL447:
1867:Middlewares/Third_Party/LwIP/src/core/tcp.c ****           if (pcb != NULL) {
 4513              		.loc 1 1867 11 is_stmt 1 view .LVU1321
1867:Middlewares/Third_Party/LwIP/src/core/tcp.c ****           if (pcb != NULL) {
 4514              		.loc 1 1867 35 is_stmt 0 view .LVU1322
 4515 00a8 0120     		movs	r0, #1
 4516 00aa FFF7FEFF 		bl	memp_malloc
 4517              	.LVL448:
 4518 00ae 0446     		mov	r4, r0
 4519              	.LVL449:
1868:Middlewares/Third_Party/LwIP/src/core/tcp.c ****             /* adjust err stats: memp_malloc failed multiple times before */
 4520              		.loc 1 1868 11 is_stmt 1 view .LVU1323
 4521 00b0 ADE7     		b	.L411
 4522              	.L416:
 4523 00b2 00BF     		.align	2
 4524              	.L415:
 4525 00b4 00000000 		.word	.LANCHOR6
 4526 00b8 00000000 		.word	.LANCHOR10
 4527 00bc 00000000 		.word	tcp_recv_null
 4528 00c0 00DD6D00 		.word	7200000
 4529              		.cfi_endproc
 4530              	.LFE203:
 4532              		.section	.text.tcp_new,"ax",%progbits
 4533              		.align	1
 4534              		.global	tcp_new
 4535              		.syntax unified
 4536              		.thumb
ARM GAS  /tmp/ccmQZyRb.s 			page 144


 4537              		.thumb_func
 4538              		.fpu fpv5-d16
 4540              	tcp_new:
 4541              	.LFB204:
1946:Middlewares/Third_Party/LwIP/src/core/tcp.c ****   return tcp_alloc(TCP_PRIO_NORMAL);
 4542              		.loc 1 1946 1 view -0
 4543              		.cfi_startproc
 4544              		@ args = 0, pretend = 0, frame = 0
 4545              		@ frame_needed = 0, uses_anonymous_args = 0
 4546 0000 08B5     		push	{r3, lr}
 4547              	.LCFI46:
 4548              		.cfi_def_cfa_offset 8
 4549              		.cfi_offset 3, -8
 4550              		.cfi_offset 14, -4
1947:Middlewares/Third_Party/LwIP/src/core/tcp.c **** }
 4551              		.loc 1 1947 3 view .LVU1325
1947:Middlewares/Third_Party/LwIP/src/core/tcp.c **** }
 4552              		.loc 1 1947 10 is_stmt 0 view .LVU1326
 4553 0002 4020     		movs	r0, #64
 4554 0004 FFF7FEFF 		bl	tcp_alloc
 4555              	.LVL450:
1948:Middlewares/Third_Party/LwIP/src/core/tcp.c **** 
 4556              		.loc 1 1948 1 view .LVU1327
 4557 0008 08BD     		pop	{r3, pc}
 4558              		.cfi_endproc
 4559              	.LFE204:
 4561              		.section	.text.tcp_new_ip_type,"ax",%progbits
 4562              		.align	1
 4563              		.global	tcp_new_ip_type
 4564              		.syntax unified
 4565              		.thumb
 4566              		.thumb_func
 4567              		.fpu fpv5-d16
 4569              	tcp_new_ip_type:
 4570              	.LVL451:
 4571              	.LFB205:
1963:Middlewares/Third_Party/LwIP/src/core/tcp.c ****   struct tcp_pcb *pcb;
 4572              		.loc 1 1963 1 is_stmt 1 view -0
 4573              		.cfi_startproc
 4574              		@ args = 0, pretend = 0, frame = 0
 4575              		@ frame_needed = 0, uses_anonymous_args = 0
1963:Middlewares/Third_Party/LwIP/src/core/tcp.c ****   struct tcp_pcb *pcb;
 4576              		.loc 1 1963 1 is_stmt 0 view .LVU1329
 4577 0000 08B5     		push	{r3, lr}
 4578              	.LCFI47:
 4579              		.cfi_def_cfa_offset 8
 4580              		.cfi_offset 3, -8
 4581              		.cfi_offset 14, -4
1964:Middlewares/Third_Party/LwIP/src/core/tcp.c ****   pcb = tcp_alloc(TCP_PRIO_NORMAL);
 4582              		.loc 1 1964 3 is_stmt 1 view .LVU1330
1965:Middlewares/Third_Party/LwIP/src/core/tcp.c **** #if LWIP_IPV4 && LWIP_IPV6
 4583              		.loc 1 1965 3 view .LVU1331
1965:Middlewares/Third_Party/LwIP/src/core/tcp.c **** #if LWIP_IPV4 && LWIP_IPV6
 4584              		.loc 1 1965 9 is_stmt 0 view .LVU1332
 4585 0002 4020     		movs	r0, #64
 4586              	.LVL452:
1965:Middlewares/Third_Party/LwIP/src/core/tcp.c **** #if LWIP_IPV4 && LWIP_IPV6
ARM GAS  /tmp/ccmQZyRb.s 			page 145


 4587              		.loc 1 1965 9 view .LVU1333
 4588 0004 FFF7FEFF 		bl	tcp_alloc
 4589              	.LVL453:
1972:Middlewares/Third_Party/LwIP/src/core/tcp.c **** #endif /* LWIP_IPV4 && LWIP_IPV6 */
 4590              		.loc 1 1972 3 is_stmt 1 view .LVU1334
1974:Middlewares/Third_Party/LwIP/src/core/tcp.c **** }
 4591              		.loc 1 1974 3 view .LVU1335
1975:Middlewares/Third_Party/LwIP/src/core/tcp.c **** 
 4592              		.loc 1 1975 1 is_stmt 0 view .LVU1336
 4593 0008 08BD     		pop	{r3, pc}
 4594              		.cfi_endproc
 4595              	.LFE205:
 4597              		.section	.rodata.tcp_close_shutdown.str1.4,"aMS",%progbits,1
 4598              		.align	2
 4599              	.LC38:
 4600 0000 7463705F 		.ascii	"tcp_close_shutdown: invalid pcb\000"
 4600      636C6F73 
 4600      655F7368 
 4600      7574646F 
 4600      776E3A20 
 4601              		.align	2
 4602              	.LC39:
 4603 0020 7063622D 		.ascii	"pcb->flags & TF_RXCLOSED\000"
 4603      3E666C61 
 4603      67732026 
 4603      2054465F 
 4603      5258434C 
 4604              		.section	.text.tcp_close_shutdown,"ax",%progbits
 4605              		.align	1
 4606              		.syntax unified
 4607              		.thumb
 4608              		.thumb_func
 4609              		.fpu fpv5-d16
 4611              	tcp_close_shutdown:
 4612              	.LVL454:
 4613              	.LFB175:
 349:Middlewares/Third_Party/LwIP/src/core/tcp.c ****   LWIP_ASSERT("tcp_close_shutdown: invalid pcb", pcb != NULL);
 4614              		.loc 1 349 1 is_stmt 1 view -0
 4615              		.cfi_startproc
 4616              		@ args = 0, pretend = 0, frame = 0
 4617              		@ frame_needed = 0, uses_anonymous_args = 0
 349:Middlewares/Third_Party/LwIP/src/core/tcp.c ****   LWIP_ASSERT("tcp_close_shutdown: invalid pcb", pcb != NULL);
 4618              		.loc 1 349 1 is_stmt 0 view .LVU1338
 4619 0000 30B5     		push	{r4, r5, lr}
 4620              	.LCFI48:
 4621              		.cfi_def_cfa_offset 12
 4622              		.cfi_offset 4, -12
 4623              		.cfi_offset 5, -8
 4624              		.cfi_offset 14, -4
 4625 0002 85B0     		sub	sp, sp, #20
 4626              	.LCFI49:
 4627              		.cfi_def_cfa_offset 32
 4628 0004 0D46     		mov	r5, r1
 350:Middlewares/Third_Party/LwIP/src/core/tcp.c **** 
 4629              		.loc 1 350 3 is_stmt 1 view .LVU1339
 350:Middlewares/Third_Party/LwIP/src/core/tcp.c **** 
 4630              		.loc 1 350 3 view .LVU1340
ARM GAS  /tmp/ccmQZyRb.s 			page 146


 4631 0006 0446     		mov	r4, r0
 4632 0008 28B3     		cbz	r0, .L442
 4633              	.LVL455:
 4634              	.L422:
 350:Middlewares/Third_Party/LwIP/src/core/tcp.c **** 
 4635              		.loc 1 350 3 discriminator 3 view .LVU1341
 350:Middlewares/Third_Party/LwIP/src/core/tcp.c **** 
 4636              		.loc 1 350 3 discriminator 3 view .LVU1342
 352:Middlewares/Third_Party/LwIP/src/core/tcp.c ****     if ((pcb->refused_data != NULL) || (pcb->rcv_wnd != TCP_WND_MAX(pcb))) {
 4637              		.loc 1 352 3 discriminator 3 view .LVU1343
 352:Middlewares/Third_Party/LwIP/src/core/tcp.c ****     if ((pcb->refused_data != NULL) || (pcb->rcv_wnd != TCP_WND_MAX(pcb))) {
 4638              		.loc 1 352 6 is_stmt 0 discriminator 3 view .LVU1344
 4639 000a 002D     		cmp	r5, #0
 4640 000c 30D0     		beq	.L423
 352:Middlewares/Third_Party/LwIP/src/core/tcp.c ****     if ((pcb->refused_data != NULL) || (pcb->rcv_wnd != TCP_WND_MAX(pcb))) {
 4641              		.loc 1 352 35 discriminator 1 view .LVU1345
 4642 000e 237D     		ldrb	r3, [r4, #20]	@ zero_extendqisi2
 352:Middlewares/Third_Party/LwIP/src/core/tcp.c ****     if ((pcb->refused_data != NULL) || (pcb->rcv_wnd != TCP_WND_MAX(pcb))) {
 4643              		.loc 1 352 27 discriminator 1 view .LVU1346
 4644 0010 072B     		cmp	r3, #7
 4645 0012 18BF     		it	ne
 4646 0014 042B     		cmpne	r3, #4
 4647 0016 2BD1     		bne	.L423
 353:Middlewares/Third_Party/LwIP/src/core/tcp.c ****       /* Not all data received by application, send RST to tell the remote
 4648              		.loc 1 353 5 is_stmt 1 view .LVU1347
 353:Middlewares/Third_Party/LwIP/src/core/tcp.c ****       /* Not all data received by application, send RST to tell the remote
 4649              		.loc 1 353 13 is_stmt 0 view .LVU1348
 4650 0018 A36F     		ldr	r3, [r4, #120]
 353:Middlewares/Third_Party/LwIP/src/core/tcp.c ****       /* Not all data received by application, send RST to tell the remote
 4651              		.loc 1 353 8 view .LVU1349
 4652 001a 23B3     		cbz	r3, .L443
 4653              	.L424:
 356:Middlewares/Third_Party/LwIP/src/core/tcp.c **** 
 4654              		.loc 1 356 7 is_stmt 1 view .LVU1350
 356:Middlewares/Third_Party/LwIP/src/core/tcp.c **** 
 4655              		.loc 1 356 7 view .LVU1351
 4656 001c 638B     		ldrh	r3, [r4, #26]
 4657 001e 13F0100F 		tst	r3, #16
 4658 0022 2FD0     		beq	.L444
 4659              	.L425:
 356:Middlewares/Third_Party/LwIP/src/core/tcp.c **** 
 4660              		.loc 1 356 7 discriminator 3 view .LVU1352
 356:Middlewares/Third_Party/LwIP/src/core/tcp.c **** 
 4661              		.loc 1 356 7 discriminator 3 view .LVU1353
 360:Middlewares/Third_Party/LwIP/src/core/tcp.c ****               pcb->local_port, pcb->remote_port);
 4662              		.loc 1 360 7 discriminator 3 view .LVU1354
 360:Middlewares/Third_Party/LwIP/src/core/tcp.c ****               pcb->local_port, pcb->remote_port);
 4663              		.loc 1 360 64 is_stmt 0 discriminator 3 view .LVU1355
 4664 0024 231D     		adds	r3, r4, #4
 360:Middlewares/Third_Party/LwIP/src/core/tcp.c ****               pcb->local_port, pcb->remote_port);
 4665              		.loc 1 360 7 discriminator 3 view .LVU1356
 4666 0026 228B     		ldrh	r2, [r4, #24]
 4667 0028 0292     		str	r2, [sp, #8]
 4668 002a E28A     		ldrh	r2, [r4, #22]
 4669 002c 0192     		str	r2, [sp, #4]
 4670 002e 0093     		str	r3, [sp]
 4671 0030 2346     		mov	r3, r4
ARM GAS  /tmp/ccmQZyRb.s 			page 147


 4672 0032 626A     		ldr	r2, [r4, #36]
 4673 0034 216D     		ldr	r1, [r4, #80]
 4674 0036 2046     		mov	r0, r4
 4675 0038 FFF7FEFF 		bl	tcp_rst
 4676              	.LVL456:
 363:Middlewares/Third_Party/LwIP/src/core/tcp.c ****       TCP_RMV_ACTIVE(pcb);
 4677              		.loc 1 363 7 is_stmt 1 discriminator 3 view .LVU1357
 4678 003c 2046     		mov	r0, r4
 4679 003e FFF7FEFF 		bl	tcp_pcb_purge
 4680              	.LVL457:
 364:Middlewares/Third_Party/LwIP/src/core/tcp.c ****       /* Deallocate the pcb since we already sent a RST for it */
 4681              		.loc 1 364 7 discriminator 3 view .LVU1358
 364:Middlewares/Third_Party/LwIP/src/core/tcp.c ****       /* Deallocate the pcb since we already sent a RST for it */
 4682              		.loc 1 364 7 discriminator 3 view .LVU1359
 364:Middlewares/Third_Party/LwIP/src/core/tcp.c ****       /* Deallocate the pcb since we already sent a RST for it */
 4683              		.loc 1 364 7 discriminator 3 view .LVU1360
 4684 0042 394B     		ldr	r3, .L451
 4685 0044 1B68     		ldr	r3, [r3]
 4686 0046 A342     		cmp	r3, r4
 4687 0048 24D0     		beq	.L445
 4688              	.L426:
 4689              	.LVL458:
 4690              	.LBB22:
 364:Middlewares/Third_Party/LwIP/src/core/tcp.c ****       /* Deallocate the pcb since we already sent a RST for it */
 4691              		.loc 1 364 7 discriminator 8 view .LVU1361
 4692 004a 4BB3     		cbz	r3, .L427
 364:Middlewares/Third_Party/LwIP/src/core/tcp.c ****       /* Deallocate the pcb since we already sent a RST for it */
 4693              		.loc 1 364 7 discriminator 9 view .LVU1362
 4694 004c DA68     		ldr	r2, [r3, #12]
 4695 004e A242     		cmp	r2, r4
 4696 0050 24D0     		beq	.L446
 364:Middlewares/Third_Party/LwIP/src/core/tcp.c ****       /* Deallocate the pcb since we already sent a RST for it */
 4697              		.loc 1 364 7 is_stmt 0 view .LVU1363
 4698 0052 1346     		mov	r3, r2
 4699              	.LVL459:
 364:Middlewares/Third_Party/LwIP/src/core/tcp.c ****       /* Deallocate the pcb since we already sent a RST for it */
 4700              		.loc 1 364 7 view .LVU1364
 4701 0054 F9E7     		b	.L426
 4702              	.LVL460:
 4703              	.L442:
 364:Middlewares/Third_Party/LwIP/src/core/tcp.c ****       /* Deallocate the pcb since we already sent a RST for it */
 4704              		.loc 1 364 7 view .LVU1365
 4705              	.LBE22:
 350:Middlewares/Third_Party/LwIP/src/core/tcp.c **** 
 4706              		.loc 1 350 3 is_stmt 1 discriminator 1 view .LVU1366
 350:Middlewares/Third_Party/LwIP/src/core/tcp.c **** 
 4707              		.loc 1 350 3 discriminator 1 view .LVU1367
 4708 0056 354B     		ldr	r3, .L451+4
 4709 0058 4FF4AF72 		mov	r2, #350
 4710 005c 3449     		ldr	r1, .L451+8
 4711              	.LVL461:
 350:Middlewares/Third_Party/LwIP/src/core/tcp.c **** 
 4712              		.loc 1 350 3 is_stmt 0 discriminator 1 view .LVU1368
 4713 005e 3548     		ldr	r0, .L451+12
 4714              	.LVL462:
 350:Middlewares/Third_Party/LwIP/src/core/tcp.c **** 
 4715              		.loc 1 350 3 discriminator 1 view .LVU1369
ARM GAS  /tmp/ccmQZyRb.s 			page 148


 4716 0060 FFF7FEFF 		bl	printf
 4717              	.LVL463:
 4718 0064 D1E7     		b	.L422
 4719              	.L443:
 353:Middlewares/Third_Party/LwIP/src/core/tcp.c ****       /* Not all data received by application, send RST to tell the remote
 4720              		.loc 1 353 44 discriminator 1 view .LVU1370
 4721 0066 228D     		ldrh	r2, [r4, #40]
 353:Middlewares/Third_Party/LwIP/src/core/tcp.c ****       /* Not all data received by application, send RST to tell the remote
 4722              		.loc 1 353 37 discriminator 1 view .LVU1371
 4723 0068 41F2D063 		movw	r3, #5840
 4724 006c 9A42     		cmp	r2, r3
 4725 006e D5D1     		bne	.L424
 4726              	.L423:
 378:Middlewares/Third_Party/LwIP/src/core/tcp.c ****     case CLOSED:
 4727              		.loc 1 378 3 is_stmt 1 view .LVU1372
 378:Middlewares/Third_Party/LwIP/src/core/tcp.c ****     case CLOSED:
 4728              		.loc 1 378 14 is_stmt 0 view .LVU1373
 4729 0070 237D     		ldrb	r3, [r4, #20]	@ zero_extendqisi2
 378:Middlewares/Third_Party/LwIP/src/core/tcp.c ****     case CLOSED:
 4730              		.loc 1 378 3 view .LVU1374
 4731 0072 012B     		cmp	r3, #1
 4732 0074 3FD0     		beq	.L432
 4733 0076 022B     		cmp	r3, #2
 4734 0078 49D0     		beq	.L433
 4735 007a 13B3     		cbz	r3, .L447
 403:Middlewares/Third_Party/LwIP/src/core/tcp.c ****   }
 4736              		.loc 1 403 7 is_stmt 1 view .LVU1375
 403:Middlewares/Third_Party/LwIP/src/core/tcp.c ****   }
 4737              		.loc 1 403 14 is_stmt 0 view .LVU1376
 4738 007c 2046     		mov	r0, r4
 4739 007e FFF7FEFF 		bl	tcp_close_shutdown_fin
 4740              	.LVL464:
 4741 0082 36E0     		b	.L431
 4742              	.L444:
 356:Middlewares/Third_Party/LwIP/src/core/tcp.c **** 
 4743              		.loc 1 356 7 is_stmt 1 discriminator 1 view .LVU1377
 356:Middlewares/Third_Party/LwIP/src/core/tcp.c **** 
 4744              		.loc 1 356 7 discriminator 1 view .LVU1378
 4745 0084 294B     		ldr	r3, .L451+4
 4746 0086 4FF4B272 		mov	r2, #356
 4747 008a 2B49     		ldr	r1, .L451+16
 4748 008c 2948     		ldr	r0, .L451+12
 4749 008e FFF7FEFF 		bl	printf
 4750              	.LVL465:
 4751 0092 C7E7     		b	.L425
 4752              	.L445:
 364:Middlewares/Third_Party/LwIP/src/core/tcp.c ****       /* Deallocate the pcb since we already sent a RST for it */
 4753              		.loc 1 364 7 discriminator 1 view .LVU1379
 4754 0094 DA68     		ldr	r2, [r3, #12]
 4755 0096 244B     		ldr	r3, .L451
 4756 0098 1A60     		str	r2, [r3]
 4757 009a 01E0     		b	.L427
 4758              	.LVL466:
 4759              	.L446:
 4760              	.LBB23:
 364:Middlewares/Third_Party/LwIP/src/core/tcp.c ****       /* Deallocate the pcb since we already sent a RST for it */
 4761              		.loc 1 364 7 discriminator 5 view .LVU1380
ARM GAS  /tmp/ccmQZyRb.s 			page 149


 4762 009c E268     		ldr	r2, [r4, #12]
 4763 009e DA60     		str	r2, [r3, #12]
 364:Middlewares/Third_Party/LwIP/src/core/tcp.c ****       /* Deallocate the pcb since we already sent a RST for it */
 4764              		.loc 1 364 7 discriminator 5 view .LVU1381
 4765              	.LVL467:
 4766              	.L427:
 364:Middlewares/Third_Party/LwIP/src/core/tcp.c ****       /* Deallocate the pcb since we already sent a RST for it */
 4767              		.loc 1 364 7 is_stmt 0 discriminator 5 view .LVU1382
 4768              	.LBE23:
 364:Middlewares/Third_Party/LwIP/src/core/tcp.c ****       /* Deallocate the pcb since we already sent a RST for it */
 4769              		.loc 1 364 7 is_stmt 1 discriminator 10 view .LVU1383
 4770 00a0 0023     		movs	r3, #0
 4771 00a2 E360     		str	r3, [r4, #12]
 364:Middlewares/Third_Party/LwIP/src/core/tcp.c ****       /* Deallocate the pcb since we already sent a RST for it */
 4772              		.loc 1 364 7 discriminator 10 view .LVU1384
 364:Middlewares/Third_Party/LwIP/src/core/tcp.c ****       /* Deallocate the pcb since we already sent a RST for it */
 4773              		.loc 1 364 7 discriminator 10 view .LVU1385
 4774 00a4 254B     		ldr	r3, .L451+20
 4775 00a6 0122     		movs	r2, #1
 4776 00a8 1A70     		strb	r2, [r3]
 364:Middlewares/Third_Party/LwIP/src/core/tcp.c ****       /* Deallocate the pcb since we already sent a RST for it */
 4777              		.loc 1 364 7 discriminator 10 view .LVU1386
 366:Middlewares/Third_Party/LwIP/src/core/tcp.c ****         /* prevent using a deallocated pcb: free it from tcp_input later */
 4778              		.loc 1 366 7 discriminator 10 view .LVU1387
 366:Middlewares/Third_Party/LwIP/src/core/tcp.c ****         /* prevent using a deallocated pcb: free it from tcp_input later */
 4779              		.loc 1 366 25 is_stmt 0 discriminator 10 view .LVU1388
 4780 00aa 254B     		ldr	r3, .L451+24
 4781 00ac 1B68     		ldr	r3, [r3]
 366:Middlewares/Third_Party/LwIP/src/core/tcp.c ****         /* prevent using a deallocated pcb: free it from tcp_input later */
 4782              		.loc 1 366 10 discriminator 10 view .LVU1389
 4783 00ae A342     		cmp	r3, r4
 4784 00b0 04D0     		beq	.L448
 370:Middlewares/Third_Party/LwIP/src/core/tcp.c ****       }
 4785              		.loc 1 370 9 is_stmt 1 view .LVU1390
 4786 00b2 2046     		mov	r0, r4
 4787 00b4 FFF7FEFF 		bl	tcp_free
 4788              	.LVL468:
 4789              	.L430:
 372:Middlewares/Third_Party/LwIP/src/core/tcp.c ****     }
 4790              		.loc 1 372 7 view .LVU1391
 372:Middlewares/Third_Party/LwIP/src/core/tcp.c ****     }
 4791              		.loc 1 372 14 is_stmt 0 view .LVU1392
 4792 00b8 0020     		movs	r0, #0
 4793 00ba 1AE0     		b	.L431
 4794              	.L448:
 368:Middlewares/Third_Party/LwIP/src/core/tcp.c ****       } else {
 4795              		.loc 1 368 9 is_stmt 1 view .LVU1393
 4796 00bc FFF7FEFF 		bl	tcp_trigger_input_pcb_close
 4797              	.LVL469:
 4798 00c0 FAE7     		b	.L430
 4799              	.L447:
 387:Middlewares/Third_Party/LwIP/src/core/tcp.c ****         TCP_RMV(&tcp_bound_pcbs, pcb);
 4800              		.loc 1 387 7 view .LVU1394
 387:Middlewares/Third_Party/LwIP/src/core/tcp.c ****         TCP_RMV(&tcp_bound_pcbs, pcb);
 4801              		.loc 1 387 14 is_stmt 0 view .LVU1395
 4802 00c2 E38A     		ldrh	r3, [r4, #22]
 387:Middlewares/Third_Party/LwIP/src/core/tcp.c ****         TCP_RMV(&tcp_bound_pcbs, pcb);
ARM GAS  /tmp/ccmQZyRb.s 			page 150


 4803              		.loc 1 387 10 view .LVU1396
 4804 00c4 8BB1     		cbz	r3, .L435
 388:Middlewares/Third_Party/LwIP/src/core/tcp.c ****       }
 4805              		.loc 1 388 9 is_stmt 1 view .LVU1397
 388:Middlewares/Third_Party/LwIP/src/core/tcp.c ****       }
 4806              		.loc 1 388 9 view .LVU1398
 4807 00c6 1F4B     		ldr	r3, .L451+28
 4808 00c8 1B68     		ldr	r3, [r3]
 4809 00ca A342     		cmp	r3, r4
 4810 00cc 05D0     		beq	.L449
 4811              	.L436:
 4812              	.LVL470:
 4813              	.LBB24:
 388:Middlewares/Third_Party/LwIP/src/core/tcp.c ****       }
 4814              		.loc 1 388 9 discriminator 8 view .LVU1399
 4815 00ce 53B1     		cbz	r3, .L437
 388:Middlewares/Third_Party/LwIP/src/core/tcp.c ****       }
 4816              		.loc 1 388 9 discriminator 9 view .LVU1400
 4817 00d0 DA68     		ldr	r2, [r3, #12]
 4818 00d2 A242     		cmp	r2, r4
 4819 00d4 05D0     		beq	.L450
 388:Middlewares/Third_Party/LwIP/src/core/tcp.c ****       }
 4820              		.loc 1 388 9 is_stmt 0 view .LVU1401
 4821 00d6 1346     		mov	r3, r2
 4822              	.LVL471:
 388:Middlewares/Third_Party/LwIP/src/core/tcp.c ****       }
 4823              		.loc 1 388 9 view .LVU1402
 4824 00d8 F9E7     		b	.L436
 4825              	.L449:
 388:Middlewares/Third_Party/LwIP/src/core/tcp.c ****       }
 4826              		.loc 1 388 9 view .LVU1403
 4827              	.LBE24:
 388:Middlewares/Third_Party/LwIP/src/core/tcp.c ****       }
 4828              		.loc 1 388 9 is_stmt 1 discriminator 1 view .LVU1404
 4829 00da DA68     		ldr	r2, [r3, #12]
 4830 00dc 194B     		ldr	r3, .L451+28
 4831 00de 1A60     		str	r2, [r3]
 4832 00e0 01E0     		b	.L437
 4833              	.LVL472:
 4834              	.L450:
 4835              	.LBB25:
 388:Middlewares/Third_Party/LwIP/src/core/tcp.c ****       }
 4836              		.loc 1 388 9 discriminator 5 view .LVU1405
 4837 00e2 E268     		ldr	r2, [r4, #12]
 4838 00e4 DA60     		str	r2, [r3, #12]
 388:Middlewares/Third_Party/LwIP/src/core/tcp.c ****       }
 4839              		.loc 1 388 9 discriminator 5 view .LVU1406
 4840              	.LVL473:
 4841              	.L437:
 388:Middlewares/Third_Party/LwIP/src/core/tcp.c ****       }
 4842              		.loc 1 388 9 is_stmt 0 discriminator 5 view .LVU1407
 4843              	.LBE25:
 388:Middlewares/Third_Party/LwIP/src/core/tcp.c ****       }
 4844              		.loc 1 388 9 is_stmt 1 discriminator 10 view .LVU1408
 4845 00e6 0023     		movs	r3, #0
 4846 00e8 E360     		str	r3, [r4, #12]
 4847              	.L435:
ARM GAS  /tmp/ccmQZyRb.s 			page 151


 388:Middlewares/Third_Party/LwIP/src/core/tcp.c ****       }
 4848              		.loc 1 388 9 discriminator 11 view .LVU1409
 390:Middlewares/Third_Party/LwIP/src/core/tcp.c ****       break;
 4849              		.loc 1 390 7 discriminator 11 view .LVU1410
 4850 00ea 2046     		mov	r0, r4
 4851 00ec FFF7FEFF 		bl	tcp_free
 4852              	.LVL474:
 391:Middlewares/Third_Party/LwIP/src/core/tcp.c ****     case LISTEN:
 4853              		.loc 1 391 7 discriminator 11 view .LVU1411
 405:Middlewares/Third_Party/LwIP/src/core/tcp.c **** }
 4854              		.loc 1 405 10 is_stmt 0 discriminator 11 view .LVU1412
 4855 00f0 0020     		movs	r0, #0
 4856              	.L431:
 406:Middlewares/Third_Party/LwIP/src/core/tcp.c **** 
 4857              		.loc 1 406 1 view .LVU1413
 4858 00f2 05B0     		add	sp, sp, #20
 4859              	.LCFI50:
 4860              		.cfi_remember_state
 4861              		.cfi_def_cfa_offset 12
 4862              		@ sp needed
 4863 00f4 30BD     		pop	{r4, r5, pc}
 4864              	.LVL475:
 4865              	.L432:
 4866              	.LCFI51:
 4867              		.cfi_restore_state
 393:Middlewares/Third_Party/LwIP/src/core/tcp.c ****       tcp_pcb_remove(&tcp_listen_pcbs.pcbs, pcb);
 4868              		.loc 1 393 7 is_stmt 1 view .LVU1414
 4869 00f6 2046     		mov	r0, r4
 4870 00f8 FFF7FEFF 		bl	tcp_listen_closed
 4871              	.LVL476:
 394:Middlewares/Third_Party/LwIP/src/core/tcp.c ****       tcp_free_listen(pcb);
 4872              		.loc 1 394 7 view .LVU1415
 4873 00fc 2146     		mov	r1, r4
 4874 00fe 1248     		ldr	r0, .L451+32
 4875 0100 FFF7FEFF 		bl	tcp_pcb_remove
 4876              	.LVL477:
 395:Middlewares/Third_Party/LwIP/src/core/tcp.c ****       break;
 4877              		.loc 1 395 7 view .LVU1416
 4878 0104 2046     		mov	r0, r4
 4879 0106 FFF7FEFF 		bl	tcp_free_listen
 4880              	.LVL478:
 396:Middlewares/Third_Party/LwIP/src/core/tcp.c ****     case SYN_SENT:
 4881              		.loc 1 396 7 view .LVU1417
 405:Middlewares/Third_Party/LwIP/src/core/tcp.c **** }
 4882              		.loc 1 405 10 is_stmt 0 view .LVU1418
 4883 010a 0020     		movs	r0, #0
 396:Middlewares/Third_Party/LwIP/src/core/tcp.c ****     case SYN_SENT:
 4884              		.loc 1 396 7 view .LVU1419
 4885 010c F1E7     		b	.L431
 4886              	.L433:
 398:Middlewares/Third_Party/LwIP/src/core/tcp.c ****       tcp_free(pcb);
 4887              		.loc 1 398 7 is_stmt 1 view .LVU1420
 398:Middlewares/Third_Party/LwIP/src/core/tcp.c ****       tcp_free(pcb);
 4888              		.loc 1 398 7 view .LVU1421
 4889 010e 2146     		mov	r1, r4
 4890 0110 0548     		ldr	r0, .L451
 4891 0112 FFF7FEFF 		bl	tcp_pcb_remove
ARM GAS  /tmp/ccmQZyRb.s 			page 152


 4892              	.LVL479:
 398:Middlewares/Third_Party/LwIP/src/core/tcp.c ****       tcp_free(pcb);
 4893              		.loc 1 398 7 view .LVU1422
 4894 0116 094B     		ldr	r3, .L451+20
 4895 0118 0122     		movs	r2, #1
 4896 011a 1A70     		strb	r2, [r3]
 398:Middlewares/Third_Party/LwIP/src/core/tcp.c ****       tcp_free(pcb);
 4897              		.loc 1 398 7 view .LVU1423
 399:Middlewares/Third_Party/LwIP/src/core/tcp.c ****       MIB2_STATS_INC(mib2.tcpattemptfails);
 4898              		.loc 1 399 7 view .LVU1424
 4899 011c 2046     		mov	r0, r4
 4900 011e FFF7FEFF 		bl	tcp_free
 4901              	.LVL480:
 400:Middlewares/Third_Party/LwIP/src/core/tcp.c ****       break;
 4902              		.loc 1 400 43 view .LVU1425
 401:Middlewares/Third_Party/LwIP/src/core/tcp.c ****     default:
 4903              		.loc 1 401 7 view .LVU1426
 405:Middlewares/Third_Party/LwIP/src/core/tcp.c **** }
 4904              		.loc 1 405 10 is_stmt 0 view .LVU1427
 4905 0122 0020     		movs	r0, #0
 401:Middlewares/Third_Party/LwIP/src/core/tcp.c ****     default:
 4906              		.loc 1 401 7 view .LVU1428
 4907 0124 E5E7     		b	.L431
 4908              	.L452:
 4909 0126 00BF     		.align	2
 4910              	.L451:
 4911 0128 00000000 		.word	.LANCHOR2
 4912 012c 00000000 		.word	.LC0
 4913 0130 00000000 		.word	.LC38
 4914 0134 54000000 		.word	.LC2
 4915 0138 20000000 		.word	.LC39
 4916 013c 00000000 		.word	.LANCHOR7
 4917 0140 00000000 		.word	tcp_input_pcb
 4918 0144 00000000 		.word	.LANCHOR3
 4919 0148 00000000 		.word	.LANCHOR4
 4920              		.cfi_endproc
 4921              	.LFE175:
 4923              		.section	.rodata.tcp_close.str1.4,"aMS",%progbits,1
 4924              		.align	2
 4925              	.LC40:
 4926 0000 7463705F 		.ascii	"tcp_close: invalid pcb\000"
 4926      636C6F73 
 4926      653A2069 
 4926      6E76616C 
 4926      69642070 
 4927              		.section	.text.tcp_close,"ax",%progbits
 4928              		.align	1
 4929              		.global	tcp_close
 4930              		.syntax unified
 4931              		.thumb
 4932              		.thumb_func
 4933              		.fpu fpv5-d16
 4935              	tcp_close:
 4936              	.LVL481:
 4937              	.LFB177:
 485:Middlewares/Third_Party/LwIP/src/core/tcp.c ****   LWIP_ASSERT_CORE_LOCKED();
 4938              		.loc 1 485 1 is_stmt 1 view -0
ARM GAS  /tmp/ccmQZyRb.s 			page 153


 4939              		.cfi_startproc
 4940              		@ args = 0, pretend = 0, frame = 0
 4941              		@ frame_needed = 0, uses_anonymous_args = 0
 485:Middlewares/Third_Party/LwIP/src/core/tcp.c ****   LWIP_ASSERT_CORE_LOCKED();
 4942              		.loc 1 485 1 is_stmt 0 view .LVU1430
 4943 0000 08B5     		push	{r3, lr}
 4944              	.LCFI52:
 4945              		.cfi_def_cfa_offset 8
 4946              		.cfi_offset 3, -8
 4947              		.cfi_offset 14, -4
 486:Middlewares/Third_Party/LwIP/src/core/tcp.c **** 
 4948              		.loc 1 486 28 is_stmt 1 view .LVU1431
 488:Middlewares/Third_Party/LwIP/src/core/tcp.c ****   LWIP_DEBUGF(TCP_DEBUG, ("tcp_close: closing in "));
 4949              		.loc 1 488 3 view .LVU1432
 488:Middlewares/Third_Party/LwIP/src/core/tcp.c ****   LWIP_DEBUGF(TCP_DEBUG, ("tcp_close: closing in "));
 4950              		.loc 1 488 3 view .LVU1433
 4951 0002 60B1     		cbz	r0, .L458
 4952 0004 0346     		mov	r3, r0
 488:Middlewares/Third_Party/LwIP/src/core/tcp.c ****   LWIP_DEBUGF(TCP_DEBUG, ("tcp_close: closing in "));
 4953              		.loc 1 488 3 discriminator 2 view .LVU1434
 489:Middlewares/Third_Party/LwIP/src/core/tcp.c **** 
 4954              		.loc 1 489 53 discriminator 2 view .LVU1435
 491:Middlewares/Third_Party/LwIP/src/core/tcp.c **** 
 4955              		.loc 1 491 36 discriminator 2 view .LVU1436
 493:Middlewares/Third_Party/LwIP/src/core/tcp.c ****     /* Set a flag not to receive any more data... */
 4956              		.loc 1 493 3 discriminator 2 view .LVU1437
 493:Middlewares/Third_Party/LwIP/src/core/tcp.c ****     /* Set a flag not to receive any more data... */
 4957              		.loc 1 493 10 is_stmt 0 discriminator 2 view .LVU1438
 4958 0006 027D     		ldrb	r2, [r0, #20]	@ zero_extendqisi2
 493:Middlewares/Third_Party/LwIP/src/core/tcp.c ****     /* Set a flag not to receive any more data... */
 4959              		.loc 1 493 6 discriminator 2 view .LVU1439
 4960 0008 012A     		cmp	r2, #1
 4961 000a 03D0     		beq	.L456
 495:Middlewares/Third_Party/LwIP/src/core/tcp.c ****   }
 4962              		.loc 1 495 5 is_stmt 1 view .LVU1440
 495:Middlewares/Third_Party/LwIP/src/core/tcp.c ****   }
 4963              		.loc 1 495 5 view .LVU1441
 4964 000c 428B     		ldrh	r2, [r0, #26]
 4965 000e 42F01002 		orr	r2, r2, #16
 4966 0012 4283     		strh	r2, [r0, #26]	@ movhi
 4967              	.L456:
 495:Middlewares/Third_Party/LwIP/src/core/tcp.c ****   }
 4968              		.loc 1 495 5 discriminator 1 view .LVU1442
 498:Middlewares/Third_Party/LwIP/src/core/tcp.c **** }
 4969              		.loc 1 498 3 discriminator 1 view .LVU1443
 498:Middlewares/Third_Party/LwIP/src/core/tcp.c **** }
 4970              		.loc 1 498 10 is_stmt 0 discriminator 1 view .LVU1444
 4971 0014 0121     		movs	r1, #1
 4972 0016 1846     		mov	r0, r3
 4973              	.LVL482:
 498:Middlewares/Third_Party/LwIP/src/core/tcp.c **** }
 4974              		.loc 1 498 10 discriminator 1 view .LVU1445
 4975 0018 FFF7FEFF 		bl	tcp_close_shutdown
 4976              	.LVL483:
 4977              	.L455:
 499:Middlewares/Third_Party/LwIP/src/core/tcp.c **** 
 4978              		.loc 1 499 1 view .LVU1446
ARM GAS  /tmp/ccmQZyRb.s 			page 154


 4979 001c 08BD     		pop	{r3, pc}
 4980              	.LVL484:
 4981              	.L458:
 488:Middlewares/Third_Party/LwIP/src/core/tcp.c ****   LWIP_DEBUGF(TCP_DEBUG, ("tcp_close: closing in "));
 4982              		.loc 1 488 3 is_stmt 1 discriminator 1 view .LVU1447
 488:Middlewares/Third_Party/LwIP/src/core/tcp.c ****   LWIP_DEBUGF(TCP_DEBUG, ("tcp_close: closing in "));
 4983              		.loc 1 488 3 discriminator 1 view .LVU1448
 4984 001e 054B     		ldr	r3, .L459
 4985 0020 4FF4F472 		mov	r2, #488
 4986 0024 0449     		ldr	r1, .L459+4
 4987 0026 0548     		ldr	r0, .L459+8
 4988              	.LVL485:
 488:Middlewares/Third_Party/LwIP/src/core/tcp.c ****   LWIP_DEBUGF(TCP_DEBUG, ("tcp_close: closing in "));
 4989              		.loc 1 488 3 is_stmt 0 discriminator 1 view .LVU1449
 4990 0028 FFF7FEFF 		bl	printf
 4991              	.LVL486:
 488:Middlewares/Third_Party/LwIP/src/core/tcp.c ****   LWIP_DEBUGF(TCP_DEBUG, ("tcp_close: closing in "));
 4992              		.loc 1 488 3 is_stmt 1 discriminator 1 view .LVU1450
 488:Middlewares/Third_Party/LwIP/src/core/tcp.c ****   LWIP_DEBUGF(TCP_DEBUG, ("tcp_close: closing in "));
 4993              		.loc 1 488 3 discriminator 1 view .LVU1451
 4994 002c 6FF00F00 		mvn	r0, #15
 4995 0030 F4E7     		b	.L455
 4996              	.L460:
 4997 0032 00BF     		.align	2
 4998              	.L459:
 4999 0034 00000000 		.word	.LC0
 5000 0038 00000000 		.word	.LC40
 5001 003c 54000000 		.word	.LC2
 5002              		.cfi_endproc
 5003              	.LFE177:
 5005              		.section	.rodata.tcp_recv_null.str1.4,"aMS",%progbits,1
 5006              		.align	2
 5007              	.LC41:
 5008 0000 7463705F 		.ascii	"tcp_recv_null: invalid pcb\000"
 5008      72656376 
 5008      5F6E756C 
 5008      6C3A2069 
 5008      6E76616C 
 5009              		.section	.text.tcp_recv_null,"ax",%progbits
 5010              		.align	1
 5011              		.global	tcp_recv_null
 5012              		.syntax unified
 5013              		.thumb
 5014              		.thumb_func
 5015              		.fpu fpv5-d16
 5017              	tcp_recv_null:
 5018              	.LVL487:
 5019              	.LFB198:
1685:Middlewares/Third_Party/LwIP/src/core/tcp.c ****   LWIP_UNUSED_ARG(arg);
 5020              		.loc 1 1685 1 view -0
 5021              		.cfi_startproc
 5022              		@ args = 0, pretend = 0, frame = 0
 5023              		@ frame_needed = 0, uses_anonymous_args = 0
1685:Middlewares/Third_Party/LwIP/src/core/tcp.c ****   LWIP_UNUSED_ARG(arg);
 5024              		.loc 1 1685 1 is_stmt 0 view .LVU1453
 5025 0000 10B5     		push	{r4, lr}
 5026              	.LCFI53:
ARM GAS  /tmp/ccmQZyRb.s 			page 155


 5027              		.cfi_def_cfa_offset 8
 5028              		.cfi_offset 4, -8
 5029              		.cfi_offset 14, -4
1686:Middlewares/Third_Party/LwIP/src/core/tcp.c **** 
 5030              		.loc 1 1686 3 is_stmt 1 view .LVU1454
1688:Middlewares/Third_Party/LwIP/src/core/tcp.c **** 
 5031              		.loc 1 1688 3 view .LVU1455
1688:Middlewares/Third_Party/LwIP/src/core/tcp.c **** 
 5032              		.loc 1 1688 3 view .LVU1456
 5033 0002 51B1     		cbz	r1, .L467
 5034 0004 1446     		mov	r4, r2
 5035 0006 0846     		mov	r0, r1
 5036              	.LVL488:
1688:Middlewares/Third_Party/LwIP/src/core/tcp.c **** 
 5037              		.loc 1 1688 3 discriminator 2 view .LVU1457
1690:Middlewares/Third_Party/LwIP/src/core/tcp.c ****     tcp_recved(pcb, p->tot_len);
 5038              		.loc 1 1690 3 discriminator 2 view .LVU1458
1690:Middlewares/Third_Party/LwIP/src/core/tcp.c ****     tcp_recved(pcb, p->tot_len);
 5039              		.loc 1 1690 6 is_stmt 0 discriminator 2 view .LVU1459
 5040 0008 8AB1     		cbz	r2, .L464
1691:Middlewares/Third_Party/LwIP/src/core/tcp.c ****     pbuf_free(p);
 5041              		.loc 1 1691 5 is_stmt 1 view .LVU1460
 5042 000a 1189     		ldrh	r1, [r2, #8]
 5043              	.LVL489:
1691:Middlewares/Third_Party/LwIP/src/core/tcp.c ****     pbuf_free(p);
 5044              		.loc 1 1691 5 is_stmt 0 view .LVU1461
 5045 000c FFF7FEFF 		bl	tcp_recved
 5046              	.LVL490:
1692:Middlewares/Third_Party/LwIP/src/core/tcp.c ****   } else if (err == ERR_OK) {
 5047              		.loc 1 1692 5 is_stmt 1 view .LVU1462
 5048 0010 2046     		mov	r0, r4
 5049 0012 FFF7FEFF 		bl	pbuf_free
 5050              	.LVL491:
1696:Middlewares/Third_Party/LwIP/src/core/tcp.c **** }
 5051              		.loc 1 1696 10 is_stmt 0 view .LVU1463
 5052 0016 0020     		movs	r0, #0
 5053              	.LVL492:
 5054              	.L463:
1697:Middlewares/Third_Party/LwIP/src/core/tcp.c **** #endif /* LWIP_CALLBACK_API */
 5055              		.loc 1 1697 1 view .LVU1464
 5056 0018 10BD     		pop	{r4, pc}
 5057              	.LVL493:
 5058              	.L467:
1688:Middlewares/Third_Party/LwIP/src/core/tcp.c **** 
 5059              		.loc 1 1688 3 is_stmt 1 discriminator 1 view .LVU1465
1688:Middlewares/Third_Party/LwIP/src/core/tcp.c **** 
 5060              		.loc 1 1688 3 discriminator 1 view .LVU1466
 5061 001a 084B     		ldr	r3, .L469
 5062              	.LVL494:
1688:Middlewares/Third_Party/LwIP/src/core/tcp.c **** 
 5063              		.loc 1 1688 3 is_stmt 0 discriminator 1 view .LVU1467
 5064 001c 4FF4D362 		mov	r2, #1688
 5065              	.LVL495:
1688:Middlewares/Third_Party/LwIP/src/core/tcp.c **** 
 5066              		.loc 1 1688 3 discriminator 1 view .LVU1468
 5067 0020 0749     		ldr	r1, .L469+4
 5068              	.LVL496:
ARM GAS  /tmp/ccmQZyRb.s 			page 156


1688:Middlewares/Third_Party/LwIP/src/core/tcp.c **** 
 5069              		.loc 1 1688 3 discriminator 1 view .LVU1469
 5070 0022 0848     		ldr	r0, .L469+8
 5071              	.LVL497:
1688:Middlewares/Third_Party/LwIP/src/core/tcp.c **** 
 5072              		.loc 1 1688 3 discriminator 1 view .LVU1470
 5073 0024 FFF7FEFF 		bl	printf
 5074              	.LVL498:
1688:Middlewares/Third_Party/LwIP/src/core/tcp.c **** 
 5075              		.loc 1 1688 3 is_stmt 1 discriminator 1 view .LVU1471
1688:Middlewares/Third_Party/LwIP/src/core/tcp.c **** 
 5076              		.loc 1 1688 3 discriminator 1 view .LVU1472
 5077 0028 6FF00F00 		mvn	r0, #15
 5078 002c F4E7     		b	.L463
 5079              	.LVL499:
 5080              	.L464:
1693:Middlewares/Third_Party/LwIP/src/core/tcp.c ****     return tcp_close(pcb);
 5081              		.loc 1 1693 10 view .LVU1473
1693:Middlewares/Third_Party/LwIP/src/core/tcp.c ****     return tcp_close(pcb);
 5082              		.loc 1 1693 13 is_stmt 0 view .LVU1474
 5083 002e 0BB1     		cbz	r3, .L468
1696:Middlewares/Third_Party/LwIP/src/core/tcp.c **** }
 5084              		.loc 1 1696 10 view .LVU1475
 5085 0030 0020     		movs	r0, #0
 5086              	.LVL500:
1696:Middlewares/Third_Party/LwIP/src/core/tcp.c **** }
 5087              		.loc 1 1696 10 view .LVU1476
 5088 0032 F1E7     		b	.L463
 5089              	.LVL501:
 5090              	.L468:
1694:Middlewares/Third_Party/LwIP/src/core/tcp.c ****   }
 5091              		.loc 1 1694 5 is_stmt 1 view .LVU1477
1694:Middlewares/Third_Party/LwIP/src/core/tcp.c ****   }
 5092              		.loc 1 1694 12 is_stmt 0 view .LVU1478
 5093 0034 FFF7FEFF 		bl	tcp_close
 5094              	.LVL502:
1694:Middlewares/Third_Party/LwIP/src/core/tcp.c ****   }
 5095              		.loc 1 1694 12 view .LVU1479
 5096 0038 EEE7     		b	.L463
 5097              	.L470:
 5098 003a 00BF     		.align	2
 5099              	.L469:
 5100 003c 00000000 		.word	.LC0
 5101 0040 00000000 		.word	.LC41
 5102 0044 54000000 		.word	.LC2
 5103              		.cfi_endproc
 5104              	.LFE198:
 5106              		.section	.rodata.tcp_process_refused_data.str1.4,"aMS",%progbits,1
 5107              		.align	2
 5108              	.LC42:
 5109 0000 7463705F 		.ascii	"tcp_process_refused_data: invalid pcb\000"
 5109      70726F63 
 5109      6573735F 
 5109      72656675 
 5109      7365645F 
 5110              		.section	.text.tcp_process_refused_data,"ax",%progbits
 5111              		.align	1
ARM GAS  /tmp/ccmQZyRb.s 			page 157


 5112              		.global	tcp_process_refused_data
 5113              		.syntax unified
 5114              		.thumb
 5115              		.thumb_func
 5116              		.fpu fpv5-d16
 5118              	tcp_process_refused_data:
 5119              	.LVL503:
 5120              	.LFB193:
1540:Middlewares/Third_Party/LwIP/src/core/tcp.c **** #if TCP_QUEUE_OOSEQ && LWIP_WND_SCALE
 5121              		.loc 1 1540 1 is_stmt 1 view -0
 5122              		.cfi_startproc
 5123              		@ args = 0, pretend = 0, frame = 0
 5124              		@ frame_needed = 0, uses_anonymous_args = 0
1540:Middlewares/Third_Party/LwIP/src/core/tcp.c **** #if TCP_QUEUE_OOSEQ && LWIP_WND_SCALE
 5125              		.loc 1 1540 1 is_stmt 0 view .LVU1481
 5126 0000 F8B5     		push	{r3, r4, r5, r6, r7, lr}
 5127              	.LCFI54:
 5128              		.cfi_def_cfa_offset 24
 5129              		.cfi_offset 3, -24
 5130              		.cfi_offset 4, -20
 5131              		.cfi_offset 5, -16
 5132              		.cfi_offset 6, -12
 5133              		.cfi_offset 7, -8
 5134              		.cfi_offset 14, -4
1545:Middlewares/Third_Party/LwIP/src/core/tcp.c **** 
 5135              		.loc 1 1545 3 is_stmt 1 view .LVU1482
1545:Middlewares/Third_Party/LwIP/src/core/tcp.c **** 
 5136              		.loc 1 1545 3 view .LVU1483
 5137 0002 20B3     		cbz	r0, .L480
 5138 0004 0446     		mov	r4, r0
1545:Middlewares/Third_Party/LwIP/src/core/tcp.c **** 
 5139              		.loc 1 1545 3 discriminator 2 view .LVU1484
 5140              	.LBB26:
1551:Middlewares/Third_Party/LwIP/src/core/tcp.c ****     u8_t refused_flags = pcb->refused_data->flags;
 5141              		.loc 1 1551 5 discriminator 2 view .LVU1485
1552:Middlewares/Third_Party/LwIP/src/core/tcp.c ****     /* set pcb->refused_data to NULL in case the callback frees it and then
 5142              		.loc 1 1552 5 discriminator 2 view .LVU1486
1552:Middlewares/Third_Party/LwIP/src/core/tcp.c ****     /* set pcb->refused_data to NULL in case the callback frees it and then
 5143              		.loc 1 1552 29 is_stmt 0 discriminator 2 view .LVU1487
 5144 0006 866F     		ldr	r6, [r0, #120]
1552:Middlewares/Third_Party/LwIP/src/core/tcp.c ****     /* set pcb->refused_data to NULL in case the callback frees it and then
 5145              		.loc 1 1552 10 discriminator 2 view .LVU1488
 5146 0008 777B     		ldrb	r7, [r6, #13]	@ zero_extendqisi2
 5147              	.LVL504:
1555:Middlewares/Third_Party/LwIP/src/core/tcp.c **** #if TCP_QUEUE_OOSEQ && LWIP_WND_SCALE
 5148              		.loc 1 1555 5 is_stmt 1 discriminator 2 view .LVU1489
1560:Middlewares/Third_Party/LwIP/src/core/tcp.c **** #endif /* TCP_QUEUE_OOSEQ && LWIP_WND_SCALE */
 5149              		.loc 1 1560 5 discriminator 2 view .LVU1490
1560:Middlewares/Third_Party/LwIP/src/core/tcp.c **** #endif /* TCP_QUEUE_OOSEQ && LWIP_WND_SCALE */
 5150              		.loc 1 1560 23 is_stmt 0 discriminator 2 view .LVU1491
 5151 000a 0023     		movs	r3, #0
 5152 000c 8367     		str	r3, [r0, #120]
1563:Middlewares/Third_Party/LwIP/src/core/tcp.c ****     TCP_EVENT_RECV(pcb, refused_data, ERR_OK, err);
 5153              		.loc 1 1563 70 is_stmt 1 discriminator 2 view .LVU1492
1564:Middlewares/Third_Party/LwIP/src/core/tcp.c ****     if (err == ERR_OK) {
 5154              		.loc 1 1564 5 discriminator 2 view .LVU1493
1564:Middlewares/Third_Party/LwIP/src/core/tcp.c ****     if (err == ERR_OK) {
ARM GAS  /tmp/ccmQZyRb.s 			page 158


 5155              		.loc 1 1564 5 discriminator 2 view .LVU1494
 5156 000e D0F88450 		ldr	r5, [r0, #132]
 5157 0012 35B3     		cbz	r5, .L474
1564:Middlewares/Third_Party/LwIP/src/core/tcp.c ****     if (err == ERR_OK) {
 5158              		.loc 1 1564 5 discriminator 1 view .LVU1495
 5159 0014 3246     		mov	r2, r6
 5160 0016 0146     		mov	r1, r0
 5161 0018 0069     		ldr	r0, [r0, #16]
 5162              	.LVL505:
1564:Middlewares/Third_Party/LwIP/src/core/tcp.c ****     if (err == ERR_OK) {
 5163              		.loc 1 1564 5 is_stmt 0 discriminator 1 view .LVU1496
 5164 001a A847     		blx	r5
 5165              	.LVL506:
1564:Middlewares/Third_Party/LwIP/src/core/tcp.c ****     if (err == ERR_OK) {
 5166              		.loc 1 1564 5 discriminator 1 view .LVU1497
 5167 001c 0546     		mov	r5, r0
 5168              	.LVL507:
 5169              	.L475:
1564:Middlewares/Third_Party/LwIP/src/core/tcp.c ****     if (err == ERR_OK) {
 5170              		.loc 1 1564 5 is_stmt 1 discriminator 4 view .LVU1498
1565:Middlewares/Third_Party/LwIP/src/core/tcp.c ****       /* did refused_data include a FIN? */
 5171              		.loc 1 1565 5 discriminator 4 view .LVU1499
1565:Middlewares/Third_Party/LwIP/src/core/tcp.c ****       /* did refused_data include a FIN? */
 5172              		.loc 1 1565 8 is_stmt 0 discriminator 4 view .LVU1500
 5173 001e 45BB     		cbnz	r5, .L476
1567:Middlewares/Third_Party/LwIP/src/core/tcp.c **** #if TCP_QUEUE_OOSEQ && LWIP_WND_SCALE
 5174              		.loc 1 1567 7 is_stmt 1 view .LVU1501
1567:Middlewares/Third_Party/LwIP/src/core/tcp.c **** #if TCP_QUEUE_OOSEQ && LWIP_WND_SCALE
 5175              		.loc 1 1567 10 is_stmt 0 view .LVU1502
 5176 0020 17F0200F 		tst	r7, #32
 5177 0024 2BD0     		beq	.L473
1574:Middlewares/Third_Party/LwIP/src/core/tcp.c ****           pcb->rcv_wnd++;
 5178              		.loc 1 1574 9 is_stmt 1 view .LVU1503
1574:Middlewares/Third_Party/LwIP/src/core/tcp.c ****           pcb->rcv_wnd++;
 5179              		.loc 1 1574 16 is_stmt 0 view .LVU1504
 5180 0026 238D     		ldrh	r3, [r4, #40]
1574:Middlewares/Third_Party/LwIP/src/core/tcp.c ****           pcb->rcv_wnd++;
 5181              		.loc 1 1574 12 view .LVU1505
 5182 0028 41F2D062 		movw	r2, #5840
 5183 002c 9342     		cmp	r3, r2
 5184 002e 01D0     		beq	.L477
1575:Middlewares/Third_Party/LwIP/src/core/tcp.c ****         }
 5185              		.loc 1 1575 11 is_stmt 1 view .LVU1506
1575:Middlewares/Third_Party/LwIP/src/core/tcp.c ****         }
 5186              		.loc 1 1575 23 is_stmt 0 view .LVU1507
 5187 0030 0133     		adds	r3, r3, #1
 5188 0032 2385     		strh	r3, [r4, #40]	@ movhi
 5189              	.L477:
1577:Middlewares/Third_Party/LwIP/src/core/tcp.c ****         if (err == ERR_ABRT) {
 5190              		.loc 1 1577 9 is_stmt 1 view .LVU1508
1577:Middlewares/Third_Party/LwIP/src/core/tcp.c ****         if (err == ERR_ABRT) {
 5191              		.loc 1 1577 9 view .LVU1509
 5192 0034 D4F88460 		ldr	r6, [r4, #132]
 5193              	.LVL508:
1577:Middlewares/Third_Party/LwIP/src/core/tcp.c ****         if (err == ERR_ABRT) {
 5194              		.loc 1 1577 9 is_stmt 0 view .LVU1510
 5195 0038 0EB3     		cbz	r6, .L473
ARM GAS  /tmp/ccmQZyRb.s 			page 159


1577:Middlewares/Third_Party/LwIP/src/core/tcp.c ****         if (err == ERR_ABRT) {
 5196              		.loc 1 1577 9 is_stmt 1 discriminator 1 view .LVU1511
 5197 003a 0023     		movs	r3, #0
 5198 003c 1A46     		mov	r2, r3
 5199 003e 2146     		mov	r1, r4
 5200 0040 2069     		ldr	r0, [r4, #16]
 5201 0042 B047     		blx	r6
 5202              	.LVL509:
1577:Middlewares/Third_Party/LwIP/src/core/tcp.c ****         if (err == ERR_ABRT) {
 5203              		.loc 1 1577 9 discriminator 1 view .LVU1512
1578:Middlewares/Third_Party/LwIP/src/core/tcp.c ****           return ERR_ABRT;
 5204              		.loc 1 1578 9 discriminator 1 view .LVU1513
1578:Middlewares/Third_Party/LwIP/src/core/tcp.c ****           return ERR_ABRT;
 5205              		.loc 1 1578 12 is_stmt 0 discriminator 1 view .LVU1514
 5206 0044 10F10D0F 		cmn	r0, #13
 5207 0048 19D1     		bne	.L473
1579:Middlewares/Third_Party/LwIP/src/core/tcp.c ****         }
 5208              		.loc 1 1579 18 view .LVU1515
 5209 004a 0546     		mov	r5, r0
 5210 004c 17E0     		b	.L473
 5211              	.LVL510:
 5212              	.L480:
1579:Middlewares/Third_Party/LwIP/src/core/tcp.c ****         }
 5213              		.loc 1 1579 18 view .LVU1516
 5214              	.LBE26:
1545:Middlewares/Third_Party/LwIP/src/core/tcp.c **** 
 5215              		.loc 1 1545 3 is_stmt 1 discriminator 1 view .LVU1517
1545:Middlewares/Third_Party/LwIP/src/core/tcp.c **** 
 5216              		.loc 1 1545 3 discriminator 1 view .LVU1518
 5217 004e 0D4B     		ldr	r3, .L481
 5218 0050 40F20962 		movw	r2, #1545
 5219 0054 0C49     		ldr	r1, .L481+4
 5220 0056 0D48     		ldr	r0, .L481+8
 5221              	.LVL511:
1545:Middlewares/Third_Party/LwIP/src/core/tcp.c **** 
 5222              		.loc 1 1545 3 is_stmt 0 discriminator 1 view .LVU1519
 5223 0058 FFF7FEFF 		bl	printf
 5224              	.LVL512:
1545:Middlewares/Third_Party/LwIP/src/core/tcp.c **** 
 5225              		.loc 1 1545 3 is_stmt 1 discriminator 1 view .LVU1520
1545:Middlewares/Third_Party/LwIP/src/core/tcp.c **** 
 5226              		.loc 1 1545 3 discriminator 1 view .LVU1521
 5227 005c 6FF00F05 		mvn	r5, #15
 5228 0060 0DE0     		b	.L473
 5229              	.LVL513:
 5230              	.L474:
 5231              	.LBB27:
1564:Middlewares/Third_Party/LwIP/src/core/tcp.c ****     if (err == ERR_OK) {
 5232              		.loc 1 1564 5 discriminator 2 view .LVU1522
 5233 0062 0023     		movs	r3, #0
 5234 0064 3246     		mov	r2, r6
 5235 0066 0146     		mov	r1, r0
 5236 0068 1846     		mov	r0, r3
 5237              	.LVL514:
1564:Middlewares/Third_Party/LwIP/src/core/tcp.c ****     if (err == ERR_OK) {
 5238              		.loc 1 1564 5 is_stmt 0 discriminator 2 view .LVU1523
 5239 006a FFF7FEFF 		bl	tcp_recv_null
ARM GAS  /tmp/ccmQZyRb.s 			page 160


 5240              	.LVL515:
 5241 006e 0546     		mov	r5, r0
 5242              	.LVL516:
1564:Middlewares/Third_Party/LwIP/src/core/tcp.c ****     if (err == ERR_OK) {
 5243              		.loc 1 1564 5 discriminator 2 view .LVU1524
 5244 0070 D5E7     		b	.L475
 5245              	.L476:
1582:Middlewares/Third_Party/LwIP/src/core/tcp.c ****       /* if err == ERR_ABRT, 'pcb' is already deallocated */
 5246              		.loc 1 1582 12 is_stmt 1 view .LVU1525
1582:Middlewares/Third_Party/LwIP/src/core/tcp.c ****       /* if err == ERR_ABRT, 'pcb' is already deallocated */
 5247              		.loc 1 1582 15 is_stmt 0 view .LVU1526
 5248 0072 15F10D0F 		cmn	r5, #13
 5249 0076 02D0     		beq	.L473
1595:Middlewares/Third_Party/LwIP/src/core/tcp.c ****       return ERR_INPROGRESS;
 5250              		.loc 1 1595 7 is_stmt 1 view .LVU1527
1595:Middlewares/Third_Party/LwIP/src/core/tcp.c ****       return ERR_INPROGRESS;
 5251              		.loc 1 1595 25 is_stmt 0 view .LVU1528
 5252 0078 A667     		str	r6, [r4, #120]
1596:Middlewares/Third_Party/LwIP/src/core/tcp.c ****     }
 5253              		.loc 1 1596 7 is_stmt 1 view .LVU1529
1596:Middlewares/Third_Party/LwIP/src/core/tcp.c ****     }
 5254              		.loc 1 1596 14 is_stmt 0 view .LVU1530
 5255 007a 6FF00405 		mvn	r5, #4
 5256              	.LVL517:
 5257              	.L473:
1596:Middlewares/Third_Party/LwIP/src/core/tcp.c ****     }
 5258              		.loc 1 1596 14 view .LVU1531
 5259              	.LBE27:
1600:Middlewares/Third_Party/LwIP/src/core/tcp.c **** 
 5260              		.loc 1 1600 1 view .LVU1532
 5261 007e 2846     		mov	r0, r5
 5262 0080 F8BD     		pop	{r3, r4, r5, r6, r7, pc}
 5263              	.L482:
 5264 0082 00BF     		.align	2
 5265              	.L481:
 5266 0084 00000000 		.word	.LC0
 5267 0088 00000000 		.word	.LC42
 5268 008c 54000000 		.word	.LC2
 5269              		.cfi_endproc
 5270              	.LFE193:
 5272              		.section	.text.tcp_fasttmr,"ax",%progbits
 5273              		.align	1
 5274              		.global	tcp_fasttmr
 5275              		.syntax unified
 5276              		.thumb
 5277              		.thumb_func
 5278              		.fpu fpv5-d16
 5280              	tcp_fasttmr:
 5281              	.LFB191:
1480:Middlewares/Third_Party/LwIP/src/core/tcp.c ****   struct tcp_pcb *pcb;
 5282              		.loc 1 1480 1 is_stmt 1 view -0
 5283              		.cfi_startproc
 5284              		@ args = 0, pretend = 0, frame = 0
 5285              		@ frame_needed = 0, uses_anonymous_args = 0
 5286 0000 70B5     		push	{r4, r5, r6, lr}
 5287              	.LCFI55:
 5288              		.cfi_def_cfa_offset 16
ARM GAS  /tmp/ccmQZyRb.s 			page 161


 5289              		.cfi_offset 4, -16
 5290              		.cfi_offset 5, -12
 5291              		.cfi_offset 6, -8
 5292              		.cfi_offset 14, -4
1481:Middlewares/Third_Party/LwIP/src/core/tcp.c **** 
 5293              		.loc 1 1481 3 view .LVU1534
1483:Middlewares/Third_Party/LwIP/src/core/tcp.c **** 
 5294              		.loc 1 1483 3 view .LVU1535
 5295 0002 1C4A     		ldr	r2, .L495
 5296 0004 1378     		ldrb	r3, [r2]	@ zero_extendqisi2
 5297 0006 0133     		adds	r3, r3, #1
 5298 0008 1370     		strb	r3, [r2]
 5299              	.L484:
1486:Middlewares/Third_Party/LwIP/src/core/tcp.c **** 
 5300              		.loc 1 1486 3 view .LVU1536
1486:Middlewares/Third_Party/LwIP/src/core/tcp.c **** 
 5301              		.loc 1 1486 7 is_stmt 0 view .LVU1537
 5302 000a 1B4B     		ldr	r3, .L495+4
 5303 000c 1C68     		ldr	r4, [r3]
 5304              	.LVL518:
1488:Middlewares/Third_Party/LwIP/src/core/tcp.c ****     if (pcb->last_timer != tcp_timer_ctr) {
 5305              		.loc 1 1488 3 is_stmt 1 view .LVU1538
1488:Middlewares/Third_Party/LwIP/src/core/tcp.c ****     if (pcb->last_timer != tcp_timer_ctr) {
 5306              		.loc 1 1488 9 is_stmt 0 view .LVU1539
 5307 000e 13E0     		b	.L485
 5308              	.L493:
 5309              	.LBB28:
1494:Middlewares/Third_Party/LwIP/src/core/tcp.c ****         tcp_ack_now(pcb);
 5310              		.loc 1 1494 63 is_stmt 1 view .LVU1540
1495:Middlewares/Third_Party/LwIP/src/core/tcp.c ****         tcp_output(pcb);
 5311              		.loc 1 1495 9 view .LVU1541
1495:Middlewares/Third_Party/LwIP/src/core/tcp.c ****         tcp_output(pcb);
 5312              		.loc 1 1495 9 view .LVU1542
 5313 0010 43F00203 		orr	r3, r3, #2
 5314 0014 6383     		strh	r3, [r4, #26]	@ movhi
1495:Middlewares/Third_Party/LwIP/src/core/tcp.c ****         tcp_output(pcb);
 5315              		.loc 1 1495 9 view .LVU1543
1496:Middlewares/Third_Party/LwIP/src/core/tcp.c ****         tcp_clear_flags(pcb, TF_ACK_DELAY | TF_ACK_NOW);
 5316              		.loc 1 1496 9 view .LVU1544
 5317 0016 2046     		mov	r0, r4
 5318 0018 FFF7FEFF 		bl	tcp_output
 5319              	.LVL519:
1497:Middlewares/Third_Party/LwIP/src/core/tcp.c ****       }
 5320              		.loc 1 1497 9 view .LVU1545
1497:Middlewares/Third_Party/LwIP/src/core/tcp.c ****       }
 5321              		.loc 1 1497 9 view .LVU1546
 5322 001c 638B     		ldrh	r3, [r4, #26]
 5323 001e 23F00303 		bic	r3, r3, #3
 5324 0022 6383     		strh	r3, [r4, #26]	@ movhi
 5325 0024 13E0     		b	.L487
 5326              	.L494:
1501:Middlewares/Third_Party/LwIP/src/core/tcp.c ****         tcp_clear_flags(pcb, TF_CLOSEPEND);
 5327              		.loc 1 1501 63 view .LVU1547
1502:Middlewares/Third_Party/LwIP/src/core/tcp.c ****         tcp_close_shutdown_fin(pcb);
 5328              		.loc 1 1502 9 view .LVU1548
1502:Middlewares/Third_Party/LwIP/src/core/tcp.c ****         tcp_close_shutdown_fin(pcb);
 5329              		.loc 1 1502 9 view .LVU1549
ARM GAS  /tmp/ccmQZyRb.s 			page 162


 5330 0026 23F00803 		bic	r3, r3, #8
 5331 002a 6383     		strh	r3, [r4, #26]	@ movhi
1502:Middlewares/Third_Party/LwIP/src/core/tcp.c ****         tcp_close_shutdown_fin(pcb);
 5332              		.loc 1 1502 9 view .LVU1550
1503:Middlewares/Third_Party/LwIP/src/core/tcp.c ****       }
 5333              		.loc 1 1503 9 view .LVU1551
 5334 002c 2046     		mov	r0, r4
 5335 002e FFF7FEFF 		bl	tcp_close_shutdown_fin
 5336              	.LVL520:
 5337 0032 10E0     		b	.L488
 5338              	.L486:
1503:Middlewares/Third_Party/LwIP/src/core/tcp.c ****       }
 5339              		.loc 1 1503 9 is_stmt 0 view .LVU1552
 5340              	.LBE28:
1519:Middlewares/Third_Party/LwIP/src/core/tcp.c ****     }
 5341              		.loc 1 1519 7 is_stmt 1 view .LVU1553
1519:Middlewares/Third_Party/LwIP/src/core/tcp.c ****     }
 5342              		.loc 1 1519 11 is_stmt 0 view .LVU1554
 5343 0034 E568     		ldr	r5, [r4, #12]
 5344              	.LVL521:
 5345              	.L489:
1480:Middlewares/Third_Party/LwIP/src/core/tcp.c ****   struct tcp_pcb *pcb;
 5346              		.loc 1 1480 1 view .LVU1555
 5347 0036 2C46     		mov	r4, r5
 5348              	.L485:
 5349              	.LVL522:
1488:Middlewares/Third_Party/LwIP/src/core/tcp.c ****     if (pcb->last_timer != tcp_timer_ctr) {
 5350              		.loc 1 1488 9 is_stmt 1 view .LVU1556
 5351 0038 DCB1     		cbz	r4, .L492
1489:Middlewares/Third_Party/LwIP/src/core/tcp.c ****       struct tcp_pcb *next;
 5352              		.loc 1 1489 5 view .LVU1557
1489:Middlewares/Third_Party/LwIP/src/core/tcp.c ****       struct tcp_pcb *next;
 5353              		.loc 1 1489 12 is_stmt 0 view .LVU1558
 5354 003a A27F     		ldrb	r2, [r4, #30]	@ zero_extendqisi2
1489:Middlewares/Third_Party/LwIP/src/core/tcp.c ****       struct tcp_pcb *next;
 5355              		.loc 1 1489 25 view .LVU1559
 5356 003c 0D4B     		ldr	r3, .L495
 5357 003e 1B78     		ldrb	r3, [r3]	@ zero_extendqisi2
1489:Middlewares/Third_Party/LwIP/src/core/tcp.c ****       struct tcp_pcb *next;
 5358              		.loc 1 1489 8 view .LVU1560
 5359 0040 9A42     		cmp	r2, r3
 5360 0042 F7D0     		beq	.L486
 5361              	.LBB29:
1490:Middlewares/Third_Party/LwIP/src/core/tcp.c ****       pcb->last_timer = tcp_timer_ctr;
 5362              		.loc 1 1490 7 is_stmt 1 view .LVU1561
1491:Middlewares/Third_Party/LwIP/src/core/tcp.c ****       /* send delayed ACKs */
 5363              		.loc 1 1491 7 view .LVU1562
1491:Middlewares/Third_Party/LwIP/src/core/tcp.c ****       /* send delayed ACKs */
 5364              		.loc 1 1491 23 is_stmt 0 view .LVU1563
 5365 0044 A377     		strb	r3, [r4, #30]
1493:Middlewares/Third_Party/LwIP/src/core/tcp.c ****         LWIP_DEBUGF(TCP_DEBUG, ("tcp_fasttmr: delayed ACK\n"));
 5366              		.loc 1 1493 7 is_stmt 1 view .LVU1564
1493:Middlewares/Third_Party/LwIP/src/core/tcp.c ****         LWIP_DEBUGF(TCP_DEBUG, ("tcp_fasttmr: delayed ACK\n"));
 5367              		.loc 1 1493 14 is_stmt 0 view .LVU1565
 5368 0046 638B     		ldrh	r3, [r4, #26]
1493:Middlewares/Third_Party/LwIP/src/core/tcp.c ****         LWIP_DEBUGF(TCP_DEBUG, ("tcp_fasttmr: delayed ACK\n"));
 5369              		.loc 1 1493 10 view .LVU1566
ARM GAS  /tmp/ccmQZyRb.s 			page 163


 5370 0048 13F0010F 		tst	r3, #1
 5371 004c E0D1     		bne	.L493
 5372              	.L487:
1497:Middlewares/Third_Party/LwIP/src/core/tcp.c ****       }
 5373              		.loc 1 1497 9 is_stmt 1 discriminator 1 view .LVU1567
1500:Middlewares/Third_Party/LwIP/src/core/tcp.c ****         LWIP_DEBUGF(TCP_DEBUG, ("tcp_fasttmr: pending FIN\n"));
 5374              		.loc 1 1500 7 discriminator 1 view .LVU1568
1500:Middlewares/Third_Party/LwIP/src/core/tcp.c ****         LWIP_DEBUGF(TCP_DEBUG, ("tcp_fasttmr: pending FIN\n"));
 5375              		.loc 1 1500 14 is_stmt 0 discriminator 1 view .LVU1569
 5376 004e 638B     		ldrh	r3, [r4, #26]
1500:Middlewares/Third_Party/LwIP/src/core/tcp.c ****         LWIP_DEBUGF(TCP_DEBUG, ("tcp_fasttmr: pending FIN\n"));
 5377              		.loc 1 1500 10 discriminator 1 view .LVU1570
 5378 0050 13F0080F 		tst	r3, #8
 5379 0054 E7D1     		bne	.L494
 5380              	.L488:
1506:Middlewares/Third_Party/LwIP/src/core/tcp.c **** 
 5381              		.loc 1 1506 7 is_stmt 1 view .LVU1571
1506:Middlewares/Third_Party/LwIP/src/core/tcp.c **** 
 5382              		.loc 1 1506 12 is_stmt 0 view .LVU1572
 5383 0056 E568     		ldr	r5, [r4, #12]
 5384              	.LVL523:
1509:Middlewares/Third_Party/LwIP/src/core/tcp.c ****         tcp_active_pcbs_changed = 0;
 5385              		.loc 1 1509 7 is_stmt 1 view .LVU1573
1509:Middlewares/Third_Party/LwIP/src/core/tcp.c ****         tcp_active_pcbs_changed = 0;
 5386              		.loc 1 1509 14 is_stmt 0 view .LVU1574
 5387 0058 A36F     		ldr	r3, [r4, #120]
1509:Middlewares/Third_Party/LwIP/src/core/tcp.c ****         tcp_active_pcbs_changed = 0;
 5388              		.loc 1 1509 10 view .LVU1575
 5389 005a 002B     		cmp	r3, #0
 5390 005c EBD0     		beq	.L489
1510:Middlewares/Third_Party/LwIP/src/core/tcp.c ****         tcp_process_refused_data(pcb);
 5391              		.loc 1 1510 9 is_stmt 1 view .LVU1576
1510:Middlewares/Third_Party/LwIP/src/core/tcp.c ****         tcp_process_refused_data(pcb);
 5392              		.loc 1 1510 33 is_stmt 0 view .LVU1577
 5393 005e 074E     		ldr	r6, .L495+8
 5394 0060 0023     		movs	r3, #0
 5395 0062 3370     		strb	r3, [r6]
1511:Middlewares/Third_Party/LwIP/src/core/tcp.c ****         if (tcp_active_pcbs_changed) {
 5396              		.loc 1 1511 9 is_stmt 1 view .LVU1578
 5397 0064 2046     		mov	r0, r4
 5398 0066 FFF7FEFF 		bl	tcp_process_refused_data
 5399              	.LVL524:
1512:Middlewares/Third_Party/LwIP/src/core/tcp.c ****           /* application callback has changed the pcb list: restart the loop */
 5400              		.loc 1 1512 9 view .LVU1579
1512:Middlewares/Third_Party/LwIP/src/core/tcp.c ****           /* application callback has changed the pcb list: restart the loop */
 5401              		.loc 1 1512 13 is_stmt 0 view .LVU1580
 5402 006a 3378     		ldrb	r3, [r6]	@ zero_extendqisi2
1512:Middlewares/Third_Party/LwIP/src/core/tcp.c ****           /* application callback has changed the pcb list: restart the loop */
 5403              		.loc 1 1512 12 view .LVU1581
 5404 006c 002B     		cmp	r3, #0
 5405 006e E2D0     		beq	.L489
 5406 0070 CBE7     		b	.L484
 5407              	.LVL525:
 5408              	.L492:
1512:Middlewares/Third_Party/LwIP/src/core/tcp.c ****           /* application callback has changed the pcb list: restart the loop */
 5409              		.loc 1 1512 12 view .LVU1582
 5410              	.LBE29:
ARM GAS  /tmp/ccmQZyRb.s 			page 164


1522:Middlewares/Third_Party/LwIP/src/core/tcp.c **** 
 5411              		.loc 1 1522 1 view .LVU1583
 5412 0072 70BD     		pop	{r4, r5, r6, pc}
 5413              	.LVL526:
 5414              	.L496:
1522:Middlewares/Third_Party/LwIP/src/core/tcp.c **** 
 5415              		.loc 1 1522 1 view .LVU1584
 5416              		.align	2
 5417              	.L495:
 5418 0074 00000000 		.word	.LANCHOR10
 5419 0078 00000000 		.word	.LANCHOR2
 5420 007c 00000000 		.word	.LANCHOR7
 5421              		.cfi_endproc
 5422              	.LFE191:
 5424              		.section	.rodata.tcp_shutdown.str1.4,"aMS",%progbits,1
 5425              		.align	2
 5426              	.LC43:
 5427 0000 7463705F 		.ascii	"tcp_shutdown: invalid pcb\000"
 5427      73687574 
 5427      646F776E 
 5427      3A20696E 
 5427      76616C69 
 5428              		.section	.text.tcp_shutdown,"ax",%progbits
 5429              		.align	1
 5430              		.global	tcp_shutdown
 5431              		.syntax unified
 5432              		.thumb
 5433              		.thumb_func
 5434              		.fpu fpv5-d16
 5436              	tcp_shutdown:
 5437              	.LVL527:
 5438              	.LFB178:
 516:Middlewares/Third_Party/LwIP/src/core/tcp.c ****   LWIP_ASSERT_CORE_LOCKED();
 5439              		.loc 1 516 1 is_stmt 1 view -0
 5440              		.cfi_startproc
 5441              		@ args = 0, pretend = 0, frame = 0
 5442              		@ frame_needed = 0, uses_anonymous_args = 0
 516:Middlewares/Third_Party/LwIP/src/core/tcp.c ****   LWIP_ASSERT_CORE_LOCKED();
 5443              		.loc 1 516 1 is_stmt 0 view .LVU1586
 5444 0000 70B5     		push	{r4, r5, r6, lr}
 5445              	.LCFI56:
 5446              		.cfi_def_cfa_offset 16
 5447              		.cfi_offset 4, -16
 5448              		.cfi_offset 5, -12
 5449              		.cfi_offset 6, -8
 5450              		.cfi_offset 14, -4
 517:Middlewares/Third_Party/LwIP/src/core/tcp.c **** 
 5451              		.loc 1 517 28 is_stmt 1 view .LVU1587
 519:Middlewares/Third_Party/LwIP/src/core/tcp.c **** 
 5452              		.loc 1 519 3 view .LVU1588
 519:Middlewares/Third_Party/LwIP/src/core/tcp.c **** 
 5453              		.loc 1 519 3 view .LVU1589
 5454 0002 D0B1     		cbz	r0, .L508
 5455 0004 0D46     		mov	r5, r1
 5456 0006 1646     		mov	r6, r2
 5457 0008 0446     		mov	r4, r0
 519:Middlewares/Third_Party/LwIP/src/core/tcp.c **** 
ARM GAS  /tmp/ccmQZyRb.s 			page 165


 5458              		.loc 1 519 3 discriminator 2 view .LVU1590
 521:Middlewares/Third_Party/LwIP/src/core/tcp.c ****     return ERR_CONN;
 5459              		.loc 1 521 3 discriminator 2 view .LVU1591
 521:Middlewares/Third_Party/LwIP/src/core/tcp.c ****     return ERR_CONN;
 5460              		.loc 1 521 10 is_stmt 0 discriminator 2 view .LVU1592
 5461 000a 037D     		ldrb	r3, [r0, #20]	@ zero_extendqisi2
 521:Middlewares/Third_Party/LwIP/src/core/tcp.c ****     return ERR_CONN;
 5462              		.loc 1 521 6 discriminator 2 view .LVU1593
 5463 000c 012B     		cmp	r3, #1
 5464 000e 29D0     		beq	.L504
 524:Middlewares/Third_Party/LwIP/src/core/tcp.c ****     /* shut down the receive side: set a flag not to receive any more data... */
 5465              		.loc 1 524 3 is_stmt 1 view .LVU1594
 524:Middlewares/Third_Party/LwIP/src/core/tcp.c ****     /* shut down the receive side: set a flag not to receive any more data... */
 5466              		.loc 1 524 6 is_stmt 0 view .LVU1595
 5467 0010 51B1     		cbz	r1, .L500
 526:Middlewares/Third_Party/LwIP/src/core/tcp.c ****     if (shut_tx) {
 5468              		.loc 1 526 5 is_stmt 1 view .LVU1596
 526:Middlewares/Third_Party/LwIP/src/core/tcp.c ****     if (shut_tx) {
 5469              		.loc 1 526 5 view .LVU1597
 5470 0012 438B     		ldrh	r3, [r0, #26]
 5471 0014 43F01003 		orr	r3, r3, #16
 5472 0018 4383     		strh	r3, [r0, #26]	@ movhi
 526:Middlewares/Third_Party/LwIP/src/core/tcp.c ****     if (shut_tx) {
 5473              		.loc 1 526 5 view .LVU1598
 527:Middlewares/Third_Party/LwIP/src/core/tcp.c ****       /* shutting down the tx AND rx side is the same as closing for the raw API */
 5474              		.loc 1 527 5 view .LVU1599
 527:Middlewares/Third_Party/LwIP/src/core/tcp.c ****       /* shutting down the tx AND rx side is the same as closing for the raw API */
 5475              		.loc 1 527 8 is_stmt 0 view .LVU1600
 5476 001a C2B9     		cbnz	r2, .L509
 532:Middlewares/Third_Party/LwIP/src/core/tcp.c ****       pbuf_free(pcb->refused_data);
 5477              		.loc 1 532 5 is_stmt 1 view .LVU1601
 532:Middlewares/Third_Party/LwIP/src/core/tcp.c ****       pbuf_free(pcb->refused_data);
 5478              		.loc 1 532 12 is_stmt 0 view .LVU1602
 5479 001c 806F     		ldr	r0, [r0, #120]
 5480              	.LVL528:
 532:Middlewares/Third_Party/LwIP/src/core/tcp.c ****       pbuf_free(pcb->refused_data);
 5481              		.loc 1 532 8 view .LVU1603
 5482 001e 18B1     		cbz	r0, .L500
 533:Middlewares/Third_Party/LwIP/src/core/tcp.c ****       pcb->refused_data = NULL;
 5483              		.loc 1 533 7 is_stmt 1 view .LVU1604
 5484 0020 FFF7FEFF 		bl	pbuf_free
 5485              	.LVL529:
 534:Middlewares/Third_Party/LwIP/src/core/tcp.c ****     }
 5486              		.loc 1 534 7 view .LVU1605
 534:Middlewares/Third_Party/LwIP/src/core/tcp.c ****     }
 5487              		.loc 1 534 25 is_stmt 0 view .LVU1606
 5488 0024 0023     		movs	r3, #0
 5489 0026 A367     		str	r3, [r4, #120]
 5490              	.L500:
 537:Middlewares/Third_Party/LwIP/src/core/tcp.c ****     /* This can't happen twice since if it succeeds, the pcb's state is changed.
 5491              		.loc 1 537 3 is_stmt 1 view .LVU1607
 537:Middlewares/Third_Party/LwIP/src/core/tcp.c ****     /* This can't happen twice since if it succeeds, the pcb's state is changed.
 5492              		.loc 1 537 6 is_stmt 0 view .LVU1608
 5493 0028 FEB1     		cbz	r6, .L505
 540:Middlewares/Third_Party/LwIP/src/core/tcp.c ****       case SYN_RCVD:
 5494              		.loc 1 540 5 is_stmt 1 view .LVU1609
 540:Middlewares/Third_Party/LwIP/src/core/tcp.c ****       case SYN_RCVD:
ARM GAS  /tmp/ccmQZyRb.s 			page 166


 5495              		.loc 1 540 16 is_stmt 0 view .LVU1610
 5496 002a 237D     		ldrb	r3, [r4, #20]	@ zero_extendqisi2
 540:Middlewares/Third_Party/LwIP/src/core/tcp.c ****       case SYN_RCVD:
 5497              		.loc 1 540 5 view .LVU1611
 5498 002c 042B     		cmp	r3, #4
 5499 002e 12D8     		bhi	.L502
 5500 0030 032B     		cmp	r3, #3
 5501 0032 12D2     		bcs	.L503
 5502 0034 6FF00A00 		mvn	r0, #10
 5503 0038 18E0     		b	.L499
 5504              	.LVL530:
 5505              	.L508:
 519:Middlewares/Third_Party/LwIP/src/core/tcp.c **** 
 5506              		.loc 1 519 3 is_stmt 1 discriminator 1 view .LVU1612
 519:Middlewares/Third_Party/LwIP/src/core/tcp.c **** 
 5507              		.loc 1 519 3 discriminator 1 view .LVU1613
 5508 003a 0E4B     		ldr	r3, .L510
 5509 003c 40F20722 		movw	r2, #519
 5510              	.LVL531:
 519:Middlewares/Third_Party/LwIP/src/core/tcp.c **** 
 5511              		.loc 1 519 3 is_stmt 0 discriminator 1 view .LVU1614
 5512 0040 0D49     		ldr	r1, .L510+4
 5513              	.LVL532:
 519:Middlewares/Third_Party/LwIP/src/core/tcp.c **** 
 5514              		.loc 1 519 3 discriminator 1 view .LVU1615
 5515 0042 0E48     		ldr	r0, .L510+8
 5516              	.LVL533:
 519:Middlewares/Third_Party/LwIP/src/core/tcp.c **** 
 5517              		.loc 1 519 3 discriminator 1 view .LVU1616
 5518 0044 FFF7FEFF 		bl	printf
 5519              	.LVL534:
 519:Middlewares/Third_Party/LwIP/src/core/tcp.c **** 
 5520              		.loc 1 519 3 is_stmt 1 discriminator 1 view .LVU1617
 519:Middlewares/Third_Party/LwIP/src/core/tcp.c **** 
 5521              		.loc 1 519 3 discriminator 1 view .LVU1618
 5522 0048 6FF00F00 		mvn	r0, #15
 5523 004c 0EE0     		b	.L499
 5524              	.LVL535:
 5525              	.L509:
 529:Middlewares/Third_Party/LwIP/src/core/tcp.c ****     }
 5526              		.loc 1 529 7 view .LVU1619
 529:Middlewares/Third_Party/LwIP/src/core/tcp.c ****     }
 5527              		.loc 1 529 14 is_stmt 0 view .LVU1620
 5528 004e 0121     		movs	r1, #1
 5529              	.LVL536:
 529:Middlewares/Third_Party/LwIP/src/core/tcp.c ****     }
 5530              		.loc 1 529 14 view .LVU1621
 5531 0050 FFF7FEFF 		bl	tcp_close_shutdown
 5532              	.LVL537:
 529:Middlewares/Third_Party/LwIP/src/core/tcp.c ****     }
 5533              		.loc 1 529 14 view .LVU1622
 5534 0054 0AE0     		b	.L499
 5535              	.L502:
 540:Middlewares/Third_Party/LwIP/src/core/tcp.c ****       case SYN_RCVD:
 5536              		.loc 1 540 5 view .LVU1623
 5537 0056 072B     		cmp	r3, #7
 5538 0058 09D1     		bne	.L506
ARM GAS  /tmp/ccmQZyRb.s 			page 167


 5539              	.L503:
 544:Middlewares/Third_Party/LwIP/src/core/tcp.c ****       default:
 5540              		.loc 1 544 9 is_stmt 1 view .LVU1624
 544:Middlewares/Third_Party/LwIP/src/core/tcp.c ****       default:
 5541              		.loc 1 544 16 is_stmt 0 view .LVU1625
 5542 005a E9B2     		uxtb	r1, r5
 5543 005c 2046     		mov	r0, r4
 5544 005e FFF7FEFF 		bl	tcp_close_shutdown
 5545              	.LVL538:
 5546 0062 03E0     		b	.L499
 5547              	.LVL539:
 5548              	.L504:
 522:Middlewares/Third_Party/LwIP/src/core/tcp.c ****   }
 5549              		.loc 1 522 12 view .LVU1626
 5550 0064 6FF00A00 		mvn	r0, #10
 5551              	.LVL540:
 522:Middlewares/Third_Party/LwIP/src/core/tcp.c ****   }
 5552              		.loc 1 522 12 view .LVU1627
 5553 0068 00E0     		b	.L499
 5554              	.LVL541:
 5555              	.L505:
 551:Middlewares/Third_Party/LwIP/src/core/tcp.c **** }
 5556              		.loc 1 551 10 view .LVU1628
 5557 006a 0020     		movs	r0, #0
 5558              	.LVL542:
 5559              	.L499:
 552:Middlewares/Third_Party/LwIP/src/core/tcp.c **** 
 5560              		.loc 1 552 1 view .LVU1629
 5561 006c 70BD     		pop	{r4, r5, r6, pc}
 5562              	.LVL543:
 5563              	.L506:
 540:Middlewares/Third_Party/LwIP/src/core/tcp.c ****       case SYN_RCVD:
 5564              		.loc 1 540 5 view .LVU1630
 5565 006e 6FF00A00 		mvn	r0, #10
 5566 0072 FBE7     		b	.L499
 5567              	.L511:
 5568              		.align	2
 5569              	.L510:
 5570 0074 00000000 		.word	.LC0
 5571 0078 00000000 		.word	.LC43
 5572 007c 54000000 		.word	.LC2
 5573              		.cfi_endproc
 5574              	.LFE178:
 5576              		.section	.rodata.tcp_slowtmr.str1.4,"aMS",%progbits,1
 5577              		.align	2
 5578              	.LC44:
 5579 0000 7463705F 		.ascii	"tcp_slowtmr: active pcb->state != CLOSED\012\000"
 5579      736C6F77 
 5579      746D723A 
 5579      20616374 
 5579      69766520 
 5580 002a 0000     		.align	2
 5581              	.LC45:
 5582 002c 7463705F 		.ascii	"tcp_slowtmr: active pcb->state != LISTEN\012\000"
 5582      736C6F77 
 5582      746D723A 
 5582      20616374 
ARM GAS  /tmp/ccmQZyRb.s 			page 168


 5582      69766520 
 5583 0056 0000     		.align	2
 5584              	.LC46:
 5585 0058 7463705F 		.ascii	"tcp_slowtmr: active pcb->state != TIME-WAIT\012\000"
 5585      736C6F77 
 5585      746D723A 
 5585      20616374 
 5585      69766520 
 5586 0085 000000   		.align	2
 5587              	.LC47:
 5588 0088 7463705F 		.ascii	"tcp_slowtimr: persist ticking with in-flight data\000"
 5588      736C6F77 
 5588      74696D72 
 5588      3A207065 
 5588      72736973 
 5589 00ba 0000     		.align	2
 5590              	.LC48:
 5591 00bc 7463705F 		.ascii	"tcp_slowtimr: persist ticking with empty send buffe"
 5591      736C6F77 
 5591      74696D72 
 5591      3A207065 
 5591      72736973 
 5592 00ef 7200     		.ascii	"r\000"
 5593 00f1 000000   		.align	2
 5594              	.LC49:
 5595 00f4 7463705F 		.ascii	"tcp_slowtmr: middle tcp != tcp_active_pcbs\000"
 5595      736C6F77 
 5595      746D723A 
 5595      206D6964 
 5595      646C6520 
 5596 011f 00       		.align	2
 5597              	.LC50:
 5598 0120 7463705F 		.ascii	"tcp_slowtmr: first pcb == tcp_active_pcbs\000"
 5598      736C6F77 
 5598      746D723A 
 5598      20666972 
 5598      73742070 
 5599 014a 0000     		.align	2
 5600              	.LC51:
 5601 014c 7463705F 		.ascii	"tcp_slowtmr: TIME-WAIT pcb->state == TIME-WAIT\000"
 5601      736C6F77 
 5601      746D723A 
 5601      2054494D 
 5601      452D5741 
 5602 017b 00       		.align	2
 5603              	.LC52:
 5604 017c 7463705F 		.ascii	"tcp_slowtmr: middle tcp != tcp_tw_pcbs\000"
 5604      736C6F77 
 5604      746D723A 
 5604      206D6964 
 5604      646C6520 
 5605 01a3 00       		.align	2
 5606              	.LC53:
 5607 01a4 7463705F 		.ascii	"tcp_slowtmr: first pcb == tcp_tw_pcbs\000"
 5607      736C6F77 
 5607      746D723A 
 5607      20666972 
ARM GAS  /tmp/ccmQZyRb.s 			page 169


 5607      73742070 
 5608              		.section	.text.tcp_slowtmr,"ax",%progbits
 5609              		.align	1
 5610              		.global	tcp_slowtmr
 5611              		.syntax unified
 5612              		.thumb
 5613              		.thumb_func
 5614              		.fpu fpv5-d16
 5616              	tcp_slowtmr:
 5617              	.LFB190:
1193:Middlewares/Third_Party/LwIP/src/core/tcp.c ****   struct tcp_pcb *pcb, *prev;
 5618              		.loc 1 1193 1 is_stmt 1 view -0
 5619              		.cfi_startproc
 5620              		@ args = 0, pretend = 0, frame = 0
 5621              		@ frame_needed = 0, uses_anonymous_args = 0
 5622 0000 2DE9F041 		push	{r4, r5, r6, r7, r8, lr}
 5623              	.LCFI57:
 5624              		.cfi_def_cfa_offset 24
 5625              		.cfi_offset 4, -24
 5626              		.cfi_offset 5, -20
 5627              		.cfi_offset 6, -16
 5628              		.cfi_offset 7, -12
 5629              		.cfi_offset 8, -8
 5630              		.cfi_offset 14, -4
 5631 0004 84B0     		sub	sp, sp, #16
 5632              	.LCFI58:
 5633              		.cfi_def_cfa_offset 40
1194:Middlewares/Third_Party/LwIP/src/core/tcp.c ****   tcpwnd_size_t eff_wnd;
 5634              		.loc 1 1194 3 view .LVU1632
1195:Middlewares/Third_Party/LwIP/src/core/tcp.c ****   u8_t pcb_remove;      /* flag if a PCB should be removed */
 5635              		.loc 1 1195 3 view .LVU1633
1196:Middlewares/Third_Party/LwIP/src/core/tcp.c ****   u8_t pcb_reset;       /* flag if a RST should be sent when removing */
 5636              		.loc 1 1196 3 view .LVU1634
1197:Middlewares/Third_Party/LwIP/src/core/tcp.c ****   err_t err;
 5637              		.loc 1 1197 3 view .LVU1635
1198:Middlewares/Third_Party/LwIP/src/core/tcp.c **** 
 5638              		.loc 1 1198 3 view .LVU1636
1200:Middlewares/Third_Party/LwIP/src/core/tcp.c **** 
 5639              		.loc 1 1200 3 view .LVU1637
 5640              	.LVL544:
1202:Middlewares/Third_Party/LwIP/src/core/tcp.c ****   ++tcp_timer_ctr;
 5641              		.loc 1 1202 3 view .LVU1638
 5642 0006 994A     		ldr	r2, .L596
 5643 0008 1368     		ldr	r3, [r2]
 5644 000a 0133     		adds	r3, r3, #1
 5645 000c 1360     		str	r3, [r2]
1203:Middlewares/Third_Party/LwIP/src/core/tcp.c **** 
 5646              		.loc 1 1203 3 view .LVU1639
 5647 000e 984A     		ldr	r2, .L596+4
 5648 0010 1378     		ldrb	r3, [r2]	@ zero_extendqisi2
 5649 0012 0133     		adds	r3, r3, #1
 5650 0014 1370     		strb	r3, [r2]
 5651              	.L514:
 5652              	.LVL545:
 5653              	.L513:
1207:Middlewares/Third_Party/LwIP/src/core/tcp.c ****   pcb = tcp_active_pcbs;
 5654              		.loc 1 1207 3 view .LVU1640
ARM GAS  /tmp/ccmQZyRb.s 			page 170


1208:Middlewares/Third_Party/LwIP/src/core/tcp.c ****   if (pcb == NULL) {
 5655              		.loc 1 1208 3 view .LVU1641
1208:Middlewares/Third_Party/LwIP/src/core/tcp.c ****   if (pcb == NULL) {
 5656              		.loc 1 1208 7 is_stmt 0 view .LVU1642
 5657 0016 974B     		ldr	r3, .L596+8
 5658 0018 1C68     		ldr	r4, [r3]
 5659              	.LVL546:
1209:Middlewares/Third_Party/LwIP/src/core/tcp.c ****     LWIP_DEBUGF(TCP_DEBUG, ("tcp_slowtmr: no active pcbs\n"));
 5660              		.loc 1 1209 3 is_stmt 1 view .LVU1643
1210:Middlewares/Third_Party/LwIP/src/core/tcp.c ****   }
 5661              		.loc 1 1210 62 view .LVU1644
1212:Middlewares/Third_Party/LwIP/src/core/tcp.c ****     LWIP_DEBUGF(TCP_DEBUG, ("tcp_slowtmr: processing active pcb\n"));
 5662              		.loc 1 1212 3 view .LVU1645
1207:Middlewares/Third_Party/LwIP/src/core/tcp.c ****   pcb = tcp_active_pcbs;
 5663              		.loc 1 1207 8 is_stmt 0 view .LVU1646
 5664 001a 0025     		movs	r5, #0
1212:Middlewares/Third_Party/LwIP/src/core/tcp.c ****     LWIP_DEBUGF(TCP_DEBUG, ("tcp_slowtmr: processing active pcb\n"));
 5665              		.loc 1 1212 9 view .LVU1647
 5666 001c 92E1     		b	.L515
 5667              	.LVL547:
 5668              	.L586:
1214:Middlewares/Third_Party/LwIP/src/core/tcp.c ****     LWIP_ASSERT("tcp_slowtmr: active pcb->state != LISTEN\n", pcb->state != LISTEN);
 5669              		.loc 1 1214 5 is_stmt 1 discriminator 1 view .LVU1648
1214:Middlewares/Third_Party/LwIP/src/core/tcp.c ****     LWIP_ASSERT("tcp_slowtmr: active pcb->state != LISTEN\n", pcb->state != LISTEN);
 5670              		.loc 1 1214 5 discriminator 1 view .LVU1649
 5671 001e 964B     		ldr	r3, .L596+12
 5672 0020 40F2BE42 		movw	r2, #1214
 5673 0024 9549     		ldr	r1, .L596+16
 5674 0026 9648     		ldr	r0, .L596+20
 5675 0028 FFF7FEFF 		bl	printf
 5676              	.LVL548:
 5677 002c 90E1     		b	.L516
 5678              	.L587:
1215:Middlewares/Third_Party/LwIP/src/core/tcp.c ****     LWIP_ASSERT("tcp_slowtmr: active pcb->state != TIME-WAIT\n", pcb->state != TIME_WAIT);
 5679              		.loc 1 1215 5 discriminator 1 view .LVU1650
1215:Middlewares/Third_Party/LwIP/src/core/tcp.c ****     LWIP_ASSERT("tcp_slowtmr: active pcb->state != TIME-WAIT\n", pcb->state != TIME_WAIT);
 5680              		.loc 1 1215 5 discriminator 1 view .LVU1651
 5681 002e 924B     		ldr	r3, .L596+12
 5682 0030 40F2BF42 		movw	r2, #1215
 5683 0034 9349     		ldr	r1, .L596+24
 5684 0036 9248     		ldr	r0, .L596+20
 5685 0038 FFF7FEFF 		bl	printf
 5686              	.LVL549:
 5687 003c 8CE1     		b	.L517
 5688              	.L588:
1216:Middlewares/Third_Party/LwIP/src/core/tcp.c ****     if (pcb->last_timer == tcp_timer_ctr) {
 5689              		.loc 1 1216 5 discriminator 1 view .LVU1652
1216:Middlewares/Third_Party/LwIP/src/core/tcp.c ****     if (pcb->last_timer == tcp_timer_ctr) {
 5690              		.loc 1 1216 5 discriminator 1 view .LVU1653
 5691 003e 8E4B     		ldr	r3, .L596+12
 5692 0040 4FF49862 		mov	r2, #1216
 5693 0044 9049     		ldr	r1, .L596+28
 5694 0046 8E48     		ldr	r0, .L596+20
 5695 0048 FFF7FEFF 		bl	printf
 5696              	.LVL550:
 5697 004c 88E1     		b	.L518
 5698              	.L589:
ARM GAS  /tmp/ccmQZyRb.s 			page 171


1219:Middlewares/Third_Party/LwIP/src/core/tcp.c ****       pcb = pcb->next;
 5699              		.loc 1 1219 7 view .LVU1654
 5700              	.LVL551:
1220:Middlewares/Third_Party/LwIP/src/core/tcp.c ****       continue;
 5701              		.loc 1 1220 7 view .LVU1655
1221:Middlewares/Third_Party/LwIP/src/core/tcp.c ****     }
 5702              		.loc 1 1221 7 view .LVU1656
1219:Middlewares/Third_Party/LwIP/src/core/tcp.c ****       pcb = pcb->next;
 5703              		.loc 1 1219 12 is_stmt 0 view .LVU1657
 5704 004e 2546     		mov	r5, r4
1220:Middlewares/Third_Party/LwIP/src/core/tcp.c ****       continue;
 5705              		.loc 1 1220 11 view .LVU1658
 5706 0050 E468     		ldr	r4, [r4, #12]
 5707              	.LVL552:
1221:Middlewares/Third_Party/LwIP/src/core/tcp.c ****     }
 5708              		.loc 1 1221 7 view .LVU1659
 5709 0052 77E1     		b	.L515
 5710              	.LVL553:
 5711              	.L590:
1228:Middlewares/Third_Party/LwIP/src/core/tcp.c ****       ++pcb_remove;
 5712              		.loc 1 1228 38 discriminator 1 view .LVU1660
 5713 0054 94F84230 		ldrb	r3, [r4, #66]	@ zero_extendqisi2
1228:Middlewares/Third_Party/LwIP/src/core/tcp.c ****       ++pcb_remove;
 5714              		.loc 1 1228 32 discriminator 1 view .LVU1661
 5715 0058 052B     		cmp	r3, #5
 5716 005a 40F28C81 		bls	.L521
1229:Middlewares/Third_Party/LwIP/src/core/tcp.c ****       LWIP_DEBUGF(TCP_DEBUG, ("tcp_slowtmr: max SYN retries reached\n"));
 5717              		.loc 1 1229 7 view .LVU1662
 5718 005e 0126     		movs	r6, #1
 5719 0060 6EE0     		b	.L522
 5720              	.L591:
1237:Middlewares/Third_Party/LwIP/src/core/tcp.c ****         if (pcb->persist_probe >= TCP_MAXRTX) {
 5721              		.loc 1 1237 9 is_stmt 1 discriminator 1 view .LVU1663
1237:Middlewares/Third_Party/LwIP/src/core/tcp.c ****         if (pcb->persist_probe >= TCP_MAXRTX) {
 5722              		.loc 1 1237 9 discriminator 1 view .LVU1664
 5723 0062 854B     		ldr	r3, .L596+12
 5724 0064 40F2D542 		movw	r2, #1237
 5725 0068 8849     		ldr	r1, .L596+32
 5726 006a 8548     		ldr	r0, .L596+20
 5727 006c FFF7FEFF 		bl	printf
 5728              	.LVL554:
 5729 0070 98E1     		b	.L525
 5730              	.LVL555:
 5731              	.L527:
 5732              	.LBB30:
 5733              	.LBB31:
1254:Middlewares/Third_Party/LwIP/src/core/tcp.c ****                 if (tcp_output(pcb) == ERR_OK) {
 5734              		.loc 1 1254 15 view .LVU1665
1254:Middlewares/Third_Party/LwIP/src/core/tcp.c ****                 if (tcp_output(pcb) == ERR_OK) {
 5735              		.loc 1 1254 19 is_stmt 0 view .LVU1666
 5736 0072 2046     		mov	r0, r4
 5737 0074 FFF7FEFF 		bl	tcp_split_unsent_seg
 5738              	.LVL556:
1254:Middlewares/Third_Party/LwIP/src/core/tcp.c ****                 if (tcp_output(pcb) == ERR_OK) {
 5739              		.loc 1 1254 18 view .LVU1667
 5740 0078 58B1     		cbz	r0, .L575
 5741              	.L528:
ARM GAS  /tmp/ccmQZyRb.s 			page 172


 5742              	.LVL557:
1262:Middlewares/Third_Party/LwIP/src/core/tcp.c ****               if (pcb->persist_backoff < sizeof(tcp_persist_backoff)) {
 5743              		.loc 1 1262 15 is_stmt 1 view .LVU1668
1262:Middlewares/Third_Party/LwIP/src/core/tcp.c ****               if (pcb->persist_backoff < sizeof(tcp_persist_backoff)) {
 5744              		.loc 1 1262 32 is_stmt 0 view .LVU1669
 5745 007a 0023     		movs	r3, #0
 5746 007c 84F89830 		strb	r3, [r4, #152]
1263:Middlewares/Third_Party/LwIP/src/core/tcp.c ****                 pcb->persist_backoff++;
 5747              		.loc 1 1263 15 is_stmt 1 view .LVU1670
1263:Middlewares/Third_Party/LwIP/src/core/tcp.c ****                 pcb->persist_backoff++;
 5748              		.loc 1 1263 22 is_stmt 0 view .LVU1671
 5749 0080 94F89930 		ldrb	r3, [r4, #153]	@ zero_extendqisi2
1263:Middlewares/Third_Party/LwIP/src/core/tcp.c ****                 pcb->persist_backoff++;
 5750              		.loc 1 1263 18 view .LVU1672
 5751 0084 062B     		cmp	r3, #6
 5752 0086 7CD8     		bhi	.L565
1264:Middlewares/Third_Party/LwIP/src/core/tcp.c ****               }
 5753              		.loc 1 1264 17 is_stmt 1 view .LVU1673
1264:Middlewares/Third_Party/LwIP/src/core/tcp.c ****               }
 5754              		.loc 1 1264 37 is_stmt 0 view .LVU1674
 5755 0088 0133     		adds	r3, r3, #1
 5756 008a 84F89930 		strb	r3, [r4, #153]
 5757              	.LBE31:
 5758              	.LBE30:
1225:Middlewares/Third_Party/LwIP/src/core/tcp.c ****     pcb_reset = 0;
 5759              		.loc 1 1225 16 view .LVU1675
 5760 008e 0026     		movs	r6, #0
 5761 0090 56E0     		b	.L522
 5762              	.LVL558:
 5763              	.L575:
 5764              	.LBB34:
 5765              	.LBB32:
1255:Middlewares/Third_Party/LwIP/src/core/tcp.c ****                   /* sending will cancel persist timer, else retry with current slot */
 5766              		.loc 1 1255 17 is_stmt 1 view .LVU1676
1255:Middlewares/Third_Party/LwIP/src/core/tcp.c ****                   /* sending will cancel persist timer, else retry with current slot */
 5767              		.loc 1 1255 21 is_stmt 0 view .LVU1677
 5768 0092 2046     		mov	r0, r4
 5769 0094 FFF7FEFF 		bl	tcp_output
 5770              	.LVL559:
1255:Middlewares/Third_Party/LwIP/src/core/tcp.c ****                   /* sending will cancel persist timer, else retry with current slot */
 5771              		.loc 1 1255 20 view .LVU1678
 5772 0098 0028     		cmp	r0, #0
 5773 009a EED1     		bne	.L528
 5774              	.LBE32:
 5775              	.LBE34:
1225:Middlewares/Third_Party/LwIP/src/core/tcp.c ****     pcb_reset = 0;
 5776              		.loc 1 1225 16 view .LVU1679
 5777 009c 0026     		movs	r6, #0
 5778 009e 4FE0     		b	.L522
 5779              	.LVL560:
 5780              	.L523:
1271:Middlewares/Third_Party/LwIP/src/core/tcp.c ****           ++pcb->rtime;
 5781              		.loc 1 1271 9 is_stmt 1 view .LVU1680
1271:Middlewares/Third_Party/LwIP/src/core/tcp.c ****           ++pcb->rtime;
 5782              		.loc 1 1271 17 is_stmt 0 view .LVU1681
 5783 00a0 B4F93030 		ldrsh	r3, [r4, #48]
1271:Middlewares/Third_Party/LwIP/src/core/tcp.c ****           ++pcb->rtime;
ARM GAS  /tmp/ccmQZyRb.s 			page 173


 5784              		.loc 1 1271 31 view .LVU1682
 5785 00a4 9BB2     		uxth	r3, r3
1271:Middlewares/Third_Party/LwIP/src/core/tcp.c ****           ++pcb->rtime;
 5786              		.loc 1 1271 12 view .LVU1683
 5787 00a6 47F6FE72 		movw	r2, #32766
 5788 00aa 9342     		cmp	r3, r2
 5789 00ac 01D8     		bhi	.L529
1272:Middlewares/Third_Party/LwIP/src/core/tcp.c ****         }
 5790              		.loc 1 1272 11 is_stmt 1 view .LVU1684
 5791 00ae 0133     		adds	r3, r3, #1
 5792 00b0 2386     		strh	r3, [r4, #48]	@ movhi
 5793              	.L529:
1275:Middlewares/Third_Party/LwIP/src/core/tcp.c ****           /* Time for a retransmission. */
 5794              		.loc 1 1275 9 view .LVU1685
1275:Middlewares/Third_Party/LwIP/src/core/tcp.c ****           /* Time for a retransmission. */
 5795              		.loc 1 1275 16 is_stmt 0 view .LVU1686
 5796 00b2 B4F93020 		ldrsh	r2, [r4, #48]
1275:Middlewares/Third_Party/LwIP/src/core/tcp.c ****           /* Time for a retransmission. */
 5797              		.loc 1 1275 30 view .LVU1687
 5798 00b6 B4F94030 		ldrsh	r3, [r4, #64]
1275:Middlewares/Third_Party/LwIP/src/core/tcp.c ****           /* Time for a retransmission. */
 5799              		.loc 1 1275 12 view .LVU1688
 5800 00ba 9A42     		cmp	r2, r3
 5801 00bc 40DB     		blt	.L522
1279:Middlewares/Third_Party/LwIP/src/core/tcp.c ****           /* If prepare phase fails but we have unsent data but no unacked data,
 5802              		.loc 1 1279 61 is_stmt 1 view .LVU1689
1283:Middlewares/Third_Party/LwIP/src/core/tcp.c ****             /* Double retransmission time-out unless we are trying to
 5803              		.loc 1 1283 11 view .LVU1690
1283:Middlewares/Third_Party/LwIP/src/core/tcp.c ****             /* Double retransmission time-out unless we are trying to
 5804              		.loc 1 1283 16 is_stmt 0 view .LVU1691
 5805 00be 2046     		mov	r0, r4
 5806 00c0 FFF7FEFF 		bl	tcp_rexmit_rto_prepare
 5807              	.LVL561:
1283:Middlewares/Third_Party/LwIP/src/core/tcp.c ****             /* Double retransmission time-out unless we are trying to
 5808              		.loc 1 1283 14 view .LVU1692
 5809 00c4 20B1     		cbz	r0, .L530
1283:Middlewares/Third_Party/LwIP/src/core/tcp.c ****             /* Double retransmission time-out unless we are trying to
 5810              		.loc 1 1283 63 discriminator 1 view .LVU1693
 5811 00c6 236F     		ldr	r3, [r4, #112]
1283:Middlewares/Third_Party/LwIP/src/core/tcp.c ****             /* Double retransmission time-out unless we are trying to
 5812              		.loc 1 1283 55 discriminator 1 view .LVU1694
 5813 00c8 002B     		cmp	r3, #0
 5814 00ca 39D1     		bne	.L522
1283:Middlewares/Third_Party/LwIP/src/core/tcp.c ****             /* Double retransmission time-out unless we are trying to
 5815              		.loc 1 1283 89 discriminator 2 view .LVU1695
 5816 00cc E36E     		ldr	r3, [r4, #108]
1283:Middlewares/Third_Party/LwIP/src/core/tcp.c ****             /* Double retransmission time-out unless we are trying to
 5817              		.loc 1 1283 82 discriminator 2 view .LVU1696
 5818 00ce BBB3     		cbz	r3, .L522
 5819              	.L530:
1286:Middlewares/Third_Party/LwIP/src/core/tcp.c ****               u8_t backoff_idx = LWIP_MIN(pcb->nrtx, sizeof(tcp_backoff) - 1);
 5820              		.loc 1 1286 13 is_stmt 1 view .LVU1697
1286:Middlewares/Third_Party/LwIP/src/core/tcp.c ****               u8_t backoff_idx = LWIP_MIN(pcb->nrtx, sizeof(tcp_backoff) - 1);
 5821              		.loc 1 1286 20 is_stmt 0 view .LVU1698
 5822 00d0 237D     		ldrb	r3, [r4, #20]	@ zero_extendqisi2
1286:Middlewares/Third_Party/LwIP/src/core/tcp.c ****               u8_t backoff_idx = LWIP_MIN(pcb->nrtx, sizeof(tcp_backoff) - 1);
 5823              		.loc 1 1286 16 view .LVU1699
ARM GAS  /tmp/ccmQZyRb.s 			page 174


 5824 00d2 022B     		cmp	r3, #2
 5825 00d4 14D0     		beq	.L531
 5826              	.LBB35:
1287:Middlewares/Third_Party/LwIP/src/core/tcp.c ****               int calc_rto = ((pcb->sa >> 3) + pcb->sv) << tcp_backoff[backoff_idx];
 5827              		.loc 1 1287 15 is_stmt 1 view .LVU1700
1287:Middlewares/Third_Party/LwIP/src/core/tcp.c ****               int calc_rto = ((pcb->sa >> 3) + pcb->sv) << tcp_backoff[backoff_idx];
 5828              		.loc 1 1287 34 is_stmt 0 view .LVU1701
 5829 00d6 94F84220 		ldrb	r2, [r4, #66]	@ zero_extendqisi2
1287:Middlewares/Third_Party/LwIP/src/core/tcp.c ****               int calc_rto = ((pcb->sa >> 3) + pcb->sv) << tcp_backoff[backoff_idx];
 5830              		.loc 1 1287 20 view .LVU1702
 5831 00da 0C2A     		cmp	r2, #12
 5832 00dc 28BF     		it	cs
 5833 00de 0C22     		movcs	r2, #12
 5834              	.LVL562:
1288:Middlewares/Third_Party/LwIP/src/core/tcp.c ****               pcb->rto = (s16_t)LWIP_MIN(calc_rto, 0x7FFF);
 5835              		.loc 1 1288 15 is_stmt 1 view .LVU1703
1288:Middlewares/Third_Party/LwIP/src/core/tcp.c ****               pcb->rto = (s16_t)LWIP_MIN(calc_rto, 0x7FFF);
 5836              		.loc 1 1288 35 is_stmt 0 view .LVU1704
 5837 00e0 B4F93C10 		ldrsh	r1, [r4, #60]
1288:Middlewares/Third_Party/LwIP/src/core/tcp.c ****               pcb->rto = (s16_t)LWIP_MIN(calc_rto, 0x7FFF);
 5838              		.loc 1 1288 51 view .LVU1705
 5839 00e4 B4F93E30 		ldrsh	r3, [r4, #62]
1288:Middlewares/Third_Party/LwIP/src/core/tcp.c ****               pcb->rto = (s16_t)LWIP_MIN(calc_rto, 0x7FFF);
 5840              		.loc 1 1288 46 view .LVU1706
 5841 00e8 03EBE103 		add	r3, r3, r1, asr #3
1288:Middlewares/Third_Party/LwIP/src/core/tcp.c ****               pcb->rto = (s16_t)LWIP_MIN(calc_rto, 0x7FFF);
 5842              		.loc 1 1288 71 view .LVU1707
 5843 00ec 6849     		ldr	r1, .L596+36
 5844 00ee 8A5C     		ldrb	r2, [r1, r2]	@ zero_extendqisi2
 5845              	.LVL563:
1288:Middlewares/Third_Party/LwIP/src/core/tcp.c ****               pcb->rto = (s16_t)LWIP_MIN(calc_rto, 0x7FFF);
 5846              		.loc 1 1288 19 view .LVU1708
 5847 00f0 9340     		lsls	r3, r3, r2
 5848              	.LVL564:
1289:Middlewares/Third_Party/LwIP/src/core/tcp.c ****             }
 5849              		.loc 1 1289 15 is_stmt 1 view .LVU1709
1289:Middlewares/Third_Party/LwIP/src/core/tcp.c ****             }
 5850              		.loc 1 1289 26 is_stmt 0 view .LVU1710
 5851 00f2 47F6FE72 		movw	r2, #32766
 5852 00f6 9342     		cmp	r3, r2
 5853              	.LVL565:
1289:Middlewares/Third_Party/LwIP/src/core/tcp.c ****             }
 5854              		.loc 1 1289 26 view .LVU1711
 5855 00f8 1EDC     		bgt	.L566
1289:Middlewares/Third_Party/LwIP/src/core/tcp.c ****             }
 5856              		.loc 1 1289 26 discriminator 1 view .LVU1712
 5857 00fa 1BB2     		sxth	r3, r3
 5858              	.LVL566:
 5859              	.L532:
1289:Middlewares/Third_Party/LwIP/src/core/tcp.c ****             }
 5860              		.loc 1 1289 24 discriminator 4 view .LVU1713
 5861 00fc A4F84030 		strh	r3, [r4, #64]	@ movhi
 5862              	.LVL567:
 5863              	.L531:
1289:Middlewares/Third_Party/LwIP/src/core/tcp.c ****             }
 5864              		.loc 1 1289 24 discriminator 4 view .LVU1714
 5865              	.LBE35:
ARM GAS  /tmp/ccmQZyRb.s 			page 175


1293:Middlewares/Third_Party/LwIP/src/core/tcp.c **** 
 5866              		.loc 1 1293 13 is_stmt 1 view .LVU1715
1293:Middlewares/Third_Party/LwIP/src/core/tcp.c **** 
 5867              		.loc 1 1293 24 is_stmt 0 view .LVU1716
 5868 0100 0023     		movs	r3, #0
 5869 0102 2386     		strh	r3, [r4, #48]	@ movhi
1296:Middlewares/Third_Party/LwIP/src/core/tcp.c ****             pcb->ssthresh = eff_wnd >> 1;
 5870              		.loc 1 1296 13 is_stmt 1 view .LVU1717
1296:Middlewares/Third_Party/LwIP/src/core/tcp.c ****             pcb->ssthresh = eff_wnd >> 1;
 5871              		.loc 1 1296 23 is_stmt 0 view .LVU1718
 5872 0104 B4F86030 		ldrh	r3, [r4, #96]
 5873 0108 B4F84820 		ldrh	r2, [r4, #72]
1296:Middlewares/Third_Party/LwIP/src/core/tcp.c ****             pcb->ssthresh = eff_wnd >> 1;
 5874              		.loc 1 1296 21 view .LVU1719
 5875 010c 9342     		cmp	r3, r2
 5876 010e 28BF     		it	cs
 5877 0110 1346     		movcs	r3, r2
 5878              	.LVL568:
1297:Middlewares/Third_Party/LwIP/src/core/tcp.c ****             if (pcb->ssthresh < (tcpwnd_size_t)(pcb->mss << 1)) {
 5879              		.loc 1 1297 13 is_stmt 1 view .LVU1720
1297:Middlewares/Third_Party/LwIP/src/core/tcp.c ****             if (pcb->ssthresh < (tcpwnd_size_t)(pcb->mss << 1)) {
 5880              		.loc 1 1297 27 is_stmt 0 view .LVU1721
 5881 0112 5B08     		lsrs	r3, r3, #1
 5882              	.LVL569:
1297:Middlewares/Third_Party/LwIP/src/core/tcp.c ****             if (pcb->ssthresh < (tcpwnd_size_t)(pcb->mss << 1)) {
 5883              		.loc 1 1297 27 view .LVU1722
 5884 0114 A4F84A30 		strh	r3, [r4, #74]	@ movhi
1298:Middlewares/Third_Party/LwIP/src/core/tcp.c ****               pcb->ssthresh = (tcpwnd_size_t)(pcb->mss << 1);
 5885              		.loc 1 1298 13 is_stmt 1 view .LVU1723
1298:Middlewares/Third_Party/LwIP/src/core/tcp.c ****               pcb->ssthresh = (tcpwnd_size_t)(pcb->mss << 1);
 5886              		.loc 1 1298 52 is_stmt 0 view .LVU1724
 5887 0118 618E     		ldrh	r1, [r4, #50]
1298:Middlewares/Third_Party/LwIP/src/core/tcp.c ****               pcb->ssthresh = (tcpwnd_size_t)(pcb->mss << 1);
 5888              		.loc 1 1298 33 view .LVU1725
 5889 011a 4A00     		lsls	r2, r1, #1
 5890              	.LVL570:
1298:Middlewares/Third_Party/LwIP/src/core/tcp.c ****               pcb->ssthresh = (tcpwnd_size_t)(pcb->mss << 1);
 5891              		.loc 1 1298 33 view .LVU1726
 5892 011c 92B2     		uxth	r2, r2
1298:Middlewares/Third_Party/LwIP/src/core/tcp.c ****               pcb->ssthresh = (tcpwnd_size_t)(pcb->mss << 1);
 5893              		.loc 1 1298 16 view .LVU1727
 5894 011e 9342     		cmp	r3, r2
 5895              	.LVL571:
1298:Middlewares/Third_Party/LwIP/src/core/tcp.c ****               pcb->ssthresh = (tcpwnd_size_t)(pcb->mss << 1);
 5896              		.loc 1 1298 16 view .LVU1728
 5897 0120 01D2     		bcs	.L533
1299:Middlewares/Third_Party/LwIP/src/core/tcp.c ****             }
 5898              		.loc 1 1299 15 is_stmt 1 view .LVU1729
1299:Middlewares/Third_Party/LwIP/src/core/tcp.c ****             }
 5899              		.loc 1 1299 29 is_stmt 0 view .LVU1730
 5900 0122 A4F84A20 		strh	r2, [r4, #74]	@ movhi
 5901              	.L533:
1301:Middlewares/Third_Party/LwIP/src/core/tcp.c ****             LWIP_DEBUGF(TCP_CWND_DEBUG, ("tcp_slowtmr: cwnd %"TCPWNDSIZE_F
 5902              		.loc 1 1301 13 is_stmt 1 view .LVU1731
1301:Middlewares/Third_Party/LwIP/src/core/tcp.c ****             LWIP_DEBUGF(TCP_CWND_DEBUG, ("tcp_slowtmr: cwnd %"TCPWNDSIZE_F
 5903              		.loc 1 1301 23 is_stmt 0 view .LVU1732
 5904 0126 A4F84810 		strh	r1, [r4, #72]	@ movhi
ARM GAS  /tmp/ccmQZyRb.s 			page 176


 5905              	.LVL572:
1304:Middlewares/Third_Party/LwIP/src/core/tcp.c ****             pcb->bytes_acked = 0;
 5906              		.loc 1 1304 68 is_stmt 1 view .LVU1733
1305:Middlewares/Third_Party/LwIP/src/core/tcp.c **** 
 5907              		.loc 1 1305 13 view .LVU1734
1305:Middlewares/Third_Party/LwIP/src/core/tcp.c **** 
 5908              		.loc 1 1305 30 is_stmt 0 view .LVU1735
 5909 012a 0023     		movs	r3, #0
 5910 012c A4F86A30 		strh	r3, [r4, #106]	@ movhi
1309:Middlewares/Third_Party/LwIP/src/core/tcp.c ****           }
 5911              		.loc 1 1309 13 is_stmt 1 view .LVU1736
 5912 0130 2046     		mov	r0, r4
 5913 0132 FFF7FEFF 		bl	tcp_rexmit_rto_commit
 5914              	.LVL573:
1309:Middlewares/Third_Party/LwIP/src/core/tcp.c ****           }
 5915              		.loc 1 1309 13 is_stmt 0 view .LVU1737
 5916 0136 03E0     		b	.L522
 5917              	.LVL574:
 5918              	.L566:
 5919              	.LBB36:
1289:Middlewares/Third_Party/LwIP/src/core/tcp.c ****             }
 5920              		.loc 1 1289 26 view .LVU1738
 5921 0138 47F6FF73 		movw	r3, #32767
 5922              	.LVL575:
1289:Middlewares/Third_Party/LwIP/src/core/tcp.c ****             }
 5923              		.loc 1 1289 26 view .LVU1739
 5924 013c DEE7     		b	.L532
 5925              	.LVL576:
 5926              	.L560:
1289:Middlewares/Third_Party/LwIP/src/core/tcp.c ****             }
 5927              		.loc 1 1289 26 view .LVU1740
 5928              	.LBE36:
1232:Middlewares/Third_Party/LwIP/src/core/tcp.c ****       LWIP_DEBUGF(TCP_DEBUG, ("tcp_slowtmr: max DATA retries reached\n"));
 5929              		.loc 1 1232 7 view .LVU1741
 5930 013e 0126     		movs	r6, #1
 5931              	.L522:
 5932              	.LVL577:
1315:Middlewares/Third_Party/LwIP/src/core/tcp.c ****       /* If this PCB is in FIN_WAIT_2 because of SHUT_WR don't let it time out. */
 5933              		.loc 1 1315 5 is_stmt 1 view .LVU1742
1315:Middlewares/Third_Party/LwIP/src/core/tcp.c ****       /* If this PCB is in FIN_WAIT_2 because of SHUT_WR don't let it time out. */
 5934              		.loc 1 1315 12 is_stmt 0 view .LVU1743
 5935 0140 237D     		ldrb	r3, [r4, #20]	@ zero_extendqisi2
1315:Middlewares/Third_Party/LwIP/src/core/tcp.c ****       /* If this PCB is in FIN_WAIT_2 because of SHUT_WR don't let it time out. */
 5936              		.loc 1 1315 8 view .LVU1744
 5937 0142 062B     		cmp	r3, #6
 5938 0144 1FD0     		beq	.L576
 5939              	.L534:
1323:Middlewares/Third_Party/LwIP/src/core/tcp.c ****         }
 5940              		.loc 1 1323 86 is_stmt 1 view .LVU1745
1329:Middlewares/Third_Party/LwIP/src/core/tcp.c ****         ((pcb->state == ESTABLISHED) ||
 5941              		.loc 1 1329 5 view .LVU1746
1329:Middlewares/Third_Party/LwIP/src/core/tcp.c ****         ((pcb->state == ESTABLISHED) ||
 5942              		.loc 1 1329 9 is_stmt 0 view .LVU1747
 5943 0146 627A     		ldrb	r2, [r4, #9]	@ zero_extendqisi2
1329:Middlewares/Third_Party/LwIP/src/core/tcp.c ****         ((pcb->state == ESTABLISHED) ||
 5944              		.loc 1 1329 8 view .LVU1748
 5945 0148 12F00807 		ands	r7, r2, #8
ARM GAS  /tmp/ccmQZyRb.s 			page 177


 5946 014c 42D0     		beq	.L535
1329:Middlewares/Third_Party/LwIP/src/core/tcp.c ****         ((pcb->state == ESTABLISHED) ||
 5947              		.loc 1 1329 43 discriminator 1 view .LVU1749
 5948 014e 072B     		cmp	r3, #7
 5949 0150 18BF     		it	ne
 5950 0152 042B     		cmpne	r3, #4
 5951 0154 3DD1     		bne	.L567
1332:Middlewares/Third_Party/LwIP/src/core/tcp.c ****           (pcb->keep_idle + TCP_KEEP_DUR(pcb)) / TCP_SLOW_INTERVAL) {
 5952              		.loc 1 1332 7 is_stmt 1 view .LVU1750
1332:Middlewares/Third_Party/LwIP/src/core/tcp.c ****           (pcb->keep_idle + TCP_KEEP_DUR(pcb)) / TCP_SLOW_INTERVAL) {
 5953              		.loc 1 1332 11 is_stmt 0 view .LVU1751
 5954 0156 454B     		ldr	r3, .L596
 5955 0158 1A68     		ldr	r2, [r3]
1332:Middlewares/Third_Party/LwIP/src/core/tcp.c ****           (pcb->keep_idle + TCP_KEEP_DUR(pcb)) / TCP_SLOW_INTERVAL) {
 5956              		.loc 1 1332 34 view .LVU1752
 5957 015a 236A     		ldr	r3, [r4, #32]
1332:Middlewares/Third_Party/LwIP/src/core/tcp.c ****           (pcb->keep_idle + TCP_KEEP_DUR(pcb)) / TCP_SLOW_INTERVAL) {
 5958              		.loc 1 1332 29 view .LVU1753
 5959 015c D21A     		subs	r2, r2, r3
1333:Middlewares/Third_Party/LwIP/src/core/tcp.c ****         LWIP_DEBUGF(TCP_DEBUG, ("tcp_slowtmr: KEEPALIVE timeout. Aborting connection to "));
 5960              		.loc 1 1333 15 view .LVU1754
 5961 015e D4F89410 		ldr	r1, [r4, #148]
1333:Middlewares/Third_Party/LwIP/src/core/tcp.c ****         LWIP_DEBUGF(TCP_DEBUG, ("tcp_slowtmr: KEEPALIVE timeout. Aborting connection to "));
 5962              		.loc 1 1333 27 view .LVU1755
 5963 0162 4C4B     		ldr	r3, .L596+40
 5964 0164 0B44     		add	r3, r3, r1
1333:Middlewares/Third_Party/LwIP/src/core/tcp.c ****         LWIP_DEBUGF(TCP_DEBUG, ("tcp_slowtmr: KEEPALIVE timeout. Aborting connection to "));
 5965              		.loc 1 1333 48 view .LVU1756
 5966 0166 4C48     		ldr	r0, .L596+44
 5967 0168 A0FB0303 		umull	r0, r3, r0, r3
1332:Middlewares/Third_Party/LwIP/src/core/tcp.c ****           (pcb->keep_idle + TCP_KEEP_DUR(pcb)) / TCP_SLOW_INTERVAL) {
 5968              		.loc 1 1332 10 view .LVU1757
 5969 016c B2EB531F 		cmp	r2, r3, lsr #5
 5970 0170 16D9     		bls	.L536
1334:Middlewares/Third_Party/LwIP/src/core/tcp.c ****         ip_addr_debug_print_val(TCP_DEBUG, pcb->remote_ip);
 5971              		.loc 1 1334 92 is_stmt 1 view .LVU1758
1335:Middlewares/Third_Party/LwIP/src/core/tcp.c ****         LWIP_DEBUGF(TCP_DEBUG, ("\n"));
 5972              		.loc 1 1335 59 view .LVU1759
1336:Middlewares/Third_Party/LwIP/src/core/tcp.c **** 
 5973              		.loc 1 1336 39 view .LVU1760
1338:Middlewares/Third_Party/LwIP/src/core/tcp.c ****         ++pcb_reset;
 5974              		.loc 1 1338 9 view .LVU1761
 5975 0172 0136     		adds	r6, r6, #1
 5976              	.LVL578:
1338:Middlewares/Third_Party/LwIP/src/core/tcp.c ****         ++pcb_reset;
 5977              		.loc 1 1338 9 is_stmt 0 view .LVU1762
 5978 0174 F6B2     		uxtb	r6, r6
 5979              	.LVL579:
1339:Middlewares/Third_Party/LwIP/src/core/tcp.c ****       } else if ((u32_t)(tcp_ticks - pcb->tmr) >
 5980              		.loc 1 1339 9 is_stmt 1 view .LVU1763
1339:Middlewares/Third_Party/LwIP/src/core/tcp.c ****       } else if ((u32_t)(tcp_ticks - pcb->tmr) >
 5981              		.loc 1 1339 9 is_stmt 0 view .LVU1764
 5982 0176 0127     		movs	r7, #1
 5983 0178 2CE0     		b	.L535
 5984              	.LVL580:
 5985              	.L561:
1239:Middlewares/Third_Party/LwIP/src/core/tcp.c ****         } else {
ARM GAS  /tmp/ccmQZyRb.s 			page 178


 5986              		.loc 1 1239 11 view .LVU1765
 5987 017a 0126     		movs	r6, #1
 5988 017c E0E7     		b	.L522
 5989              	.LVL581:
 5990              	.L562:
1225:Middlewares/Third_Party/LwIP/src/core/tcp.c ****     pcb_reset = 0;
 5991              		.loc 1 1225 16 view .LVU1766
 5992 017e 0026     		movs	r6, #0
 5993 0180 DEE7     		b	.L522
 5994              	.LVL582:
 5995              	.L565:
1225:Middlewares/Third_Party/LwIP/src/core/tcp.c ****     pcb_reset = 0;
 5996              		.loc 1 1225 16 view .LVU1767
 5997 0182 0026     		movs	r6, #0
 5998 0184 DCE7     		b	.L522
 5999              	.LVL583:
 6000              	.L576:
1317:Middlewares/Third_Party/LwIP/src/core/tcp.c ****         /* PCB was fully closed (either through close() or SHUT_RDWR):
 6001              		.loc 1 1317 7 is_stmt 1 view .LVU1768
1317:Middlewares/Third_Party/LwIP/src/core/tcp.c ****         /* PCB was fully closed (either through close() or SHUT_RDWR):
 6002              		.loc 1 1317 14 is_stmt 0 view .LVU1769
 6003 0186 628B     		ldrh	r2, [r4, #26]
1317:Middlewares/Third_Party/LwIP/src/core/tcp.c ****         /* PCB was fully closed (either through close() or SHUT_RDWR):
 6004              		.loc 1 1317 10 view .LVU1770
 6005 0188 12F0100F 		tst	r2, #16
 6006 018c DBD0     		beq	.L534
1320:Middlewares/Third_Party/LwIP/src/core/tcp.c ****             TCP_FIN_WAIT_TIMEOUT / TCP_SLOW_INTERVAL) {
 6007              		.loc 1 1320 9 is_stmt 1 view .LVU1771
1320:Middlewares/Third_Party/LwIP/src/core/tcp.c ****             TCP_FIN_WAIT_TIMEOUT / TCP_SLOW_INTERVAL) {
 6008              		.loc 1 1320 36 is_stmt 0 view .LVU1772
 6009 018e 216A     		ldr	r1, [r4, #32]
1320:Middlewares/Third_Party/LwIP/src/core/tcp.c ****             TCP_FIN_WAIT_TIMEOUT / TCP_SLOW_INTERVAL) {
 6010              		.loc 1 1320 31 view .LVU1773
 6011 0190 364A     		ldr	r2, .L596
 6012 0192 1268     		ldr	r2, [r2]
 6013 0194 521A     		subs	r2, r2, r1
1320:Middlewares/Third_Party/LwIP/src/core/tcp.c ****             TCP_FIN_WAIT_TIMEOUT / TCP_SLOW_INTERVAL) {
 6014              		.loc 1 1320 12 view .LVU1774
 6015 0196 282A     		cmp	r2, #40
 6016 0198 D5D9     		bls	.L534
1322:Middlewares/Third_Party/LwIP/src/core/tcp.c ****           LWIP_DEBUGF(TCP_DEBUG, ("tcp_slowtmr: removing pcb stuck in FIN-WAIT-2\n"));
 6017              		.loc 1 1322 11 is_stmt 1 view .LVU1775
 6018 019a 0136     		adds	r6, r6, #1
 6019              	.LVL584:
1322:Middlewares/Third_Party/LwIP/src/core/tcp.c ****           LWIP_DEBUGF(TCP_DEBUG, ("tcp_slowtmr: removing pcb stuck in FIN-WAIT-2\n"));
 6020              		.loc 1 1322 11 is_stmt 0 view .LVU1776
 6021 019c F6B2     		uxtb	r6, r6
 6022              	.LVL585:
1322:Middlewares/Third_Party/LwIP/src/core/tcp.c ****           LWIP_DEBUGF(TCP_DEBUG, ("tcp_slowtmr: removing pcb stuck in FIN-WAIT-2\n"));
 6023              		.loc 1 1322 11 view .LVU1777
 6024 019e D2E7     		b	.L534
 6025              	.L536:
1340:Middlewares/Third_Party/LwIP/src/core/tcp.c ****                  (pcb->keep_idle + pcb->keep_cnt_sent * TCP_KEEP_INTVL(pcb))
 6026              		.loc 1 1340 14 is_stmt 1 view .LVU1778
1341:Middlewares/Third_Party/LwIP/src/core/tcp.c ****                  / TCP_SLOW_INTERVAL) {
 6027              		.loc 1 1341 39 is_stmt 0 view .LVU1779
 6028 01a0 94F89B30 		ldrb	r3, [r4, #155]	@ zero_extendqisi2
ARM GAS  /tmp/ccmQZyRb.s 			page 179


1341:Middlewares/Third_Party/LwIP/src/core/tcp.c ****                  / TCP_SLOW_INTERVAL) {
 6029              		.loc 1 1341 34 view .LVU1780
 6030 01a4 3D48     		ldr	r0, .L596+48
 6031 01a6 00FB0311 		mla	r1, r0, r3, r1
1342:Middlewares/Third_Party/LwIP/src/core/tcp.c ****         err = tcp_keepalive(pcb);
 6032              		.loc 1 1342 18 view .LVU1781
 6033 01aa 3B4B     		ldr	r3, .L596+44
 6034 01ac A3FB0131 		umull	r3, r1, r3, r1
1340:Middlewares/Third_Party/LwIP/src/core/tcp.c ****                  (pcb->keep_idle + pcb->keep_cnt_sent * TCP_KEEP_INTVL(pcb))
 6035              		.loc 1 1340 17 view .LVU1782
 6036 01b0 B2EB511F 		cmp	r2, r1, lsr #5
 6037 01b4 01D8     		bhi	.L577
1226:Middlewares/Third_Party/LwIP/src/core/tcp.c **** 
 6038              		.loc 1 1226 15 view .LVU1783
 6039 01b6 0027     		movs	r7, #0
 6040 01b8 0CE0     		b	.L535
 6041              	.L577:
1343:Middlewares/Third_Party/LwIP/src/core/tcp.c ****         if (err == ERR_OK) {
 6042              		.loc 1 1343 9 is_stmt 1 view .LVU1784
1343:Middlewares/Third_Party/LwIP/src/core/tcp.c ****         if (err == ERR_OK) {
 6043              		.loc 1 1343 15 is_stmt 0 view .LVU1785
 6044 01ba 2046     		mov	r0, r4
 6045 01bc FFF7FEFF 		bl	tcp_keepalive
 6046              	.LVL586:
1344:Middlewares/Third_Party/LwIP/src/core/tcp.c ****           pcb->keep_cnt_sent++;
 6047              		.loc 1 1344 9 is_stmt 1 view .LVU1786
1344:Middlewares/Third_Party/LwIP/src/core/tcp.c ****           pcb->keep_cnt_sent++;
 6048              		.loc 1 1344 12 is_stmt 0 view .LVU1787
 6049 01c0 0028     		cmp	r0, #0
 6050 01c2 3AD1     		bne	.L569
1345:Middlewares/Third_Party/LwIP/src/core/tcp.c ****         }
 6051              		.loc 1 1345 11 is_stmt 1 view .LVU1788
1345:Middlewares/Third_Party/LwIP/src/core/tcp.c ****         }
 6052              		.loc 1 1345 14 is_stmt 0 view .LVU1789
 6053 01c4 94F89B30 		ldrb	r3, [r4, #155]	@ zero_extendqisi2
1345:Middlewares/Third_Party/LwIP/src/core/tcp.c ****         }
 6054              		.loc 1 1345 29 view .LVU1790
 6055 01c8 0133     		adds	r3, r3, #1
 6056 01ca 84F89B30 		strb	r3, [r4, #155]
1226:Middlewares/Third_Party/LwIP/src/core/tcp.c **** 
 6057              		.loc 1 1226 15 view .LVU1791
 6058 01ce 0027     		movs	r7, #0
 6059 01d0 00E0     		b	.L535
 6060              	.LVL587:
 6061              	.L567:
1226:Middlewares/Third_Party/LwIP/src/core/tcp.c **** 
 6062              		.loc 1 1226 15 view .LVU1792
 6063 01d2 0027     		movs	r7, #0
 6064              	.LVL588:
 6065              	.L535:
1354:Middlewares/Third_Party/LwIP/src/core/tcp.c ****         (tcp_ticks - pcb->tmr >= (u32_t)pcb->rto * TCP_OOSEQ_TIMEOUT)) {
 6066              		.loc 1 1354 5 is_stmt 1 view .LVU1793
1354:Middlewares/Third_Party/LwIP/src/core/tcp.c ****         (tcp_ticks - pcb->tmr >= (u32_t)pcb->rto * TCP_OOSEQ_TIMEOUT)) {
 6067              		.loc 1 1354 12 is_stmt 0 view .LVU1794
 6068 01d4 636F     		ldr	r3, [r4, #116]
1354:Middlewares/Third_Party/LwIP/src/core/tcp.c ****         (tcp_ticks - pcb->tmr >= (u32_t)pcb->rto * TCP_OOSEQ_TIMEOUT)) {
 6069              		.loc 1 1354 8 view .LVU1795
ARM GAS  /tmp/ccmQZyRb.s 			page 180


 6070 01d6 53B1     		cbz	r3, .L537
1355:Middlewares/Third_Party/LwIP/src/core/tcp.c ****       LWIP_DEBUGF(TCP_CWND_DEBUG, ("tcp_slowtmr: dropping OOSEQ queued data\n"));
 6071              		.loc 1 1355 25 discriminator 1 view .LVU1796
 6072 01d8 236A     		ldr	r3, [r4, #32]
1355:Middlewares/Third_Party/LwIP/src/core/tcp.c ****       LWIP_DEBUGF(TCP_CWND_DEBUG, ("tcp_slowtmr: dropping OOSEQ queued data\n"));
 6073              		.loc 1 1355 20 discriminator 1 view .LVU1797
 6074 01da 244A     		ldr	r2, .L596
 6075 01dc 1268     		ldr	r2, [r2]
 6076 01de D21A     		subs	r2, r2, r3
1355:Middlewares/Third_Party/LwIP/src/core/tcp.c ****       LWIP_DEBUGF(TCP_CWND_DEBUG, ("tcp_slowtmr: dropping OOSEQ queued data\n"));
 6077              		.loc 1 1355 44 discriminator 1 view .LVU1798
 6078 01e0 B4F94030 		ldrsh	r3, [r4, #64]
1355:Middlewares/Third_Party/LwIP/src/core/tcp.c ****       LWIP_DEBUGF(TCP_CWND_DEBUG, ("tcp_slowtmr: dropping OOSEQ queued data\n"));
 6079              		.loc 1 1355 50 discriminator 1 view .LVU1799
 6080 01e4 03EB4303 		add	r3, r3, r3, lsl #1
1354:Middlewares/Third_Party/LwIP/src/core/tcp.c ****         (tcp_ticks - pcb->tmr >= (u32_t)pcb->rto * TCP_OOSEQ_TIMEOUT)) {
 6081              		.loc 1 1354 28 discriminator 1 view .LVU1800
 6082 01e8 B2EB430F 		cmp	r2, r3, lsl #1
 6083 01ec 27D2     		bcs	.L578
 6084              	.L537:
1362:Middlewares/Third_Party/LwIP/src/core/tcp.c ****       if ((u32_t)(tcp_ticks - pcb->tmr) >
 6085              		.loc 1 1362 5 is_stmt 1 view .LVU1801
1362:Middlewares/Third_Party/LwIP/src/core/tcp.c ****       if ((u32_t)(tcp_ticks - pcb->tmr) >
 6086              		.loc 1 1362 12 is_stmt 0 view .LVU1802
 6087 01ee 237D     		ldrb	r3, [r4, #20]	@ zero_extendqisi2
1362:Middlewares/Third_Party/LwIP/src/core/tcp.c ****       if ((u32_t)(tcp_ticks - pcb->tmr) >
 6088              		.loc 1 1362 8 view .LVU1803
 6089 01f0 032B     		cmp	r3, #3
 6090 01f2 28D0     		beq	.L579
 6091              	.L538:
1366:Middlewares/Third_Party/LwIP/src/core/tcp.c ****       }
 6092              		.loc 1 1366 82 is_stmt 1 view .LVU1804
1371:Middlewares/Third_Party/LwIP/src/core/tcp.c ****       if ((u32_t)(tcp_ticks - pcb->tmr) > 2 * TCP_MSL / TCP_SLOW_INTERVAL) {
 6093              		.loc 1 1371 5 view .LVU1805
1371:Middlewares/Third_Party/LwIP/src/core/tcp.c ****       if ((u32_t)(tcp_ticks - pcb->tmr) > 2 * TCP_MSL / TCP_SLOW_INTERVAL) {
 6094              		.loc 1 1371 8 is_stmt 0 view .LVU1806
 6095 01f4 092B     		cmp	r3, #9
 6096 01f6 2FD0     		beq	.L580
 6097              	.L539:
1374:Middlewares/Third_Party/LwIP/src/core/tcp.c ****       }
 6098              		.loc 1 1374 82 is_stmt 1 view .LVU1807
1379:Middlewares/Third_Party/LwIP/src/core/tcp.c ****       struct tcp_pcb *pcb2;
 6099              		.loc 1 1379 5 view .LVU1808
1379:Middlewares/Third_Party/LwIP/src/core/tcp.c ****       struct tcp_pcb *pcb2;
 6100              		.loc 1 1379 8 is_stmt 0 view .LVU1809
 6101 01f8 002E     		cmp	r6, #0
 6102 01fa 53D1     		bne	.L581
1415:Middlewares/Third_Party/LwIP/src/core/tcp.c ****       pcb = pcb->next;
 6103              		.loc 1 1415 7 is_stmt 1 view .LVU1810
 6104              	.LVL589:
1416:Middlewares/Third_Party/LwIP/src/core/tcp.c **** 
 6105              		.loc 1 1416 7 view .LVU1811
1416:Middlewares/Third_Party/LwIP/src/core/tcp.c **** 
 6106              		.loc 1 1416 11 is_stmt 0 view .LVU1812
 6107 01fc E668     		ldr	r6, [r4, #12]
 6108              	.LVL590:
1419:Middlewares/Third_Party/LwIP/src/core/tcp.c ****       if (prev->polltmr >= prev->pollinterval) {
ARM GAS  /tmp/ccmQZyRb.s 			page 181


 6109              		.loc 1 1419 7 is_stmt 1 view .LVU1813
1419:Middlewares/Third_Party/LwIP/src/core/tcp.c ****       if (prev->polltmr >= prev->pollinterval) {
 6110              		.loc 1 1419 13 is_stmt 0 view .LVU1814
 6111 01fe 237F     		ldrb	r3, [r4, #28]	@ zero_extendqisi2
1419:Middlewares/Third_Party/LwIP/src/core/tcp.c ****       if (prev->polltmr >= prev->pollinterval) {
 6112              		.loc 1 1419 7 view .LVU1815
 6113 0200 0133     		adds	r3, r3, #1
 6114 0202 DBB2     		uxtb	r3, r3
 6115 0204 2377     		strb	r3, [r4, #28]
1420:Middlewares/Third_Party/LwIP/src/core/tcp.c ****         prev->polltmr = 0;
 6116              		.loc 1 1420 7 is_stmt 1 view .LVU1816
1420:Middlewares/Third_Party/LwIP/src/core/tcp.c ****         prev->polltmr = 0;
 6117              		.loc 1 1420 32 is_stmt 0 view .LVU1817
 6118 0206 627F     		ldrb	r2, [r4, #29]	@ zero_extendqisi2
1420:Middlewares/Third_Party/LwIP/src/core/tcp.c ****         prev->polltmr = 0;
 6119              		.loc 1 1420 10 view .LVU1818
 6120 0208 9342     		cmp	r3, r2
 6121 020a C0F09980 		bcc	.L570
1421:Middlewares/Third_Party/LwIP/src/core/tcp.c ****         LWIP_DEBUGF(TCP_DEBUG, ("tcp_slowtmr: polling application\n"));
 6122              		.loc 1 1421 9 is_stmt 1 view .LVU1819
1421:Middlewares/Third_Party/LwIP/src/core/tcp.c ****         LWIP_DEBUGF(TCP_DEBUG, ("tcp_slowtmr: polling application\n"));
 6123              		.loc 1 1421 23 is_stmt 0 view .LVU1820
 6124 020e 0023     		movs	r3, #0
 6125 0210 2377     		strb	r3, [r4, #28]
1422:Middlewares/Third_Party/LwIP/src/core/tcp.c ****         tcp_active_pcbs_changed = 0;
 6126              		.loc 1 1422 71 is_stmt 1 view .LVU1821
1423:Middlewares/Third_Party/LwIP/src/core/tcp.c ****         TCP_EVENT_POLL(prev, err);
 6127              		.loc 1 1423 9 view .LVU1822
1423:Middlewares/Third_Party/LwIP/src/core/tcp.c ****         TCP_EVENT_POLL(prev, err);
 6128              		.loc 1 1423 33 is_stmt 0 view .LVU1823
 6129 0212 234A     		ldr	r2, .L596+52
 6130 0214 1370     		strb	r3, [r2]
1424:Middlewares/Third_Party/LwIP/src/core/tcp.c ****         if (tcp_active_pcbs_changed) {
 6131              		.loc 1 1424 9 is_stmt 1 view .LVU1824
1424:Middlewares/Third_Party/LwIP/src/core/tcp.c ****         if (tcp_active_pcbs_changed) {
 6132              		.loc 1 1424 9 view .LVU1825
 6133 0216 D4F88C30 		ldr	r3, [r4, #140]
 6134 021a 002B     		cmp	r3, #0
 6135 021c 00F08880 		beq	.L571
1424:Middlewares/Third_Party/LwIP/src/core/tcp.c ****         if (tcp_active_pcbs_changed) {
 6136              		.loc 1 1424 9 discriminator 1 view .LVU1826
 6137 0220 2146     		mov	r1, r4
 6138 0222 2069     		ldr	r0, [r4, #16]
 6139 0224 9847     		blx	r3
 6140              	.LVL591:
 6141              	.L547:
1424:Middlewares/Third_Party/LwIP/src/core/tcp.c ****         if (tcp_active_pcbs_changed) {
 6142              		.loc 1 1424 9 discriminator 4 view .LVU1827
1425:Middlewares/Third_Party/LwIP/src/core/tcp.c ****           goto tcp_slowtmr_start;
 6143              		.loc 1 1425 9 discriminator 4 view .LVU1828
1425:Middlewares/Third_Party/LwIP/src/core/tcp.c ****           goto tcp_slowtmr_start;
 6144              		.loc 1 1425 13 is_stmt 0 discriminator 4 view .LVU1829
 6145 0226 1E4B     		ldr	r3, .L596+52
 6146 0228 1B78     		ldrb	r3, [r3]	@ zero_extendqisi2
1425:Middlewares/Third_Party/LwIP/src/core/tcp.c ****           goto tcp_slowtmr_start;
 6147              		.loc 1 1425 12 discriminator 4 view .LVU1830
 6148 022a 002B     		cmp	r3, #0
ARM GAS  /tmp/ccmQZyRb.s 			page 182


 6149 022c 7FF4F3AE 		bne	.L513
1429:Middlewares/Third_Party/LwIP/src/core/tcp.c ****           tcp_output(prev);
 6150              		.loc 1 1429 9 is_stmt 1 view .LVU1831
1429:Middlewares/Third_Party/LwIP/src/core/tcp.c ****           tcp_output(prev);
 6151              		.loc 1 1429 12 is_stmt 0 view .LVU1832
 6152 0230 0028     		cmp	r0, #0
 6153 0232 7FD0     		beq	.L582
1415:Middlewares/Third_Party/LwIP/src/core/tcp.c ****       pcb = pcb->next;
 6154              		.loc 1 1415 12 view .LVU1833
 6155 0234 2546     		mov	r5, r4
1416:Middlewares/Third_Party/LwIP/src/core/tcp.c **** 
 6156              		.loc 1 1416 11 view .LVU1834
 6157 0236 3446     		mov	r4, r6
 6158              	.LVL592:
1416:Middlewares/Third_Party/LwIP/src/core/tcp.c **** 
 6159              		.loc 1 1416 11 view .LVU1835
 6160 0238 84E0     		b	.L515
 6161              	.LVL593:
 6162              	.L569:
1226:Middlewares/Third_Party/LwIP/src/core/tcp.c **** 
 6163              		.loc 1 1226 15 view .LVU1836
 6164 023a 0027     		movs	r7, #0
 6165 023c CAE7     		b	.L535
 6166              	.LVL594:
 6167              	.L578:
1356:Middlewares/Third_Party/LwIP/src/core/tcp.c ****       tcp_free_ooseq(pcb);
 6168              		.loc 1 1356 81 is_stmt 1 view .LVU1837
1357:Middlewares/Third_Party/LwIP/src/core/tcp.c ****     }
 6169              		.loc 1 1357 7 view .LVU1838
 6170 023e 2046     		mov	r0, r4
 6171 0240 FFF7FEFF 		bl	tcp_free_ooseq
 6172              	.LVL595:
 6173 0244 D3E7     		b	.L537
 6174              	.L579:
1363:Middlewares/Third_Party/LwIP/src/core/tcp.c ****           TCP_SYN_RCVD_TIMEOUT / TCP_SLOW_INTERVAL) {
 6175              		.loc 1 1363 7 view .LVU1839
1363:Middlewares/Third_Party/LwIP/src/core/tcp.c ****           TCP_SYN_RCVD_TIMEOUT / TCP_SLOW_INTERVAL) {
 6176              		.loc 1 1363 34 is_stmt 0 view .LVU1840
 6177 0246 216A     		ldr	r1, [r4, #32]
1363:Middlewares/Third_Party/LwIP/src/core/tcp.c ****           TCP_SYN_RCVD_TIMEOUT / TCP_SLOW_INTERVAL) {
 6178              		.loc 1 1363 29 view .LVU1841
 6179 0248 084A     		ldr	r2, .L596
 6180 024a 1268     		ldr	r2, [r2]
 6181 024c 521A     		subs	r2, r2, r1
1363:Middlewares/Third_Party/LwIP/src/core/tcp.c ****           TCP_SYN_RCVD_TIMEOUT / TCP_SLOW_INTERVAL) {
 6182              		.loc 1 1363 10 view .LVU1842
 6183 024e 282A     		cmp	r2, #40
 6184 0250 D0D9     		bls	.L538
1365:Middlewares/Third_Party/LwIP/src/core/tcp.c ****         LWIP_DEBUGF(TCP_DEBUG, ("tcp_slowtmr: removing pcb stuck in SYN-RCVD\n"));
 6185              		.loc 1 1365 9 is_stmt 1 view .LVU1843
 6186 0252 0136     		adds	r6, r6, #1
 6187              	.LVL596:
1365:Middlewares/Third_Party/LwIP/src/core/tcp.c ****         LWIP_DEBUGF(TCP_DEBUG, ("tcp_slowtmr: removing pcb stuck in SYN-RCVD\n"));
 6188              		.loc 1 1365 9 is_stmt 0 view .LVU1844
 6189 0254 F6B2     		uxtb	r6, r6
 6190              	.LVL597:
1365:Middlewares/Third_Party/LwIP/src/core/tcp.c ****         LWIP_DEBUGF(TCP_DEBUG, ("tcp_slowtmr: removing pcb stuck in SYN-RCVD\n"));
ARM GAS  /tmp/ccmQZyRb.s 			page 183


 6191              		.loc 1 1365 9 view .LVU1845
 6192 0256 CDE7     		b	.L538
 6193              	.L580:
1372:Middlewares/Third_Party/LwIP/src/core/tcp.c ****         ++pcb_remove;
 6194              		.loc 1 1372 7 is_stmt 1 view .LVU1846
1372:Middlewares/Third_Party/LwIP/src/core/tcp.c ****         ++pcb_remove;
 6195              		.loc 1 1372 34 is_stmt 0 view .LVU1847
 6196 0258 226A     		ldr	r2, [r4, #32]
1372:Middlewares/Third_Party/LwIP/src/core/tcp.c ****         ++pcb_remove;
 6197              		.loc 1 1372 29 view .LVU1848
 6198 025a 044B     		ldr	r3, .L596
 6199 025c 1B68     		ldr	r3, [r3]
 6200 025e 9B1A     		subs	r3, r3, r2
1372:Middlewares/Third_Party/LwIP/src/core/tcp.c ****         ++pcb_remove;
 6201              		.loc 1 1372 10 view .LVU1849
 6202 0260 F02B     		cmp	r3, #240
 6203 0262 C9D9     		bls	.L539
1373:Middlewares/Third_Party/LwIP/src/core/tcp.c ****         LWIP_DEBUGF(TCP_DEBUG, ("tcp_slowtmr: removing pcb stuck in LAST-ACK\n"));
 6204              		.loc 1 1373 9 is_stmt 1 view .LVU1850
 6205 0264 0136     		adds	r6, r6, #1
 6206              	.LVL598:
1373:Middlewares/Third_Party/LwIP/src/core/tcp.c ****         LWIP_DEBUGF(TCP_DEBUG, ("tcp_slowtmr: removing pcb stuck in LAST-ACK\n"));
 6207              		.loc 1 1373 9 is_stmt 0 view .LVU1851
 6208 0266 F6B2     		uxtb	r6, r6
 6209              	.LVL599:
1373:Middlewares/Third_Party/LwIP/src/core/tcp.c ****         LWIP_DEBUGF(TCP_DEBUG, ("tcp_slowtmr: removing pcb stuck in LAST-ACK\n"));
 6210              		.loc 1 1373 9 view .LVU1852
 6211 0268 C6E7     		b	.L539
 6212              	.L597:
 6213 026a 00BF     		.align	2
 6214              	.L596:
 6215 026c 00000000 		.word	.LANCHOR6
 6216 0270 00000000 		.word	.LANCHOR10
 6217 0274 00000000 		.word	.LANCHOR2
 6218 0278 00000000 		.word	.LC0
 6219 027c 00000000 		.word	.LC44
 6220 0280 54000000 		.word	.LC2
 6221 0284 2C000000 		.word	.LC45
 6222 0288 58000000 		.word	.LC46
 6223 028c BC000000 		.word	.LC48
 6224 0290 00000000 		.word	.LANCHOR12
 6225 0294 B84C0A00 		.word	675000
 6226 0298 D34D6210 		.word	274877907
 6227 029c F8240100 		.word	75000
 6228 02a0 00000000 		.word	.LANCHOR7
 6229              	.L581:
 6230              	.LBB37:
1380:Middlewares/Third_Party/LwIP/src/core/tcp.c **** #if LWIP_CALLBACK_API
 6231              		.loc 1 1380 7 is_stmt 1 view .LVU1853
1382:Middlewares/Third_Party/LwIP/src/core/tcp.c **** #endif /* LWIP_CALLBACK_API */
 6232              		.loc 1 1382 7 view .LVU1854
1382:Middlewares/Third_Party/LwIP/src/core/tcp.c **** #endif /* LWIP_CALLBACK_API */
 6233              		.loc 1 1382 18 is_stmt 0 view .LVU1855
 6234 02a4 D4F89060 		ldr	r6, [r4, #144]
 6235              	.LVL600:
1384:Middlewares/Third_Party/LwIP/src/core/tcp.c ****       enum tcp_state last_state;
 6236              		.loc 1 1384 7 is_stmt 1 view .LVU1856
ARM GAS  /tmp/ccmQZyRb.s 			page 184


1385:Middlewares/Third_Party/LwIP/src/core/tcp.c ****       tcp_pcb_purge(pcb);
 6237              		.loc 1 1385 7 view .LVU1857
1386:Middlewares/Third_Party/LwIP/src/core/tcp.c ****       /* Remove PCB from tcp_active_pcbs list. */
 6238              		.loc 1 1386 7 view .LVU1858
 6239 02a8 2046     		mov	r0, r4
 6240 02aa FFF7FEFF 		bl	tcp_pcb_purge
 6241              	.LVL601:
1388:Middlewares/Third_Party/LwIP/src/core/tcp.c ****         LWIP_ASSERT("tcp_slowtmr: middle tcp != tcp_active_pcbs", pcb != tcp_active_pcbs);
 6242              		.loc 1 1388 7 view .LVU1859
1388:Middlewares/Third_Party/LwIP/src/core/tcp.c ****         LWIP_ASSERT("tcp_slowtmr: middle tcp != tcp_active_pcbs", pcb != tcp_active_pcbs);
 6243              		.loc 1 1388 10 is_stmt 0 view .LVU1860
 6244 02ae 1DB3     		cbz	r5, .L541
1389:Middlewares/Third_Party/LwIP/src/core/tcp.c ****         prev->next = pcb->next;
 6245              		.loc 1 1389 9 is_stmt 1 view .LVU1861
1389:Middlewares/Third_Party/LwIP/src/core/tcp.c ****         prev->next = pcb->next;
 6246              		.loc 1 1389 9 view .LVU1862
 6247 02b0 6F4B     		ldr	r3, .L598
 6248 02b2 1B68     		ldr	r3, [r3]
 6249 02b4 A342     		cmp	r3, r4
 6250 02b6 17D0     		beq	.L583
 6251              	.L542:
1389:Middlewares/Third_Party/LwIP/src/core/tcp.c ****         prev->next = pcb->next;
 6252              		.loc 1 1389 9 discriminator 3 view .LVU1863
1389:Middlewares/Third_Party/LwIP/src/core/tcp.c ****         prev->next = pcb->next;
 6253              		.loc 1 1389 9 discriminator 3 view .LVU1864
1390:Middlewares/Third_Party/LwIP/src/core/tcp.c ****       } else {
 6254              		.loc 1 1390 9 discriminator 3 view .LVU1865
1390:Middlewares/Third_Party/LwIP/src/core/tcp.c ****       } else {
 6255              		.loc 1 1390 25 is_stmt 0 discriminator 3 view .LVU1866
 6256 02b8 E368     		ldr	r3, [r4, #12]
1390:Middlewares/Third_Party/LwIP/src/core/tcp.c ****       } else {
 6257              		.loc 1 1390 20 discriminator 3 view .LVU1867
 6258 02ba EB60     		str	r3, [r5, #12]
 6259              	.L543:
1397:Middlewares/Third_Party/LwIP/src/core/tcp.c ****         tcp_rst(pcb, pcb->snd_nxt, pcb->rcv_nxt, &pcb->local_ip, &pcb->remote_ip,
 6260              		.loc 1 1397 7 is_stmt 1 view .LVU1868
1397:Middlewares/Third_Party/LwIP/src/core/tcp.c ****         tcp_rst(pcb, pcb->snd_nxt, pcb->rcv_nxt, &pcb->local_ip, &pcb->remote_ip,
 6261              		.loc 1 1397 10 is_stmt 0 view .LVU1869
 6262 02bc 5FBB     		cbnz	r7, .L584
 6263              	.L545:
1402:Middlewares/Third_Party/LwIP/src/core/tcp.c ****       last_state = pcb->state;
 6264              		.loc 1 1402 7 is_stmt 1 view .LVU1870
1402:Middlewares/Third_Party/LwIP/src/core/tcp.c ****       last_state = pcb->state;
 6265              		.loc 1 1402 15 is_stmt 0 view .LVU1871
 6266 02be D4F81080 		ldr	r8, [r4, #16]
 6267              	.LVL602:
1403:Middlewares/Third_Party/LwIP/src/core/tcp.c ****       pcb2 = pcb;
 6268              		.loc 1 1403 7 is_stmt 1 view .LVU1872
1404:Middlewares/Third_Party/LwIP/src/core/tcp.c ****       pcb = pcb->next;
 6269              		.loc 1 1404 7 view .LVU1873
1405:Middlewares/Third_Party/LwIP/src/core/tcp.c ****       tcp_free(pcb2);
 6270              		.loc 1 1405 7 view .LVU1874
1405:Middlewares/Third_Party/LwIP/src/core/tcp.c ****       tcp_free(pcb2);
 6271              		.loc 1 1405 11 is_stmt 0 view .LVU1875
 6272 02c2 E768     		ldr	r7, [r4, #12]
 6273              	.LVL603:
1406:Middlewares/Third_Party/LwIP/src/core/tcp.c **** 
ARM GAS  /tmp/ccmQZyRb.s 			page 185


 6274              		.loc 1 1406 7 is_stmt 1 view .LVU1876
 6275 02c4 2046     		mov	r0, r4
 6276 02c6 FFF7FEFF 		bl	tcp_free
 6277              	.LVL604:
1408:Middlewares/Third_Party/LwIP/src/core/tcp.c ****       TCP_EVENT_ERR(last_state, err_fn, err_arg, ERR_ABRT);
 6278              		.loc 1 1408 7 view .LVU1877
1408:Middlewares/Third_Party/LwIP/src/core/tcp.c ****       TCP_EVENT_ERR(last_state, err_fn, err_arg, ERR_ABRT);
 6279              		.loc 1 1408 31 is_stmt 0 view .LVU1878
 6280 02ca 6A4B     		ldr	r3, .L598+4
 6281 02cc 0022     		movs	r2, #0
 6282 02ce 1A70     		strb	r2, [r3]
1409:Middlewares/Third_Party/LwIP/src/core/tcp.c ****       if (tcp_active_pcbs_changed) {
 6283              		.loc 1 1409 7 is_stmt 1 view .LVU1879
1409:Middlewares/Third_Party/LwIP/src/core/tcp.c ****       if (tcp_active_pcbs_changed) {
 6284              		.loc 1 1409 7 view .LVU1880
1409:Middlewares/Third_Party/LwIP/src/core/tcp.c ****       if (tcp_active_pcbs_changed) {
 6285              		.loc 1 1409 7 view .LVU1881
 6286 02d0 1EB1     		cbz	r6, .L546
1409:Middlewares/Third_Party/LwIP/src/core/tcp.c ****       if (tcp_active_pcbs_changed) {
 6287              		.loc 1 1409 7 discriminator 1 view .LVU1882
 6288 02d2 6FF00C01 		mvn	r1, #12
 6289 02d6 4046     		mov	r0, r8
 6290 02d8 B047     		blx	r6
 6291              	.LVL605:
 6292              	.L546:
1409:Middlewares/Third_Party/LwIP/src/core/tcp.c ****       if (tcp_active_pcbs_changed) {
 6293              		.loc 1 1409 7 discriminator 3 view .LVU1883
1410:Middlewares/Third_Party/LwIP/src/core/tcp.c ****         goto tcp_slowtmr_start;
 6294              		.loc 1 1410 7 discriminator 3 view .LVU1884
1410:Middlewares/Third_Party/LwIP/src/core/tcp.c ****         goto tcp_slowtmr_start;
 6295              		.loc 1 1410 11 is_stmt 0 discriminator 3 view .LVU1885
 6296 02da 664B     		ldr	r3, .L598+4
 6297 02dc 1B78     		ldrb	r3, [r3]	@ zero_extendqisi2
1410:Middlewares/Third_Party/LwIP/src/core/tcp.c ****         goto tcp_slowtmr_start;
 6298              		.loc 1 1410 10 discriminator 3 view .LVU1886
 6299 02de 002B     		cmp	r3, #0
 6300 02e0 7FF499AE 		bne	.L513
1405:Middlewares/Third_Party/LwIP/src/core/tcp.c ****       tcp_free(pcb2);
 6301              		.loc 1 1405 11 view .LVU1887
 6302 02e4 3C46     		mov	r4, r7
 6303              	.LVL606:
1405:Middlewares/Third_Party/LwIP/src/core/tcp.c ****       tcp_free(pcb2);
 6304              		.loc 1 1405 11 view .LVU1888
 6305 02e6 2DE0     		b	.L515
 6306              	.LVL607:
 6307              	.L583:
1389:Middlewares/Third_Party/LwIP/src/core/tcp.c ****         prev->next = pcb->next;
 6308              		.loc 1 1389 9 is_stmt 1 discriminator 1 view .LVU1889
1389:Middlewares/Third_Party/LwIP/src/core/tcp.c ****         prev->next = pcb->next;
 6309              		.loc 1 1389 9 discriminator 1 view .LVU1890
 6310 02e8 634B     		ldr	r3, .L598+8
 6311 02ea 40F26D52 		movw	r2, #1389
 6312 02ee 6349     		ldr	r1, .L598+12
 6313 02f0 6348     		ldr	r0, .L598+16
 6314 02f2 FFF7FEFF 		bl	printf
 6315              	.LVL608:
 6316 02f6 DFE7     		b	.L542
ARM GAS  /tmp/ccmQZyRb.s 			page 186


 6317              	.L541:
1393:Middlewares/Third_Party/LwIP/src/core/tcp.c ****         tcp_active_pcbs = pcb->next;
 6318              		.loc 1 1393 9 view .LVU1891
1393:Middlewares/Third_Party/LwIP/src/core/tcp.c ****         tcp_active_pcbs = pcb->next;
 6319              		.loc 1 1393 9 view .LVU1892
 6320 02f8 5D4B     		ldr	r3, .L598
 6321 02fa 1B68     		ldr	r3, [r3]
 6322 02fc A342     		cmp	r3, r4
 6323 02fe 06D0     		beq	.L544
1393:Middlewares/Third_Party/LwIP/src/core/tcp.c ****         tcp_active_pcbs = pcb->next;
 6324              		.loc 1 1393 9 discriminator 1 view .LVU1893
1393:Middlewares/Third_Party/LwIP/src/core/tcp.c ****         tcp_active_pcbs = pcb->next;
 6325              		.loc 1 1393 9 discriminator 1 view .LVU1894
 6326 0300 5D4B     		ldr	r3, .L598+8
 6327 0302 40F27152 		movw	r2, #1393
 6328 0306 5F49     		ldr	r1, .L598+20
 6329 0308 5D48     		ldr	r0, .L598+16
 6330 030a FFF7FEFF 		bl	printf
 6331              	.LVL609:
 6332              	.L544:
1393:Middlewares/Third_Party/LwIP/src/core/tcp.c ****         tcp_active_pcbs = pcb->next;
 6333              		.loc 1 1393 9 discriminator 3 view .LVU1895
1393:Middlewares/Third_Party/LwIP/src/core/tcp.c ****         tcp_active_pcbs = pcb->next;
 6334              		.loc 1 1393 9 discriminator 3 view .LVU1896
1394:Middlewares/Third_Party/LwIP/src/core/tcp.c ****       }
 6335              		.loc 1 1394 9 discriminator 3 view .LVU1897
1394:Middlewares/Third_Party/LwIP/src/core/tcp.c ****       }
 6336              		.loc 1 1394 30 is_stmt 0 discriminator 3 view .LVU1898
 6337 030e E268     		ldr	r2, [r4, #12]
1394:Middlewares/Third_Party/LwIP/src/core/tcp.c ****       }
 6338              		.loc 1 1394 25 discriminator 3 view .LVU1899
 6339 0310 574B     		ldr	r3, .L598
 6340 0312 1A60     		str	r2, [r3]
 6341 0314 D2E7     		b	.L543
 6342              	.L584:
1398:Middlewares/Third_Party/LwIP/src/core/tcp.c ****                 pcb->local_port, pcb->remote_port);
 6343              		.loc 1 1398 9 is_stmt 1 view .LVU1900
1398:Middlewares/Third_Party/LwIP/src/core/tcp.c ****                 pcb->local_port, pcb->remote_port);
 6344              		.loc 1 1398 66 is_stmt 0 view .LVU1901
 6345 0316 231D     		adds	r3, r4, #4
1398:Middlewares/Third_Party/LwIP/src/core/tcp.c ****                 pcb->local_port, pcb->remote_port);
 6346              		.loc 1 1398 9 view .LVU1902
 6347 0318 626A     		ldr	r2, [r4, #36]
 6348 031a 216D     		ldr	r1, [r4, #80]
 6349 031c 208B     		ldrh	r0, [r4, #24]
 6350 031e 0290     		str	r0, [sp, #8]
 6351 0320 E08A     		ldrh	r0, [r4, #22]
 6352 0322 0190     		str	r0, [sp, #4]
 6353 0324 0093     		str	r3, [sp]
 6354 0326 2346     		mov	r3, r4
 6355 0328 2046     		mov	r0, r4
 6356 032a FFF7FEFF 		bl	tcp_rst
 6357              	.LVL610:
 6358 032e C6E7     		b	.L545
 6359              	.LVL611:
 6360              	.L571:
1398:Middlewares/Third_Party/LwIP/src/core/tcp.c ****                 pcb->local_port, pcb->remote_port);
ARM GAS  /tmp/ccmQZyRb.s 			page 187


 6361              		.loc 1 1398 9 view .LVU1903
 6362              	.LBE37:
1424:Middlewares/Third_Party/LwIP/src/core/tcp.c ****         if (tcp_active_pcbs_changed) {
 6363              		.loc 1 1424 9 view .LVU1904
 6364 0330 0020     		movs	r0, #0
 6365 0332 78E7     		b	.L547
 6366              	.LVL612:
 6367              	.L582:
1430:Middlewares/Third_Party/LwIP/src/core/tcp.c ****         }
 6368              		.loc 1 1430 11 is_stmt 1 view .LVU1905
 6369 0334 2046     		mov	r0, r4
 6370              	.LVL613:
1430:Middlewares/Third_Party/LwIP/src/core/tcp.c ****         }
 6371              		.loc 1 1430 11 is_stmt 0 view .LVU1906
 6372 0336 FFF7FEFF 		bl	tcp_output
 6373              	.LVL614:
1415:Middlewares/Third_Party/LwIP/src/core/tcp.c ****       pcb = pcb->next;
 6374              		.loc 1 1415 12 view .LVU1907
 6375 033a 2546     		mov	r5, r4
1416:Middlewares/Third_Party/LwIP/src/core/tcp.c **** 
 6376              		.loc 1 1416 11 view .LVU1908
 6377 033c 3446     		mov	r4, r6
 6378              	.LVL615:
1416:Middlewares/Third_Party/LwIP/src/core/tcp.c **** 
 6379              		.loc 1 1416 11 view .LVU1909
 6380 033e 01E0     		b	.L515
 6381              	.LVL616:
 6382              	.L570:
1415:Middlewares/Third_Party/LwIP/src/core/tcp.c ****       pcb = pcb->next;
 6383              		.loc 1 1415 12 view .LVU1910
 6384 0340 2546     		mov	r5, r4
1416:Middlewares/Third_Party/LwIP/src/core/tcp.c **** 
 6385              		.loc 1 1416 11 view .LVU1911
 6386 0342 3446     		mov	r4, r6
 6387              	.LVL617:
 6388              	.L515:
1212:Middlewares/Third_Party/LwIP/src/core/tcp.c ****     LWIP_DEBUGF(TCP_DEBUG, ("tcp_slowtmr: processing active pcb\n"));
 6389              		.loc 1 1212 9 is_stmt 1 view .LVU1912
 6390 0344 002C     		cmp	r4, #0
 6391 0346 50D0     		beq	.L585
1213:Middlewares/Third_Party/LwIP/src/core/tcp.c ****     LWIP_ASSERT("tcp_slowtmr: active pcb->state != CLOSED\n", pcb->state != CLOSED);
 6392              		.loc 1 1213 69 view .LVU1913
1214:Middlewares/Third_Party/LwIP/src/core/tcp.c ****     LWIP_ASSERT("tcp_slowtmr: active pcb->state != LISTEN\n", pcb->state != LISTEN);
 6393              		.loc 1 1214 5 view .LVU1914
1214:Middlewares/Third_Party/LwIP/src/core/tcp.c ****     LWIP_ASSERT("tcp_slowtmr: active pcb->state != LISTEN\n", pcb->state != LISTEN);
 6394              		.loc 1 1214 5 view .LVU1915
 6395 0348 237D     		ldrb	r3, [r4, #20]	@ zero_extendqisi2
 6396 034a 002B     		cmp	r3, #0
 6397 034c 3FF467AE 		beq	.L586
 6398              	.L516:
1214:Middlewares/Third_Party/LwIP/src/core/tcp.c ****     LWIP_ASSERT("tcp_slowtmr: active pcb->state != LISTEN\n", pcb->state != LISTEN);
 6399              		.loc 1 1214 5 discriminator 3 view .LVU1916
1214:Middlewares/Third_Party/LwIP/src/core/tcp.c ****     LWIP_ASSERT("tcp_slowtmr: active pcb->state != LISTEN\n", pcb->state != LISTEN);
 6400              		.loc 1 1214 5 discriminator 3 view .LVU1917
1215:Middlewares/Third_Party/LwIP/src/core/tcp.c ****     LWIP_ASSERT("tcp_slowtmr: active pcb->state != TIME-WAIT\n", pcb->state != TIME_WAIT);
 6401              		.loc 1 1215 5 discriminator 3 view .LVU1918
1215:Middlewares/Third_Party/LwIP/src/core/tcp.c ****     LWIP_ASSERT("tcp_slowtmr: active pcb->state != TIME-WAIT\n", pcb->state != TIME_WAIT);
ARM GAS  /tmp/ccmQZyRb.s 			page 188


 6402              		.loc 1 1215 5 discriminator 3 view .LVU1919
 6403 0350 237D     		ldrb	r3, [r4, #20]	@ zero_extendqisi2
 6404 0352 012B     		cmp	r3, #1
 6405 0354 3FF46BAE 		beq	.L587
 6406              	.L517:
1215:Middlewares/Third_Party/LwIP/src/core/tcp.c ****     LWIP_ASSERT("tcp_slowtmr: active pcb->state != TIME-WAIT\n", pcb->state != TIME_WAIT);
 6407              		.loc 1 1215 5 discriminator 3 view .LVU1920
1215:Middlewares/Third_Party/LwIP/src/core/tcp.c ****     LWIP_ASSERT("tcp_slowtmr: active pcb->state != TIME-WAIT\n", pcb->state != TIME_WAIT);
 6408              		.loc 1 1215 5 discriminator 3 view .LVU1921
1216:Middlewares/Third_Party/LwIP/src/core/tcp.c ****     if (pcb->last_timer == tcp_timer_ctr) {
 6409              		.loc 1 1216 5 discriminator 3 view .LVU1922
1216:Middlewares/Third_Party/LwIP/src/core/tcp.c ****     if (pcb->last_timer == tcp_timer_ctr) {
 6410              		.loc 1 1216 5 discriminator 3 view .LVU1923
 6411 0358 237D     		ldrb	r3, [r4, #20]	@ zero_extendqisi2
 6412 035a 0A2B     		cmp	r3, #10
 6413 035c 3FF46FAE 		beq	.L588
 6414              	.L518:
1216:Middlewares/Third_Party/LwIP/src/core/tcp.c ****     if (pcb->last_timer == tcp_timer_ctr) {
 6415              		.loc 1 1216 5 discriminator 3 view .LVU1924
1216:Middlewares/Third_Party/LwIP/src/core/tcp.c ****     if (pcb->last_timer == tcp_timer_ctr) {
 6416              		.loc 1 1216 5 discriminator 3 view .LVU1925
1217:Middlewares/Third_Party/LwIP/src/core/tcp.c ****       /* skip this pcb, we have already processed it */
 6417              		.loc 1 1217 5 discriminator 3 view .LVU1926
1217:Middlewares/Third_Party/LwIP/src/core/tcp.c ****       /* skip this pcb, we have already processed it */
 6418              		.loc 1 1217 12 is_stmt 0 discriminator 3 view .LVU1927
 6419 0360 A27F     		ldrb	r2, [r4, #30]	@ zero_extendqisi2
1217:Middlewares/Third_Party/LwIP/src/core/tcp.c ****       /* skip this pcb, we have already processed it */
 6420              		.loc 1 1217 25 discriminator 3 view .LVU1928
 6421 0362 494B     		ldr	r3, .L598+24
 6422 0364 1B78     		ldrb	r3, [r3]	@ zero_extendqisi2
1217:Middlewares/Third_Party/LwIP/src/core/tcp.c ****       /* skip this pcb, we have already processed it */
 6423              		.loc 1 1217 8 discriminator 3 view .LVU1929
 6424 0366 9A42     		cmp	r2, r3
 6425 0368 3FF471AE 		beq	.L589
1223:Middlewares/Third_Party/LwIP/src/core/tcp.c **** 
 6426              		.loc 1 1223 5 is_stmt 1 view .LVU1930
1223:Middlewares/Third_Party/LwIP/src/core/tcp.c **** 
 6427              		.loc 1 1223 21 is_stmt 0 view .LVU1931
 6428 036c A377     		strb	r3, [r4, #30]
1225:Middlewares/Third_Party/LwIP/src/core/tcp.c ****     pcb_reset = 0;
 6429              		.loc 1 1225 5 is_stmt 1 view .LVU1932
 6430              	.LVL618:
1226:Middlewares/Third_Party/LwIP/src/core/tcp.c **** 
 6431              		.loc 1 1226 5 view .LVU1933
1228:Middlewares/Third_Party/LwIP/src/core/tcp.c ****       ++pcb_remove;
 6432              		.loc 1 1228 5 view .LVU1934
1228:Middlewares/Third_Party/LwIP/src/core/tcp.c ****       ++pcb_remove;
 6433              		.loc 1 1228 12 is_stmt 0 view .LVU1935
 6434 036e 237D     		ldrb	r3, [r4, #20]	@ zero_extendqisi2
1228:Middlewares/Third_Party/LwIP/src/core/tcp.c ****       ++pcb_remove;
 6435              		.loc 1 1228 8 view .LVU1936
 6436 0370 022B     		cmp	r3, #2
 6437 0372 3FF46FAE 		beq	.L590
 6438              	.L521:
1231:Middlewares/Third_Party/LwIP/src/core/tcp.c ****       ++pcb_remove;
 6439              		.loc 1 1231 12 is_stmt 1 view .LVU1937
1231:Middlewares/Third_Party/LwIP/src/core/tcp.c ****       ++pcb_remove;
ARM GAS  /tmp/ccmQZyRb.s 			page 189


 6440              		.loc 1 1231 19 is_stmt 0 view .LVU1938
 6441 0376 94F84230 		ldrb	r3, [r4, #66]	@ zero_extendqisi2
1231:Middlewares/Third_Party/LwIP/src/core/tcp.c ****       ++pcb_remove;
 6442              		.loc 1 1231 15 view .LVU1939
 6443 037a 0B2B     		cmp	r3, #11
 6444 037c 3FF6DFAE 		bhi	.L560
1235:Middlewares/Third_Party/LwIP/src/core/tcp.c ****         LWIP_ASSERT("tcp_slowtimr: persist ticking with in-flight data", pcb->unacked == NULL);
 6445              		.loc 1 1235 7 is_stmt 1 view .LVU1940
1235:Middlewares/Third_Party/LwIP/src/core/tcp.c ****         LWIP_ASSERT("tcp_slowtimr: persist ticking with in-flight data", pcb->unacked == NULL);
 6446              		.loc 1 1235 14 is_stmt 0 view .LVU1941
 6447 0380 94F89960 		ldrb	r6, [r4, #153]	@ zero_extendqisi2
1235:Middlewares/Third_Party/LwIP/src/core/tcp.c ****         LWIP_ASSERT("tcp_slowtimr: persist ticking with in-flight data", pcb->unacked == NULL);
 6448              		.loc 1 1235 10 view .LVU1942
 6449 0384 002E     		cmp	r6, #0
 6450 0386 3FF48BAE 		beq	.L523
1236:Middlewares/Third_Party/LwIP/src/core/tcp.c ****         LWIP_ASSERT("tcp_slowtimr: persist ticking with empty send buffer", pcb->unsent != NULL);
 6451              		.loc 1 1236 9 is_stmt 1 view .LVU1943
1236:Middlewares/Third_Party/LwIP/src/core/tcp.c ****         LWIP_ASSERT("tcp_slowtimr: persist ticking with empty send buffer", pcb->unsent != NULL);
 6452              		.loc 1 1236 9 view .LVU1944
 6453 038a 236F     		ldr	r3, [r4, #112]
 6454 038c 33B1     		cbz	r3, .L524
1236:Middlewares/Third_Party/LwIP/src/core/tcp.c ****         LWIP_ASSERT("tcp_slowtimr: persist ticking with empty send buffer", pcb->unsent != NULL);
 6455              		.loc 1 1236 9 discriminator 1 view .LVU1945
1236:Middlewares/Third_Party/LwIP/src/core/tcp.c ****         LWIP_ASSERT("tcp_slowtimr: persist ticking with empty send buffer", pcb->unsent != NULL);
 6456              		.loc 1 1236 9 discriminator 1 view .LVU1946
 6457 038e 3A4B     		ldr	r3, .L598+8
 6458 0390 40F2D442 		movw	r2, #1236
 6459 0394 3D49     		ldr	r1, .L598+28
 6460 0396 3A48     		ldr	r0, .L598+16
 6461 0398 FFF7FEFF 		bl	printf
 6462              	.LVL619:
 6463              	.L524:
1236:Middlewares/Third_Party/LwIP/src/core/tcp.c ****         LWIP_ASSERT("tcp_slowtimr: persist ticking with empty send buffer", pcb->unsent != NULL);
 6464              		.loc 1 1236 9 discriminator 3 view .LVU1947
1236:Middlewares/Third_Party/LwIP/src/core/tcp.c ****         LWIP_ASSERT("tcp_slowtimr: persist ticking with empty send buffer", pcb->unsent != NULL);
 6465              		.loc 1 1236 9 discriminator 3 view .LVU1948
1237:Middlewares/Third_Party/LwIP/src/core/tcp.c ****         if (pcb->persist_probe >= TCP_MAXRTX) {
 6466              		.loc 1 1237 9 discriminator 3 view .LVU1949
1237:Middlewares/Third_Party/LwIP/src/core/tcp.c ****         if (pcb->persist_probe >= TCP_MAXRTX) {
 6467              		.loc 1 1237 9 discriminator 3 view .LVU1950
 6468 039c E36E     		ldr	r3, [r4, #108]
 6469 039e 002B     		cmp	r3, #0
 6470 03a0 3FF45FAE 		beq	.L591
 6471              	.L525:
1237:Middlewares/Third_Party/LwIP/src/core/tcp.c ****         if (pcb->persist_probe >= TCP_MAXRTX) {
 6472              		.loc 1 1237 9 discriminator 3 view .LVU1951
1237:Middlewares/Third_Party/LwIP/src/core/tcp.c ****         if (pcb->persist_probe >= TCP_MAXRTX) {
 6473              		.loc 1 1237 9 discriminator 3 view .LVU1952
1238:Middlewares/Third_Party/LwIP/src/core/tcp.c ****           ++pcb_remove; /* max probes reached */
 6474              		.loc 1 1238 9 discriminator 3 view .LVU1953
1238:Middlewares/Third_Party/LwIP/src/core/tcp.c ****           ++pcb_remove; /* max probes reached */
 6475              		.loc 1 1238 16 is_stmt 0 discriminator 3 view .LVU1954
 6476 03a4 94F89A30 		ldrb	r3, [r4, #154]	@ zero_extendqisi2
1238:Middlewares/Third_Party/LwIP/src/core/tcp.c ****           ++pcb_remove; /* max probes reached */
 6477              		.loc 1 1238 12 discriminator 3 view .LVU1955
 6478 03a8 0B2B     		cmp	r3, #11
 6479 03aa 3FF6E6AE 		bhi	.L561
ARM GAS  /tmp/ccmQZyRb.s 			page 190


 6480              	.LBB38:
1241:Middlewares/Third_Party/LwIP/src/core/tcp.c ****           if (pcb->persist_cnt < backoff_cnt) {
 6481              		.loc 1 1241 11 is_stmt 1 view .LVU1956
1241:Middlewares/Third_Party/LwIP/src/core/tcp.c ****           if (pcb->persist_cnt < backoff_cnt) {
 6482              		.loc 1 1241 53 is_stmt 0 view .LVU1957
 6483 03ae 94F89930 		ldrb	r3, [r4, #153]	@ zero_extendqisi2
1241:Middlewares/Third_Party/LwIP/src/core/tcp.c ****           if (pcb->persist_cnt < backoff_cnt) {
 6484              		.loc 1 1241 71 view .LVU1958
 6485 03b2 013B     		subs	r3, r3, #1
1241:Middlewares/Third_Party/LwIP/src/core/tcp.c ****           if (pcb->persist_cnt < backoff_cnt) {
 6486              		.loc 1 1241 16 view .LVU1959
 6487 03b4 364A     		ldr	r2, .L598+32
 6488 03b6 D25C     		ldrb	r2, [r2, r3]	@ zero_extendqisi2
 6489              	.LVL620:
1242:Middlewares/Third_Party/LwIP/src/core/tcp.c ****             pcb->persist_cnt++;
 6490              		.loc 1 1242 11 is_stmt 1 view .LVU1960
1242:Middlewares/Third_Party/LwIP/src/core/tcp.c ****             pcb->persist_cnt++;
 6491              		.loc 1 1242 18 is_stmt 0 view .LVU1961
 6492 03b8 94F89830 		ldrb	r3, [r4, #152]	@ zero_extendqisi2
1242:Middlewares/Third_Party/LwIP/src/core/tcp.c ****             pcb->persist_cnt++;
 6493              		.loc 1 1242 14 view .LVU1962
 6494 03bc 9342     		cmp	r3, r2
 6495 03be 02D2     		bcs	.L526
1243:Middlewares/Third_Party/LwIP/src/core/tcp.c ****           }
 6496              		.loc 1 1243 13 is_stmt 1 view .LVU1963
1243:Middlewares/Third_Party/LwIP/src/core/tcp.c ****           }
 6497              		.loc 1 1243 29 is_stmt 0 view .LVU1964
 6498 03c0 0133     		adds	r3, r3, #1
 6499 03c2 84F89830 		strb	r3, [r4, #152]
 6500              	.L526:
1245:Middlewares/Third_Party/LwIP/src/core/tcp.c ****             int next_slot = 1; /* increment timer to next slot */
 6501              		.loc 1 1245 11 is_stmt 1 view .LVU1965
1245:Middlewares/Third_Party/LwIP/src/core/tcp.c ****             int next_slot = 1; /* increment timer to next slot */
 6502              		.loc 1 1245 18 is_stmt 0 view .LVU1966
 6503 03c6 94F89830 		ldrb	r3, [r4, #152]	@ zero_extendqisi2
1245:Middlewares/Third_Party/LwIP/src/core/tcp.c ****             int next_slot = 1; /* increment timer to next slot */
 6504              		.loc 1 1245 14 view .LVU1967
 6505 03ca 9342     		cmp	r3, r2
 6506 03cc FFF4D7AE 		bcc	.L562
 6507              	.LBB33:
1246:Middlewares/Third_Party/LwIP/src/core/tcp.c ****             /* If snd_wnd is zero, send 1 byte probes */
 6508              		.loc 1 1246 13 is_stmt 1 view .LVU1968
 6509              	.LVL621:
1248:Middlewares/Third_Party/LwIP/src/core/tcp.c ****               if (tcp_zero_window_probe(pcb) != ERR_OK) {
 6510              		.loc 1 1248 13 view .LVU1969
1248:Middlewares/Third_Party/LwIP/src/core/tcp.c ****               if (tcp_zero_window_probe(pcb) != ERR_OK) {
 6511              		.loc 1 1248 20 is_stmt 0 view .LVU1970
 6512 03d0 B4F86010 		ldrh	r1, [r4, #96]
1248:Middlewares/Third_Party/LwIP/src/core/tcp.c ****               if (tcp_zero_window_probe(pcb) != ERR_OK) {
 6513              		.loc 1 1248 16 view .LVU1971
 6514 03d4 0029     		cmp	r1, #0
 6515 03d6 7FF44CAE 		bne	.L527
1249:Middlewares/Third_Party/LwIP/src/core/tcp.c ****                 next_slot = 0; /* try probe again with current slot */
 6516              		.loc 1 1249 15 is_stmt 1 view .LVU1972
1249:Middlewares/Third_Party/LwIP/src/core/tcp.c ****                 next_slot = 0; /* try probe again with current slot */
 6517              		.loc 1 1249 19 is_stmt 0 view .LVU1973
 6518 03da 2046     		mov	r0, r4
ARM GAS  /tmp/ccmQZyRb.s 			page 191


 6519 03dc FFF7FEFF 		bl	tcp_zero_window_probe
 6520              	.LVL622:
1249:Middlewares/Third_Party/LwIP/src/core/tcp.c ****                 next_slot = 0; /* try probe again with current slot */
 6521              		.loc 1 1249 18 view .LVU1974
 6522 03e0 0028     		cmp	r0, #0
 6523 03e2 3FF44AAE 		beq	.L528
 6524              	.LBE33:
 6525              	.LBE38:
1225:Middlewares/Third_Party/LwIP/src/core/tcp.c ****     pcb_reset = 0;
 6526              		.loc 1 1225 16 view .LVU1975
 6527 03e6 0026     		movs	r6, #0
 6528 03e8 AAE6     		b	.L522
 6529              	.LVL623:
 6530              	.L585:
1438:Middlewares/Third_Party/LwIP/src/core/tcp.c ****   pcb = tcp_tw_pcbs;
 6531              		.loc 1 1438 3 is_stmt 1 view .LVU1976
1439:Middlewares/Third_Party/LwIP/src/core/tcp.c ****   while (pcb != NULL) {
 6532              		.loc 1 1439 3 view .LVU1977
1439:Middlewares/Third_Party/LwIP/src/core/tcp.c ****   while (pcb != NULL) {
 6533              		.loc 1 1439 7 is_stmt 0 view .LVU1978
 6534 03ea 2A4B     		ldr	r3, .L598+36
 6535 03ec 1D68     		ldr	r5, [r3]
 6536              	.LVL624:
1440:Middlewares/Third_Party/LwIP/src/core/tcp.c ****     LWIP_ASSERT("tcp_slowtmr: TIME-WAIT pcb->state == TIME-WAIT", pcb->state == TIME_WAIT);
 6537              		.loc 1 1440 3 is_stmt 1 view .LVU1979
1440:Middlewares/Third_Party/LwIP/src/core/tcp.c ****     LWIP_ASSERT("tcp_slowtmr: TIME-WAIT pcb->state == TIME-WAIT", pcb->state == TIME_WAIT);
 6538              		.loc 1 1440 9 is_stmt 0 view .LVU1980
 6539 03ee 07E0     		b	.L549
 6540              	.LVL625:
 6541              	.L550:
1441:Middlewares/Third_Party/LwIP/src/core/tcp.c ****     pcb_remove = 0;
 6542              		.loc 1 1441 5 is_stmt 1 discriminator 3 view .LVU1981
1441:Middlewares/Third_Party/LwIP/src/core/tcp.c ****     pcb_remove = 0;
 6543              		.loc 1 1441 5 discriminator 3 view .LVU1982
1442:Middlewares/Third_Party/LwIP/src/core/tcp.c **** 
 6544              		.loc 1 1442 5 discriminator 3 view .LVU1983
1445:Middlewares/Third_Party/LwIP/src/core/tcp.c ****       ++pcb_remove;
 6545              		.loc 1 1445 5 discriminator 3 view .LVU1984
1445:Middlewares/Third_Party/LwIP/src/core/tcp.c ****       ++pcb_remove;
 6546              		.loc 1 1445 32 is_stmt 0 discriminator 3 view .LVU1985
 6547 03f0 2A6A     		ldr	r2, [r5, #32]
1445:Middlewares/Third_Party/LwIP/src/core/tcp.c ****       ++pcb_remove;
 6548              		.loc 1 1445 27 discriminator 3 view .LVU1986
 6549 03f2 294B     		ldr	r3, .L598+40
 6550 03f4 1B68     		ldr	r3, [r3]
 6551 03f6 9B1A     		subs	r3, r3, r2
1445:Middlewares/Third_Party/LwIP/src/core/tcp.c ****       ++pcb_remove;
 6552              		.loc 1 1445 8 discriminator 3 view .LVU1987
 6553 03f8 F02B     		cmp	r3, #240
 6554 03fa 0ED8     		bhi	.L592
1450:Middlewares/Third_Party/LwIP/src/core/tcp.c ****       struct tcp_pcb *pcb2;
 6555              		.loc 1 1450 5 is_stmt 1 view .LVU1988
1466:Middlewares/Third_Party/LwIP/src/core/tcp.c ****       pcb = pcb->next;
 6556              		.loc 1 1466 7 view .LVU1989
 6557              	.LVL626:
1467:Middlewares/Third_Party/LwIP/src/core/tcp.c ****     }
 6558              		.loc 1 1467 7 view .LVU1990
ARM GAS  /tmp/ccmQZyRb.s 			page 192


1466:Middlewares/Third_Party/LwIP/src/core/tcp.c ****       pcb = pcb->next;
 6559              		.loc 1 1466 12 is_stmt 0 view .LVU1991
 6560 03fc 2C46     		mov	r4, r5
1467:Middlewares/Third_Party/LwIP/src/core/tcp.c ****     }
 6561              		.loc 1 1467 11 view .LVU1992
 6562 03fe ED68     		ldr	r5, [r5, #12]
 6563              	.LVL627:
 6564              	.L549:
1440:Middlewares/Third_Party/LwIP/src/core/tcp.c ****     LWIP_ASSERT("tcp_slowtmr: TIME-WAIT pcb->state == TIME-WAIT", pcb->state == TIME_WAIT);
 6565              		.loc 1 1440 9 is_stmt 1 view .LVU1993
 6566 0400 002D     		cmp	r5, #0
 6567 0402 31D0     		beq	.L593
1441:Middlewares/Third_Party/LwIP/src/core/tcp.c ****     pcb_remove = 0;
 6568              		.loc 1 1441 5 view .LVU1994
1441:Middlewares/Third_Party/LwIP/src/core/tcp.c ****     pcb_remove = 0;
 6569              		.loc 1 1441 5 view .LVU1995
 6570 0404 2B7D     		ldrb	r3, [r5, #20]	@ zero_extendqisi2
 6571 0406 0A2B     		cmp	r3, #10
 6572 0408 F2D0     		beq	.L550
1441:Middlewares/Third_Party/LwIP/src/core/tcp.c ****     pcb_remove = 0;
 6573              		.loc 1 1441 5 discriminator 1 view .LVU1996
1441:Middlewares/Third_Party/LwIP/src/core/tcp.c ****     pcb_remove = 0;
 6574              		.loc 1 1441 5 discriminator 1 view .LVU1997
 6575 040a 1B4B     		ldr	r3, .L598+8
 6576 040c 40F2A152 		movw	r2, #1441
 6577 0410 2249     		ldr	r1, .L598+44
 6578 0412 1B48     		ldr	r0, .L598+16
 6579 0414 FFF7FEFF 		bl	printf
 6580              	.LVL628:
 6581 0418 EAE7     		b	.L550
 6582              	.LVL629:
 6583              	.L592:
1446:Middlewares/Third_Party/LwIP/src/core/tcp.c ****     }
 6584              		.loc 1 1446 7 view .LVU1998
1450:Middlewares/Third_Party/LwIP/src/core/tcp.c ****       struct tcp_pcb *pcb2;
 6585              		.loc 1 1450 5 view .LVU1999
 6586              	.LBB39:
1451:Middlewares/Third_Party/LwIP/src/core/tcp.c ****       tcp_pcb_purge(pcb);
 6587              		.loc 1 1451 7 view .LVU2000
1452:Middlewares/Third_Party/LwIP/src/core/tcp.c ****       /* Remove PCB from tcp_tw_pcbs list. */
 6588              		.loc 1 1452 7 view .LVU2001
 6589 041a 2846     		mov	r0, r5
 6590 041c FFF7FEFF 		bl	tcp_pcb_purge
 6591              	.LVL630:
1454:Middlewares/Third_Party/LwIP/src/core/tcp.c ****         LWIP_ASSERT("tcp_slowtmr: middle tcp != tcp_tw_pcbs", pcb != tcp_tw_pcbs);
 6592              		.loc 1 1454 7 view .LVU2002
1454:Middlewares/Third_Party/LwIP/src/core/tcp.c ****         LWIP_ASSERT("tcp_slowtmr: middle tcp != tcp_tw_pcbs", pcb != tcp_tw_pcbs);
 6593              		.loc 1 1454 10 is_stmt 0 view .LVU2003
 6594 0420 9CB1     		cbz	r4, .L594
1455:Middlewares/Third_Party/LwIP/src/core/tcp.c ****         prev->next = pcb->next;
 6595              		.loc 1 1455 9 is_stmt 1 view .LVU2004
1455:Middlewares/Third_Party/LwIP/src/core/tcp.c ****         prev->next = pcb->next;
 6596              		.loc 1 1455 9 view .LVU2005
 6597 0422 1C4B     		ldr	r3, .L598+36
 6598 0424 1B68     		ldr	r3, [r3]
 6599 0426 AB42     		cmp	r3, r5
 6600 0428 07D0     		beq	.L595
ARM GAS  /tmp/ccmQZyRb.s 			page 193


 6601              	.L555:
1455:Middlewares/Third_Party/LwIP/src/core/tcp.c ****         prev->next = pcb->next;
 6602              		.loc 1 1455 9 discriminator 3 view .LVU2006
1455:Middlewares/Third_Party/LwIP/src/core/tcp.c ****         prev->next = pcb->next;
 6603              		.loc 1 1455 9 discriminator 3 view .LVU2007
1456:Middlewares/Third_Party/LwIP/src/core/tcp.c ****       } else {
 6604              		.loc 1 1456 9 discriminator 3 view .LVU2008
1456:Middlewares/Third_Party/LwIP/src/core/tcp.c ****       } else {
 6605              		.loc 1 1456 25 is_stmt 0 discriminator 3 view .LVU2009
 6606 042a EB68     		ldr	r3, [r5, #12]
1456:Middlewares/Third_Party/LwIP/src/core/tcp.c ****       } else {
 6607              		.loc 1 1456 20 discriminator 3 view .LVU2010
 6608 042c E360     		str	r3, [r4, #12]
 6609              	.L556:
1462:Middlewares/Third_Party/LwIP/src/core/tcp.c ****       pcb = pcb->next;
 6610              		.loc 1 1462 7 is_stmt 1 view .LVU2011
 6611              	.LVL631:
1463:Middlewares/Third_Party/LwIP/src/core/tcp.c ****       tcp_free(pcb2);
 6612              		.loc 1 1463 7 view .LVU2012
1463:Middlewares/Third_Party/LwIP/src/core/tcp.c ****       tcp_free(pcb2);
 6613              		.loc 1 1463 11 is_stmt 0 view .LVU2013
 6614 042e EE68     		ldr	r6, [r5, #12]
 6615              	.LVL632:
1464:Middlewares/Third_Party/LwIP/src/core/tcp.c ****     } else {
 6616              		.loc 1 1464 7 is_stmt 1 view .LVU2014
 6617 0430 2846     		mov	r0, r5
 6618 0432 FFF7FEFF 		bl	tcp_free
 6619              	.LVL633:
1463:Middlewares/Third_Party/LwIP/src/core/tcp.c ****       tcp_free(pcb2);
 6620              		.loc 1 1463 11 is_stmt 0 view .LVU2015
 6621 0436 3546     		mov	r5, r6
 6622              	.LVL634:
1463:Middlewares/Third_Party/LwIP/src/core/tcp.c ****       tcp_free(pcb2);
 6623              		.loc 1 1463 11 view .LVU2016
 6624              	.LBE39:
 6625 0438 E2E7     		b	.L549
 6626              	.LVL635:
 6627              	.L595:
 6628              	.LBB40:
1455:Middlewares/Third_Party/LwIP/src/core/tcp.c ****         prev->next = pcb->next;
 6629              		.loc 1 1455 9 is_stmt 1 discriminator 1 view .LVU2017
1455:Middlewares/Third_Party/LwIP/src/core/tcp.c ****         prev->next = pcb->next;
 6630              		.loc 1 1455 9 discriminator 1 view .LVU2018
 6631 043a 0F4B     		ldr	r3, .L598+8
 6632 043c 40F2AF52 		movw	r2, #1455
 6633 0440 1749     		ldr	r1, .L598+48
 6634 0442 0F48     		ldr	r0, .L598+16
 6635 0444 FFF7FEFF 		bl	printf
 6636              	.LVL636:
 6637 0448 EFE7     		b	.L555
 6638              	.L594:
1459:Middlewares/Third_Party/LwIP/src/core/tcp.c ****         tcp_tw_pcbs = pcb->next;
 6639              		.loc 1 1459 9 view .LVU2019
1459:Middlewares/Third_Party/LwIP/src/core/tcp.c ****         tcp_tw_pcbs = pcb->next;
 6640              		.loc 1 1459 9 view .LVU2020
 6641 044a 124B     		ldr	r3, .L598+36
 6642 044c 1B68     		ldr	r3, [r3]
ARM GAS  /tmp/ccmQZyRb.s 			page 194


 6643 044e AB42     		cmp	r3, r5
 6644 0450 06D0     		beq	.L557
1459:Middlewares/Third_Party/LwIP/src/core/tcp.c ****         tcp_tw_pcbs = pcb->next;
 6645              		.loc 1 1459 9 discriminator 1 view .LVU2021
1459:Middlewares/Third_Party/LwIP/src/core/tcp.c ****         tcp_tw_pcbs = pcb->next;
 6646              		.loc 1 1459 9 discriminator 1 view .LVU2022
 6647 0452 094B     		ldr	r3, .L598+8
 6648 0454 40F2B352 		movw	r2, #1459
 6649 0458 1249     		ldr	r1, .L598+52
 6650 045a 0948     		ldr	r0, .L598+16
 6651 045c FFF7FEFF 		bl	printf
 6652              	.LVL637:
 6653              	.L557:
1459:Middlewares/Third_Party/LwIP/src/core/tcp.c ****         tcp_tw_pcbs = pcb->next;
 6654              		.loc 1 1459 9 discriminator 3 view .LVU2023
1459:Middlewares/Third_Party/LwIP/src/core/tcp.c ****         tcp_tw_pcbs = pcb->next;
 6655              		.loc 1 1459 9 discriminator 3 view .LVU2024
1460:Middlewares/Third_Party/LwIP/src/core/tcp.c ****       }
 6656              		.loc 1 1460 9 discriminator 3 view .LVU2025
1460:Middlewares/Third_Party/LwIP/src/core/tcp.c ****       }
 6657              		.loc 1 1460 26 is_stmt 0 discriminator 3 view .LVU2026
 6658 0460 EA68     		ldr	r2, [r5, #12]
1460:Middlewares/Third_Party/LwIP/src/core/tcp.c ****       }
 6659              		.loc 1 1460 21 discriminator 3 view .LVU2027
 6660 0462 0C4B     		ldr	r3, .L598+36
 6661 0464 1A60     		str	r2, [r3]
 6662 0466 E2E7     		b	.L556
 6663              	.LVL638:
 6664              	.L593:
1460:Middlewares/Third_Party/LwIP/src/core/tcp.c ****       }
 6665              		.loc 1 1460 21 discriminator 3 view .LVU2028
 6666              	.LBE40:
1470:Middlewares/Third_Party/LwIP/src/core/tcp.c **** 
 6667              		.loc 1 1470 1 view .LVU2029
 6668 0468 04B0     		add	sp, sp, #16
 6669              	.LCFI59:
 6670              		.cfi_def_cfa_offset 24
 6671              		@ sp needed
 6672 046a BDE8F081 		pop	{r4, r5, r6, r7, r8, pc}
 6673              	.LVL639:
 6674              	.L599:
1470:Middlewares/Third_Party/LwIP/src/core/tcp.c **** 
 6675              		.loc 1 1470 1 view .LVU2030
 6676 046e 00BF     		.align	2
 6677              	.L598:
 6678 0470 00000000 		.word	.LANCHOR2
 6679 0474 00000000 		.word	.LANCHOR7
 6680 0478 00000000 		.word	.LC0
 6681 047c F4000000 		.word	.LC49
 6682 0480 54000000 		.word	.LC2
 6683 0484 20010000 		.word	.LC50
 6684 0488 00000000 		.word	.LANCHOR10
 6685 048c 88000000 		.word	.LC47
 6686 0490 00000000 		.word	.LANCHOR11
 6687 0494 00000000 		.word	.LANCHOR9
 6688 0498 00000000 		.word	.LANCHOR6
 6689 049c 4C010000 		.word	.LC51
ARM GAS  /tmp/ccmQZyRb.s 			page 195


 6690 04a0 7C010000 		.word	.LC52
 6691 04a4 A4010000 		.word	.LC53
 6692              		.cfi_endproc
 6693              	.LFE190:
 6695              		.section	.text.tcp_tmr,"ax",%progbits
 6696              		.align	1
 6697              		.global	tcp_tmr
 6698              		.syntax unified
 6699              		.thumb
 6700              		.thumb_func
 6701              		.fpu fpv5-d16
 6703              	tcp_tmr:
 6704              	.LFB172:
 235:Middlewares/Third_Party/LwIP/src/core/tcp.c ****   /* Call tcp_fasttmr() every 250 ms */
 6705              		.loc 1 235 1 is_stmt 1 view -0
 6706              		.cfi_startproc
 6707              		@ args = 0, pretend = 0, frame = 0
 6708              		@ frame_needed = 0, uses_anonymous_args = 0
 6709 0000 08B5     		push	{r3, lr}
 6710              	.LCFI60:
 6711              		.cfi_def_cfa_offset 8
 6712              		.cfi_offset 3, -8
 6713              		.cfi_offset 14, -4
 237:Middlewares/Third_Party/LwIP/src/core/tcp.c **** 
 6714              		.loc 1 237 3 view .LVU2032
 6715 0002 FFF7FEFF 		bl	tcp_fasttmr
 6716              	.LVL640:
 239:Middlewares/Third_Party/LwIP/src/core/tcp.c ****     /* Call tcp_slowtmr() every 500 ms, i.e., every other timer
 6717              		.loc 1 239 3 view .LVU2033
 239:Middlewares/Third_Party/LwIP/src/core/tcp.c ****     /* Call tcp_slowtmr() every 500 ms, i.e., every other timer
 6718              		.loc 1 239 7 is_stmt 0 view .LVU2034
 6719 0006 064A     		ldr	r2, .L604
 6720 0008 1378     		ldrb	r3, [r2]	@ zero_extendqisi2
 6721 000a 0133     		adds	r3, r3, #1
 6722 000c DBB2     		uxtb	r3, r3
 239:Middlewares/Third_Party/LwIP/src/core/tcp.c ****     /* Call tcp_slowtmr() every 500 ms, i.e., every other timer
 6723              		.loc 1 239 6 view .LVU2035
 6724 000e 1370     		strb	r3, [r2]
 6725 0010 13F0010F 		tst	r3, #1
 6726 0014 00D1     		bne	.L603
 6727              	.L600:
 244:Middlewares/Third_Party/LwIP/src/core/tcp.c **** 
 6728              		.loc 1 244 1 view .LVU2036
 6729 0016 08BD     		pop	{r3, pc}
 6730              	.L603:
 242:Middlewares/Third_Party/LwIP/src/core/tcp.c ****   }
 6731              		.loc 1 242 5 is_stmt 1 view .LVU2037
 6732 0018 FFF7FEFF 		bl	tcp_slowtmr
 6733              	.LVL641:
 244:Middlewares/Third_Party/LwIP/src/core/tcp.c **** 
 6734              		.loc 1 244 1 is_stmt 0 view .LVU2038
 6735 001c FBE7     		b	.L600
 6736              	.L605:
 6737 001e 00BF     		.align	2
 6738              	.L604:
 6739 0020 00000000 		.word	.LANCHOR13
 6740              		.cfi_endproc
ARM GAS  /tmp/ccmQZyRb.s 			page 196


 6741              	.LFE172:
 6743              		.global	tcp_active_pcbs_changed
 6744              		.global	tcp_pcb_lists
 6745              		.global	tcp_tw_pcbs
 6746              		.global	tcp_active_pcbs
 6747              		.global	tcp_listen_pcbs
 6748              		.global	tcp_bound_pcbs
 6749              		.global	tcp_ticks
 6750              		.section	.rodata.str1.4,"aMS",%progbits,1
 6751              		.align	2
 6752              	.LC54:
 6753 0000 434C4F53 		.ascii	"CLOSED\000"
 6753      454400
 6754 0007 00       		.align	2
 6755              	.LC55:
 6756 0008 4C495354 		.ascii	"LISTEN\000"
 6756      454E00
 6757 000f 00       		.align	2
 6758              	.LC56:
 6759 0010 53594E5F 		.ascii	"SYN_SENT\000"
 6759      53454E54 
 6759      00
 6760 0019 000000   		.align	2
 6761              	.LC57:
 6762 001c 53594E5F 		.ascii	"SYN_RCVD\000"
 6762      52435644 
 6762      00
 6763 0025 000000   		.align	2
 6764              	.LC58:
 6765 0028 45535441 		.ascii	"ESTABLISHED\000"
 6765      424C4953 
 6765      48454400 
 6766              		.align	2
 6767              	.LC59:
 6768 0034 46494E5F 		.ascii	"FIN_WAIT_1\000"
 6768      57414954 
 6768      5F3100
 6769 003f 00       		.align	2
 6770              	.LC60:
 6771 0040 46494E5F 		.ascii	"FIN_WAIT_2\000"
 6771      57414954 
 6771      5F3200
 6772 004b 00       		.align	2
 6773              	.LC61:
 6774 004c 434C4F53 		.ascii	"CLOSE_WAIT\000"
 6774      455F5741 
 6774      495400
 6775 0057 00       		.align	2
 6776              	.LC62:
 6777 0058 434C4F53 		.ascii	"CLOSING\000"
 6777      494E4700 
 6778              		.align	2
 6779              	.LC63:
 6780 0060 4C415354 		.ascii	"LAST_ACK\000"
 6780      5F41434B 
 6780      00
 6781 0069 000000   		.align	2
ARM GAS  /tmp/ccmQZyRb.s 			page 197


 6782              	.LC64:
 6783 006c 54494D45 		.ascii	"TIME_WAIT\000"
 6783      5F574149 
 6783      5400
 6784              		.section	.bss.tcp_active_pcbs,"aw",%nobits
 6785              		.align	2
 6786              		.set	.LANCHOR2,. + 0
 6789              	tcp_active_pcbs:
 6790 0000 00000000 		.space	4
 6791              		.section	.bss.tcp_active_pcbs_changed,"aw",%nobits
 6792              		.set	.LANCHOR7,. + 0
 6795              	tcp_active_pcbs_changed:
 6796 0000 00       		.space	1
 6797              		.section	.bss.tcp_bound_pcbs,"aw",%nobits
 6798              		.align	2
 6799              		.set	.LANCHOR3,. + 0
 6802              	tcp_bound_pcbs:
 6803 0000 00000000 		.space	4
 6804              		.section	.bss.tcp_listen_pcbs,"aw",%nobits
 6805              		.align	2
 6806              		.set	.LANCHOR4,. + 0
 6809              	tcp_listen_pcbs:
 6810 0000 00000000 		.space	4
 6811              		.section	.bss.tcp_ticks,"aw",%nobits
 6812              		.align	2
 6813              		.set	.LANCHOR6,. + 0
 6816              	tcp_ticks:
 6817 0000 00000000 		.space	4
 6818              		.section	.bss.tcp_timer,"aw",%nobits
 6819              		.set	.LANCHOR13,. + 0
 6822              	tcp_timer:
 6823 0000 00       		.space	1
 6824              		.section	.bss.tcp_timer_ctr,"aw",%nobits
 6825              		.set	.LANCHOR10,. + 0
 6828              	tcp_timer_ctr:
 6829 0000 00       		.space	1
 6830              		.section	.bss.tcp_tw_pcbs,"aw",%nobits
 6831              		.align	2
 6832              		.set	.LANCHOR9,. + 0
 6835              	tcp_tw_pcbs:
 6836 0000 00000000 		.space	4
 6837              		.section	.data.iss.0,"aw"
 6838              		.align	2
 6839              		.set	.LANCHOR5,. + 0
 6842              	iss.0:
 6843 0000 6E190000 		.word	6510
 6844              		.section	.data.tcp_port,"aw"
 6845              		.align	1
 6846              		.set	.LANCHOR0,. + 0
 6849              	tcp_port:
 6850 0000 00C0     		.short	-16384
 6851              		.section	.rodata.tcp_backoff,"a"
 6852              		.align	2
 6853              		.set	.LANCHOR12,. + 0
 6856              	tcp_backoff:
 6857 0000 01020304 		.ascii	"\001\002\003\004\005\006\007\007\007\007\007\007\007"
 6857      05060707 
ARM GAS  /tmp/ccmQZyRb.s 			page 198


 6857      07070707 
 6857      07
 6858              		.section	.rodata.tcp_pcb_lists,"a"
 6859              		.align	2
 6860              		.set	.LANCHOR1,. + 0
 6863              	tcp_pcb_lists:
 6864 0000 00000000 		.word	tcp_listen_pcbs
 6865 0004 00000000 		.word	tcp_bound_pcbs
 6866 0008 00000000 		.word	tcp_active_pcbs
 6867 000c 00000000 		.word	tcp_tw_pcbs
 6868              		.section	.rodata.tcp_persist_backoff,"a"
 6869              		.align	2
 6870              		.set	.LANCHOR11,. + 0
 6873              	tcp_persist_backoff:
 6874 0000 03060C18 		.ascii	"\003\006\014\0300`x"
 6874      306078
 6875              		.section	.rodata.tcp_state_str,"a"
 6876              		.align	2
 6877              		.set	.LANCHOR8,. + 0
 6880              	tcp_state_str:
 6881 0000 00000000 		.word	.LC54
 6882 0004 08000000 		.word	.LC55
 6883 0008 10000000 		.word	.LC56
 6884 000c 1C000000 		.word	.LC57
 6885 0010 28000000 		.word	.LC58
 6886 0014 34000000 		.word	.LC59
 6887 0018 40000000 		.word	.LC60
 6888 001c 4C000000 		.word	.LC61
 6889 0020 58000000 		.word	.LC62
 6890 0024 60000000 		.word	.LC63
 6891 0028 6C000000 		.word	.LC64
 6892              		.text
 6893              	.Letext0:
 6894              		.file 2 "/usr/lib/gcc/arm-none-eabi/10.3.1/include/stdint.h"
 6895              		.file 3 "/usr/lib/gcc/arm-none-eabi/10.3.1/include/stddef.h"
 6896              		.file 4 "Middlewares/Third_Party/LwIP/src/include/lwip/arch.h"
 6897              		.file 5 "Middlewares/Third_Party/LwIP/src/include/lwip/tcpbase.h"
 6898              		.file 6 "Middlewares/Third_Party/LwIP/src/include/lwip/memp.h"
 6899              		.file 7 "Middlewares/Third_Party/LwIP/src/include/lwip/err.h"
 6900              		.file 8 "Middlewares/Third_Party/LwIP/src/include/lwip/pbuf.h"
 6901              		.file 9 "Middlewares/Third_Party/LwIP/src/include/lwip/ip4_addr.h"
 6902              		.file 10 "Middlewares/Third_Party/LwIP/src/include/lwip/ip_addr.h"
 6903              		.file 11 "Middlewares/Third_Party/LwIP/src/include/lwip/netif.h"
 6904              		.file 12 "Middlewares/Third_Party/LwIP/src/include/lwip/tcp.h"
 6905              		.file 13 "Middlewares/Third_Party/LwIP/src/include/lwip/priv/tcp_priv.h"
 6906              		.file 14 "Middlewares/Third_Party/LwIP/src/include/lwip/prot/tcp.h"
 6907              		.file 15 "/usr/include/newlib/stdio.h"
 6908              		.file 16 "Middlewares/Third_Party/LwIP/src/include/lwip/ip4.h"
 6909              		.file 17 "/usr/include/newlib/stdlib.h"
 6910              		.file 18 "<built-in>"
ARM GAS  /tmp/ccmQZyRb.s 			page 199


DEFINED SYMBOLS
                            *ABS*:0000000000000000 tcp.c
     /tmp/ccmQZyRb.s:17     .text.tcp_new_port:0000000000000000 $t
     /tmp/ccmQZyRb.s:24     .text.tcp_new_port:0000000000000000 tcp_new_port
     /tmp/ccmQZyRb.s:140    .text.tcp_new_port:0000000000000060 $d
     /tmp/ccmQZyRb.s:146    .rodata.tcp_remove_listener.str1.4:0000000000000000 $d
     /tmp/ccmQZyRb.s:156    .text.tcp_remove_listener:0000000000000000 $t
     /tmp/ccmQZyRb.s:162    .text.tcp_remove_listener:0000000000000000 tcp_remove_listener
     /tmp/ccmQZyRb.s:225    .text.tcp_remove_listener:0000000000000028 $d
     /tmp/ccmQZyRb.s:232    .rodata.tcp_listen_closed.str1.4:0000000000000000 $d
     /tmp/ccmQZyRb.s:239    .text.tcp_listen_closed:0000000000000000 $t
     /tmp/ccmQZyRb.s:245    .text.tcp_listen_closed:0000000000000000 tcp_listen_closed
     /tmp/ccmQZyRb.s:328    .text.tcp_listen_closed:0000000000000048 $d
     /tmp/ccmQZyRb.s:337    .rodata.tcp_free_listen.str1.4:0000000000000000 $d
     /tmp/ccmQZyRb.s:341    .text.tcp_free_listen:0000000000000000 $t
     /tmp/ccmQZyRb.s:347    .text.tcp_free_listen:0000000000000000 tcp_free_listen
     /tmp/ccmQZyRb.s:393    .text.tcp_free_listen:0000000000000024 $d
     /tmp/ccmQZyRb.s:400    .text.tcp_close_shutdown_fin:0000000000000000 $t
     /tmp/ccmQZyRb.s:406    .text.tcp_close_shutdown_fin:0000000000000000 tcp_close_shutdown_fin
     /tmp/ccmQZyRb.s:541    .text.tcp_close_shutdown_fin:0000000000000078 $d
     /tmp/ccmQZyRb.s:548    .text.tcp_handle_closepend:0000000000000000 $t
     /tmp/ccmQZyRb.s:554    .text.tcp_handle_closepend:0000000000000000 tcp_handle_closepend
     /tmp/ccmQZyRb.s:623    .text.tcp_handle_closepend:0000000000000028 $d
     /tmp/ccmQZyRb.s:628    .text.tcp_init:0000000000000000 $t
     /tmp/ccmQZyRb.s:635    .text.tcp_init:0000000000000000 tcp_init
     /tmp/ccmQZyRb.s:660    .text.tcp_init:0000000000000010 $d
     /tmp/ccmQZyRb.s:666    .rodata.tcp_free.str1.4:0000000000000000 $d
     /tmp/ccmQZyRb.s:670    .text.tcp_free:0000000000000000 $t
     /tmp/ccmQZyRb.s:677    .text.tcp_free:0000000000000000 tcp_free
     /tmp/ccmQZyRb.s:723    .text.tcp_free:0000000000000024 $d
     /tmp/ccmQZyRb.s:730    .rodata.tcp_bind.str1.4:0000000000000000 $d
     /tmp/ccmQZyRb.s:737    .text.tcp_bind:0000000000000000 $t
     /tmp/ccmQZyRb.s:744    .text.tcp_bind:0000000000000000 tcp_bind
     /tmp/ccmQZyRb.s:967    .text.tcp_bind:00000000000000b0 $d
     /tmp/ccmQZyRb.s:978    .text.tcp_bind_netif:0000000000000000 $t
     /tmp/ccmQZyRb.s:985    .text.tcp_bind_netif:0000000000000000 tcp_bind_netif
     /tmp/ccmQZyRb.s:1015   .rodata.tcp_listen_with_backlog_and_err.str1.4:0000000000000000 $d
     /tmp/ccmQZyRb.s:1023   .text.tcp_listen_with_backlog_and_err:0000000000000000 $t
     /tmp/ccmQZyRb.s:1030   .text.tcp_listen_with_backlog_and_err:0000000000000000 tcp_listen_with_backlog_and_err
     /tmp/ccmQZyRb.s:1269   .text.tcp_listen_with_backlog_and_err:00000000000000c4 $d
     /tmp/ccmQZyRb.s:3751   .text.tcp_accept_null:0000000000000000 tcp_accept_null
     /tmp/ccmQZyRb.s:1280   .text.tcp_listen_with_backlog:0000000000000000 $t
     /tmp/ccmQZyRb.s:1287   .text.tcp_listen_with_backlog:0000000000000000 tcp_listen_with_backlog
     /tmp/ccmQZyRb.s:1312   .rodata.tcp_update_rcv_ann_wnd.str1.4:0000000000000000 $d
     /tmp/ccmQZyRb.s:1319   .text.tcp_update_rcv_ann_wnd:0000000000000000 $t
     /tmp/ccmQZyRb.s:1326   .text.tcp_update_rcv_ann_wnd:0000000000000000 tcp_update_rcv_ann_wnd
     /tmp/ccmQZyRb.s:1448   .text.tcp_update_rcv_ann_wnd:0000000000000068 $d
     /tmp/ccmQZyRb.s:1457   .rodata.tcp_recved.str1.4:0000000000000000 $d
     /tmp/ccmQZyRb.s:1464   .text.tcp_recved:0000000000000000 $t
     /tmp/ccmQZyRb.s:1471   .text.tcp_recved:0000000000000000 tcp_recved
     /tmp/ccmQZyRb.s:1597   .text.tcp_recved:000000000000006c $d
     /tmp/ccmQZyRb.s:1605   .text.tcp_txnow:0000000000000000 $t
     /tmp/ccmQZyRb.s:1612   .text.tcp_txnow:0000000000000000 tcp_txnow
     /tmp/ccmQZyRb.s:1659   .text.tcp_txnow:0000000000000020 $d
     /tmp/ccmQZyRb.s:1664   .text.tcp_seg_free:0000000000000000 $t
     /tmp/ccmQZyRb.s:1671   .text.tcp_seg_free:0000000000000000 tcp_seg_free
     /tmp/ccmQZyRb.s:1717   .text.tcp_segs_free:0000000000000000 $t
ARM GAS  /tmp/ccmQZyRb.s 			page 200


     /tmp/ccmQZyRb.s:1724   .text.tcp_segs_free:0000000000000000 tcp_segs_free
     /tmp/ccmQZyRb.s:1771   .rodata.tcp_setprio.str1.4:0000000000000000 $d
     /tmp/ccmQZyRb.s:1775   .text.tcp_setprio:0000000000000000 $t
     /tmp/ccmQZyRb.s:1782   .text.tcp_setprio:0000000000000000 tcp_setprio
     /tmp/ccmQZyRb.s:1827   .text.tcp_setprio:0000000000000018 $d
     /tmp/ccmQZyRb.s:1834   .rodata.tcp_seg_copy.str1.4:0000000000000000 $d
     /tmp/ccmQZyRb.s:1838   .text.tcp_seg_copy:0000000000000000 $t
     /tmp/ccmQZyRb.s:1845   .text.tcp_seg_copy:0000000000000000 tcp_seg_copy
     /tmp/ccmQZyRb.s:1914   .text.tcp_seg_copy:000000000000003c $d
     /tmp/ccmQZyRb.s:1921   .text.tcp_arg:0000000000000000 $t
     /tmp/ccmQZyRb.s:1928   .text.tcp_arg:0000000000000000 tcp_arg
     /tmp/ccmQZyRb.s:1950   .rodata.tcp_recv.str1.4:0000000000000000 $d
     /tmp/ccmQZyRb.s:1954   .text.tcp_recv:0000000000000000 $t
     /tmp/ccmQZyRb.s:1961   .text.tcp_recv:0000000000000000 tcp_recv
     /tmp/ccmQZyRb.s:2024   .text.tcp_recv:0000000000000028 $d
     /tmp/ccmQZyRb.s:2031   .rodata.tcp_sent.str1.4:0000000000000000 $d
     /tmp/ccmQZyRb.s:2035   .text.tcp_sent:0000000000000000 $t
     /tmp/ccmQZyRb.s:2042   .text.tcp_sent:0000000000000000 tcp_sent
     /tmp/ccmQZyRb.s:2105   .text.tcp_sent:0000000000000028 $d
     /tmp/ccmQZyRb.s:2112   .rodata.tcp_err.str1.4:0000000000000000 $d
     /tmp/ccmQZyRb.s:2116   .text.tcp_err:0000000000000000 $t
     /tmp/ccmQZyRb.s:2123   .text.tcp_err:0000000000000000 tcp_err
     /tmp/ccmQZyRb.s:2186   .text.tcp_err:0000000000000028 $d
     /tmp/ccmQZyRb.s:2193   .text.tcp_accept:0000000000000000 $t
     /tmp/ccmQZyRb.s:2200   .text.tcp_accept:0000000000000000 tcp_accept
     /tmp/ccmQZyRb.s:2234   .rodata.tcp_poll.str1.4:0000000000000000 $d
     /tmp/ccmQZyRb.s:2241   .text.tcp_poll:0000000000000000 $t
     /tmp/ccmQZyRb.s:2248   .text.tcp_poll:0000000000000000 tcp_poll
     /tmp/ccmQZyRb.s:2329   .text.tcp_poll:0000000000000038 $d
     /tmp/ccmQZyRb.s:2337   .rodata.tcp_next_iss.str1.4:0000000000000000 $d
     /tmp/ccmQZyRb.s:2341   .text.tcp_next_iss:0000000000000000 $t
     /tmp/ccmQZyRb.s:2348   .text.tcp_next_iss:0000000000000000 tcp_next_iss
     /tmp/ccmQZyRb.s:2397   .text.tcp_next_iss:0000000000000024 $d
     /tmp/ccmQZyRb.s:2406   .rodata.tcp_eff_send_mss_netif.str1.4:0000000000000000 $d
     /tmp/ccmQZyRb.s:2410   .text.tcp_eff_send_mss_netif:0000000000000000 $t
     /tmp/ccmQZyRb.s:2417   .text.tcp_eff_send_mss_netif:0000000000000000 tcp_eff_send_mss_netif
     /tmp/ccmQZyRb.s:2509   .text.tcp_eff_send_mss_netif:0000000000000034 $d
     /tmp/ccmQZyRb.s:2517   .rodata.tcp_connect.str1.4:0000000000000000 $d
     /tmp/ccmQZyRb.s:2527   .text.tcp_connect:0000000000000000 $t
     /tmp/ccmQZyRb.s:2534   .text.tcp_connect:0000000000000000 tcp_connect
     /tmp/ccmQZyRb.s:2889   .text.tcp_connect:0000000000000134 $d
     /tmp/ccmQZyRb.s:2901   .text.tcp_debug_state_str:0000000000000000 $t
     /tmp/ccmQZyRb.s:2908   .text.tcp_debug_state_str:0000000000000000 tcp_debug_state_str
     /tmp/ccmQZyRb.s:2926   .text.tcp_debug_state_str:0000000000000008 $d
     /tmp/ccmQZyRb.s:2931   .text.tcp_tcp_get_tcp_addrinfo:0000000000000000 $t
     /tmp/ccmQZyRb.s:2938   .text.tcp_tcp_get_tcp_addrinfo:0000000000000000 tcp_tcp_get_tcp_addrinfo
     /tmp/ccmQZyRb.s:3013   .text.tcp_free_ooseq:0000000000000000 $t
     /tmp/ccmQZyRb.s:3020   .text.tcp_free_ooseq:0000000000000000 tcp_free_ooseq
     /tmp/ccmQZyRb.s:3055   .rodata.tcp_pcb_purge.str1.4:0000000000000000 $d
     /tmp/ccmQZyRb.s:3059   .text.tcp_pcb_purge:0000000000000000 $t
     /tmp/ccmQZyRb.s:3066   .text.tcp_pcb_purge:0000000000000000 tcp_pcb_purge
     /tmp/ccmQZyRb.s:3170   .text.tcp_pcb_purge:0000000000000058 $d
     /tmp/ccmQZyRb.s:3177   .rodata.tcp_pcb_remove.str1.4:0000000000000000 $d
     /tmp/ccmQZyRb.s:3193   .text.tcp_pcb_remove:0000000000000000 $t
     /tmp/ccmQZyRb.s:3200   .text.tcp_pcb_remove:0000000000000000 tcp_pcb_remove
     /tmp/ccmQZyRb.s:3393   .text.tcp_pcb_remove:00000000000000b4 $d
     /tmp/ccmQZyRb.s:3404   .rodata.tcp_abandon.str1.4:0000000000000000 $d
ARM GAS  /tmp/ccmQZyRb.s 			page 201


     /tmp/ccmQZyRb.s:3411   .text.tcp_abandon:0000000000000000 $t
     /tmp/ccmQZyRb.s:3418   .text.tcp_abandon:0000000000000000 tcp_abandon
     /tmp/ccmQZyRb.s:3698   .text.tcp_abandon:00000000000000ec $d
     /tmp/ccmQZyRb.s:3711   .text.tcp_abort:0000000000000000 $t
     /tmp/ccmQZyRb.s:3718   .text.tcp_abort:0000000000000000 tcp_abort
     /tmp/ccmQZyRb.s:3741   .rodata.tcp_accept_null.str1.4:0000000000000000 $d
     /tmp/ccmQZyRb.s:3745   .text.tcp_accept_null:0000000000000000 $t
     /tmp/ccmQZyRb.s:3802   .text.tcp_accept_null:0000000000000024 $d
     /tmp/ccmQZyRb.s:3809   .text.tcp_kill_timewait:0000000000000000 $t
     /tmp/ccmQZyRb.s:3815   .text.tcp_kill_timewait:0000000000000000 tcp_kill_timewait
     /tmp/ccmQZyRb.s:3885   .text.tcp_kill_timewait:000000000000002c $d
     /tmp/ccmQZyRb.s:3891   .text.tcp_kill_prio:0000000000000000 $t
     /tmp/ccmQZyRb.s:3897   .text.tcp_kill_prio:0000000000000000 tcp_kill_prio
     /tmp/ccmQZyRb.s:4009   .text.tcp_kill_prio:0000000000000050 $d
     /tmp/ccmQZyRb.s:4015   .rodata.tcp_netif_ip_addr_changed_pcblist.str1.4:0000000000000000 $d
     /tmp/ccmQZyRb.s:4020   .text.tcp_netif_ip_addr_changed_pcblist:0000000000000000 $t
     /tmp/ccmQZyRb.s:4026   .text.tcp_netif_ip_addr_changed_pcblist:0000000000000000 tcp_netif_ip_addr_changed_pcblist
     /tmp/ccmQZyRb.s:4104   .text.tcp_netif_ip_addr_changed_pcblist:0000000000000034 $d
     /tmp/ccmQZyRb.s:4111   .text.tcp_netif_ip_addr_changed:0000000000000000 $t
     /tmp/ccmQZyRb.s:4118   .text.tcp_netif_ip_addr_changed:0000000000000000 tcp_netif_ip_addr_changed
     /tmp/ccmQZyRb.s:4212   .text.tcp_netif_ip_addr_changed:0000000000000048 $d
     /tmp/ccmQZyRb.s:4219   .rodata.tcp_kill_state.str1.4:0000000000000000 $d
     /tmp/ccmQZyRb.s:4223   .text.tcp_kill_state:0000000000000000 $t
     /tmp/ccmQZyRb.s:4229   .text.tcp_kill_state:0000000000000000 tcp_kill_state
     /tmp/ccmQZyRb.s:4334   .text.tcp_kill_state:0000000000000050 $d
     /tmp/ccmQZyRb.s:4343   .text.tcp_alloc:0000000000000000 $t
     /tmp/ccmQZyRb.s:4350   .text.tcp_alloc:0000000000000000 tcp_alloc
     /tmp/ccmQZyRb.s:4525   .text.tcp_alloc:00000000000000b4 $d
     /tmp/ccmQZyRb.s:5017   .text.tcp_recv_null:0000000000000000 tcp_recv_null
     /tmp/ccmQZyRb.s:4533   .text.tcp_new:0000000000000000 $t
     /tmp/ccmQZyRb.s:4540   .text.tcp_new:0000000000000000 tcp_new
     /tmp/ccmQZyRb.s:4562   .text.tcp_new_ip_type:0000000000000000 $t
     /tmp/ccmQZyRb.s:4569   .text.tcp_new_ip_type:0000000000000000 tcp_new_ip_type
     /tmp/ccmQZyRb.s:4598   .rodata.tcp_close_shutdown.str1.4:0000000000000000 $d
     /tmp/ccmQZyRb.s:4605   .text.tcp_close_shutdown:0000000000000000 $t
     /tmp/ccmQZyRb.s:4611   .text.tcp_close_shutdown:0000000000000000 tcp_close_shutdown
     /tmp/ccmQZyRb.s:4911   .text.tcp_close_shutdown:0000000000000128 $d
     /tmp/ccmQZyRb.s:4924   .rodata.tcp_close.str1.4:0000000000000000 $d
     /tmp/ccmQZyRb.s:4928   .text.tcp_close:0000000000000000 $t
     /tmp/ccmQZyRb.s:4935   .text.tcp_close:0000000000000000 tcp_close
     /tmp/ccmQZyRb.s:4999   .text.tcp_close:0000000000000034 $d
     /tmp/ccmQZyRb.s:5006   .rodata.tcp_recv_null.str1.4:0000000000000000 $d
     /tmp/ccmQZyRb.s:5010   .text.tcp_recv_null:0000000000000000 $t
     /tmp/ccmQZyRb.s:5100   .text.tcp_recv_null:000000000000003c $d
     /tmp/ccmQZyRb.s:5107   .rodata.tcp_process_refused_data.str1.4:0000000000000000 $d
     /tmp/ccmQZyRb.s:5111   .text.tcp_process_refused_data:0000000000000000 $t
     /tmp/ccmQZyRb.s:5118   .text.tcp_process_refused_data:0000000000000000 tcp_process_refused_data
     /tmp/ccmQZyRb.s:5266   .text.tcp_process_refused_data:0000000000000084 $d
     /tmp/ccmQZyRb.s:5273   .text.tcp_fasttmr:0000000000000000 $t
     /tmp/ccmQZyRb.s:5280   .text.tcp_fasttmr:0000000000000000 tcp_fasttmr
     /tmp/ccmQZyRb.s:5418   .text.tcp_fasttmr:0000000000000074 $d
     /tmp/ccmQZyRb.s:5425   .rodata.tcp_shutdown.str1.4:0000000000000000 $d
     /tmp/ccmQZyRb.s:5429   .text.tcp_shutdown:0000000000000000 $t
     /tmp/ccmQZyRb.s:5436   .text.tcp_shutdown:0000000000000000 tcp_shutdown
     /tmp/ccmQZyRb.s:5570   .text.tcp_shutdown:0000000000000074 $d
     /tmp/ccmQZyRb.s:5577   .rodata.tcp_slowtmr.str1.4:0000000000000000 $d
     /tmp/ccmQZyRb.s:5609   .text.tcp_slowtmr:0000000000000000 $t
ARM GAS  /tmp/ccmQZyRb.s 			page 202


     /tmp/ccmQZyRb.s:5616   .text.tcp_slowtmr:0000000000000000 tcp_slowtmr
     /tmp/ccmQZyRb.s:6215   .text.tcp_slowtmr:000000000000026c $d
     /tmp/ccmQZyRb.s:6234   .text.tcp_slowtmr:00000000000002a4 $t
     /tmp/ccmQZyRb.s:6678   .text.tcp_slowtmr:0000000000000470 $d
     /tmp/ccmQZyRb.s:6696   .text.tcp_tmr:0000000000000000 $t
     /tmp/ccmQZyRb.s:6703   .text.tcp_tmr:0000000000000000 tcp_tmr
     /tmp/ccmQZyRb.s:6739   .text.tcp_tmr:0000000000000020 $d
     /tmp/ccmQZyRb.s:6795   .bss.tcp_active_pcbs_changed:0000000000000000 tcp_active_pcbs_changed
     /tmp/ccmQZyRb.s:6863   .rodata.tcp_pcb_lists:0000000000000000 tcp_pcb_lists
     /tmp/ccmQZyRb.s:6835   .bss.tcp_tw_pcbs:0000000000000000 tcp_tw_pcbs
     /tmp/ccmQZyRb.s:6789   .bss.tcp_active_pcbs:0000000000000000 tcp_active_pcbs
     /tmp/ccmQZyRb.s:6809   .bss.tcp_listen_pcbs:0000000000000000 tcp_listen_pcbs
     /tmp/ccmQZyRb.s:6802   .bss.tcp_bound_pcbs:0000000000000000 tcp_bound_pcbs
     /tmp/ccmQZyRb.s:6816   .bss.tcp_ticks:0000000000000000 tcp_ticks
     /tmp/ccmQZyRb.s:6751   .rodata.str1.4:0000000000000000 $d
     /tmp/ccmQZyRb.s:6785   .bss.tcp_active_pcbs:0000000000000000 $d
     /tmp/ccmQZyRb.s:6796   .bss.tcp_active_pcbs_changed:0000000000000000 $d
     /tmp/ccmQZyRb.s:6798   .bss.tcp_bound_pcbs:0000000000000000 $d
     /tmp/ccmQZyRb.s:6805   .bss.tcp_listen_pcbs:0000000000000000 $d
     /tmp/ccmQZyRb.s:6812   .bss.tcp_ticks:0000000000000000 $d
     /tmp/ccmQZyRb.s:6822   .bss.tcp_timer:0000000000000000 tcp_timer
     /tmp/ccmQZyRb.s:6823   .bss.tcp_timer:0000000000000000 $d
     /tmp/ccmQZyRb.s:6828   .bss.tcp_timer_ctr:0000000000000000 tcp_timer_ctr
     /tmp/ccmQZyRb.s:6829   .bss.tcp_timer_ctr:0000000000000000 $d
     /tmp/ccmQZyRb.s:6831   .bss.tcp_tw_pcbs:0000000000000000 $d
     /tmp/ccmQZyRb.s:6838   .data.iss.0:0000000000000000 $d
     /tmp/ccmQZyRb.s:6842   .data.iss.0:0000000000000000 iss.0
     /tmp/ccmQZyRb.s:6845   .data.tcp_port:0000000000000000 $d
     /tmp/ccmQZyRb.s:6849   .data.tcp_port:0000000000000000 tcp_port
     /tmp/ccmQZyRb.s:6852   .rodata.tcp_backoff:0000000000000000 $d
     /tmp/ccmQZyRb.s:6856   .rodata.tcp_backoff:0000000000000000 tcp_backoff
     /tmp/ccmQZyRb.s:6859   .rodata.tcp_pcb_lists:0000000000000000 $d
     /tmp/ccmQZyRb.s:6869   .rodata.tcp_persist_backoff:0000000000000000 $d
     /tmp/ccmQZyRb.s:6873   .rodata.tcp_persist_backoff:0000000000000000 tcp_persist_backoff
     /tmp/ccmQZyRb.s:6876   .rodata.tcp_state_str:0000000000000000 $d
     /tmp/ccmQZyRb.s:6880   .rodata.tcp_state_str:0000000000000000 tcp_state_str

UNDEFINED SYMBOLS
printf
memp_free
tcp_send_fin
tcp_output
rand
tcp_timer_needed
ip_addr_any
memp_malloc
pbuf_free
pbuf_ref
netif_get_by_index
tcp_enqueue_flags
ip4_route
tcp_rst
memset
tcp_trigger_input_pcb_close
tcp_input_pcb
tcp_split_unsent_seg
tcp_rexmit_rto_prepare
ARM GAS  /tmp/ccmQZyRb.s 			page 203


tcp_rexmit_rto_commit
tcp_keepalive
tcp_zero_window_probe
