ARM GAS  /tmp/ccYvHRO8.s 			page 1


   1              		.cpu cortex-m7
   2              		.eabi_attribute 28, 1
   3              		.eabi_attribute 20, 1
   4              		.eabi_attribute 21, 1
   5              		.eabi_attribute 23, 3
   6              		.eabi_attribute 24, 1
   7              		.eabi_attribute 25, 1
   8              		.eabi_attribute 26, 1
   9              		.eabi_attribute 30, 1
  10              		.eabi_attribute 34, 1
  11              		.eabi_attribute 18, 4
  12              		.file	"tcp_in.c"
  13              		.text
  14              	.Ltext0:
  15              		.cfi_sections	.debug_frame
  16              		.section	.text.tcp_get_next_optbyte,"ax",%progbits
  17              		.align	1
  18              		.arch armv7e-m
  19              		.syntax unified
  20              		.thumb
  21              		.thumb_func
  22              		.fpu fpv5-d16
  24              	tcp_get_next_optbyte:
  25              	.LFB177:
  26              		.file 1 "Middlewares/Third_Party/LwIP/src/core/tcp_in.c"
   1:Middlewares/Third_Party/LwIP/src/core/tcp_in.c **** /**
   2:Middlewares/Third_Party/LwIP/src/core/tcp_in.c ****  * @file
   3:Middlewares/Third_Party/LwIP/src/core/tcp_in.c ****  * Transmission Control Protocol, incoming traffic
   4:Middlewares/Third_Party/LwIP/src/core/tcp_in.c ****  *
   5:Middlewares/Third_Party/LwIP/src/core/tcp_in.c ****  * The input processing functions of the TCP layer.
   6:Middlewares/Third_Party/LwIP/src/core/tcp_in.c ****  *
   7:Middlewares/Third_Party/LwIP/src/core/tcp_in.c ****  * These functions are generally called in the order (ip_input() ->)
   8:Middlewares/Third_Party/LwIP/src/core/tcp_in.c ****  * tcp_input() -> * tcp_process() -> tcp_receive() (-> application).
   9:Middlewares/Third_Party/LwIP/src/core/tcp_in.c ****  *
  10:Middlewares/Third_Party/LwIP/src/core/tcp_in.c ****  */
  11:Middlewares/Third_Party/LwIP/src/core/tcp_in.c **** 
  12:Middlewares/Third_Party/LwIP/src/core/tcp_in.c **** /*
  13:Middlewares/Third_Party/LwIP/src/core/tcp_in.c ****  * Copyright (c) 2001-2004 Swedish Institute of Computer Science.
  14:Middlewares/Third_Party/LwIP/src/core/tcp_in.c ****  * All rights reserved.
  15:Middlewares/Third_Party/LwIP/src/core/tcp_in.c ****  *
  16:Middlewares/Third_Party/LwIP/src/core/tcp_in.c ****  * Redistribution and use in source and binary forms, with or without modification,
  17:Middlewares/Third_Party/LwIP/src/core/tcp_in.c ****  * are permitted provided that the following conditions are met:
  18:Middlewares/Third_Party/LwIP/src/core/tcp_in.c ****  *
  19:Middlewares/Third_Party/LwIP/src/core/tcp_in.c ****  * 1. Redistributions of source code must retain the above copyright notice,
  20:Middlewares/Third_Party/LwIP/src/core/tcp_in.c ****  *    this list of conditions and the following disclaimer.
  21:Middlewares/Third_Party/LwIP/src/core/tcp_in.c ****  * 2. Redistributions in binary form must reproduce the above copyright notice,
  22:Middlewares/Third_Party/LwIP/src/core/tcp_in.c ****  *    this list of conditions and the following disclaimer in the documentation
  23:Middlewares/Third_Party/LwIP/src/core/tcp_in.c ****  *    and/or other materials provided with the distribution.
  24:Middlewares/Third_Party/LwIP/src/core/tcp_in.c ****  * 3. The name of the author may not be used to endorse or promote products
  25:Middlewares/Third_Party/LwIP/src/core/tcp_in.c ****  *    derived from this software without specific prior written permission.
  26:Middlewares/Third_Party/LwIP/src/core/tcp_in.c ****  *
  27:Middlewares/Third_Party/LwIP/src/core/tcp_in.c ****  * THIS SOFTWARE IS PROVIDED BY THE AUTHOR ``AS IS'' AND ANY EXPRESS OR IMPLIED
  28:Middlewares/Third_Party/LwIP/src/core/tcp_in.c ****  * WARRANTIES, INCLUDING, BUT NOT LIMITED TO, THE IMPLIED WARRANTIES OF
  29:Middlewares/Third_Party/LwIP/src/core/tcp_in.c ****  * MERCHANTABILITY AND FITNESS FOR A PARTICULAR PURPOSE ARE DISCLAIMED. IN NO EVENT
  30:Middlewares/Third_Party/LwIP/src/core/tcp_in.c ****  * SHALL THE AUTHOR BE LIABLE FOR ANY DIRECT, INDIRECT, INCIDENTAL, SPECIAL,
  31:Middlewares/Third_Party/LwIP/src/core/tcp_in.c ****  * EXEMPLARY, OR CONSEQUENTIAL DAMAGES (INCLUDING, BUT NOT LIMITED TO, PROCUREMENT
  32:Middlewares/Third_Party/LwIP/src/core/tcp_in.c ****  * OF SUBSTITUTE GOODS OR SERVICES; LOSS OF USE, DATA, OR PROFITS; OR BUSINESS
ARM GAS  /tmp/ccYvHRO8.s 			page 2


  33:Middlewares/Third_Party/LwIP/src/core/tcp_in.c ****  * INTERRUPTION) HOWEVER CAUSED AND ON ANY THEORY OF LIABILITY, WHETHER IN
  34:Middlewares/Third_Party/LwIP/src/core/tcp_in.c ****  * CONTRACT, STRICT LIABILITY, OR TORT (INCLUDING NEGLIGENCE OR OTHERWISE) ARISING
  35:Middlewares/Third_Party/LwIP/src/core/tcp_in.c ****  * IN ANY WAY OUT OF THE USE OF THIS SOFTWARE, EVEN IF ADVISED OF THE POSSIBILITY
  36:Middlewares/Third_Party/LwIP/src/core/tcp_in.c ****  * OF SUCH DAMAGE.
  37:Middlewares/Third_Party/LwIP/src/core/tcp_in.c ****  *
  38:Middlewares/Third_Party/LwIP/src/core/tcp_in.c ****  * This file is part of the lwIP TCP/IP stack.
  39:Middlewares/Third_Party/LwIP/src/core/tcp_in.c ****  *
  40:Middlewares/Third_Party/LwIP/src/core/tcp_in.c ****  * Author: Adam Dunkels <adam@sics.se>
  41:Middlewares/Third_Party/LwIP/src/core/tcp_in.c ****  *
  42:Middlewares/Third_Party/LwIP/src/core/tcp_in.c ****  */
  43:Middlewares/Third_Party/LwIP/src/core/tcp_in.c **** 
  44:Middlewares/Third_Party/LwIP/src/core/tcp_in.c **** #include "lwip/opt.h"
  45:Middlewares/Third_Party/LwIP/src/core/tcp_in.c **** 
  46:Middlewares/Third_Party/LwIP/src/core/tcp_in.c **** #if LWIP_TCP /* don't build if not configured for use in lwipopts.h */
  47:Middlewares/Third_Party/LwIP/src/core/tcp_in.c **** 
  48:Middlewares/Third_Party/LwIP/src/core/tcp_in.c **** #include "lwip/priv/tcp_priv.h"
  49:Middlewares/Third_Party/LwIP/src/core/tcp_in.c **** #include "lwip/def.h"
  50:Middlewares/Third_Party/LwIP/src/core/tcp_in.c **** #include "lwip/ip_addr.h"
  51:Middlewares/Third_Party/LwIP/src/core/tcp_in.c **** #include "lwip/netif.h"
  52:Middlewares/Third_Party/LwIP/src/core/tcp_in.c **** #include "lwip/mem.h"
  53:Middlewares/Third_Party/LwIP/src/core/tcp_in.c **** #include "lwip/memp.h"
  54:Middlewares/Third_Party/LwIP/src/core/tcp_in.c **** #include "lwip/inet_chksum.h"
  55:Middlewares/Third_Party/LwIP/src/core/tcp_in.c **** #include "lwip/stats.h"
  56:Middlewares/Third_Party/LwIP/src/core/tcp_in.c **** #include "lwip/ip6.h"
  57:Middlewares/Third_Party/LwIP/src/core/tcp_in.c **** #include "lwip/ip6_addr.h"
  58:Middlewares/Third_Party/LwIP/src/core/tcp_in.c **** #if LWIP_ND6_TCP_REACHABILITY_HINTS
  59:Middlewares/Third_Party/LwIP/src/core/tcp_in.c **** #include "lwip/nd6.h"
  60:Middlewares/Third_Party/LwIP/src/core/tcp_in.c **** #endif /* LWIP_ND6_TCP_REACHABILITY_HINTS */
  61:Middlewares/Third_Party/LwIP/src/core/tcp_in.c **** 
  62:Middlewares/Third_Party/LwIP/src/core/tcp_in.c **** #include <string.h>
  63:Middlewares/Third_Party/LwIP/src/core/tcp_in.c **** 
  64:Middlewares/Third_Party/LwIP/src/core/tcp_in.c **** #ifdef LWIP_HOOK_FILENAME
  65:Middlewares/Third_Party/LwIP/src/core/tcp_in.c **** #include LWIP_HOOK_FILENAME
  66:Middlewares/Third_Party/LwIP/src/core/tcp_in.c **** #endif
  67:Middlewares/Third_Party/LwIP/src/core/tcp_in.c **** 
  68:Middlewares/Third_Party/LwIP/src/core/tcp_in.c **** /** Initial CWND calculation as defined RFC 2581 */
  69:Middlewares/Third_Party/LwIP/src/core/tcp_in.c **** #define LWIP_TCP_CALC_INITIAL_CWND(mss) ((tcpwnd_size_t)LWIP_MIN((4U * (mss)), LWIP_MAX((2U * (mss)
  70:Middlewares/Third_Party/LwIP/src/core/tcp_in.c **** 
  71:Middlewares/Third_Party/LwIP/src/core/tcp_in.c **** /* These variables are global to all functions involved in the input
  72:Middlewares/Third_Party/LwIP/src/core/tcp_in.c ****    processing of TCP segments. They are set by the tcp_input()
  73:Middlewares/Third_Party/LwIP/src/core/tcp_in.c ****    function. */
  74:Middlewares/Third_Party/LwIP/src/core/tcp_in.c **** static struct tcp_seg inseg;
  75:Middlewares/Third_Party/LwIP/src/core/tcp_in.c **** static struct tcp_hdr *tcphdr;
  76:Middlewares/Third_Party/LwIP/src/core/tcp_in.c **** static u16_t tcphdr_optlen;
  77:Middlewares/Third_Party/LwIP/src/core/tcp_in.c **** static u16_t tcphdr_opt1len;
  78:Middlewares/Third_Party/LwIP/src/core/tcp_in.c **** static u8_t *tcphdr_opt2;
  79:Middlewares/Third_Party/LwIP/src/core/tcp_in.c **** static u16_t tcp_optidx;
  80:Middlewares/Third_Party/LwIP/src/core/tcp_in.c **** static u32_t seqno, ackno;
  81:Middlewares/Third_Party/LwIP/src/core/tcp_in.c **** static tcpwnd_size_t recv_acked;
  82:Middlewares/Third_Party/LwIP/src/core/tcp_in.c **** static u16_t tcplen;
  83:Middlewares/Third_Party/LwIP/src/core/tcp_in.c **** static u8_t flags;
  84:Middlewares/Third_Party/LwIP/src/core/tcp_in.c **** 
  85:Middlewares/Third_Party/LwIP/src/core/tcp_in.c **** static u8_t recv_flags;
  86:Middlewares/Third_Party/LwIP/src/core/tcp_in.c **** static struct pbuf *recv_data;
  87:Middlewares/Third_Party/LwIP/src/core/tcp_in.c **** 
  88:Middlewares/Third_Party/LwIP/src/core/tcp_in.c **** struct tcp_pcb *tcp_input_pcb;
  89:Middlewares/Third_Party/LwIP/src/core/tcp_in.c **** 
ARM GAS  /tmp/ccYvHRO8.s 			page 3


  90:Middlewares/Third_Party/LwIP/src/core/tcp_in.c **** /* Forward declarations. */
  91:Middlewares/Third_Party/LwIP/src/core/tcp_in.c **** static err_t tcp_process(struct tcp_pcb *pcb);
  92:Middlewares/Third_Party/LwIP/src/core/tcp_in.c **** static void tcp_receive(struct tcp_pcb *pcb);
  93:Middlewares/Third_Party/LwIP/src/core/tcp_in.c **** static void tcp_parseopt(struct tcp_pcb *pcb);
  94:Middlewares/Third_Party/LwIP/src/core/tcp_in.c **** 
  95:Middlewares/Third_Party/LwIP/src/core/tcp_in.c **** static void tcp_listen_input(struct tcp_pcb_listen *pcb);
  96:Middlewares/Third_Party/LwIP/src/core/tcp_in.c **** static void tcp_timewait_input(struct tcp_pcb *pcb);
  97:Middlewares/Third_Party/LwIP/src/core/tcp_in.c **** 
  98:Middlewares/Third_Party/LwIP/src/core/tcp_in.c **** static int tcp_input_delayed_close(struct tcp_pcb *pcb);
  99:Middlewares/Third_Party/LwIP/src/core/tcp_in.c **** 
 100:Middlewares/Third_Party/LwIP/src/core/tcp_in.c **** #if LWIP_TCP_SACK_OUT
 101:Middlewares/Third_Party/LwIP/src/core/tcp_in.c **** static void tcp_add_sack(struct tcp_pcb *pcb, u32_t left, u32_t right);
 102:Middlewares/Third_Party/LwIP/src/core/tcp_in.c **** static void tcp_remove_sacks_lt(struct tcp_pcb *pcb, u32_t seq);
 103:Middlewares/Third_Party/LwIP/src/core/tcp_in.c **** #if defined(TCP_OOSEQ_BYTES_LIMIT) || defined(TCP_OOSEQ_PBUFS_LIMIT)
 104:Middlewares/Third_Party/LwIP/src/core/tcp_in.c **** static void tcp_remove_sacks_gt(struct tcp_pcb *pcb, u32_t seq);
 105:Middlewares/Third_Party/LwIP/src/core/tcp_in.c **** #endif /* TCP_OOSEQ_BYTES_LIMIT || TCP_OOSEQ_PBUFS_LIMIT */
 106:Middlewares/Third_Party/LwIP/src/core/tcp_in.c **** #endif /* LWIP_TCP_SACK_OUT */
 107:Middlewares/Third_Party/LwIP/src/core/tcp_in.c **** 
 108:Middlewares/Third_Party/LwIP/src/core/tcp_in.c **** /**
 109:Middlewares/Third_Party/LwIP/src/core/tcp_in.c ****  * The initial input processing of TCP. It verifies the TCP header, demultiplexes
 110:Middlewares/Third_Party/LwIP/src/core/tcp_in.c ****  * the segment between the PCBs and passes it on to tcp_process(), which implements
 111:Middlewares/Third_Party/LwIP/src/core/tcp_in.c ****  * the TCP finite state machine. This function is called by the IP layer (in
 112:Middlewares/Third_Party/LwIP/src/core/tcp_in.c ****  * ip_input()).
 113:Middlewares/Third_Party/LwIP/src/core/tcp_in.c ****  *
 114:Middlewares/Third_Party/LwIP/src/core/tcp_in.c ****  * @param p received TCP segment to process (p->payload pointing to the TCP header)
 115:Middlewares/Third_Party/LwIP/src/core/tcp_in.c ****  * @param inp network interface on which this segment was received
 116:Middlewares/Third_Party/LwIP/src/core/tcp_in.c ****  */
 117:Middlewares/Third_Party/LwIP/src/core/tcp_in.c **** void
 118:Middlewares/Third_Party/LwIP/src/core/tcp_in.c **** tcp_input(struct pbuf *p, struct netif *inp)
 119:Middlewares/Third_Party/LwIP/src/core/tcp_in.c **** {
 120:Middlewares/Third_Party/LwIP/src/core/tcp_in.c ****   struct tcp_pcb *pcb, *prev;
 121:Middlewares/Third_Party/LwIP/src/core/tcp_in.c ****   struct tcp_pcb_listen *lpcb;
 122:Middlewares/Third_Party/LwIP/src/core/tcp_in.c **** #if SO_REUSE
 123:Middlewares/Third_Party/LwIP/src/core/tcp_in.c ****   struct tcp_pcb *lpcb_prev = NULL;
 124:Middlewares/Third_Party/LwIP/src/core/tcp_in.c ****   struct tcp_pcb_listen *lpcb_any = NULL;
 125:Middlewares/Third_Party/LwIP/src/core/tcp_in.c **** #endif /* SO_REUSE */
 126:Middlewares/Third_Party/LwIP/src/core/tcp_in.c ****   u8_t hdrlen_bytes;
 127:Middlewares/Third_Party/LwIP/src/core/tcp_in.c ****   err_t err;
 128:Middlewares/Third_Party/LwIP/src/core/tcp_in.c **** 
 129:Middlewares/Third_Party/LwIP/src/core/tcp_in.c ****   LWIP_UNUSED_ARG(inp);
 130:Middlewares/Third_Party/LwIP/src/core/tcp_in.c ****   LWIP_ASSERT_CORE_LOCKED();
 131:Middlewares/Third_Party/LwIP/src/core/tcp_in.c ****   LWIP_ASSERT("tcp_input: invalid pbuf", p != NULL);
 132:Middlewares/Third_Party/LwIP/src/core/tcp_in.c **** 
 133:Middlewares/Third_Party/LwIP/src/core/tcp_in.c ****   PERF_START;
 134:Middlewares/Third_Party/LwIP/src/core/tcp_in.c **** 
 135:Middlewares/Third_Party/LwIP/src/core/tcp_in.c ****   TCP_STATS_INC(tcp.recv);
 136:Middlewares/Third_Party/LwIP/src/core/tcp_in.c ****   MIB2_STATS_INC(mib2.tcpinsegs);
 137:Middlewares/Third_Party/LwIP/src/core/tcp_in.c **** 
 138:Middlewares/Third_Party/LwIP/src/core/tcp_in.c ****   tcphdr = (struct tcp_hdr *)p->payload;
 139:Middlewares/Third_Party/LwIP/src/core/tcp_in.c **** 
 140:Middlewares/Third_Party/LwIP/src/core/tcp_in.c **** #if TCP_INPUT_DEBUG
 141:Middlewares/Third_Party/LwIP/src/core/tcp_in.c ****   tcp_debug_print(tcphdr);
 142:Middlewares/Third_Party/LwIP/src/core/tcp_in.c **** #endif
 143:Middlewares/Third_Party/LwIP/src/core/tcp_in.c **** 
 144:Middlewares/Third_Party/LwIP/src/core/tcp_in.c ****   /* Check that TCP header fits in payload */
 145:Middlewares/Third_Party/LwIP/src/core/tcp_in.c ****   if (p->len < TCP_HLEN) {
 146:Middlewares/Third_Party/LwIP/src/core/tcp_in.c ****     /* drop short packets */
ARM GAS  /tmp/ccYvHRO8.s 			page 4


 147:Middlewares/Third_Party/LwIP/src/core/tcp_in.c ****     LWIP_DEBUGF(TCP_INPUT_DEBUG, ("tcp_input: short packet (%"U16_F" bytes) discarded\n", p->tot_le
 148:Middlewares/Third_Party/LwIP/src/core/tcp_in.c ****     TCP_STATS_INC(tcp.lenerr);
 149:Middlewares/Third_Party/LwIP/src/core/tcp_in.c ****     goto dropped;
 150:Middlewares/Third_Party/LwIP/src/core/tcp_in.c ****   }
 151:Middlewares/Third_Party/LwIP/src/core/tcp_in.c **** 
 152:Middlewares/Third_Party/LwIP/src/core/tcp_in.c ****   /* Don't even process incoming broadcasts/multicasts. */
 153:Middlewares/Third_Party/LwIP/src/core/tcp_in.c ****   if (ip_addr_isbroadcast(ip_current_dest_addr(), ip_current_netif()) ||
 154:Middlewares/Third_Party/LwIP/src/core/tcp_in.c ****       ip_addr_ismulticast(ip_current_dest_addr())) {
 155:Middlewares/Third_Party/LwIP/src/core/tcp_in.c ****     TCP_STATS_INC(tcp.proterr);
 156:Middlewares/Third_Party/LwIP/src/core/tcp_in.c ****     goto dropped;
 157:Middlewares/Third_Party/LwIP/src/core/tcp_in.c ****   }
 158:Middlewares/Third_Party/LwIP/src/core/tcp_in.c **** 
 159:Middlewares/Third_Party/LwIP/src/core/tcp_in.c **** #if CHECKSUM_CHECK_TCP
 160:Middlewares/Third_Party/LwIP/src/core/tcp_in.c ****   IF__NETIF_CHECKSUM_ENABLED(inp, NETIF_CHECKSUM_CHECK_TCP) {
 161:Middlewares/Third_Party/LwIP/src/core/tcp_in.c ****     /* Verify TCP checksum. */
 162:Middlewares/Third_Party/LwIP/src/core/tcp_in.c ****     u16_t chksum = ip_chksum_pseudo(p, IP_PROTO_TCP, p->tot_len,
 163:Middlewares/Third_Party/LwIP/src/core/tcp_in.c ****                                     ip_current_src_addr(), ip_current_dest_addr());
 164:Middlewares/Third_Party/LwIP/src/core/tcp_in.c ****     if (chksum != 0) {
 165:Middlewares/Third_Party/LwIP/src/core/tcp_in.c ****       LWIP_DEBUGF(TCP_INPUT_DEBUG, ("tcp_input: packet discarded due to failing checksum 0x%04"X16_
 166:Middlewares/Third_Party/LwIP/src/core/tcp_in.c ****                                     chksum));
 167:Middlewares/Third_Party/LwIP/src/core/tcp_in.c ****       tcp_debug_print(tcphdr);
 168:Middlewares/Third_Party/LwIP/src/core/tcp_in.c ****       TCP_STATS_INC(tcp.chkerr);
 169:Middlewares/Third_Party/LwIP/src/core/tcp_in.c ****       goto dropped;
 170:Middlewares/Third_Party/LwIP/src/core/tcp_in.c ****     }
 171:Middlewares/Third_Party/LwIP/src/core/tcp_in.c ****   }
 172:Middlewares/Third_Party/LwIP/src/core/tcp_in.c **** #endif /* CHECKSUM_CHECK_TCP */
 173:Middlewares/Third_Party/LwIP/src/core/tcp_in.c **** 
 174:Middlewares/Third_Party/LwIP/src/core/tcp_in.c ****   /* sanity-check header length */
 175:Middlewares/Third_Party/LwIP/src/core/tcp_in.c ****   hdrlen_bytes = TCPH_HDRLEN_BYTES(tcphdr);
 176:Middlewares/Third_Party/LwIP/src/core/tcp_in.c ****   if ((hdrlen_bytes < TCP_HLEN) || (hdrlen_bytes > p->tot_len)) {
 177:Middlewares/Third_Party/LwIP/src/core/tcp_in.c ****     LWIP_DEBUGF(TCP_INPUT_DEBUG, ("tcp_input: invalid header length (%"U16_F")\n", (u16_t)hdrlen_by
 178:Middlewares/Third_Party/LwIP/src/core/tcp_in.c ****     TCP_STATS_INC(tcp.lenerr);
 179:Middlewares/Third_Party/LwIP/src/core/tcp_in.c ****     goto dropped;
 180:Middlewares/Third_Party/LwIP/src/core/tcp_in.c ****   }
 181:Middlewares/Third_Party/LwIP/src/core/tcp_in.c **** 
 182:Middlewares/Third_Party/LwIP/src/core/tcp_in.c ****   /* Move the payload pointer in the pbuf so that it points to the
 183:Middlewares/Third_Party/LwIP/src/core/tcp_in.c ****      TCP data instead of the TCP header. */
 184:Middlewares/Third_Party/LwIP/src/core/tcp_in.c ****   tcphdr_optlen = (u16_t)(hdrlen_bytes - TCP_HLEN);
 185:Middlewares/Third_Party/LwIP/src/core/tcp_in.c ****   tcphdr_opt2 = NULL;
 186:Middlewares/Third_Party/LwIP/src/core/tcp_in.c ****   if (p->len >= hdrlen_bytes) {
 187:Middlewares/Third_Party/LwIP/src/core/tcp_in.c ****     /* all options are in the first pbuf */
 188:Middlewares/Third_Party/LwIP/src/core/tcp_in.c ****     tcphdr_opt1len = tcphdr_optlen;
 189:Middlewares/Third_Party/LwIP/src/core/tcp_in.c ****     pbuf_remove_header(p, hdrlen_bytes); /* cannot fail */
 190:Middlewares/Third_Party/LwIP/src/core/tcp_in.c ****   } else {
 191:Middlewares/Third_Party/LwIP/src/core/tcp_in.c ****     u16_t opt2len;
 192:Middlewares/Third_Party/LwIP/src/core/tcp_in.c ****     /* TCP header fits into first pbuf, options don't - data is in the next pbuf */
 193:Middlewares/Third_Party/LwIP/src/core/tcp_in.c ****     /* there must be a next pbuf, due to hdrlen_bytes sanity check above */
 194:Middlewares/Third_Party/LwIP/src/core/tcp_in.c ****     LWIP_ASSERT("p->next != NULL", p->next != NULL);
 195:Middlewares/Third_Party/LwIP/src/core/tcp_in.c **** 
 196:Middlewares/Third_Party/LwIP/src/core/tcp_in.c ****     /* advance over the TCP header (cannot fail) */
 197:Middlewares/Third_Party/LwIP/src/core/tcp_in.c ****     pbuf_remove_header(p, TCP_HLEN);
 198:Middlewares/Third_Party/LwIP/src/core/tcp_in.c **** 
 199:Middlewares/Third_Party/LwIP/src/core/tcp_in.c ****     /* determine how long the first and second parts of the options are */
 200:Middlewares/Third_Party/LwIP/src/core/tcp_in.c ****     tcphdr_opt1len = p->len;
 201:Middlewares/Third_Party/LwIP/src/core/tcp_in.c ****     opt2len = (u16_t)(tcphdr_optlen - tcphdr_opt1len);
 202:Middlewares/Third_Party/LwIP/src/core/tcp_in.c **** 
 203:Middlewares/Third_Party/LwIP/src/core/tcp_in.c ****     /* options continue in the next pbuf: set p to zero length and hide the
ARM GAS  /tmp/ccYvHRO8.s 			page 5


 204:Middlewares/Third_Party/LwIP/src/core/tcp_in.c ****         options in the next pbuf (adjusting p->tot_len) */
 205:Middlewares/Third_Party/LwIP/src/core/tcp_in.c ****     pbuf_remove_header(p, tcphdr_opt1len);
 206:Middlewares/Third_Party/LwIP/src/core/tcp_in.c **** 
 207:Middlewares/Third_Party/LwIP/src/core/tcp_in.c ****     /* check that the options fit in the second pbuf */
 208:Middlewares/Third_Party/LwIP/src/core/tcp_in.c ****     if (opt2len > p->next->len) {
 209:Middlewares/Third_Party/LwIP/src/core/tcp_in.c ****       /* drop short packets */
 210:Middlewares/Third_Party/LwIP/src/core/tcp_in.c ****       LWIP_DEBUGF(TCP_INPUT_DEBUG, ("tcp_input: options overflow second pbuf (%"U16_F" bytes)\n", p
 211:Middlewares/Third_Party/LwIP/src/core/tcp_in.c ****       TCP_STATS_INC(tcp.lenerr);
 212:Middlewares/Third_Party/LwIP/src/core/tcp_in.c ****       goto dropped;
 213:Middlewares/Third_Party/LwIP/src/core/tcp_in.c ****     }
 214:Middlewares/Third_Party/LwIP/src/core/tcp_in.c **** 
 215:Middlewares/Third_Party/LwIP/src/core/tcp_in.c ****     /* remember the pointer to the second part of the options */
 216:Middlewares/Third_Party/LwIP/src/core/tcp_in.c ****     tcphdr_opt2 = (u8_t *)p->next->payload;
 217:Middlewares/Third_Party/LwIP/src/core/tcp_in.c **** 
 218:Middlewares/Third_Party/LwIP/src/core/tcp_in.c ****     /* advance p->next to point after the options, and manually
 219:Middlewares/Third_Party/LwIP/src/core/tcp_in.c ****         adjust p->tot_len to keep it consistent with the changed p->next */
 220:Middlewares/Third_Party/LwIP/src/core/tcp_in.c ****     pbuf_remove_header(p->next, opt2len);
 221:Middlewares/Third_Party/LwIP/src/core/tcp_in.c ****     p->tot_len = (u16_t)(p->tot_len - opt2len);
 222:Middlewares/Third_Party/LwIP/src/core/tcp_in.c **** 
 223:Middlewares/Third_Party/LwIP/src/core/tcp_in.c ****     LWIP_ASSERT("p->len == 0", p->len == 0);
 224:Middlewares/Third_Party/LwIP/src/core/tcp_in.c ****     LWIP_ASSERT("p->tot_len == p->next->tot_len", p->tot_len == p->next->tot_len);
 225:Middlewares/Third_Party/LwIP/src/core/tcp_in.c ****   }
 226:Middlewares/Third_Party/LwIP/src/core/tcp_in.c **** 
 227:Middlewares/Third_Party/LwIP/src/core/tcp_in.c ****   /* Convert fields in TCP header to host byte order. */
 228:Middlewares/Third_Party/LwIP/src/core/tcp_in.c ****   tcphdr->src = lwip_ntohs(tcphdr->src);
 229:Middlewares/Third_Party/LwIP/src/core/tcp_in.c ****   tcphdr->dest = lwip_ntohs(tcphdr->dest);
 230:Middlewares/Third_Party/LwIP/src/core/tcp_in.c ****   seqno = tcphdr->seqno = lwip_ntohl(tcphdr->seqno);
 231:Middlewares/Third_Party/LwIP/src/core/tcp_in.c ****   ackno = tcphdr->ackno = lwip_ntohl(tcphdr->ackno);
 232:Middlewares/Third_Party/LwIP/src/core/tcp_in.c ****   tcphdr->wnd = lwip_ntohs(tcphdr->wnd);
 233:Middlewares/Third_Party/LwIP/src/core/tcp_in.c **** 
 234:Middlewares/Third_Party/LwIP/src/core/tcp_in.c ****   flags = TCPH_FLAGS(tcphdr);
 235:Middlewares/Third_Party/LwIP/src/core/tcp_in.c ****   tcplen = p->tot_len;
 236:Middlewares/Third_Party/LwIP/src/core/tcp_in.c ****   if (flags & (TCP_FIN | TCP_SYN)) {
 237:Middlewares/Third_Party/LwIP/src/core/tcp_in.c ****     tcplen++;
 238:Middlewares/Third_Party/LwIP/src/core/tcp_in.c ****     if (tcplen < p->tot_len) {
 239:Middlewares/Third_Party/LwIP/src/core/tcp_in.c ****       /* u16_t overflow, cannot handle this */
 240:Middlewares/Third_Party/LwIP/src/core/tcp_in.c ****       LWIP_DEBUGF(TCP_INPUT_DEBUG, ("tcp_input: length u16_t overflow, cannot handle this\n"));
 241:Middlewares/Third_Party/LwIP/src/core/tcp_in.c ****       TCP_STATS_INC(tcp.lenerr);
 242:Middlewares/Third_Party/LwIP/src/core/tcp_in.c ****       goto dropped;
 243:Middlewares/Third_Party/LwIP/src/core/tcp_in.c ****     }
 244:Middlewares/Third_Party/LwIP/src/core/tcp_in.c ****   }
 245:Middlewares/Third_Party/LwIP/src/core/tcp_in.c **** 
 246:Middlewares/Third_Party/LwIP/src/core/tcp_in.c ****   /* Demultiplex an incoming segment. First, we check if it is destined
 247:Middlewares/Third_Party/LwIP/src/core/tcp_in.c ****      for an active connection. */
 248:Middlewares/Third_Party/LwIP/src/core/tcp_in.c ****   prev = NULL;
 249:Middlewares/Third_Party/LwIP/src/core/tcp_in.c **** 
 250:Middlewares/Third_Party/LwIP/src/core/tcp_in.c ****   for (pcb = tcp_active_pcbs; pcb != NULL; pcb = pcb->next) {
 251:Middlewares/Third_Party/LwIP/src/core/tcp_in.c ****     LWIP_ASSERT("tcp_input: active pcb->state != CLOSED", pcb->state != CLOSED);
 252:Middlewares/Third_Party/LwIP/src/core/tcp_in.c ****     LWIP_ASSERT("tcp_input: active pcb->state != TIME-WAIT", pcb->state != TIME_WAIT);
 253:Middlewares/Third_Party/LwIP/src/core/tcp_in.c ****     LWIP_ASSERT("tcp_input: active pcb->state != LISTEN", pcb->state != LISTEN);
 254:Middlewares/Third_Party/LwIP/src/core/tcp_in.c **** 
 255:Middlewares/Third_Party/LwIP/src/core/tcp_in.c ****     /* check if PCB is bound to specific netif */
 256:Middlewares/Third_Party/LwIP/src/core/tcp_in.c ****     if ((pcb->netif_idx != NETIF_NO_INDEX) &&
 257:Middlewares/Third_Party/LwIP/src/core/tcp_in.c ****         (pcb->netif_idx != netif_get_index(ip_data.current_input_netif))) {
 258:Middlewares/Third_Party/LwIP/src/core/tcp_in.c ****       prev = pcb;
 259:Middlewares/Third_Party/LwIP/src/core/tcp_in.c ****       continue;
 260:Middlewares/Third_Party/LwIP/src/core/tcp_in.c ****     }
ARM GAS  /tmp/ccYvHRO8.s 			page 6


 261:Middlewares/Third_Party/LwIP/src/core/tcp_in.c **** 
 262:Middlewares/Third_Party/LwIP/src/core/tcp_in.c ****     if (pcb->remote_port == tcphdr->src &&
 263:Middlewares/Third_Party/LwIP/src/core/tcp_in.c ****         pcb->local_port == tcphdr->dest &&
 264:Middlewares/Third_Party/LwIP/src/core/tcp_in.c ****         ip_addr_cmp(&pcb->remote_ip, ip_current_src_addr()) &&
 265:Middlewares/Third_Party/LwIP/src/core/tcp_in.c ****         ip_addr_cmp(&pcb->local_ip, ip_current_dest_addr())) {
 266:Middlewares/Third_Party/LwIP/src/core/tcp_in.c ****       /* Move this PCB to the front of the list so that subsequent
 267:Middlewares/Third_Party/LwIP/src/core/tcp_in.c ****          lookups will be faster (we exploit locality in TCP segment
 268:Middlewares/Third_Party/LwIP/src/core/tcp_in.c ****          arrivals). */
 269:Middlewares/Third_Party/LwIP/src/core/tcp_in.c ****       LWIP_ASSERT("tcp_input: pcb->next != pcb (before cache)", pcb->next != pcb);
 270:Middlewares/Third_Party/LwIP/src/core/tcp_in.c ****       if (prev != NULL) {
 271:Middlewares/Third_Party/LwIP/src/core/tcp_in.c ****         prev->next = pcb->next;
 272:Middlewares/Third_Party/LwIP/src/core/tcp_in.c ****         pcb->next = tcp_active_pcbs;
 273:Middlewares/Third_Party/LwIP/src/core/tcp_in.c ****         tcp_active_pcbs = pcb;
 274:Middlewares/Third_Party/LwIP/src/core/tcp_in.c ****       } else {
 275:Middlewares/Third_Party/LwIP/src/core/tcp_in.c ****         TCP_STATS_INC(tcp.cachehit);
 276:Middlewares/Third_Party/LwIP/src/core/tcp_in.c ****       }
 277:Middlewares/Third_Party/LwIP/src/core/tcp_in.c ****       LWIP_ASSERT("tcp_input: pcb->next != pcb (after cache)", pcb->next != pcb);
 278:Middlewares/Third_Party/LwIP/src/core/tcp_in.c ****       break;
 279:Middlewares/Third_Party/LwIP/src/core/tcp_in.c ****     }
 280:Middlewares/Third_Party/LwIP/src/core/tcp_in.c ****     prev = pcb;
 281:Middlewares/Third_Party/LwIP/src/core/tcp_in.c ****   }
 282:Middlewares/Third_Party/LwIP/src/core/tcp_in.c **** 
 283:Middlewares/Third_Party/LwIP/src/core/tcp_in.c ****   if (pcb == NULL) {
 284:Middlewares/Third_Party/LwIP/src/core/tcp_in.c ****     /* If it did not go to an active connection, we check the connections
 285:Middlewares/Third_Party/LwIP/src/core/tcp_in.c ****        in the TIME-WAIT state. */
 286:Middlewares/Third_Party/LwIP/src/core/tcp_in.c ****     for (pcb = tcp_tw_pcbs; pcb != NULL; pcb = pcb->next) {
 287:Middlewares/Third_Party/LwIP/src/core/tcp_in.c ****       LWIP_ASSERT("tcp_input: TIME-WAIT pcb->state == TIME-WAIT", pcb->state == TIME_WAIT);
 288:Middlewares/Third_Party/LwIP/src/core/tcp_in.c **** 
 289:Middlewares/Third_Party/LwIP/src/core/tcp_in.c ****       /* check if PCB is bound to specific netif */
 290:Middlewares/Third_Party/LwIP/src/core/tcp_in.c ****       if ((pcb->netif_idx != NETIF_NO_INDEX) &&
 291:Middlewares/Third_Party/LwIP/src/core/tcp_in.c ****           (pcb->netif_idx != netif_get_index(ip_data.current_input_netif))) {
 292:Middlewares/Third_Party/LwIP/src/core/tcp_in.c ****         continue;
 293:Middlewares/Third_Party/LwIP/src/core/tcp_in.c ****       }
 294:Middlewares/Third_Party/LwIP/src/core/tcp_in.c **** 
 295:Middlewares/Third_Party/LwIP/src/core/tcp_in.c ****       if (pcb->remote_port == tcphdr->src &&
 296:Middlewares/Third_Party/LwIP/src/core/tcp_in.c ****           pcb->local_port == tcphdr->dest &&
 297:Middlewares/Third_Party/LwIP/src/core/tcp_in.c ****           ip_addr_cmp(&pcb->remote_ip, ip_current_src_addr()) &&
 298:Middlewares/Third_Party/LwIP/src/core/tcp_in.c ****           ip_addr_cmp(&pcb->local_ip, ip_current_dest_addr())) {
 299:Middlewares/Third_Party/LwIP/src/core/tcp_in.c ****         /* We don't really care enough to move this PCB to the front
 300:Middlewares/Third_Party/LwIP/src/core/tcp_in.c ****            of the list since we are not very likely to receive that
 301:Middlewares/Third_Party/LwIP/src/core/tcp_in.c ****            many segments for connections in TIME-WAIT. */
 302:Middlewares/Third_Party/LwIP/src/core/tcp_in.c ****         LWIP_DEBUGF(TCP_INPUT_DEBUG, ("tcp_input: packed for TIME_WAITing connection.\n"));
 303:Middlewares/Third_Party/LwIP/src/core/tcp_in.c **** #ifdef LWIP_HOOK_TCP_INPACKET_PCB
 304:Middlewares/Third_Party/LwIP/src/core/tcp_in.c ****         if (LWIP_HOOK_TCP_INPACKET_PCB(pcb, tcphdr, tcphdr_optlen, tcphdr_opt1len,
 305:Middlewares/Third_Party/LwIP/src/core/tcp_in.c ****                                        tcphdr_opt2, p) == ERR_OK)
 306:Middlewares/Third_Party/LwIP/src/core/tcp_in.c **** #endif
 307:Middlewares/Third_Party/LwIP/src/core/tcp_in.c ****         {
 308:Middlewares/Third_Party/LwIP/src/core/tcp_in.c ****           tcp_timewait_input(pcb);
 309:Middlewares/Third_Party/LwIP/src/core/tcp_in.c ****         }
 310:Middlewares/Third_Party/LwIP/src/core/tcp_in.c ****         pbuf_free(p);
 311:Middlewares/Third_Party/LwIP/src/core/tcp_in.c ****         return;
 312:Middlewares/Third_Party/LwIP/src/core/tcp_in.c ****       }
 313:Middlewares/Third_Party/LwIP/src/core/tcp_in.c ****     }
 314:Middlewares/Third_Party/LwIP/src/core/tcp_in.c **** 
 315:Middlewares/Third_Party/LwIP/src/core/tcp_in.c ****     /* Finally, if we still did not get a match, we check all PCBs that
 316:Middlewares/Third_Party/LwIP/src/core/tcp_in.c ****        are LISTENing for incoming connections. */
 317:Middlewares/Third_Party/LwIP/src/core/tcp_in.c ****     prev = NULL;
ARM GAS  /tmp/ccYvHRO8.s 			page 7


 318:Middlewares/Third_Party/LwIP/src/core/tcp_in.c ****     for (lpcb = tcp_listen_pcbs.listen_pcbs; lpcb != NULL; lpcb = lpcb->next) {
 319:Middlewares/Third_Party/LwIP/src/core/tcp_in.c ****       /* check if PCB is bound to specific netif */
 320:Middlewares/Third_Party/LwIP/src/core/tcp_in.c ****       if ((lpcb->netif_idx != NETIF_NO_INDEX) &&
 321:Middlewares/Third_Party/LwIP/src/core/tcp_in.c ****           (lpcb->netif_idx != netif_get_index(ip_data.current_input_netif))) {
 322:Middlewares/Third_Party/LwIP/src/core/tcp_in.c ****         prev = (struct tcp_pcb *)lpcb;
 323:Middlewares/Third_Party/LwIP/src/core/tcp_in.c ****         continue;
 324:Middlewares/Third_Party/LwIP/src/core/tcp_in.c ****       }
 325:Middlewares/Third_Party/LwIP/src/core/tcp_in.c **** 
 326:Middlewares/Third_Party/LwIP/src/core/tcp_in.c ****       if (lpcb->local_port == tcphdr->dest) {
 327:Middlewares/Third_Party/LwIP/src/core/tcp_in.c ****         if (IP_IS_ANY_TYPE_VAL(lpcb->local_ip)) {
 328:Middlewares/Third_Party/LwIP/src/core/tcp_in.c ****           /* found an ANY TYPE (IPv4/IPv6) match */
 329:Middlewares/Third_Party/LwIP/src/core/tcp_in.c **** #if SO_REUSE
 330:Middlewares/Third_Party/LwIP/src/core/tcp_in.c ****           lpcb_any = lpcb;
 331:Middlewares/Third_Party/LwIP/src/core/tcp_in.c ****           lpcb_prev = prev;
 332:Middlewares/Third_Party/LwIP/src/core/tcp_in.c **** #else /* SO_REUSE */
 333:Middlewares/Third_Party/LwIP/src/core/tcp_in.c ****           break;
 334:Middlewares/Third_Party/LwIP/src/core/tcp_in.c **** #endif /* SO_REUSE */
 335:Middlewares/Third_Party/LwIP/src/core/tcp_in.c ****         } else if (IP_ADDR_PCB_VERSION_MATCH_EXACT(lpcb, ip_current_dest_addr())) {
 336:Middlewares/Third_Party/LwIP/src/core/tcp_in.c ****           if (ip_addr_cmp(&lpcb->local_ip, ip_current_dest_addr())) {
 337:Middlewares/Third_Party/LwIP/src/core/tcp_in.c ****             /* found an exact match */
 338:Middlewares/Third_Party/LwIP/src/core/tcp_in.c ****             break;
 339:Middlewares/Third_Party/LwIP/src/core/tcp_in.c ****           } else if (ip_addr_isany(&lpcb->local_ip)) {
 340:Middlewares/Third_Party/LwIP/src/core/tcp_in.c ****             /* found an ANY-match */
 341:Middlewares/Third_Party/LwIP/src/core/tcp_in.c **** #if SO_REUSE
 342:Middlewares/Third_Party/LwIP/src/core/tcp_in.c ****             lpcb_any = lpcb;
 343:Middlewares/Third_Party/LwIP/src/core/tcp_in.c ****             lpcb_prev = prev;
 344:Middlewares/Third_Party/LwIP/src/core/tcp_in.c **** #else /* SO_REUSE */
 345:Middlewares/Third_Party/LwIP/src/core/tcp_in.c ****             break;
 346:Middlewares/Third_Party/LwIP/src/core/tcp_in.c **** #endif /* SO_REUSE */
 347:Middlewares/Third_Party/LwIP/src/core/tcp_in.c ****           }
 348:Middlewares/Third_Party/LwIP/src/core/tcp_in.c ****         }
 349:Middlewares/Third_Party/LwIP/src/core/tcp_in.c ****       }
 350:Middlewares/Third_Party/LwIP/src/core/tcp_in.c ****       prev = (struct tcp_pcb *)lpcb;
 351:Middlewares/Third_Party/LwIP/src/core/tcp_in.c ****     }
 352:Middlewares/Third_Party/LwIP/src/core/tcp_in.c **** #if SO_REUSE
 353:Middlewares/Third_Party/LwIP/src/core/tcp_in.c ****     /* first try specific local IP */
 354:Middlewares/Third_Party/LwIP/src/core/tcp_in.c ****     if (lpcb == NULL) {
 355:Middlewares/Third_Party/LwIP/src/core/tcp_in.c ****       /* only pass to ANY if no specific local IP has been found */
 356:Middlewares/Third_Party/LwIP/src/core/tcp_in.c ****       lpcb = lpcb_any;
 357:Middlewares/Third_Party/LwIP/src/core/tcp_in.c ****       prev = lpcb_prev;
 358:Middlewares/Third_Party/LwIP/src/core/tcp_in.c ****     }
 359:Middlewares/Third_Party/LwIP/src/core/tcp_in.c **** #endif /* SO_REUSE */
 360:Middlewares/Third_Party/LwIP/src/core/tcp_in.c ****     if (lpcb != NULL) {
 361:Middlewares/Third_Party/LwIP/src/core/tcp_in.c ****       /* Move this PCB to the front of the list so that subsequent
 362:Middlewares/Third_Party/LwIP/src/core/tcp_in.c ****          lookups will be faster (we exploit locality in TCP segment
 363:Middlewares/Third_Party/LwIP/src/core/tcp_in.c ****          arrivals). */
 364:Middlewares/Third_Party/LwIP/src/core/tcp_in.c ****       if (prev != NULL) {
 365:Middlewares/Third_Party/LwIP/src/core/tcp_in.c ****         ((struct tcp_pcb_listen *)prev)->next = lpcb->next;
 366:Middlewares/Third_Party/LwIP/src/core/tcp_in.c ****         /* our successor is the remainder of the listening list */
 367:Middlewares/Third_Party/LwIP/src/core/tcp_in.c ****         lpcb->next = tcp_listen_pcbs.listen_pcbs;
 368:Middlewares/Third_Party/LwIP/src/core/tcp_in.c ****         /* put this listening pcb at the head of the listening list */
 369:Middlewares/Third_Party/LwIP/src/core/tcp_in.c ****         tcp_listen_pcbs.listen_pcbs = lpcb;
 370:Middlewares/Third_Party/LwIP/src/core/tcp_in.c ****       } else {
 371:Middlewares/Third_Party/LwIP/src/core/tcp_in.c ****         TCP_STATS_INC(tcp.cachehit);
 372:Middlewares/Third_Party/LwIP/src/core/tcp_in.c ****       }
 373:Middlewares/Third_Party/LwIP/src/core/tcp_in.c **** 
 374:Middlewares/Third_Party/LwIP/src/core/tcp_in.c ****       LWIP_DEBUGF(TCP_INPUT_DEBUG, ("tcp_input: packed for LISTENing connection.\n"));
ARM GAS  /tmp/ccYvHRO8.s 			page 8


 375:Middlewares/Third_Party/LwIP/src/core/tcp_in.c **** #ifdef LWIP_HOOK_TCP_INPACKET_PCB
 376:Middlewares/Third_Party/LwIP/src/core/tcp_in.c ****       if (LWIP_HOOK_TCP_INPACKET_PCB((struct tcp_pcb *)lpcb, tcphdr, tcphdr_optlen,
 377:Middlewares/Third_Party/LwIP/src/core/tcp_in.c ****                                      tcphdr_opt1len, tcphdr_opt2, p) == ERR_OK)
 378:Middlewares/Third_Party/LwIP/src/core/tcp_in.c **** #endif
 379:Middlewares/Third_Party/LwIP/src/core/tcp_in.c ****       {
 380:Middlewares/Third_Party/LwIP/src/core/tcp_in.c ****         tcp_listen_input(lpcb);
 381:Middlewares/Third_Party/LwIP/src/core/tcp_in.c ****       }
 382:Middlewares/Third_Party/LwIP/src/core/tcp_in.c ****       pbuf_free(p);
 383:Middlewares/Third_Party/LwIP/src/core/tcp_in.c ****       return;
 384:Middlewares/Third_Party/LwIP/src/core/tcp_in.c ****     }
 385:Middlewares/Third_Party/LwIP/src/core/tcp_in.c ****   }
 386:Middlewares/Third_Party/LwIP/src/core/tcp_in.c **** 
 387:Middlewares/Third_Party/LwIP/src/core/tcp_in.c **** #if TCP_INPUT_DEBUG
 388:Middlewares/Third_Party/LwIP/src/core/tcp_in.c ****   LWIP_DEBUGF(TCP_INPUT_DEBUG, ("+-+-+-+-+-+-+-+-+-+-+-+-+-+- tcp_input: flags "));
 389:Middlewares/Third_Party/LwIP/src/core/tcp_in.c ****   tcp_debug_print_flags(TCPH_FLAGS(tcphdr));
 390:Middlewares/Third_Party/LwIP/src/core/tcp_in.c ****   LWIP_DEBUGF(TCP_INPUT_DEBUG, ("-+-+-+-+-+-+-+-+-+-+-+-+-+-+\n"));
 391:Middlewares/Third_Party/LwIP/src/core/tcp_in.c **** #endif /* TCP_INPUT_DEBUG */
 392:Middlewares/Third_Party/LwIP/src/core/tcp_in.c **** 
 393:Middlewares/Third_Party/LwIP/src/core/tcp_in.c **** 
 394:Middlewares/Third_Party/LwIP/src/core/tcp_in.c **** #ifdef LWIP_HOOK_TCP_INPACKET_PCB
 395:Middlewares/Third_Party/LwIP/src/core/tcp_in.c ****   if ((pcb != NULL) && LWIP_HOOK_TCP_INPACKET_PCB(pcb, tcphdr, tcphdr_optlen,
 396:Middlewares/Third_Party/LwIP/src/core/tcp_in.c ****       tcphdr_opt1len, tcphdr_opt2, p) != ERR_OK) {
 397:Middlewares/Third_Party/LwIP/src/core/tcp_in.c ****     pbuf_free(p);
 398:Middlewares/Third_Party/LwIP/src/core/tcp_in.c ****     return;
 399:Middlewares/Third_Party/LwIP/src/core/tcp_in.c ****   }
 400:Middlewares/Third_Party/LwIP/src/core/tcp_in.c **** #endif
 401:Middlewares/Third_Party/LwIP/src/core/tcp_in.c ****   if (pcb != NULL) {
 402:Middlewares/Third_Party/LwIP/src/core/tcp_in.c ****     /* The incoming segment belongs to a connection. */
 403:Middlewares/Third_Party/LwIP/src/core/tcp_in.c **** #if TCP_INPUT_DEBUG
 404:Middlewares/Third_Party/LwIP/src/core/tcp_in.c ****     tcp_debug_print_state(pcb->state);
 405:Middlewares/Third_Party/LwIP/src/core/tcp_in.c **** #endif /* TCP_INPUT_DEBUG */
 406:Middlewares/Third_Party/LwIP/src/core/tcp_in.c **** 
 407:Middlewares/Third_Party/LwIP/src/core/tcp_in.c ****     /* Set up a tcp_seg structure. */
 408:Middlewares/Third_Party/LwIP/src/core/tcp_in.c ****     inseg.next = NULL;
 409:Middlewares/Third_Party/LwIP/src/core/tcp_in.c ****     inseg.len = p->tot_len;
 410:Middlewares/Third_Party/LwIP/src/core/tcp_in.c ****     inseg.p = p;
 411:Middlewares/Third_Party/LwIP/src/core/tcp_in.c ****     inseg.tcphdr = tcphdr;
 412:Middlewares/Third_Party/LwIP/src/core/tcp_in.c **** 
 413:Middlewares/Third_Party/LwIP/src/core/tcp_in.c ****     recv_data = NULL;
 414:Middlewares/Third_Party/LwIP/src/core/tcp_in.c ****     recv_flags = 0;
 415:Middlewares/Third_Party/LwIP/src/core/tcp_in.c ****     recv_acked = 0;
 416:Middlewares/Third_Party/LwIP/src/core/tcp_in.c **** 
 417:Middlewares/Third_Party/LwIP/src/core/tcp_in.c ****     if (flags & TCP_PSH) {
 418:Middlewares/Third_Party/LwIP/src/core/tcp_in.c ****       p->flags |= PBUF_FLAG_PUSH;
 419:Middlewares/Third_Party/LwIP/src/core/tcp_in.c ****     }
 420:Middlewares/Third_Party/LwIP/src/core/tcp_in.c **** 
 421:Middlewares/Third_Party/LwIP/src/core/tcp_in.c ****     /* If there is data which was previously "refused" by upper layer */
 422:Middlewares/Third_Party/LwIP/src/core/tcp_in.c ****     if (pcb->refused_data != NULL) {
 423:Middlewares/Third_Party/LwIP/src/core/tcp_in.c ****       if ((tcp_process_refused_data(pcb) == ERR_ABRT) ||
 424:Middlewares/Third_Party/LwIP/src/core/tcp_in.c ****           ((pcb->refused_data != NULL) && (tcplen > 0))) {
 425:Middlewares/Third_Party/LwIP/src/core/tcp_in.c ****         /* pcb has been aborted or refused data is still refused and the new
 426:Middlewares/Third_Party/LwIP/src/core/tcp_in.c ****            segment contains data */
 427:Middlewares/Third_Party/LwIP/src/core/tcp_in.c ****         if (pcb->rcv_ann_wnd == 0) {
 428:Middlewares/Third_Party/LwIP/src/core/tcp_in.c ****           /* this is a zero-window probe, we respond to it with current RCV.NXT
 429:Middlewares/Third_Party/LwIP/src/core/tcp_in.c ****           and drop the data segment */
 430:Middlewares/Third_Party/LwIP/src/core/tcp_in.c ****           tcp_send_empty_ack(pcb);
 431:Middlewares/Third_Party/LwIP/src/core/tcp_in.c ****         }
ARM GAS  /tmp/ccYvHRO8.s 			page 9


 432:Middlewares/Third_Party/LwIP/src/core/tcp_in.c ****         TCP_STATS_INC(tcp.drop);
 433:Middlewares/Third_Party/LwIP/src/core/tcp_in.c ****         MIB2_STATS_INC(mib2.tcpinerrs);
 434:Middlewares/Third_Party/LwIP/src/core/tcp_in.c ****         goto aborted;
 435:Middlewares/Third_Party/LwIP/src/core/tcp_in.c ****       }
 436:Middlewares/Third_Party/LwIP/src/core/tcp_in.c ****     }
 437:Middlewares/Third_Party/LwIP/src/core/tcp_in.c ****     tcp_input_pcb = pcb;
 438:Middlewares/Third_Party/LwIP/src/core/tcp_in.c ****     err = tcp_process(pcb);
 439:Middlewares/Third_Party/LwIP/src/core/tcp_in.c ****     /* A return value of ERR_ABRT means that tcp_abort() was called
 440:Middlewares/Third_Party/LwIP/src/core/tcp_in.c ****        and that the pcb has been freed. If so, we don't do anything. */
 441:Middlewares/Third_Party/LwIP/src/core/tcp_in.c ****     if (err != ERR_ABRT) {
 442:Middlewares/Third_Party/LwIP/src/core/tcp_in.c ****       if (recv_flags & TF_RESET) {
 443:Middlewares/Third_Party/LwIP/src/core/tcp_in.c ****         /* TF_RESET means that the connection was reset by the other
 444:Middlewares/Third_Party/LwIP/src/core/tcp_in.c ****            end. We then call the error callback to inform the
 445:Middlewares/Third_Party/LwIP/src/core/tcp_in.c ****            application that the connection is dead before we
 446:Middlewares/Third_Party/LwIP/src/core/tcp_in.c ****            deallocate the PCB. */
 447:Middlewares/Third_Party/LwIP/src/core/tcp_in.c ****         TCP_EVENT_ERR(pcb->state, pcb->errf, pcb->callback_arg, ERR_RST);
 448:Middlewares/Third_Party/LwIP/src/core/tcp_in.c ****         tcp_pcb_remove(&tcp_active_pcbs, pcb);
 449:Middlewares/Third_Party/LwIP/src/core/tcp_in.c ****         tcp_free(pcb);
 450:Middlewares/Third_Party/LwIP/src/core/tcp_in.c ****       } else {
 451:Middlewares/Third_Party/LwIP/src/core/tcp_in.c ****         err = ERR_OK;
 452:Middlewares/Third_Party/LwIP/src/core/tcp_in.c ****         /* If the application has registered a "sent" function to be
 453:Middlewares/Third_Party/LwIP/src/core/tcp_in.c ****            called when new send buffer space is available, we call it
 454:Middlewares/Third_Party/LwIP/src/core/tcp_in.c ****            now. */
 455:Middlewares/Third_Party/LwIP/src/core/tcp_in.c ****         if (recv_acked > 0) {
 456:Middlewares/Third_Party/LwIP/src/core/tcp_in.c ****           u16_t acked16;
 457:Middlewares/Third_Party/LwIP/src/core/tcp_in.c **** #if LWIP_WND_SCALE
 458:Middlewares/Third_Party/LwIP/src/core/tcp_in.c ****           /* recv_acked is u32_t but the sent callback only takes a u16_t,
 459:Middlewares/Third_Party/LwIP/src/core/tcp_in.c ****              so we might have to call it multiple times. */
 460:Middlewares/Third_Party/LwIP/src/core/tcp_in.c ****           u32_t acked = recv_acked;
 461:Middlewares/Third_Party/LwIP/src/core/tcp_in.c ****           while (acked > 0) {
 462:Middlewares/Third_Party/LwIP/src/core/tcp_in.c ****             acked16 = (u16_t)LWIP_MIN(acked, 0xffffu);
 463:Middlewares/Third_Party/LwIP/src/core/tcp_in.c ****             acked -= acked16;
 464:Middlewares/Third_Party/LwIP/src/core/tcp_in.c **** #else
 465:Middlewares/Third_Party/LwIP/src/core/tcp_in.c ****           {
 466:Middlewares/Third_Party/LwIP/src/core/tcp_in.c ****             acked16 = recv_acked;
 467:Middlewares/Third_Party/LwIP/src/core/tcp_in.c **** #endif
 468:Middlewares/Third_Party/LwIP/src/core/tcp_in.c ****             TCP_EVENT_SENT(pcb, (u16_t)acked16, err);
 469:Middlewares/Third_Party/LwIP/src/core/tcp_in.c ****             if (err == ERR_ABRT) {
 470:Middlewares/Third_Party/LwIP/src/core/tcp_in.c ****               goto aborted;
 471:Middlewares/Third_Party/LwIP/src/core/tcp_in.c ****             }
 472:Middlewares/Third_Party/LwIP/src/core/tcp_in.c ****           }
 473:Middlewares/Third_Party/LwIP/src/core/tcp_in.c ****           recv_acked = 0;
 474:Middlewares/Third_Party/LwIP/src/core/tcp_in.c ****         }
 475:Middlewares/Third_Party/LwIP/src/core/tcp_in.c ****         if (tcp_input_delayed_close(pcb)) {
 476:Middlewares/Third_Party/LwIP/src/core/tcp_in.c ****           goto aborted;
 477:Middlewares/Third_Party/LwIP/src/core/tcp_in.c ****         }
 478:Middlewares/Third_Party/LwIP/src/core/tcp_in.c **** #if TCP_QUEUE_OOSEQ && LWIP_WND_SCALE
 479:Middlewares/Third_Party/LwIP/src/core/tcp_in.c ****         while (recv_data != NULL) {
 480:Middlewares/Third_Party/LwIP/src/core/tcp_in.c ****           struct pbuf *rest = NULL;
 481:Middlewares/Third_Party/LwIP/src/core/tcp_in.c ****           pbuf_split_64k(recv_data, &rest);
 482:Middlewares/Third_Party/LwIP/src/core/tcp_in.c **** #else /* TCP_QUEUE_OOSEQ && LWIP_WND_SCALE */
 483:Middlewares/Third_Party/LwIP/src/core/tcp_in.c ****         if (recv_data != NULL) {
 484:Middlewares/Third_Party/LwIP/src/core/tcp_in.c **** #endif /* TCP_QUEUE_OOSEQ && LWIP_WND_SCALE */
 485:Middlewares/Third_Party/LwIP/src/core/tcp_in.c **** 
 486:Middlewares/Third_Party/LwIP/src/core/tcp_in.c ****           LWIP_ASSERT("pcb->refused_data == NULL", pcb->refused_data == NULL);
 487:Middlewares/Third_Party/LwIP/src/core/tcp_in.c ****           if (pcb->flags & TF_RXCLOSED) {
 488:Middlewares/Third_Party/LwIP/src/core/tcp_in.c ****             /* received data although already closed -> abort (send RST) to
ARM GAS  /tmp/ccYvHRO8.s 			page 10


 489:Middlewares/Third_Party/LwIP/src/core/tcp_in.c ****                notify the remote host that not all data has been processed */
 490:Middlewares/Third_Party/LwIP/src/core/tcp_in.c ****             pbuf_free(recv_data);
 491:Middlewares/Third_Party/LwIP/src/core/tcp_in.c **** #if TCP_QUEUE_OOSEQ && LWIP_WND_SCALE
 492:Middlewares/Third_Party/LwIP/src/core/tcp_in.c ****             if (rest != NULL) {
 493:Middlewares/Third_Party/LwIP/src/core/tcp_in.c ****               pbuf_free(rest);
 494:Middlewares/Third_Party/LwIP/src/core/tcp_in.c ****             }
 495:Middlewares/Third_Party/LwIP/src/core/tcp_in.c **** #endif /* TCP_QUEUE_OOSEQ && LWIP_WND_SCALE */
 496:Middlewares/Third_Party/LwIP/src/core/tcp_in.c ****             tcp_abort(pcb);
 497:Middlewares/Third_Party/LwIP/src/core/tcp_in.c ****             goto aborted;
 498:Middlewares/Third_Party/LwIP/src/core/tcp_in.c ****           }
 499:Middlewares/Third_Party/LwIP/src/core/tcp_in.c **** 
 500:Middlewares/Third_Party/LwIP/src/core/tcp_in.c ****           /* Notify application that data has been received. */
 501:Middlewares/Third_Party/LwIP/src/core/tcp_in.c ****           TCP_EVENT_RECV(pcb, recv_data, ERR_OK, err);
 502:Middlewares/Third_Party/LwIP/src/core/tcp_in.c ****           if (err == ERR_ABRT) {
 503:Middlewares/Third_Party/LwIP/src/core/tcp_in.c **** #if TCP_QUEUE_OOSEQ && LWIP_WND_SCALE
 504:Middlewares/Third_Party/LwIP/src/core/tcp_in.c ****             if (rest != NULL) {
 505:Middlewares/Third_Party/LwIP/src/core/tcp_in.c ****               pbuf_free(rest);
 506:Middlewares/Third_Party/LwIP/src/core/tcp_in.c ****             }
 507:Middlewares/Third_Party/LwIP/src/core/tcp_in.c **** #endif /* TCP_QUEUE_OOSEQ && LWIP_WND_SCALE */
 508:Middlewares/Third_Party/LwIP/src/core/tcp_in.c ****             goto aborted;
 509:Middlewares/Third_Party/LwIP/src/core/tcp_in.c ****           }
 510:Middlewares/Third_Party/LwIP/src/core/tcp_in.c **** 
 511:Middlewares/Third_Party/LwIP/src/core/tcp_in.c ****           /* If the upper layer can't receive this data, store it */
 512:Middlewares/Third_Party/LwIP/src/core/tcp_in.c ****           if (err != ERR_OK) {
 513:Middlewares/Third_Party/LwIP/src/core/tcp_in.c **** #if TCP_QUEUE_OOSEQ && LWIP_WND_SCALE
 514:Middlewares/Third_Party/LwIP/src/core/tcp_in.c ****             if (rest != NULL) {
 515:Middlewares/Third_Party/LwIP/src/core/tcp_in.c ****               pbuf_cat(recv_data, rest);
 516:Middlewares/Third_Party/LwIP/src/core/tcp_in.c ****             }
 517:Middlewares/Third_Party/LwIP/src/core/tcp_in.c **** #endif /* TCP_QUEUE_OOSEQ && LWIP_WND_SCALE */
 518:Middlewares/Third_Party/LwIP/src/core/tcp_in.c ****             pcb->refused_data = recv_data;
 519:Middlewares/Third_Party/LwIP/src/core/tcp_in.c ****             LWIP_DEBUGF(TCP_INPUT_DEBUG, ("tcp_input: keep incoming packet, because pcb is \"full\"
 520:Middlewares/Third_Party/LwIP/src/core/tcp_in.c **** #if TCP_QUEUE_OOSEQ && LWIP_WND_SCALE
 521:Middlewares/Third_Party/LwIP/src/core/tcp_in.c ****             break;
 522:Middlewares/Third_Party/LwIP/src/core/tcp_in.c ****           } else {
 523:Middlewares/Third_Party/LwIP/src/core/tcp_in.c ****             /* Upper layer received the data, go on with the rest if > 64K */
 524:Middlewares/Third_Party/LwIP/src/core/tcp_in.c ****             recv_data = rest;
 525:Middlewares/Third_Party/LwIP/src/core/tcp_in.c **** #endif /* TCP_QUEUE_OOSEQ && LWIP_WND_SCALE */
 526:Middlewares/Third_Party/LwIP/src/core/tcp_in.c ****           }
 527:Middlewares/Third_Party/LwIP/src/core/tcp_in.c ****         }
 528:Middlewares/Third_Party/LwIP/src/core/tcp_in.c **** 
 529:Middlewares/Third_Party/LwIP/src/core/tcp_in.c ****         /* If a FIN segment was received, we call the callback
 530:Middlewares/Third_Party/LwIP/src/core/tcp_in.c ****            function with a NULL buffer to indicate EOF. */
 531:Middlewares/Third_Party/LwIP/src/core/tcp_in.c ****         if (recv_flags & TF_GOT_FIN) {
 532:Middlewares/Third_Party/LwIP/src/core/tcp_in.c ****           if (pcb->refused_data != NULL) {
 533:Middlewares/Third_Party/LwIP/src/core/tcp_in.c ****             /* Delay this if we have refused data. */
 534:Middlewares/Third_Party/LwIP/src/core/tcp_in.c ****             pcb->refused_data->flags |= PBUF_FLAG_TCP_FIN;
 535:Middlewares/Third_Party/LwIP/src/core/tcp_in.c ****           } else {
 536:Middlewares/Third_Party/LwIP/src/core/tcp_in.c ****             /* correct rcv_wnd as the application won't call tcp_recved()
 537:Middlewares/Third_Party/LwIP/src/core/tcp_in.c ****                for the FIN's seqno */
 538:Middlewares/Third_Party/LwIP/src/core/tcp_in.c ****             if (pcb->rcv_wnd != TCP_WND_MAX(pcb)) {
 539:Middlewares/Third_Party/LwIP/src/core/tcp_in.c ****               pcb->rcv_wnd++;
 540:Middlewares/Third_Party/LwIP/src/core/tcp_in.c ****             }
 541:Middlewares/Third_Party/LwIP/src/core/tcp_in.c ****             TCP_EVENT_CLOSED(pcb, err);
 542:Middlewares/Third_Party/LwIP/src/core/tcp_in.c ****             if (err == ERR_ABRT) {
 543:Middlewares/Third_Party/LwIP/src/core/tcp_in.c ****               goto aborted;
 544:Middlewares/Third_Party/LwIP/src/core/tcp_in.c ****             }
 545:Middlewares/Third_Party/LwIP/src/core/tcp_in.c ****           }
ARM GAS  /tmp/ccYvHRO8.s 			page 11


 546:Middlewares/Third_Party/LwIP/src/core/tcp_in.c ****         }
 547:Middlewares/Third_Party/LwIP/src/core/tcp_in.c **** 
 548:Middlewares/Third_Party/LwIP/src/core/tcp_in.c ****         tcp_input_pcb = NULL;
 549:Middlewares/Third_Party/LwIP/src/core/tcp_in.c ****         if (tcp_input_delayed_close(pcb)) {
 550:Middlewares/Third_Party/LwIP/src/core/tcp_in.c ****           goto aborted;
 551:Middlewares/Third_Party/LwIP/src/core/tcp_in.c ****         }
 552:Middlewares/Third_Party/LwIP/src/core/tcp_in.c ****         /* Try to send something out. */
 553:Middlewares/Third_Party/LwIP/src/core/tcp_in.c ****         tcp_output(pcb);
 554:Middlewares/Third_Party/LwIP/src/core/tcp_in.c **** #if TCP_INPUT_DEBUG
 555:Middlewares/Third_Party/LwIP/src/core/tcp_in.c **** #if TCP_DEBUG
 556:Middlewares/Third_Party/LwIP/src/core/tcp_in.c ****         tcp_debug_print_state(pcb->state);
 557:Middlewares/Third_Party/LwIP/src/core/tcp_in.c **** #endif /* TCP_DEBUG */
 558:Middlewares/Third_Party/LwIP/src/core/tcp_in.c **** #endif /* TCP_INPUT_DEBUG */
 559:Middlewares/Third_Party/LwIP/src/core/tcp_in.c ****       }
 560:Middlewares/Third_Party/LwIP/src/core/tcp_in.c ****     }
 561:Middlewares/Third_Party/LwIP/src/core/tcp_in.c ****     /* Jump target if pcb has been aborted in a callback (by calling tcp_abort()).
 562:Middlewares/Third_Party/LwIP/src/core/tcp_in.c ****        Below this line, 'pcb' may not be dereferenced! */
 563:Middlewares/Third_Party/LwIP/src/core/tcp_in.c **** aborted:
 564:Middlewares/Third_Party/LwIP/src/core/tcp_in.c ****     tcp_input_pcb = NULL;
 565:Middlewares/Third_Party/LwIP/src/core/tcp_in.c ****     recv_data = NULL;
 566:Middlewares/Third_Party/LwIP/src/core/tcp_in.c **** 
 567:Middlewares/Third_Party/LwIP/src/core/tcp_in.c ****     /* give up our reference to inseg.p */
 568:Middlewares/Third_Party/LwIP/src/core/tcp_in.c ****     if (inseg.p != NULL) {
 569:Middlewares/Third_Party/LwIP/src/core/tcp_in.c ****       pbuf_free(inseg.p);
 570:Middlewares/Third_Party/LwIP/src/core/tcp_in.c ****       inseg.p = NULL;
 571:Middlewares/Third_Party/LwIP/src/core/tcp_in.c ****     }
 572:Middlewares/Third_Party/LwIP/src/core/tcp_in.c ****   } else {
 573:Middlewares/Third_Party/LwIP/src/core/tcp_in.c ****     /* If no matching PCB was found, send a TCP RST (reset) to the
 574:Middlewares/Third_Party/LwIP/src/core/tcp_in.c ****        sender. */
 575:Middlewares/Third_Party/LwIP/src/core/tcp_in.c ****     LWIP_DEBUGF(TCP_RST_DEBUG, ("tcp_input: no PCB match found, resetting.\n"));
 576:Middlewares/Third_Party/LwIP/src/core/tcp_in.c ****     if (!(TCPH_FLAGS(tcphdr) & TCP_RST)) {
 577:Middlewares/Third_Party/LwIP/src/core/tcp_in.c ****       TCP_STATS_INC(tcp.proterr);
 578:Middlewares/Third_Party/LwIP/src/core/tcp_in.c ****       TCP_STATS_INC(tcp.drop);
 579:Middlewares/Third_Party/LwIP/src/core/tcp_in.c ****       tcp_rst(NULL, ackno, seqno + tcplen, ip_current_dest_addr(),
 580:Middlewares/Third_Party/LwIP/src/core/tcp_in.c ****               ip_current_src_addr(), tcphdr->dest, tcphdr->src);
 581:Middlewares/Third_Party/LwIP/src/core/tcp_in.c ****     }
 582:Middlewares/Third_Party/LwIP/src/core/tcp_in.c ****     pbuf_free(p);
 583:Middlewares/Third_Party/LwIP/src/core/tcp_in.c ****   }
 584:Middlewares/Third_Party/LwIP/src/core/tcp_in.c **** 
 585:Middlewares/Third_Party/LwIP/src/core/tcp_in.c ****   LWIP_ASSERT("tcp_input: tcp_pcbs_sane()", tcp_pcbs_sane());
 586:Middlewares/Third_Party/LwIP/src/core/tcp_in.c ****   PERF_STOP("tcp_input");
 587:Middlewares/Third_Party/LwIP/src/core/tcp_in.c ****   return;
 588:Middlewares/Third_Party/LwIP/src/core/tcp_in.c **** dropped:
 589:Middlewares/Third_Party/LwIP/src/core/tcp_in.c ****   TCP_STATS_INC(tcp.drop);
 590:Middlewares/Third_Party/LwIP/src/core/tcp_in.c ****   MIB2_STATS_INC(mib2.tcpinerrs);
 591:Middlewares/Third_Party/LwIP/src/core/tcp_in.c ****   pbuf_free(p);
 592:Middlewares/Third_Party/LwIP/src/core/tcp_in.c **** }
 593:Middlewares/Third_Party/LwIP/src/core/tcp_in.c **** 
 594:Middlewares/Third_Party/LwIP/src/core/tcp_in.c **** /** Called from tcp_input to check for TF_CLOSED flag. This results in closing
 595:Middlewares/Third_Party/LwIP/src/core/tcp_in.c ****  * and deallocating a pcb at the correct place to ensure noone references it
 596:Middlewares/Third_Party/LwIP/src/core/tcp_in.c ****  * any more.
 597:Middlewares/Third_Party/LwIP/src/core/tcp_in.c ****  * @returns 1 if the pcb has been closed and deallocated, 0 otherwise
 598:Middlewares/Third_Party/LwIP/src/core/tcp_in.c ****  */
 599:Middlewares/Third_Party/LwIP/src/core/tcp_in.c **** static int
 600:Middlewares/Third_Party/LwIP/src/core/tcp_in.c **** tcp_input_delayed_close(struct tcp_pcb *pcb)
 601:Middlewares/Third_Party/LwIP/src/core/tcp_in.c **** {
 602:Middlewares/Third_Party/LwIP/src/core/tcp_in.c ****   LWIP_ASSERT("tcp_input_delayed_close: invalid pcb", pcb != NULL);
ARM GAS  /tmp/ccYvHRO8.s 			page 12


 603:Middlewares/Third_Party/LwIP/src/core/tcp_in.c **** 
 604:Middlewares/Third_Party/LwIP/src/core/tcp_in.c ****   if (recv_flags & TF_CLOSED) {
 605:Middlewares/Third_Party/LwIP/src/core/tcp_in.c ****     /* The connection has been closed and we will deallocate the
 606:Middlewares/Third_Party/LwIP/src/core/tcp_in.c ****         PCB. */
 607:Middlewares/Third_Party/LwIP/src/core/tcp_in.c ****     if (!(pcb->flags & TF_RXCLOSED)) {
 608:Middlewares/Third_Party/LwIP/src/core/tcp_in.c ****       /* Connection closed although the application has only shut down the
 609:Middlewares/Third_Party/LwIP/src/core/tcp_in.c ****           tx side: call the PCB's err callback and indicate the closure to
 610:Middlewares/Third_Party/LwIP/src/core/tcp_in.c ****           ensure the application doesn't continue using the PCB. */
 611:Middlewares/Third_Party/LwIP/src/core/tcp_in.c ****       TCP_EVENT_ERR(pcb->state, pcb->errf, pcb->callback_arg, ERR_CLSD);
 612:Middlewares/Third_Party/LwIP/src/core/tcp_in.c ****     }
 613:Middlewares/Third_Party/LwIP/src/core/tcp_in.c ****     tcp_pcb_remove(&tcp_active_pcbs, pcb);
 614:Middlewares/Third_Party/LwIP/src/core/tcp_in.c ****     tcp_free(pcb);
 615:Middlewares/Third_Party/LwIP/src/core/tcp_in.c ****     return 1;
 616:Middlewares/Third_Party/LwIP/src/core/tcp_in.c ****   }
 617:Middlewares/Third_Party/LwIP/src/core/tcp_in.c ****   return 0;
 618:Middlewares/Third_Party/LwIP/src/core/tcp_in.c **** }
 619:Middlewares/Third_Party/LwIP/src/core/tcp_in.c **** 
 620:Middlewares/Third_Party/LwIP/src/core/tcp_in.c **** /**
 621:Middlewares/Third_Party/LwIP/src/core/tcp_in.c ****  * Called by tcp_input() when a segment arrives for a listening
 622:Middlewares/Third_Party/LwIP/src/core/tcp_in.c ****  * connection (from tcp_input()).
 623:Middlewares/Third_Party/LwIP/src/core/tcp_in.c ****  *
 624:Middlewares/Third_Party/LwIP/src/core/tcp_in.c ****  * @param pcb the tcp_pcb_listen for which a segment arrived
 625:Middlewares/Third_Party/LwIP/src/core/tcp_in.c ****  *
 626:Middlewares/Third_Party/LwIP/src/core/tcp_in.c ****  * @note the segment which arrived is saved in global variables, therefore only the pcb
 627:Middlewares/Third_Party/LwIP/src/core/tcp_in.c ****  *       involved is passed as a parameter to this function
 628:Middlewares/Third_Party/LwIP/src/core/tcp_in.c ****  */
 629:Middlewares/Third_Party/LwIP/src/core/tcp_in.c **** static void
 630:Middlewares/Third_Party/LwIP/src/core/tcp_in.c **** tcp_listen_input(struct tcp_pcb_listen *pcb)
 631:Middlewares/Third_Party/LwIP/src/core/tcp_in.c **** {
 632:Middlewares/Third_Party/LwIP/src/core/tcp_in.c ****   struct tcp_pcb *npcb;
 633:Middlewares/Third_Party/LwIP/src/core/tcp_in.c ****   u32_t iss;
 634:Middlewares/Third_Party/LwIP/src/core/tcp_in.c ****   err_t rc;
 635:Middlewares/Third_Party/LwIP/src/core/tcp_in.c **** 
 636:Middlewares/Third_Party/LwIP/src/core/tcp_in.c ****   if (flags & TCP_RST) {
 637:Middlewares/Third_Party/LwIP/src/core/tcp_in.c ****     /* An incoming RST should be ignored. Return. */
 638:Middlewares/Third_Party/LwIP/src/core/tcp_in.c ****     return;
 639:Middlewares/Third_Party/LwIP/src/core/tcp_in.c ****   }
 640:Middlewares/Third_Party/LwIP/src/core/tcp_in.c **** 
 641:Middlewares/Third_Party/LwIP/src/core/tcp_in.c ****   LWIP_ASSERT("tcp_listen_input: invalid pcb", pcb != NULL);
 642:Middlewares/Third_Party/LwIP/src/core/tcp_in.c **** 
 643:Middlewares/Third_Party/LwIP/src/core/tcp_in.c ****   /* In the LISTEN state, we check for incoming SYN segments,
 644:Middlewares/Third_Party/LwIP/src/core/tcp_in.c ****      creates a new PCB, and responds with a SYN|ACK. */
 645:Middlewares/Third_Party/LwIP/src/core/tcp_in.c ****   if (flags & TCP_ACK) {
 646:Middlewares/Third_Party/LwIP/src/core/tcp_in.c ****     /* For incoming segments with the ACK flag set, respond with a
 647:Middlewares/Third_Party/LwIP/src/core/tcp_in.c ****        RST. */
 648:Middlewares/Third_Party/LwIP/src/core/tcp_in.c ****     LWIP_DEBUGF(TCP_RST_DEBUG, ("tcp_listen_input: ACK in LISTEN, sending reset\n"));
 649:Middlewares/Third_Party/LwIP/src/core/tcp_in.c ****     tcp_rst((const struct tcp_pcb *)pcb, ackno, seqno + tcplen, ip_current_dest_addr(),
 650:Middlewares/Third_Party/LwIP/src/core/tcp_in.c ****             ip_current_src_addr(), tcphdr->dest, tcphdr->src);
 651:Middlewares/Third_Party/LwIP/src/core/tcp_in.c ****   } else if (flags & TCP_SYN) {
 652:Middlewares/Third_Party/LwIP/src/core/tcp_in.c ****     LWIP_DEBUGF(TCP_DEBUG, ("TCP connection request %"U16_F" -> %"U16_F".\n", tcphdr->src, tcphdr->
 653:Middlewares/Third_Party/LwIP/src/core/tcp_in.c **** #if TCP_LISTEN_BACKLOG
 654:Middlewares/Third_Party/LwIP/src/core/tcp_in.c ****     if (pcb->accepts_pending >= pcb->backlog) {
 655:Middlewares/Third_Party/LwIP/src/core/tcp_in.c ****       LWIP_DEBUGF(TCP_DEBUG, ("tcp_listen_input: listen backlog exceeded for port %"U16_F"\n", tcph
 656:Middlewares/Third_Party/LwIP/src/core/tcp_in.c ****       return;
 657:Middlewares/Third_Party/LwIP/src/core/tcp_in.c ****     }
 658:Middlewares/Third_Party/LwIP/src/core/tcp_in.c **** #endif /* TCP_LISTEN_BACKLOG */
 659:Middlewares/Third_Party/LwIP/src/core/tcp_in.c ****     npcb = tcp_alloc(pcb->prio);
ARM GAS  /tmp/ccYvHRO8.s 			page 13


 660:Middlewares/Third_Party/LwIP/src/core/tcp_in.c ****     /* If a new PCB could not be created (probably due to lack of memory),
 661:Middlewares/Third_Party/LwIP/src/core/tcp_in.c ****        we don't do anything, but rely on the sender will retransmit the
 662:Middlewares/Third_Party/LwIP/src/core/tcp_in.c ****        SYN at a time when we have more memory available. */
 663:Middlewares/Third_Party/LwIP/src/core/tcp_in.c ****     if (npcb == NULL) {
 664:Middlewares/Third_Party/LwIP/src/core/tcp_in.c ****       err_t err;
 665:Middlewares/Third_Party/LwIP/src/core/tcp_in.c ****       LWIP_DEBUGF(TCP_DEBUG, ("tcp_listen_input: could not allocate PCB\n"));
 666:Middlewares/Third_Party/LwIP/src/core/tcp_in.c ****       TCP_STATS_INC(tcp.memerr);
 667:Middlewares/Third_Party/LwIP/src/core/tcp_in.c ****       TCP_EVENT_ACCEPT(pcb, NULL, pcb->callback_arg, ERR_MEM, err);
 668:Middlewares/Third_Party/LwIP/src/core/tcp_in.c ****       LWIP_UNUSED_ARG(err); /* err not useful here */
 669:Middlewares/Third_Party/LwIP/src/core/tcp_in.c ****       return;
 670:Middlewares/Third_Party/LwIP/src/core/tcp_in.c ****     }
 671:Middlewares/Third_Party/LwIP/src/core/tcp_in.c **** #if TCP_LISTEN_BACKLOG
 672:Middlewares/Third_Party/LwIP/src/core/tcp_in.c ****     pcb->accepts_pending++;
 673:Middlewares/Third_Party/LwIP/src/core/tcp_in.c ****     tcp_set_flags(npcb, TF_BACKLOGPEND);
 674:Middlewares/Third_Party/LwIP/src/core/tcp_in.c **** #endif /* TCP_LISTEN_BACKLOG */
 675:Middlewares/Third_Party/LwIP/src/core/tcp_in.c ****     /* Set up the new PCB. */
 676:Middlewares/Third_Party/LwIP/src/core/tcp_in.c ****     ip_addr_copy(npcb->local_ip, *ip_current_dest_addr());
 677:Middlewares/Third_Party/LwIP/src/core/tcp_in.c ****     ip_addr_copy(npcb->remote_ip, *ip_current_src_addr());
 678:Middlewares/Third_Party/LwIP/src/core/tcp_in.c ****     npcb->local_port = pcb->local_port;
 679:Middlewares/Third_Party/LwIP/src/core/tcp_in.c ****     npcb->remote_port = tcphdr->src;
 680:Middlewares/Third_Party/LwIP/src/core/tcp_in.c ****     npcb->state = SYN_RCVD;
 681:Middlewares/Third_Party/LwIP/src/core/tcp_in.c ****     npcb->rcv_nxt = seqno + 1;
 682:Middlewares/Third_Party/LwIP/src/core/tcp_in.c ****     npcb->rcv_ann_right_edge = npcb->rcv_nxt;
 683:Middlewares/Third_Party/LwIP/src/core/tcp_in.c ****     iss = tcp_next_iss(npcb);
 684:Middlewares/Third_Party/LwIP/src/core/tcp_in.c ****     npcb->snd_wl2 = iss;
 685:Middlewares/Third_Party/LwIP/src/core/tcp_in.c ****     npcb->snd_nxt = iss;
 686:Middlewares/Third_Party/LwIP/src/core/tcp_in.c ****     npcb->lastack = iss;
 687:Middlewares/Third_Party/LwIP/src/core/tcp_in.c ****     npcb->snd_lbb = iss;
 688:Middlewares/Third_Party/LwIP/src/core/tcp_in.c ****     npcb->snd_wl1 = seqno - 1;/* initialise to seqno-1 to force window update */
 689:Middlewares/Third_Party/LwIP/src/core/tcp_in.c ****     npcb->callback_arg = pcb->callback_arg;
 690:Middlewares/Third_Party/LwIP/src/core/tcp_in.c **** #if LWIP_CALLBACK_API || TCP_LISTEN_BACKLOG
 691:Middlewares/Third_Party/LwIP/src/core/tcp_in.c ****     npcb->listener = pcb;
 692:Middlewares/Third_Party/LwIP/src/core/tcp_in.c **** #endif /* LWIP_CALLBACK_API || TCP_LISTEN_BACKLOG */
 693:Middlewares/Third_Party/LwIP/src/core/tcp_in.c ****     /* inherit socket options */
 694:Middlewares/Third_Party/LwIP/src/core/tcp_in.c ****     npcb->so_options = pcb->so_options & SOF_INHERITED;
 695:Middlewares/Third_Party/LwIP/src/core/tcp_in.c ****     npcb->netif_idx = pcb->netif_idx;
 696:Middlewares/Third_Party/LwIP/src/core/tcp_in.c ****     /* Register the new PCB so that we can begin receiving segments
 697:Middlewares/Third_Party/LwIP/src/core/tcp_in.c ****        for it. */
 698:Middlewares/Third_Party/LwIP/src/core/tcp_in.c ****     TCP_REG_ACTIVE(npcb);
 699:Middlewares/Third_Party/LwIP/src/core/tcp_in.c **** 
 700:Middlewares/Third_Party/LwIP/src/core/tcp_in.c ****     /* Parse any options in the SYN. */
 701:Middlewares/Third_Party/LwIP/src/core/tcp_in.c ****     tcp_parseopt(npcb);
 702:Middlewares/Third_Party/LwIP/src/core/tcp_in.c ****     npcb->snd_wnd = tcphdr->wnd;
 703:Middlewares/Third_Party/LwIP/src/core/tcp_in.c ****     npcb->snd_wnd_max = npcb->snd_wnd;
 704:Middlewares/Third_Party/LwIP/src/core/tcp_in.c **** 
 705:Middlewares/Third_Party/LwIP/src/core/tcp_in.c **** #if TCP_CALCULATE_EFF_SEND_MSS
 706:Middlewares/Third_Party/LwIP/src/core/tcp_in.c ****     npcb->mss = tcp_eff_send_mss(npcb->mss, &npcb->local_ip, &npcb->remote_ip);
 707:Middlewares/Third_Party/LwIP/src/core/tcp_in.c **** #endif /* TCP_CALCULATE_EFF_SEND_MSS */
 708:Middlewares/Third_Party/LwIP/src/core/tcp_in.c **** 
 709:Middlewares/Third_Party/LwIP/src/core/tcp_in.c ****     MIB2_STATS_INC(mib2.tcppassiveopens);
 710:Middlewares/Third_Party/LwIP/src/core/tcp_in.c **** 
 711:Middlewares/Third_Party/LwIP/src/core/tcp_in.c **** #if LWIP_TCP_PCB_NUM_EXT_ARGS
 712:Middlewares/Third_Party/LwIP/src/core/tcp_in.c ****     if (tcp_ext_arg_invoke_callbacks_passive_open(pcb, npcb) != ERR_OK) {
 713:Middlewares/Third_Party/LwIP/src/core/tcp_in.c ****       tcp_abandon(npcb, 0);
 714:Middlewares/Third_Party/LwIP/src/core/tcp_in.c ****       return;
 715:Middlewares/Third_Party/LwIP/src/core/tcp_in.c ****     }
 716:Middlewares/Third_Party/LwIP/src/core/tcp_in.c **** #endif
ARM GAS  /tmp/ccYvHRO8.s 			page 14


 717:Middlewares/Third_Party/LwIP/src/core/tcp_in.c **** 
 718:Middlewares/Third_Party/LwIP/src/core/tcp_in.c ****     /* Send a SYN|ACK together with the MSS option. */
 719:Middlewares/Third_Party/LwIP/src/core/tcp_in.c ****     rc = tcp_enqueue_flags(npcb, TCP_SYN | TCP_ACK);
 720:Middlewares/Third_Party/LwIP/src/core/tcp_in.c ****     if (rc != ERR_OK) {
 721:Middlewares/Third_Party/LwIP/src/core/tcp_in.c ****       tcp_abandon(npcb, 0);
 722:Middlewares/Third_Party/LwIP/src/core/tcp_in.c ****       return;
 723:Middlewares/Third_Party/LwIP/src/core/tcp_in.c ****     }
 724:Middlewares/Third_Party/LwIP/src/core/tcp_in.c ****     tcp_output(npcb);
 725:Middlewares/Third_Party/LwIP/src/core/tcp_in.c ****   }
 726:Middlewares/Third_Party/LwIP/src/core/tcp_in.c ****   return;
 727:Middlewares/Third_Party/LwIP/src/core/tcp_in.c **** }
 728:Middlewares/Third_Party/LwIP/src/core/tcp_in.c **** 
 729:Middlewares/Third_Party/LwIP/src/core/tcp_in.c **** /**
 730:Middlewares/Third_Party/LwIP/src/core/tcp_in.c ****  * Called by tcp_input() when a segment arrives for a connection in
 731:Middlewares/Third_Party/LwIP/src/core/tcp_in.c ****  * TIME_WAIT.
 732:Middlewares/Third_Party/LwIP/src/core/tcp_in.c ****  *
 733:Middlewares/Third_Party/LwIP/src/core/tcp_in.c ****  * @param pcb the tcp_pcb for which a segment arrived
 734:Middlewares/Third_Party/LwIP/src/core/tcp_in.c ****  *
 735:Middlewares/Third_Party/LwIP/src/core/tcp_in.c ****  * @note the segment which arrived is saved in global variables, therefore only the pcb
 736:Middlewares/Third_Party/LwIP/src/core/tcp_in.c ****  *       involved is passed as a parameter to this function
 737:Middlewares/Third_Party/LwIP/src/core/tcp_in.c ****  */
 738:Middlewares/Third_Party/LwIP/src/core/tcp_in.c **** static void
 739:Middlewares/Third_Party/LwIP/src/core/tcp_in.c **** tcp_timewait_input(struct tcp_pcb *pcb)
 740:Middlewares/Third_Party/LwIP/src/core/tcp_in.c **** {
 741:Middlewares/Third_Party/LwIP/src/core/tcp_in.c ****   /* RFC 1337: in TIME_WAIT, ignore RST and ACK FINs + any 'acceptable' segments */
 742:Middlewares/Third_Party/LwIP/src/core/tcp_in.c ****   /* RFC 793 3.9 Event Processing - Segment Arrives:
 743:Middlewares/Third_Party/LwIP/src/core/tcp_in.c ****    * - first check sequence number - we skip that one in TIME_WAIT (always
 744:Middlewares/Third_Party/LwIP/src/core/tcp_in.c ****    *   acceptable since we only send ACKs)
 745:Middlewares/Third_Party/LwIP/src/core/tcp_in.c ****    * - second check the RST bit (... return) */
 746:Middlewares/Third_Party/LwIP/src/core/tcp_in.c ****   if (flags & TCP_RST) {
 747:Middlewares/Third_Party/LwIP/src/core/tcp_in.c ****     return;
 748:Middlewares/Third_Party/LwIP/src/core/tcp_in.c ****   }
 749:Middlewares/Third_Party/LwIP/src/core/tcp_in.c **** 
 750:Middlewares/Third_Party/LwIP/src/core/tcp_in.c ****   LWIP_ASSERT("tcp_timewait_input: invalid pcb", pcb != NULL);
 751:Middlewares/Third_Party/LwIP/src/core/tcp_in.c **** 
 752:Middlewares/Third_Party/LwIP/src/core/tcp_in.c ****   /* - fourth, check the SYN bit, */
 753:Middlewares/Third_Party/LwIP/src/core/tcp_in.c ****   if (flags & TCP_SYN) {
 754:Middlewares/Third_Party/LwIP/src/core/tcp_in.c ****     /* If an incoming segment is not acceptable, an acknowledgment
 755:Middlewares/Third_Party/LwIP/src/core/tcp_in.c ****        should be sent in reply */
 756:Middlewares/Third_Party/LwIP/src/core/tcp_in.c ****     if (TCP_SEQ_BETWEEN(seqno, pcb->rcv_nxt, pcb->rcv_nxt + pcb->rcv_wnd)) {
 757:Middlewares/Third_Party/LwIP/src/core/tcp_in.c ****       /* If the SYN is in the window it is an error, send a reset */
 758:Middlewares/Third_Party/LwIP/src/core/tcp_in.c ****       tcp_rst(pcb, ackno, seqno + tcplen, ip_current_dest_addr(),
 759:Middlewares/Third_Party/LwIP/src/core/tcp_in.c ****               ip_current_src_addr(), tcphdr->dest, tcphdr->src);
 760:Middlewares/Third_Party/LwIP/src/core/tcp_in.c ****       return;
 761:Middlewares/Third_Party/LwIP/src/core/tcp_in.c ****     }
 762:Middlewares/Third_Party/LwIP/src/core/tcp_in.c ****   } else if (flags & TCP_FIN) {
 763:Middlewares/Third_Party/LwIP/src/core/tcp_in.c ****     /* - eighth, check the FIN bit: Remain in the TIME-WAIT state.
 764:Middlewares/Third_Party/LwIP/src/core/tcp_in.c ****          Restart the 2 MSL time-wait timeout.*/
 765:Middlewares/Third_Party/LwIP/src/core/tcp_in.c ****     pcb->tmr = tcp_ticks;
 766:Middlewares/Third_Party/LwIP/src/core/tcp_in.c ****   }
 767:Middlewares/Third_Party/LwIP/src/core/tcp_in.c **** 
 768:Middlewares/Third_Party/LwIP/src/core/tcp_in.c ****   if ((tcplen > 0)) {
 769:Middlewares/Third_Party/LwIP/src/core/tcp_in.c ****     /* Acknowledge data, FIN or out-of-window SYN */
 770:Middlewares/Third_Party/LwIP/src/core/tcp_in.c ****     tcp_ack_now(pcb);
 771:Middlewares/Third_Party/LwIP/src/core/tcp_in.c ****     tcp_output(pcb);
 772:Middlewares/Third_Party/LwIP/src/core/tcp_in.c ****   }
 773:Middlewares/Third_Party/LwIP/src/core/tcp_in.c ****   return;
ARM GAS  /tmp/ccYvHRO8.s 			page 15


 774:Middlewares/Third_Party/LwIP/src/core/tcp_in.c **** }
 775:Middlewares/Third_Party/LwIP/src/core/tcp_in.c **** 
 776:Middlewares/Third_Party/LwIP/src/core/tcp_in.c **** /**
 777:Middlewares/Third_Party/LwIP/src/core/tcp_in.c ****  * Implements the TCP state machine. Called by tcp_input. In some
 778:Middlewares/Third_Party/LwIP/src/core/tcp_in.c ****  * states tcp_receive() is called to receive data. The tcp_seg
 779:Middlewares/Third_Party/LwIP/src/core/tcp_in.c ****  * argument will be freed by the caller (tcp_input()) unless the
 780:Middlewares/Third_Party/LwIP/src/core/tcp_in.c ****  * recv_data pointer in the pcb is set.
 781:Middlewares/Third_Party/LwIP/src/core/tcp_in.c ****  *
 782:Middlewares/Third_Party/LwIP/src/core/tcp_in.c ****  * @param pcb the tcp_pcb for which a segment arrived
 783:Middlewares/Third_Party/LwIP/src/core/tcp_in.c ****  *
 784:Middlewares/Third_Party/LwIP/src/core/tcp_in.c ****  * @note the segment which arrived is saved in global variables, therefore only the pcb
 785:Middlewares/Third_Party/LwIP/src/core/tcp_in.c ****  *       involved is passed as a parameter to this function
 786:Middlewares/Third_Party/LwIP/src/core/tcp_in.c ****  */
 787:Middlewares/Third_Party/LwIP/src/core/tcp_in.c **** static err_t
 788:Middlewares/Third_Party/LwIP/src/core/tcp_in.c **** tcp_process(struct tcp_pcb *pcb)
 789:Middlewares/Third_Party/LwIP/src/core/tcp_in.c **** {
 790:Middlewares/Third_Party/LwIP/src/core/tcp_in.c ****   struct tcp_seg *rseg;
 791:Middlewares/Third_Party/LwIP/src/core/tcp_in.c ****   u8_t acceptable = 0;
 792:Middlewares/Third_Party/LwIP/src/core/tcp_in.c ****   err_t err;
 793:Middlewares/Third_Party/LwIP/src/core/tcp_in.c **** 
 794:Middlewares/Third_Party/LwIP/src/core/tcp_in.c ****   err = ERR_OK;
 795:Middlewares/Third_Party/LwIP/src/core/tcp_in.c **** 
 796:Middlewares/Third_Party/LwIP/src/core/tcp_in.c ****   LWIP_ASSERT("tcp_process: invalid pcb", pcb != NULL);
 797:Middlewares/Third_Party/LwIP/src/core/tcp_in.c **** 
 798:Middlewares/Third_Party/LwIP/src/core/tcp_in.c ****   /* Process incoming RST segments. */
 799:Middlewares/Third_Party/LwIP/src/core/tcp_in.c ****   if (flags & TCP_RST) {
 800:Middlewares/Third_Party/LwIP/src/core/tcp_in.c ****     /* First, determine if the reset is acceptable. */
 801:Middlewares/Third_Party/LwIP/src/core/tcp_in.c ****     if (pcb->state == SYN_SENT) {
 802:Middlewares/Third_Party/LwIP/src/core/tcp_in.c ****       /* "In the SYN-SENT state (a RST received in response to an initial SYN),
 803:Middlewares/Third_Party/LwIP/src/core/tcp_in.c ****           the RST is acceptable if the ACK field acknowledges the SYN." */
 804:Middlewares/Third_Party/LwIP/src/core/tcp_in.c ****       if (ackno == pcb->snd_nxt) {
 805:Middlewares/Third_Party/LwIP/src/core/tcp_in.c ****         acceptable = 1;
 806:Middlewares/Third_Party/LwIP/src/core/tcp_in.c ****       }
 807:Middlewares/Third_Party/LwIP/src/core/tcp_in.c ****     } else {
 808:Middlewares/Third_Party/LwIP/src/core/tcp_in.c ****       /* "In all states except SYN-SENT, all reset (RST) segments are validated
 809:Middlewares/Third_Party/LwIP/src/core/tcp_in.c ****           by checking their SEQ-fields." */
 810:Middlewares/Third_Party/LwIP/src/core/tcp_in.c ****       if (seqno == pcb->rcv_nxt) {
 811:Middlewares/Third_Party/LwIP/src/core/tcp_in.c ****         acceptable = 1;
 812:Middlewares/Third_Party/LwIP/src/core/tcp_in.c ****       } else  if (TCP_SEQ_BETWEEN(seqno, pcb->rcv_nxt,
 813:Middlewares/Third_Party/LwIP/src/core/tcp_in.c ****                                   pcb->rcv_nxt + pcb->rcv_wnd)) {
 814:Middlewares/Third_Party/LwIP/src/core/tcp_in.c ****         /* If the sequence number is inside the window, we send a challenge ACK
 815:Middlewares/Third_Party/LwIP/src/core/tcp_in.c ****            and wait for a re-send with matching sequence number.
 816:Middlewares/Third_Party/LwIP/src/core/tcp_in.c ****            This follows RFC 5961 section 3.2 and addresses CVE-2004-0230
 817:Middlewares/Third_Party/LwIP/src/core/tcp_in.c ****            (RST spoofing attack), which is present in RFC 793 RST handling. */
 818:Middlewares/Third_Party/LwIP/src/core/tcp_in.c ****         tcp_ack_now(pcb);
 819:Middlewares/Third_Party/LwIP/src/core/tcp_in.c ****       }
 820:Middlewares/Third_Party/LwIP/src/core/tcp_in.c ****     }
 821:Middlewares/Third_Party/LwIP/src/core/tcp_in.c **** 
 822:Middlewares/Third_Party/LwIP/src/core/tcp_in.c ****     if (acceptable) {
 823:Middlewares/Third_Party/LwIP/src/core/tcp_in.c ****       LWIP_DEBUGF(TCP_INPUT_DEBUG, ("tcp_process: Connection RESET\n"));
 824:Middlewares/Third_Party/LwIP/src/core/tcp_in.c ****       LWIP_ASSERT("tcp_input: pcb->state != CLOSED", pcb->state != CLOSED);
 825:Middlewares/Third_Party/LwIP/src/core/tcp_in.c ****       recv_flags |= TF_RESET;
 826:Middlewares/Third_Party/LwIP/src/core/tcp_in.c ****       tcp_clear_flags(pcb, TF_ACK_DELAY);
 827:Middlewares/Third_Party/LwIP/src/core/tcp_in.c ****       return ERR_RST;
 828:Middlewares/Third_Party/LwIP/src/core/tcp_in.c ****     } else {
 829:Middlewares/Third_Party/LwIP/src/core/tcp_in.c ****       LWIP_DEBUGF(TCP_INPUT_DEBUG, ("tcp_process: unacceptable reset seqno %"U32_F" rcv_nxt %"U32_F
 830:Middlewares/Third_Party/LwIP/src/core/tcp_in.c ****                                     seqno, pcb->rcv_nxt));
ARM GAS  /tmp/ccYvHRO8.s 			page 16


 831:Middlewares/Third_Party/LwIP/src/core/tcp_in.c ****       LWIP_DEBUGF(TCP_DEBUG, ("tcp_process: unacceptable reset seqno %"U32_F" rcv_nxt %"U32_F"\n",
 832:Middlewares/Third_Party/LwIP/src/core/tcp_in.c ****                               seqno, pcb->rcv_nxt));
 833:Middlewares/Third_Party/LwIP/src/core/tcp_in.c ****       return ERR_OK;
 834:Middlewares/Third_Party/LwIP/src/core/tcp_in.c ****     }
 835:Middlewares/Third_Party/LwIP/src/core/tcp_in.c ****   }
 836:Middlewares/Third_Party/LwIP/src/core/tcp_in.c **** 
 837:Middlewares/Third_Party/LwIP/src/core/tcp_in.c ****   if ((flags & TCP_SYN) && (pcb->state != SYN_SENT && pcb->state != SYN_RCVD)) {
 838:Middlewares/Third_Party/LwIP/src/core/tcp_in.c ****     /* Cope with new connection attempt after remote end crashed */
 839:Middlewares/Third_Party/LwIP/src/core/tcp_in.c ****     tcp_ack_now(pcb);
 840:Middlewares/Third_Party/LwIP/src/core/tcp_in.c ****     return ERR_OK;
 841:Middlewares/Third_Party/LwIP/src/core/tcp_in.c ****   }
 842:Middlewares/Third_Party/LwIP/src/core/tcp_in.c **** 
 843:Middlewares/Third_Party/LwIP/src/core/tcp_in.c ****   if ((pcb->flags & TF_RXCLOSED) == 0) {
 844:Middlewares/Third_Party/LwIP/src/core/tcp_in.c ****     /* Update the PCB (in)activity timer unless rx is closed (see tcp_shutdown) */
 845:Middlewares/Third_Party/LwIP/src/core/tcp_in.c ****     pcb->tmr = tcp_ticks;
 846:Middlewares/Third_Party/LwIP/src/core/tcp_in.c ****   }
 847:Middlewares/Third_Party/LwIP/src/core/tcp_in.c ****   pcb->keep_cnt_sent = 0;
 848:Middlewares/Third_Party/LwIP/src/core/tcp_in.c ****   pcb->persist_probe = 0;
 849:Middlewares/Third_Party/LwIP/src/core/tcp_in.c **** 
 850:Middlewares/Third_Party/LwIP/src/core/tcp_in.c ****   tcp_parseopt(pcb);
 851:Middlewares/Third_Party/LwIP/src/core/tcp_in.c **** 
 852:Middlewares/Third_Party/LwIP/src/core/tcp_in.c ****   /* Do different things depending on the TCP state. */
 853:Middlewares/Third_Party/LwIP/src/core/tcp_in.c ****   switch (pcb->state) {
 854:Middlewares/Third_Party/LwIP/src/core/tcp_in.c ****     case SYN_SENT:
 855:Middlewares/Third_Party/LwIP/src/core/tcp_in.c ****       LWIP_DEBUGF(TCP_INPUT_DEBUG, ("SYN-SENT: ackno %"U32_F" pcb->snd_nxt %"U32_F" unacked %"U32_F
 856:Middlewares/Third_Party/LwIP/src/core/tcp_in.c ****                                     pcb->snd_nxt, lwip_ntohl(pcb->unacked->tcphdr->seqno)));
 857:Middlewares/Third_Party/LwIP/src/core/tcp_in.c ****       /* received SYN ACK with expected sequence number? */
 858:Middlewares/Third_Party/LwIP/src/core/tcp_in.c ****       if ((flags & TCP_ACK) && (flags & TCP_SYN)
 859:Middlewares/Third_Party/LwIP/src/core/tcp_in.c ****           && (ackno == pcb->lastack + 1)) {
 860:Middlewares/Third_Party/LwIP/src/core/tcp_in.c ****         pcb->rcv_nxt = seqno + 1;
 861:Middlewares/Third_Party/LwIP/src/core/tcp_in.c ****         pcb->rcv_ann_right_edge = pcb->rcv_nxt;
 862:Middlewares/Third_Party/LwIP/src/core/tcp_in.c ****         pcb->lastack = ackno;
 863:Middlewares/Third_Party/LwIP/src/core/tcp_in.c ****         pcb->snd_wnd = tcphdr->wnd;
 864:Middlewares/Third_Party/LwIP/src/core/tcp_in.c ****         pcb->snd_wnd_max = pcb->snd_wnd;
 865:Middlewares/Third_Party/LwIP/src/core/tcp_in.c ****         pcb->snd_wl1 = seqno - 1; /* initialise to seqno - 1 to force window update */
 866:Middlewares/Third_Party/LwIP/src/core/tcp_in.c ****         pcb->state = ESTABLISHED;
 867:Middlewares/Third_Party/LwIP/src/core/tcp_in.c **** 
 868:Middlewares/Third_Party/LwIP/src/core/tcp_in.c **** #if TCP_CALCULATE_EFF_SEND_MSS
 869:Middlewares/Third_Party/LwIP/src/core/tcp_in.c ****         pcb->mss = tcp_eff_send_mss(pcb->mss, &pcb->local_ip, &pcb->remote_ip);
 870:Middlewares/Third_Party/LwIP/src/core/tcp_in.c **** #endif /* TCP_CALCULATE_EFF_SEND_MSS */
 871:Middlewares/Third_Party/LwIP/src/core/tcp_in.c **** 
 872:Middlewares/Third_Party/LwIP/src/core/tcp_in.c ****         pcb->cwnd = LWIP_TCP_CALC_INITIAL_CWND(pcb->mss);
 873:Middlewares/Third_Party/LwIP/src/core/tcp_in.c ****         LWIP_DEBUGF(TCP_CWND_DEBUG, ("tcp_process (SENT): cwnd %"TCPWNDSIZE_F
 874:Middlewares/Third_Party/LwIP/src/core/tcp_in.c ****                                      " ssthresh %"TCPWNDSIZE_F"\n",
 875:Middlewares/Third_Party/LwIP/src/core/tcp_in.c ****                                      pcb->cwnd, pcb->ssthresh));
 876:Middlewares/Third_Party/LwIP/src/core/tcp_in.c ****         LWIP_ASSERT("pcb->snd_queuelen > 0", (pcb->snd_queuelen > 0));
 877:Middlewares/Third_Party/LwIP/src/core/tcp_in.c ****         --pcb->snd_queuelen;
 878:Middlewares/Third_Party/LwIP/src/core/tcp_in.c ****         LWIP_DEBUGF(TCP_QLEN_DEBUG, ("tcp_process: SYN-SENT --queuelen %"TCPWNDSIZE_F"\n", (tcpwnd_
 879:Middlewares/Third_Party/LwIP/src/core/tcp_in.c ****         rseg = pcb->unacked;
 880:Middlewares/Third_Party/LwIP/src/core/tcp_in.c ****         if (rseg == NULL) {
 881:Middlewares/Third_Party/LwIP/src/core/tcp_in.c ****           /* might happen if tcp_output fails in tcp_rexmit_rto()
 882:Middlewares/Third_Party/LwIP/src/core/tcp_in.c ****              in which case the segment is on the unsent list */
 883:Middlewares/Third_Party/LwIP/src/core/tcp_in.c ****           rseg = pcb->unsent;
 884:Middlewares/Third_Party/LwIP/src/core/tcp_in.c ****           LWIP_ASSERT("no segment to free", rseg != NULL);
 885:Middlewares/Third_Party/LwIP/src/core/tcp_in.c ****           pcb->unsent = rseg->next;
 886:Middlewares/Third_Party/LwIP/src/core/tcp_in.c ****         } else {
 887:Middlewares/Third_Party/LwIP/src/core/tcp_in.c ****           pcb->unacked = rseg->next;
ARM GAS  /tmp/ccYvHRO8.s 			page 17


 888:Middlewares/Third_Party/LwIP/src/core/tcp_in.c ****         }
 889:Middlewares/Third_Party/LwIP/src/core/tcp_in.c ****         tcp_seg_free(rseg);
 890:Middlewares/Third_Party/LwIP/src/core/tcp_in.c **** 
 891:Middlewares/Third_Party/LwIP/src/core/tcp_in.c ****         /* If there's nothing left to acknowledge, stop the retransmit
 892:Middlewares/Third_Party/LwIP/src/core/tcp_in.c ****            timer, otherwise reset it to start again */
 893:Middlewares/Third_Party/LwIP/src/core/tcp_in.c ****         if (pcb->unacked == NULL) {
 894:Middlewares/Third_Party/LwIP/src/core/tcp_in.c ****           pcb->rtime = -1;
 895:Middlewares/Third_Party/LwIP/src/core/tcp_in.c ****         } else {
 896:Middlewares/Third_Party/LwIP/src/core/tcp_in.c ****           pcb->rtime = 0;
 897:Middlewares/Third_Party/LwIP/src/core/tcp_in.c ****           pcb->nrtx = 0;
 898:Middlewares/Third_Party/LwIP/src/core/tcp_in.c ****         }
 899:Middlewares/Third_Party/LwIP/src/core/tcp_in.c **** 
 900:Middlewares/Third_Party/LwIP/src/core/tcp_in.c ****         /* Call the user specified function to call when successfully
 901:Middlewares/Third_Party/LwIP/src/core/tcp_in.c ****          * connected. */
 902:Middlewares/Third_Party/LwIP/src/core/tcp_in.c ****         TCP_EVENT_CONNECTED(pcb, ERR_OK, err);
 903:Middlewares/Third_Party/LwIP/src/core/tcp_in.c ****         if (err == ERR_ABRT) {
 904:Middlewares/Third_Party/LwIP/src/core/tcp_in.c ****           return ERR_ABRT;
 905:Middlewares/Third_Party/LwIP/src/core/tcp_in.c ****         }
 906:Middlewares/Third_Party/LwIP/src/core/tcp_in.c ****         tcp_ack_now(pcb);
 907:Middlewares/Third_Party/LwIP/src/core/tcp_in.c ****       }
 908:Middlewares/Third_Party/LwIP/src/core/tcp_in.c ****       /* received ACK? possibly a half-open connection */
 909:Middlewares/Third_Party/LwIP/src/core/tcp_in.c ****       else if (flags & TCP_ACK) {
 910:Middlewares/Third_Party/LwIP/src/core/tcp_in.c ****         /* send a RST to bring the other side in a non-synchronized state. */
 911:Middlewares/Third_Party/LwIP/src/core/tcp_in.c ****         tcp_rst(pcb, ackno, seqno + tcplen, ip_current_dest_addr(),
 912:Middlewares/Third_Party/LwIP/src/core/tcp_in.c ****                 ip_current_src_addr(), tcphdr->dest, tcphdr->src);
 913:Middlewares/Third_Party/LwIP/src/core/tcp_in.c ****         /* Resend SYN immediately (don't wait for rto timeout) to establish
 914:Middlewares/Third_Party/LwIP/src/core/tcp_in.c ****           connection faster, but do not send more SYNs than we otherwise would
 915:Middlewares/Third_Party/LwIP/src/core/tcp_in.c ****           have, or we might get caught in a loop on loopback interfaces. */
 916:Middlewares/Third_Party/LwIP/src/core/tcp_in.c ****         if (pcb->nrtx < TCP_SYNMAXRTX) {
 917:Middlewares/Third_Party/LwIP/src/core/tcp_in.c ****           pcb->rtime = 0;
 918:Middlewares/Third_Party/LwIP/src/core/tcp_in.c ****           tcp_rexmit_rto(pcb);
 919:Middlewares/Third_Party/LwIP/src/core/tcp_in.c ****         }
 920:Middlewares/Third_Party/LwIP/src/core/tcp_in.c ****       }
 921:Middlewares/Third_Party/LwIP/src/core/tcp_in.c ****       break;
 922:Middlewares/Third_Party/LwIP/src/core/tcp_in.c ****     case SYN_RCVD:
 923:Middlewares/Third_Party/LwIP/src/core/tcp_in.c ****       if (flags & TCP_ACK) {
 924:Middlewares/Third_Party/LwIP/src/core/tcp_in.c ****         /* expected ACK number? */
 925:Middlewares/Third_Party/LwIP/src/core/tcp_in.c ****         if (TCP_SEQ_BETWEEN(ackno, pcb->lastack + 1, pcb->snd_nxt)) {
 926:Middlewares/Third_Party/LwIP/src/core/tcp_in.c ****           pcb->state = ESTABLISHED;
 927:Middlewares/Third_Party/LwIP/src/core/tcp_in.c ****           LWIP_DEBUGF(TCP_DEBUG, ("TCP connection established %"U16_F" -> %"U16_F".\n", inseg.tcphd
 928:Middlewares/Third_Party/LwIP/src/core/tcp_in.c **** #if LWIP_CALLBACK_API || TCP_LISTEN_BACKLOG
 929:Middlewares/Third_Party/LwIP/src/core/tcp_in.c ****           if (pcb->listener == NULL) {
 930:Middlewares/Third_Party/LwIP/src/core/tcp_in.c ****             /* listen pcb might be closed by now */
 931:Middlewares/Third_Party/LwIP/src/core/tcp_in.c ****             err = ERR_VAL;
 932:Middlewares/Third_Party/LwIP/src/core/tcp_in.c ****           } else
 933:Middlewares/Third_Party/LwIP/src/core/tcp_in.c **** #endif /* LWIP_CALLBACK_API || TCP_LISTEN_BACKLOG */
 934:Middlewares/Third_Party/LwIP/src/core/tcp_in.c ****           {
 935:Middlewares/Third_Party/LwIP/src/core/tcp_in.c **** #if LWIP_CALLBACK_API
 936:Middlewares/Third_Party/LwIP/src/core/tcp_in.c ****             LWIP_ASSERT("pcb->listener->accept != NULL", pcb->listener->accept != NULL);
 937:Middlewares/Third_Party/LwIP/src/core/tcp_in.c **** #endif
 938:Middlewares/Third_Party/LwIP/src/core/tcp_in.c ****             tcp_backlog_accepted(pcb);
 939:Middlewares/Third_Party/LwIP/src/core/tcp_in.c ****             /* Call the accept function. */
 940:Middlewares/Third_Party/LwIP/src/core/tcp_in.c ****             TCP_EVENT_ACCEPT(pcb->listener, pcb, pcb->callback_arg, ERR_OK, err);
 941:Middlewares/Third_Party/LwIP/src/core/tcp_in.c ****           }
 942:Middlewares/Third_Party/LwIP/src/core/tcp_in.c ****           if (err != ERR_OK) {
 943:Middlewares/Third_Party/LwIP/src/core/tcp_in.c ****             /* If the accept function returns with an error, we abort
 944:Middlewares/Third_Party/LwIP/src/core/tcp_in.c ****              * the connection. */
ARM GAS  /tmp/ccYvHRO8.s 			page 18


 945:Middlewares/Third_Party/LwIP/src/core/tcp_in.c ****             /* Already aborted? */
 946:Middlewares/Third_Party/LwIP/src/core/tcp_in.c ****             if (err != ERR_ABRT) {
 947:Middlewares/Third_Party/LwIP/src/core/tcp_in.c ****               tcp_abort(pcb);
 948:Middlewares/Third_Party/LwIP/src/core/tcp_in.c ****             }
 949:Middlewares/Third_Party/LwIP/src/core/tcp_in.c ****             return ERR_ABRT;
 950:Middlewares/Third_Party/LwIP/src/core/tcp_in.c ****           }
 951:Middlewares/Third_Party/LwIP/src/core/tcp_in.c ****           /* If there was any data contained within this ACK,
 952:Middlewares/Third_Party/LwIP/src/core/tcp_in.c ****            * we'd better pass it on to the application as well. */
 953:Middlewares/Third_Party/LwIP/src/core/tcp_in.c ****           tcp_receive(pcb);
 954:Middlewares/Third_Party/LwIP/src/core/tcp_in.c **** 
 955:Middlewares/Third_Party/LwIP/src/core/tcp_in.c ****           /* Prevent ACK for SYN to generate a sent event */
 956:Middlewares/Third_Party/LwIP/src/core/tcp_in.c ****           if (recv_acked != 0) {
 957:Middlewares/Third_Party/LwIP/src/core/tcp_in.c ****             recv_acked--;
 958:Middlewares/Third_Party/LwIP/src/core/tcp_in.c ****           }
 959:Middlewares/Third_Party/LwIP/src/core/tcp_in.c **** 
 960:Middlewares/Third_Party/LwIP/src/core/tcp_in.c ****           pcb->cwnd = LWIP_TCP_CALC_INITIAL_CWND(pcb->mss);
 961:Middlewares/Third_Party/LwIP/src/core/tcp_in.c ****           LWIP_DEBUGF(TCP_CWND_DEBUG, ("tcp_process (SYN_RCVD): cwnd %"TCPWNDSIZE_F
 962:Middlewares/Third_Party/LwIP/src/core/tcp_in.c ****                                        " ssthresh %"TCPWNDSIZE_F"\n",
 963:Middlewares/Third_Party/LwIP/src/core/tcp_in.c ****                                        pcb->cwnd, pcb->ssthresh));
 964:Middlewares/Third_Party/LwIP/src/core/tcp_in.c **** 
 965:Middlewares/Third_Party/LwIP/src/core/tcp_in.c ****           if (recv_flags & TF_GOT_FIN) {
 966:Middlewares/Third_Party/LwIP/src/core/tcp_in.c ****             tcp_ack_now(pcb);
 967:Middlewares/Third_Party/LwIP/src/core/tcp_in.c ****             pcb->state = CLOSE_WAIT;
 968:Middlewares/Third_Party/LwIP/src/core/tcp_in.c ****           }
 969:Middlewares/Third_Party/LwIP/src/core/tcp_in.c ****         } else {
 970:Middlewares/Third_Party/LwIP/src/core/tcp_in.c ****           /* incorrect ACK number, send RST */
 971:Middlewares/Third_Party/LwIP/src/core/tcp_in.c ****           tcp_rst(pcb, ackno, seqno + tcplen, ip_current_dest_addr(),
 972:Middlewares/Third_Party/LwIP/src/core/tcp_in.c ****                   ip_current_src_addr(), tcphdr->dest, tcphdr->src);
 973:Middlewares/Third_Party/LwIP/src/core/tcp_in.c ****         }
 974:Middlewares/Third_Party/LwIP/src/core/tcp_in.c ****       } else if ((flags & TCP_SYN) && (seqno == pcb->rcv_nxt - 1)) {
 975:Middlewares/Third_Party/LwIP/src/core/tcp_in.c ****         /* Looks like another copy of the SYN - retransmit our SYN-ACK */
 976:Middlewares/Third_Party/LwIP/src/core/tcp_in.c ****         tcp_rexmit(pcb);
 977:Middlewares/Third_Party/LwIP/src/core/tcp_in.c ****       }
 978:Middlewares/Third_Party/LwIP/src/core/tcp_in.c ****       break;
 979:Middlewares/Third_Party/LwIP/src/core/tcp_in.c ****     case CLOSE_WAIT:
 980:Middlewares/Third_Party/LwIP/src/core/tcp_in.c ****     /* FALLTHROUGH */
 981:Middlewares/Third_Party/LwIP/src/core/tcp_in.c ****     case ESTABLISHED:
 982:Middlewares/Third_Party/LwIP/src/core/tcp_in.c ****       tcp_receive(pcb);
 983:Middlewares/Third_Party/LwIP/src/core/tcp_in.c ****       if (recv_flags & TF_GOT_FIN) { /* passive close */
 984:Middlewares/Third_Party/LwIP/src/core/tcp_in.c ****         tcp_ack_now(pcb);
 985:Middlewares/Third_Party/LwIP/src/core/tcp_in.c ****         pcb->state = CLOSE_WAIT;
 986:Middlewares/Third_Party/LwIP/src/core/tcp_in.c ****       }
 987:Middlewares/Third_Party/LwIP/src/core/tcp_in.c ****       break;
 988:Middlewares/Third_Party/LwIP/src/core/tcp_in.c ****     case FIN_WAIT_1:
 989:Middlewares/Third_Party/LwIP/src/core/tcp_in.c ****       tcp_receive(pcb);
 990:Middlewares/Third_Party/LwIP/src/core/tcp_in.c ****       if (recv_flags & TF_GOT_FIN) {
 991:Middlewares/Third_Party/LwIP/src/core/tcp_in.c ****         if ((flags & TCP_ACK) && (ackno == pcb->snd_nxt) &&
 992:Middlewares/Third_Party/LwIP/src/core/tcp_in.c ****             pcb->unsent == NULL) {
 993:Middlewares/Third_Party/LwIP/src/core/tcp_in.c ****           LWIP_DEBUGF(TCP_DEBUG,
 994:Middlewares/Third_Party/LwIP/src/core/tcp_in.c ****                       ("TCP connection closed: FIN_WAIT_1 %"U16_F" -> %"U16_F".\n", inseg.tcphdr->s
 995:Middlewares/Third_Party/LwIP/src/core/tcp_in.c ****           tcp_ack_now(pcb);
 996:Middlewares/Third_Party/LwIP/src/core/tcp_in.c ****           tcp_pcb_purge(pcb);
 997:Middlewares/Third_Party/LwIP/src/core/tcp_in.c ****           TCP_RMV_ACTIVE(pcb);
 998:Middlewares/Third_Party/LwIP/src/core/tcp_in.c ****           pcb->state = TIME_WAIT;
 999:Middlewares/Third_Party/LwIP/src/core/tcp_in.c ****           TCP_REG(&tcp_tw_pcbs, pcb);
1000:Middlewares/Third_Party/LwIP/src/core/tcp_in.c ****         } else {
1001:Middlewares/Third_Party/LwIP/src/core/tcp_in.c ****           tcp_ack_now(pcb);
ARM GAS  /tmp/ccYvHRO8.s 			page 19


1002:Middlewares/Third_Party/LwIP/src/core/tcp_in.c ****           pcb->state = CLOSING;
1003:Middlewares/Third_Party/LwIP/src/core/tcp_in.c ****         }
1004:Middlewares/Third_Party/LwIP/src/core/tcp_in.c ****       } else if ((flags & TCP_ACK) && (ackno == pcb->snd_nxt) &&
1005:Middlewares/Third_Party/LwIP/src/core/tcp_in.c ****                  pcb->unsent == NULL) {
1006:Middlewares/Third_Party/LwIP/src/core/tcp_in.c ****         pcb->state = FIN_WAIT_2;
1007:Middlewares/Third_Party/LwIP/src/core/tcp_in.c ****       }
1008:Middlewares/Third_Party/LwIP/src/core/tcp_in.c ****       break;
1009:Middlewares/Third_Party/LwIP/src/core/tcp_in.c ****     case FIN_WAIT_2:
1010:Middlewares/Third_Party/LwIP/src/core/tcp_in.c ****       tcp_receive(pcb);
1011:Middlewares/Third_Party/LwIP/src/core/tcp_in.c ****       if (recv_flags & TF_GOT_FIN) {
1012:Middlewares/Third_Party/LwIP/src/core/tcp_in.c ****         LWIP_DEBUGF(TCP_DEBUG, ("TCP connection closed: FIN_WAIT_2 %"U16_F" -> %"U16_F".\n", inseg.
1013:Middlewares/Third_Party/LwIP/src/core/tcp_in.c ****         tcp_ack_now(pcb);
1014:Middlewares/Third_Party/LwIP/src/core/tcp_in.c ****         tcp_pcb_purge(pcb);
1015:Middlewares/Third_Party/LwIP/src/core/tcp_in.c ****         TCP_RMV_ACTIVE(pcb);
1016:Middlewares/Third_Party/LwIP/src/core/tcp_in.c ****         pcb->state = TIME_WAIT;
1017:Middlewares/Third_Party/LwIP/src/core/tcp_in.c ****         TCP_REG(&tcp_tw_pcbs, pcb);
1018:Middlewares/Third_Party/LwIP/src/core/tcp_in.c ****       }
1019:Middlewares/Third_Party/LwIP/src/core/tcp_in.c ****       break;
1020:Middlewares/Third_Party/LwIP/src/core/tcp_in.c ****     case CLOSING:
1021:Middlewares/Third_Party/LwIP/src/core/tcp_in.c ****       tcp_receive(pcb);
1022:Middlewares/Third_Party/LwIP/src/core/tcp_in.c ****       if ((flags & TCP_ACK) && ackno == pcb->snd_nxt && pcb->unsent == NULL) {
1023:Middlewares/Third_Party/LwIP/src/core/tcp_in.c ****         LWIP_DEBUGF(TCP_DEBUG, ("TCP connection closed: CLOSING %"U16_F" -> %"U16_F".\n", inseg.tcp
1024:Middlewares/Third_Party/LwIP/src/core/tcp_in.c ****         tcp_pcb_purge(pcb);
1025:Middlewares/Third_Party/LwIP/src/core/tcp_in.c ****         TCP_RMV_ACTIVE(pcb);
1026:Middlewares/Third_Party/LwIP/src/core/tcp_in.c ****         pcb->state = TIME_WAIT;
1027:Middlewares/Third_Party/LwIP/src/core/tcp_in.c ****         TCP_REG(&tcp_tw_pcbs, pcb);
1028:Middlewares/Third_Party/LwIP/src/core/tcp_in.c ****       }
1029:Middlewares/Third_Party/LwIP/src/core/tcp_in.c ****       break;
1030:Middlewares/Third_Party/LwIP/src/core/tcp_in.c ****     case LAST_ACK:
1031:Middlewares/Third_Party/LwIP/src/core/tcp_in.c ****       tcp_receive(pcb);
1032:Middlewares/Third_Party/LwIP/src/core/tcp_in.c ****       if ((flags & TCP_ACK) && ackno == pcb->snd_nxt && pcb->unsent == NULL) {
1033:Middlewares/Third_Party/LwIP/src/core/tcp_in.c ****         LWIP_DEBUGF(TCP_DEBUG, ("TCP connection closed: LAST_ACK %"U16_F" -> %"U16_F".\n", inseg.tc
1034:Middlewares/Third_Party/LwIP/src/core/tcp_in.c ****         /* bugfix #21699: don't set pcb->state to CLOSED here or we risk leaking segments */
1035:Middlewares/Third_Party/LwIP/src/core/tcp_in.c ****         recv_flags |= TF_CLOSED;
1036:Middlewares/Third_Party/LwIP/src/core/tcp_in.c ****       }
1037:Middlewares/Third_Party/LwIP/src/core/tcp_in.c ****       break;
1038:Middlewares/Third_Party/LwIP/src/core/tcp_in.c ****     default:
1039:Middlewares/Third_Party/LwIP/src/core/tcp_in.c ****       break;
1040:Middlewares/Third_Party/LwIP/src/core/tcp_in.c ****   }
1041:Middlewares/Third_Party/LwIP/src/core/tcp_in.c ****   return ERR_OK;
1042:Middlewares/Third_Party/LwIP/src/core/tcp_in.c **** }
1043:Middlewares/Third_Party/LwIP/src/core/tcp_in.c **** 
1044:Middlewares/Third_Party/LwIP/src/core/tcp_in.c **** #if TCP_QUEUE_OOSEQ
1045:Middlewares/Third_Party/LwIP/src/core/tcp_in.c **** /**
1046:Middlewares/Third_Party/LwIP/src/core/tcp_in.c ****  * Insert segment into the list (segments covered with new one will be deleted)
1047:Middlewares/Third_Party/LwIP/src/core/tcp_in.c ****  *
1048:Middlewares/Third_Party/LwIP/src/core/tcp_in.c ****  * Called from tcp_receive()
1049:Middlewares/Third_Party/LwIP/src/core/tcp_in.c ****  */
1050:Middlewares/Third_Party/LwIP/src/core/tcp_in.c **** static void
1051:Middlewares/Third_Party/LwIP/src/core/tcp_in.c **** tcp_oos_insert_segment(struct tcp_seg *cseg, struct tcp_seg *next)
1052:Middlewares/Third_Party/LwIP/src/core/tcp_in.c **** {
1053:Middlewares/Third_Party/LwIP/src/core/tcp_in.c ****   struct tcp_seg *old_seg;
1054:Middlewares/Third_Party/LwIP/src/core/tcp_in.c **** 
1055:Middlewares/Third_Party/LwIP/src/core/tcp_in.c ****   LWIP_ASSERT("tcp_oos_insert_segment: invalid cseg", cseg != NULL);
1056:Middlewares/Third_Party/LwIP/src/core/tcp_in.c **** 
1057:Middlewares/Third_Party/LwIP/src/core/tcp_in.c ****   if (TCPH_FLAGS(cseg->tcphdr) & TCP_FIN) {
1058:Middlewares/Third_Party/LwIP/src/core/tcp_in.c ****     /* received segment overlaps all following segments */
ARM GAS  /tmp/ccYvHRO8.s 			page 20


1059:Middlewares/Third_Party/LwIP/src/core/tcp_in.c ****     tcp_segs_free(next);
1060:Middlewares/Third_Party/LwIP/src/core/tcp_in.c ****     next = NULL;
1061:Middlewares/Third_Party/LwIP/src/core/tcp_in.c ****   } else {
1062:Middlewares/Third_Party/LwIP/src/core/tcp_in.c ****     /* delete some following segments
1063:Middlewares/Third_Party/LwIP/src/core/tcp_in.c ****        oos queue may have segments with FIN flag */
1064:Middlewares/Third_Party/LwIP/src/core/tcp_in.c ****     while (next &&
1065:Middlewares/Third_Party/LwIP/src/core/tcp_in.c ****            TCP_SEQ_GEQ((seqno + cseg->len),
1066:Middlewares/Third_Party/LwIP/src/core/tcp_in.c ****                        (next->tcphdr->seqno + next->len))) {
1067:Middlewares/Third_Party/LwIP/src/core/tcp_in.c ****       /* cseg with FIN already processed */
1068:Middlewares/Third_Party/LwIP/src/core/tcp_in.c ****       if (TCPH_FLAGS(next->tcphdr) & TCP_FIN) {
1069:Middlewares/Third_Party/LwIP/src/core/tcp_in.c ****         TCPH_SET_FLAG(cseg->tcphdr, TCP_FIN);
1070:Middlewares/Third_Party/LwIP/src/core/tcp_in.c ****       }
1071:Middlewares/Third_Party/LwIP/src/core/tcp_in.c ****       old_seg = next;
1072:Middlewares/Third_Party/LwIP/src/core/tcp_in.c ****       next = next->next;
1073:Middlewares/Third_Party/LwIP/src/core/tcp_in.c ****       tcp_seg_free(old_seg);
1074:Middlewares/Third_Party/LwIP/src/core/tcp_in.c ****     }
1075:Middlewares/Third_Party/LwIP/src/core/tcp_in.c ****     if (next &&
1076:Middlewares/Third_Party/LwIP/src/core/tcp_in.c ****         TCP_SEQ_GT(seqno + cseg->len, next->tcphdr->seqno)) {
1077:Middlewares/Third_Party/LwIP/src/core/tcp_in.c ****       /* We need to trim the incoming segment. */
1078:Middlewares/Third_Party/LwIP/src/core/tcp_in.c ****       cseg->len = (u16_t)(next->tcphdr->seqno - seqno);
1079:Middlewares/Third_Party/LwIP/src/core/tcp_in.c ****       pbuf_realloc(cseg->p, cseg->len);
1080:Middlewares/Third_Party/LwIP/src/core/tcp_in.c ****     }
1081:Middlewares/Third_Party/LwIP/src/core/tcp_in.c ****   }
1082:Middlewares/Third_Party/LwIP/src/core/tcp_in.c ****   cseg->next = next;
1083:Middlewares/Third_Party/LwIP/src/core/tcp_in.c **** }
1084:Middlewares/Third_Party/LwIP/src/core/tcp_in.c **** #endif /* TCP_QUEUE_OOSEQ */
1085:Middlewares/Third_Party/LwIP/src/core/tcp_in.c **** 
1086:Middlewares/Third_Party/LwIP/src/core/tcp_in.c **** /** Remove segments from a list if the incoming ACK acknowledges them */
1087:Middlewares/Third_Party/LwIP/src/core/tcp_in.c **** static struct tcp_seg *
1088:Middlewares/Third_Party/LwIP/src/core/tcp_in.c **** tcp_free_acked_segments(struct tcp_pcb *pcb, struct tcp_seg *seg_list, const char *dbg_list_name,
1089:Middlewares/Third_Party/LwIP/src/core/tcp_in.c ****                         struct tcp_seg *dbg_other_seg_list)
1090:Middlewares/Third_Party/LwIP/src/core/tcp_in.c **** {
1091:Middlewares/Third_Party/LwIP/src/core/tcp_in.c ****   struct tcp_seg *next;
1092:Middlewares/Third_Party/LwIP/src/core/tcp_in.c ****   u16_t clen;
1093:Middlewares/Third_Party/LwIP/src/core/tcp_in.c **** 
1094:Middlewares/Third_Party/LwIP/src/core/tcp_in.c ****   LWIP_UNUSED_ARG(dbg_list_name);
1095:Middlewares/Third_Party/LwIP/src/core/tcp_in.c ****   LWIP_UNUSED_ARG(dbg_other_seg_list);
1096:Middlewares/Third_Party/LwIP/src/core/tcp_in.c **** 
1097:Middlewares/Third_Party/LwIP/src/core/tcp_in.c ****   while (seg_list != NULL &&
1098:Middlewares/Third_Party/LwIP/src/core/tcp_in.c ****          TCP_SEQ_LEQ(lwip_ntohl(seg_list->tcphdr->seqno) +
1099:Middlewares/Third_Party/LwIP/src/core/tcp_in.c ****                      TCP_TCPLEN(seg_list), ackno)) {
1100:Middlewares/Third_Party/LwIP/src/core/tcp_in.c ****     LWIP_DEBUGF(TCP_INPUT_DEBUG, ("tcp_receive: removing %"U32_F":%"U32_F" from pcb->%s\n",
1101:Middlewares/Third_Party/LwIP/src/core/tcp_in.c ****                                   lwip_ntohl(seg_list->tcphdr->seqno),
1102:Middlewares/Third_Party/LwIP/src/core/tcp_in.c ****                                   lwip_ntohl(seg_list->tcphdr->seqno) + TCP_TCPLEN(seg_list),
1103:Middlewares/Third_Party/LwIP/src/core/tcp_in.c ****                                   dbg_list_name));
1104:Middlewares/Third_Party/LwIP/src/core/tcp_in.c **** 
1105:Middlewares/Third_Party/LwIP/src/core/tcp_in.c ****     next = seg_list;
1106:Middlewares/Third_Party/LwIP/src/core/tcp_in.c ****     seg_list = seg_list->next;
1107:Middlewares/Third_Party/LwIP/src/core/tcp_in.c **** 
1108:Middlewares/Third_Party/LwIP/src/core/tcp_in.c ****     clen = pbuf_clen(next->p);
1109:Middlewares/Third_Party/LwIP/src/core/tcp_in.c ****     LWIP_DEBUGF(TCP_QLEN_DEBUG, ("tcp_receive: queuelen %"TCPWNDSIZE_F" ... ",
1110:Middlewares/Third_Party/LwIP/src/core/tcp_in.c ****                                  (tcpwnd_size_t)pcb->snd_queuelen));
1111:Middlewares/Third_Party/LwIP/src/core/tcp_in.c ****     LWIP_ASSERT("pcb->snd_queuelen >= pbuf_clen(next->p)", (pcb->snd_queuelen >= clen));
1112:Middlewares/Third_Party/LwIP/src/core/tcp_in.c **** 
1113:Middlewares/Third_Party/LwIP/src/core/tcp_in.c ****     pcb->snd_queuelen = (u16_t)(pcb->snd_queuelen - clen);
1114:Middlewares/Third_Party/LwIP/src/core/tcp_in.c ****     recv_acked = (tcpwnd_size_t)(recv_acked + next->len);
1115:Middlewares/Third_Party/LwIP/src/core/tcp_in.c ****     tcp_seg_free(next);
ARM GAS  /tmp/ccYvHRO8.s 			page 21


1116:Middlewares/Third_Party/LwIP/src/core/tcp_in.c **** 
1117:Middlewares/Third_Party/LwIP/src/core/tcp_in.c ****     LWIP_DEBUGF(TCP_QLEN_DEBUG, ("%"TCPWNDSIZE_F" (after freeing %s)\n",
1118:Middlewares/Third_Party/LwIP/src/core/tcp_in.c ****                                  (tcpwnd_size_t)pcb->snd_queuelen,
1119:Middlewares/Third_Party/LwIP/src/core/tcp_in.c ****                                  dbg_list_name));
1120:Middlewares/Third_Party/LwIP/src/core/tcp_in.c ****     if (pcb->snd_queuelen != 0) {
1121:Middlewares/Third_Party/LwIP/src/core/tcp_in.c ****       LWIP_ASSERT("tcp_receive: valid queue length",
1122:Middlewares/Third_Party/LwIP/src/core/tcp_in.c ****                   seg_list != NULL || dbg_other_seg_list != NULL);
1123:Middlewares/Third_Party/LwIP/src/core/tcp_in.c ****     }
1124:Middlewares/Third_Party/LwIP/src/core/tcp_in.c ****   }
1125:Middlewares/Third_Party/LwIP/src/core/tcp_in.c ****   return seg_list;
1126:Middlewares/Third_Party/LwIP/src/core/tcp_in.c **** }
1127:Middlewares/Third_Party/LwIP/src/core/tcp_in.c **** 
1128:Middlewares/Third_Party/LwIP/src/core/tcp_in.c **** /**
1129:Middlewares/Third_Party/LwIP/src/core/tcp_in.c ****  * Called by tcp_process. Checks if the given segment is an ACK for outstanding
1130:Middlewares/Third_Party/LwIP/src/core/tcp_in.c ****  * data, and if so frees the memory of the buffered data. Next, it places the
1131:Middlewares/Third_Party/LwIP/src/core/tcp_in.c ****  * segment on any of the receive queues (pcb->recved or pcb->ooseq). If the segment
1132:Middlewares/Third_Party/LwIP/src/core/tcp_in.c ****  * is buffered, the pbuf is referenced by pbuf_ref so that it will not be freed until
1133:Middlewares/Third_Party/LwIP/src/core/tcp_in.c ****  * it has been removed from the buffer.
1134:Middlewares/Third_Party/LwIP/src/core/tcp_in.c ****  *
1135:Middlewares/Third_Party/LwIP/src/core/tcp_in.c ****  * If the incoming segment constitutes an ACK for a segment that was used for RTT
1136:Middlewares/Third_Party/LwIP/src/core/tcp_in.c ****  * estimation, the RTT is estimated here as well.
1137:Middlewares/Third_Party/LwIP/src/core/tcp_in.c ****  *
1138:Middlewares/Third_Party/LwIP/src/core/tcp_in.c ****  * Called from tcp_process().
1139:Middlewares/Third_Party/LwIP/src/core/tcp_in.c ****  */
1140:Middlewares/Third_Party/LwIP/src/core/tcp_in.c **** static void
1141:Middlewares/Third_Party/LwIP/src/core/tcp_in.c **** tcp_receive(struct tcp_pcb *pcb)
1142:Middlewares/Third_Party/LwIP/src/core/tcp_in.c **** {
1143:Middlewares/Third_Party/LwIP/src/core/tcp_in.c ****   s16_t m;
1144:Middlewares/Third_Party/LwIP/src/core/tcp_in.c ****   u32_t right_wnd_edge;
1145:Middlewares/Third_Party/LwIP/src/core/tcp_in.c ****   int found_dupack = 0;
1146:Middlewares/Third_Party/LwIP/src/core/tcp_in.c **** 
1147:Middlewares/Third_Party/LwIP/src/core/tcp_in.c ****   LWIP_ASSERT("tcp_receive: invalid pcb", pcb != NULL);
1148:Middlewares/Third_Party/LwIP/src/core/tcp_in.c ****   LWIP_ASSERT("tcp_receive: wrong state", pcb->state >= ESTABLISHED);
1149:Middlewares/Third_Party/LwIP/src/core/tcp_in.c **** 
1150:Middlewares/Third_Party/LwIP/src/core/tcp_in.c ****   if (flags & TCP_ACK) {
1151:Middlewares/Third_Party/LwIP/src/core/tcp_in.c ****     right_wnd_edge = pcb->snd_wnd + pcb->snd_wl2;
1152:Middlewares/Third_Party/LwIP/src/core/tcp_in.c **** 
1153:Middlewares/Third_Party/LwIP/src/core/tcp_in.c ****     /* Update window. */
1154:Middlewares/Third_Party/LwIP/src/core/tcp_in.c ****     if (TCP_SEQ_LT(pcb->snd_wl1, seqno) ||
1155:Middlewares/Third_Party/LwIP/src/core/tcp_in.c ****         (pcb->snd_wl1 == seqno && TCP_SEQ_LT(pcb->snd_wl2, ackno)) ||
1156:Middlewares/Third_Party/LwIP/src/core/tcp_in.c ****         (pcb->snd_wl2 == ackno && (u32_t)SND_WND_SCALE(pcb, tcphdr->wnd) > pcb->snd_wnd)) {
1157:Middlewares/Third_Party/LwIP/src/core/tcp_in.c ****       pcb->snd_wnd = SND_WND_SCALE(pcb, tcphdr->wnd);
1158:Middlewares/Third_Party/LwIP/src/core/tcp_in.c ****       /* keep track of the biggest window announced by the remote host to calculate
1159:Middlewares/Third_Party/LwIP/src/core/tcp_in.c ****          the maximum segment size */
1160:Middlewares/Third_Party/LwIP/src/core/tcp_in.c ****       if (pcb->snd_wnd_max < pcb->snd_wnd) {
1161:Middlewares/Third_Party/LwIP/src/core/tcp_in.c ****         pcb->snd_wnd_max = pcb->snd_wnd;
1162:Middlewares/Third_Party/LwIP/src/core/tcp_in.c ****       }
1163:Middlewares/Third_Party/LwIP/src/core/tcp_in.c ****       pcb->snd_wl1 = seqno;
1164:Middlewares/Third_Party/LwIP/src/core/tcp_in.c ****       pcb->snd_wl2 = ackno;
1165:Middlewares/Third_Party/LwIP/src/core/tcp_in.c ****       LWIP_DEBUGF(TCP_WND_DEBUG, ("tcp_receive: window update %"TCPWNDSIZE_F"\n", pcb->snd_wnd));
1166:Middlewares/Third_Party/LwIP/src/core/tcp_in.c **** #if TCP_WND_DEBUG
1167:Middlewares/Third_Party/LwIP/src/core/tcp_in.c ****     } else {
1168:Middlewares/Third_Party/LwIP/src/core/tcp_in.c ****       if (pcb->snd_wnd != (tcpwnd_size_t)SND_WND_SCALE(pcb, tcphdr->wnd)) {
1169:Middlewares/Third_Party/LwIP/src/core/tcp_in.c ****         LWIP_DEBUGF(TCP_WND_DEBUG,
1170:Middlewares/Third_Party/LwIP/src/core/tcp_in.c ****                     ("tcp_receive: no window update lastack %"U32_F" ackno %"
1171:Middlewares/Third_Party/LwIP/src/core/tcp_in.c ****                      U32_F" wl1 %"U32_F" seqno %"U32_F" wl2 %"U32_F"\n",
1172:Middlewares/Third_Party/LwIP/src/core/tcp_in.c ****                      pcb->lastack, ackno, pcb->snd_wl1, seqno, pcb->snd_wl2));
ARM GAS  /tmp/ccYvHRO8.s 			page 22


1173:Middlewares/Third_Party/LwIP/src/core/tcp_in.c ****       }
1174:Middlewares/Third_Party/LwIP/src/core/tcp_in.c **** #endif /* TCP_WND_DEBUG */
1175:Middlewares/Third_Party/LwIP/src/core/tcp_in.c ****     }
1176:Middlewares/Third_Party/LwIP/src/core/tcp_in.c **** 
1177:Middlewares/Third_Party/LwIP/src/core/tcp_in.c ****     /* (From Stevens TCP/IP Illustrated Vol II, p970.) Its only a
1178:Middlewares/Third_Party/LwIP/src/core/tcp_in.c ****      * duplicate ack if:
1179:Middlewares/Third_Party/LwIP/src/core/tcp_in.c ****      * 1) It doesn't ACK new data
1180:Middlewares/Third_Party/LwIP/src/core/tcp_in.c ****      * 2) length of received packet is zero (i.e. no payload)
1181:Middlewares/Third_Party/LwIP/src/core/tcp_in.c ****      * 3) the advertised window hasn't changed
1182:Middlewares/Third_Party/LwIP/src/core/tcp_in.c ****      * 4) There is outstanding unacknowledged data (retransmission timer running)
1183:Middlewares/Third_Party/LwIP/src/core/tcp_in.c ****      * 5) The ACK is == biggest ACK sequence number so far seen (snd_una)
1184:Middlewares/Third_Party/LwIP/src/core/tcp_in.c ****      *
1185:Middlewares/Third_Party/LwIP/src/core/tcp_in.c ****      * If it passes all five, should process as a dupack:
1186:Middlewares/Third_Party/LwIP/src/core/tcp_in.c ****      * a) dupacks < 3: do nothing
1187:Middlewares/Third_Party/LwIP/src/core/tcp_in.c ****      * b) dupacks == 3: fast retransmit
1188:Middlewares/Third_Party/LwIP/src/core/tcp_in.c ****      * c) dupacks > 3: increase cwnd
1189:Middlewares/Third_Party/LwIP/src/core/tcp_in.c ****      *
1190:Middlewares/Third_Party/LwIP/src/core/tcp_in.c ****      * If it only passes 1-3, should reset dupack counter (and add to
1191:Middlewares/Third_Party/LwIP/src/core/tcp_in.c ****      * stats, which we don't do in lwIP)
1192:Middlewares/Third_Party/LwIP/src/core/tcp_in.c ****      *
1193:Middlewares/Third_Party/LwIP/src/core/tcp_in.c ****      * If it only passes 1, should reset dupack counter
1194:Middlewares/Third_Party/LwIP/src/core/tcp_in.c ****      *
1195:Middlewares/Third_Party/LwIP/src/core/tcp_in.c ****      */
1196:Middlewares/Third_Party/LwIP/src/core/tcp_in.c **** 
1197:Middlewares/Third_Party/LwIP/src/core/tcp_in.c ****     /* Clause 1 */
1198:Middlewares/Third_Party/LwIP/src/core/tcp_in.c ****     if (TCP_SEQ_LEQ(ackno, pcb->lastack)) {
1199:Middlewares/Third_Party/LwIP/src/core/tcp_in.c ****       /* Clause 2 */
1200:Middlewares/Third_Party/LwIP/src/core/tcp_in.c ****       if (tcplen == 0) {
1201:Middlewares/Third_Party/LwIP/src/core/tcp_in.c ****         /* Clause 3 */
1202:Middlewares/Third_Party/LwIP/src/core/tcp_in.c ****         if (pcb->snd_wl2 + pcb->snd_wnd == right_wnd_edge) {
1203:Middlewares/Third_Party/LwIP/src/core/tcp_in.c ****           /* Clause 4 */
1204:Middlewares/Third_Party/LwIP/src/core/tcp_in.c ****           if (pcb->rtime >= 0) {
1205:Middlewares/Third_Party/LwIP/src/core/tcp_in.c ****             /* Clause 5 */
1206:Middlewares/Third_Party/LwIP/src/core/tcp_in.c ****             if (pcb->lastack == ackno) {
1207:Middlewares/Third_Party/LwIP/src/core/tcp_in.c ****               found_dupack = 1;
1208:Middlewares/Third_Party/LwIP/src/core/tcp_in.c ****               if ((u8_t)(pcb->dupacks + 1) > pcb->dupacks) {
1209:Middlewares/Third_Party/LwIP/src/core/tcp_in.c ****                 ++pcb->dupacks;
1210:Middlewares/Third_Party/LwIP/src/core/tcp_in.c ****               }
1211:Middlewares/Third_Party/LwIP/src/core/tcp_in.c ****               if (pcb->dupacks > 3) {
1212:Middlewares/Third_Party/LwIP/src/core/tcp_in.c ****                 /* Inflate the congestion window */
1213:Middlewares/Third_Party/LwIP/src/core/tcp_in.c ****                 TCP_WND_INC(pcb->cwnd, pcb->mss);
1214:Middlewares/Third_Party/LwIP/src/core/tcp_in.c ****               }
1215:Middlewares/Third_Party/LwIP/src/core/tcp_in.c ****               if (pcb->dupacks >= 3) {
1216:Middlewares/Third_Party/LwIP/src/core/tcp_in.c ****                 /* Do fast retransmit (checked via TF_INFR, not via dupacks count) */
1217:Middlewares/Third_Party/LwIP/src/core/tcp_in.c ****                 tcp_rexmit_fast(pcb);
1218:Middlewares/Third_Party/LwIP/src/core/tcp_in.c ****               }
1219:Middlewares/Third_Party/LwIP/src/core/tcp_in.c ****             }
1220:Middlewares/Third_Party/LwIP/src/core/tcp_in.c ****           }
1221:Middlewares/Third_Party/LwIP/src/core/tcp_in.c ****         }
1222:Middlewares/Third_Party/LwIP/src/core/tcp_in.c ****       }
1223:Middlewares/Third_Party/LwIP/src/core/tcp_in.c ****       /* If Clause (1) or more is true, but not a duplicate ack, reset
1224:Middlewares/Third_Party/LwIP/src/core/tcp_in.c ****        * count of consecutive duplicate acks */
1225:Middlewares/Third_Party/LwIP/src/core/tcp_in.c ****       if (!found_dupack) {
1226:Middlewares/Third_Party/LwIP/src/core/tcp_in.c ****         pcb->dupacks = 0;
1227:Middlewares/Third_Party/LwIP/src/core/tcp_in.c ****       }
1228:Middlewares/Third_Party/LwIP/src/core/tcp_in.c ****     } else if (TCP_SEQ_BETWEEN(ackno, pcb->lastack + 1, pcb->snd_nxt)) {
1229:Middlewares/Third_Party/LwIP/src/core/tcp_in.c ****       /* We come here when the ACK acknowledges new data. */
ARM GAS  /tmp/ccYvHRO8.s 			page 23


1230:Middlewares/Third_Party/LwIP/src/core/tcp_in.c ****       tcpwnd_size_t acked;
1231:Middlewares/Third_Party/LwIP/src/core/tcp_in.c **** 
1232:Middlewares/Third_Party/LwIP/src/core/tcp_in.c ****       /* Reset the "IN Fast Retransmit" flag, since we are no longer
1233:Middlewares/Third_Party/LwIP/src/core/tcp_in.c ****          in fast retransmit. Also reset the congestion window to the
1234:Middlewares/Third_Party/LwIP/src/core/tcp_in.c ****          slow start threshold. */
1235:Middlewares/Third_Party/LwIP/src/core/tcp_in.c ****       if (pcb->flags & TF_INFR) {
1236:Middlewares/Third_Party/LwIP/src/core/tcp_in.c ****         tcp_clear_flags(pcb, TF_INFR);
1237:Middlewares/Third_Party/LwIP/src/core/tcp_in.c ****         pcb->cwnd = pcb->ssthresh;
1238:Middlewares/Third_Party/LwIP/src/core/tcp_in.c ****         pcb->bytes_acked = 0;
1239:Middlewares/Third_Party/LwIP/src/core/tcp_in.c ****       }
1240:Middlewares/Third_Party/LwIP/src/core/tcp_in.c **** 
1241:Middlewares/Third_Party/LwIP/src/core/tcp_in.c ****       /* Reset the number of retransmissions. */
1242:Middlewares/Third_Party/LwIP/src/core/tcp_in.c ****       pcb->nrtx = 0;
1243:Middlewares/Third_Party/LwIP/src/core/tcp_in.c **** 
1244:Middlewares/Third_Party/LwIP/src/core/tcp_in.c ****       /* Reset the retransmission time-out. */
1245:Middlewares/Third_Party/LwIP/src/core/tcp_in.c ****       pcb->rto = (s16_t)((pcb->sa >> 3) + pcb->sv);
1246:Middlewares/Third_Party/LwIP/src/core/tcp_in.c **** 
1247:Middlewares/Third_Party/LwIP/src/core/tcp_in.c ****       /* Record how much data this ACK acks */
1248:Middlewares/Third_Party/LwIP/src/core/tcp_in.c ****       acked = (tcpwnd_size_t)(ackno - pcb->lastack);
1249:Middlewares/Third_Party/LwIP/src/core/tcp_in.c **** 
1250:Middlewares/Third_Party/LwIP/src/core/tcp_in.c ****       /* Reset the fast retransmit variables. */
1251:Middlewares/Third_Party/LwIP/src/core/tcp_in.c ****       pcb->dupacks = 0;
1252:Middlewares/Third_Party/LwIP/src/core/tcp_in.c ****       pcb->lastack = ackno;
1253:Middlewares/Third_Party/LwIP/src/core/tcp_in.c **** 
1254:Middlewares/Third_Party/LwIP/src/core/tcp_in.c ****       /* Update the congestion control variables (cwnd and
1255:Middlewares/Third_Party/LwIP/src/core/tcp_in.c ****          ssthresh). */
1256:Middlewares/Third_Party/LwIP/src/core/tcp_in.c ****       if (pcb->state >= ESTABLISHED) {
1257:Middlewares/Third_Party/LwIP/src/core/tcp_in.c ****         if (pcb->cwnd < pcb->ssthresh) {
1258:Middlewares/Third_Party/LwIP/src/core/tcp_in.c ****           tcpwnd_size_t increase;
1259:Middlewares/Third_Party/LwIP/src/core/tcp_in.c ****           /* limit to 1 SMSS segment during period following RTO */
1260:Middlewares/Third_Party/LwIP/src/core/tcp_in.c ****           u8_t num_seg = (pcb->flags & TF_RTO) ? 1 : 2;
1261:Middlewares/Third_Party/LwIP/src/core/tcp_in.c ****           /* RFC 3465, section 2.2 Slow Start */
1262:Middlewares/Third_Party/LwIP/src/core/tcp_in.c ****           increase = LWIP_MIN(acked, (tcpwnd_size_t)(num_seg * pcb->mss));
1263:Middlewares/Third_Party/LwIP/src/core/tcp_in.c ****           TCP_WND_INC(pcb->cwnd, increase);
1264:Middlewares/Third_Party/LwIP/src/core/tcp_in.c ****           LWIP_DEBUGF(TCP_CWND_DEBUG, ("tcp_receive: slow start cwnd %"TCPWNDSIZE_F"\n", pcb->cwnd)
1265:Middlewares/Third_Party/LwIP/src/core/tcp_in.c ****         } else {
1266:Middlewares/Third_Party/LwIP/src/core/tcp_in.c ****           /* RFC 3465, section 2.1 Congestion Avoidance */
1267:Middlewares/Third_Party/LwIP/src/core/tcp_in.c ****           TCP_WND_INC(pcb->bytes_acked, acked);
1268:Middlewares/Third_Party/LwIP/src/core/tcp_in.c ****           if (pcb->bytes_acked >= pcb->cwnd) {
1269:Middlewares/Third_Party/LwIP/src/core/tcp_in.c ****             pcb->bytes_acked = (tcpwnd_size_t)(pcb->bytes_acked - pcb->cwnd);
1270:Middlewares/Third_Party/LwIP/src/core/tcp_in.c ****             TCP_WND_INC(pcb->cwnd, pcb->mss);
1271:Middlewares/Third_Party/LwIP/src/core/tcp_in.c ****           }
1272:Middlewares/Third_Party/LwIP/src/core/tcp_in.c ****           LWIP_DEBUGF(TCP_CWND_DEBUG, ("tcp_receive: congestion avoidance cwnd %"TCPWNDSIZE_F"\n", 
1273:Middlewares/Third_Party/LwIP/src/core/tcp_in.c ****         }
1274:Middlewares/Third_Party/LwIP/src/core/tcp_in.c ****       }
1275:Middlewares/Third_Party/LwIP/src/core/tcp_in.c ****       LWIP_DEBUGF(TCP_INPUT_DEBUG, ("tcp_receive: ACK for %"U32_F", unacked->seqno %"U32_F":%"U32_F
1276:Middlewares/Third_Party/LwIP/src/core/tcp_in.c ****                                     ackno,
1277:Middlewares/Third_Party/LwIP/src/core/tcp_in.c ****                                     pcb->unacked != NULL ?
1278:Middlewares/Third_Party/LwIP/src/core/tcp_in.c ****                                     lwip_ntohl(pcb->unacked->tcphdr->seqno) : 0,
1279:Middlewares/Third_Party/LwIP/src/core/tcp_in.c ****                                     pcb->unacked != NULL ?
1280:Middlewares/Third_Party/LwIP/src/core/tcp_in.c ****                                     lwip_ntohl(pcb->unacked->tcphdr->seqno) + TCP_TCPLEN(pcb->unack
1281:Middlewares/Third_Party/LwIP/src/core/tcp_in.c **** 
1282:Middlewares/Third_Party/LwIP/src/core/tcp_in.c ****       /* Remove segment from the unacknowledged list if the incoming
1283:Middlewares/Third_Party/LwIP/src/core/tcp_in.c ****          ACK acknowledges them. */
1284:Middlewares/Third_Party/LwIP/src/core/tcp_in.c ****       pcb->unacked = tcp_free_acked_segments(pcb, pcb->unacked, "unacked", pcb->unsent);
1285:Middlewares/Third_Party/LwIP/src/core/tcp_in.c ****       /* We go through the ->unsent list to see if any of the segments
1286:Middlewares/Third_Party/LwIP/src/core/tcp_in.c ****          on the list are acknowledged by the ACK. This may seem
ARM GAS  /tmp/ccYvHRO8.s 			page 24


1287:Middlewares/Third_Party/LwIP/src/core/tcp_in.c ****          strange since an "unsent" segment shouldn't be acked. The
1288:Middlewares/Third_Party/LwIP/src/core/tcp_in.c ****          rationale is that lwIP puts all outstanding segments on the
1289:Middlewares/Third_Party/LwIP/src/core/tcp_in.c ****          ->unsent list after a retransmission, so these segments may
1290:Middlewares/Third_Party/LwIP/src/core/tcp_in.c ****          in fact have been sent once. */
1291:Middlewares/Third_Party/LwIP/src/core/tcp_in.c ****       pcb->unsent = tcp_free_acked_segments(pcb, pcb->unsent, "unsent", pcb->unacked);
1292:Middlewares/Third_Party/LwIP/src/core/tcp_in.c **** 
1293:Middlewares/Third_Party/LwIP/src/core/tcp_in.c ****       /* If there's nothing left to acknowledge, stop the retransmit
1294:Middlewares/Third_Party/LwIP/src/core/tcp_in.c ****          timer, otherwise reset it to start again */
1295:Middlewares/Third_Party/LwIP/src/core/tcp_in.c ****       if (pcb->unacked == NULL) {
1296:Middlewares/Third_Party/LwIP/src/core/tcp_in.c ****         pcb->rtime = -1;
1297:Middlewares/Third_Party/LwIP/src/core/tcp_in.c ****       } else {
1298:Middlewares/Third_Party/LwIP/src/core/tcp_in.c ****         pcb->rtime = 0;
1299:Middlewares/Third_Party/LwIP/src/core/tcp_in.c ****       }
1300:Middlewares/Third_Party/LwIP/src/core/tcp_in.c **** 
1301:Middlewares/Third_Party/LwIP/src/core/tcp_in.c ****       pcb->polltmr = 0;
1302:Middlewares/Third_Party/LwIP/src/core/tcp_in.c **** 
1303:Middlewares/Third_Party/LwIP/src/core/tcp_in.c **** #if TCP_OVERSIZE
1304:Middlewares/Third_Party/LwIP/src/core/tcp_in.c ****       if (pcb->unsent == NULL) {
1305:Middlewares/Third_Party/LwIP/src/core/tcp_in.c ****         pcb->unsent_oversize = 0;
1306:Middlewares/Third_Party/LwIP/src/core/tcp_in.c ****       }
1307:Middlewares/Third_Party/LwIP/src/core/tcp_in.c **** #endif /* TCP_OVERSIZE */
1308:Middlewares/Third_Party/LwIP/src/core/tcp_in.c **** 
1309:Middlewares/Third_Party/LwIP/src/core/tcp_in.c **** #if LWIP_IPV6 && LWIP_ND6_TCP_REACHABILITY_HINTS
1310:Middlewares/Third_Party/LwIP/src/core/tcp_in.c ****       if (ip_current_is_v6()) {
1311:Middlewares/Third_Party/LwIP/src/core/tcp_in.c ****         /* Inform neighbor reachability of forward progress. */
1312:Middlewares/Third_Party/LwIP/src/core/tcp_in.c ****         nd6_reachability_hint(ip6_current_src_addr());
1313:Middlewares/Third_Party/LwIP/src/core/tcp_in.c ****       }
1314:Middlewares/Third_Party/LwIP/src/core/tcp_in.c **** #endif /* LWIP_IPV6 && LWIP_ND6_TCP_REACHABILITY_HINTS*/
1315:Middlewares/Third_Party/LwIP/src/core/tcp_in.c **** 
1316:Middlewares/Third_Party/LwIP/src/core/tcp_in.c ****       pcb->snd_buf = (tcpwnd_size_t)(pcb->snd_buf + recv_acked);
1317:Middlewares/Third_Party/LwIP/src/core/tcp_in.c ****       /* check if this ACK ends our retransmission of in-flight data */
1318:Middlewares/Third_Party/LwIP/src/core/tcp_in.c ****       if (pcb->flags & TF_RTO) {
1319:Middlewares/Third_Party/LwIP/src/core/tcp_in.c ****         /* RTO is done if
1320:Middlewares/Third_Party/LwIP/src/core/tcp_in.c ****             1) both queues are empty or
1321:Middlewares/Third_Party/LwIP/src/core/tcp_in.c ****             2) unacked is empty and unsent head contains data not part of RTO or
1322:Middlewares/Third_Party/LwIP/src/core/tcp_in.c ****             3) unacked head contains data not part of RTO */
1323:Middlewares/Third_Party/LwIP/src/core/tcp_in.c ****         if (pcb->unacked == NULL) {
1324:Middlewares/Third_Party/LwIP/src/core/tcp_in.c ****           if ((pcb->unsent == NULL) ||
1325:Middlewares/Third_Party/LwIP/src/core/tcp_in.c ****               (TCP_SEQ_LEQ(pcb->rto_end, lwip_ntohl(pcb->unsent->tcphdr->seqno)))) {
1326:Middlewares/Third_Party/LwIP/src/core/tcp_in.c ****             tcp_clear_flags(pcb, TF_RTO);
1327:Middlewares/Third_Party/LwIP/src/core/tcp_in.c ****           }
1328:Middlewares/Third_Party/LwIP/src/core/tcp_in.c ****         } else if (TCP_SEQ_LEQ(pcb->rto_end, lwip_ntohl(pcb->unacked->tcphdr->seqno))) {
1329:Middlewares/Third_Party/LwIP/src/core/tcp_in.c ****           tcp_clear_flags(pcb, TF_RTO);
1330:Middlewares/Third_Party/LwIP/src/core/tcp_in.c ****         }
1331:Middlewares/Third_Party/LwIP/src/core/tcp_in.c ****       }
1332:Middlewares/Third_Party/LwIP/src/core/tcp_in.c ****       /* End of ACK for new data processing. */
1333:Middlewares/Third_Party/LwIP/src/core/tcp_in.c ****     } else {
1334:Middlewares/Third_Party/LwIP/src/core/tcp_in.c ****       /* Out of sequence ACK, didn't really ack anything */
1335:Middlewares/Third_Party/LwIP/src/core/tcp_in.c ****       tcp_send_empty_ack(pcb);
1336:Middlewares/Third_Party/LwIP/src/core/tcp_in.c ****     }
1337:Middlewares/Third_Party/LwIP/src/core/tcp_in.c **** 
1338:Middlewares/Third_Party/LwIP/src/core/tcp_in.c ****     LWIP_DEBUGF(TCP_RTO_DEBUG, ("tcp_receive: pcb->rttest %"U32_F" rtseq %"U32_F" ackno %"U32_F"\n"
1339:Middlewares/Third_Party/LwIP/src/core/tcp_in.c ****                                 pcb->rttest, pcb->rtseq, ackno));
1340:Middlewares/Third_Party/LwIP/src/core/tcp_in.c **** 
1341:Middlewares/Third_Party/LwIP/src/core/tcp_in.c ****     /* RTT estimation calculations. This is done by checking if the
1342:Middlewares/Third_Party/LwIP/src/core/tcp_in.c ****        incoming segment acknowledges the segment we use to take a
1343:Middlewares/Third_Party/LwIP/src/core/tcp_in.c ****        round-trip time measurement. */
ARM GAS  /tmp/ccYvHRO8.s 			page 25


1344:Middlewares/Third_Party/LwIP/src/core/tcp_in.c ****     if (pcb->rttest && TCP_SEQ_LT(pcb->rtseq, ackno)) {
1345:Middlewares/Third_Party/LwIP/src/core/tcp_in.c ****       /* diff between this shouldn't exceed 32K since this are tcp timer ticks
1346:Middlewares/Third_Party/LwIP/src/core/tcp_in.c ****          and a round-trip shouldn't be that long... */
1347:Middlewares/Third_Party/LwIP/src/core/tcp_in.c ****       m = (s16_t)(tcp_ticks - pcb->rttest);
1348:Middlewares/Third_Party/LwIP/src/core/tcp_in.c **** 
1349:Middlewares/Third_Party/LwIP/src/core/tcp_in.c ****       LWIP_DEBUGF(TCP_RTO_DEBUG, ("tcp_receive: experienced rtt %"U16_F" ticks (%"U16_F" msec).\n",
1350:Middlewares/Third_Party/LwIP/src/core/tcp_in.c ****                                   m, (u16_t)(m * TCP_SLOW_INTERVAL)));
1351:Middlewares/Third_Party/LwIP/src/core/tcp_in.c **** 
1352:Middlewares/Third_Party/LwIP/src/core/tcp_in.c ****       /* This is taken directly from VJs original code in his paper */
1353:Middlewares/Third_Party/LwIP/src/core/tcp_in.c ****       m = (s16_t)(m - (pcb->sa >> 3));
1354:Middlewares/Third_Party/LwIP/src/core/tcp_in.c ****       pcb->sa = (s16_t)(pcb->sa + m);
1355:Middlewares/Third_Party/LwIP/src/core/tcp_in.c ****       if (m < 0) {
1356:Middlewares/Third_Party/LwIP/src/core/tcp_in.c ****         m = (s16_t) - m;
1357:Middlewares/Third_Party/LwIP/src/core/tcp_in.c ****       }
1358:Middlewares/Third_Party/LwIP/src/core/tcp_in.c ****       m = (s16_t)(m - (pcb->sv >> 2));
1359:Middlewares/Third_Party/LwIP/src/core/tcp_in.c ****       pcb->sv = (s16_t)(pcb->sv + m);
1360:Middlewares/Third_Party/LwIP/src/core/tcp_in.c ****       pcb->rto = (s16_t)((pcb->sa >> 3) + pcb->sv);
1361:Middlewares/Third_Party/LwIP/src/core/tcp_in.c **** 
1362:Middlewares/Third_Party/LwIP/src/core/tcp_in.c ****       LWIP_DEBUGF(TCP_RTO_DEBUG, ("tcp_receive: RTO %"U16_F" (%"U16_F" milliseconds)\n",
1363:Middlewares/Third_Party/LwIP/src/core/tcp_in.c ****                                   pcb->rto, (u16_t)(pcb->rto * TCP_SLOW_INTERVAL)));
1364:Middlewares/Third_Party/LwIP/src/core/tcp_in.c **** 
1365:Middlewares/Third_Party/LwIP/src/core/tcp_in.c ****       pcb->rttest = 0;
1366:Middlewares/Third_Party/LwIP/src/core/tcp_in.c ****     }
1367:Middlewares/Third_Party/LwIP/src/core/tcp_in.c ****   }
1368:Middlewares/Third_Party/LwIP/src/core/tcp_in.c **** 
1369:Middlewares/Third_Party/LwIP/src/core/tcp_in.c ****   /* If the incoming segment contains data, we must process it
1370:Middlewares/Third_Party/LwIP/src/core/tcp_in.c ****      further unless the pcb already received a FIN.
1371:Middlewares/Third_Party/LwIP/src/core/tcp_in.c ****      (RFC 793, chapter 3.9, "SEGMENT ARRIVES" in states CLOSE-WAIT, CLOSING,
1372:Middlewares/Third_Party/LwIP/src/core/tcp_in.c ****      LAST-ACK and TIME-WAIT: "Ignore the segment text.") */
1373:Middlewares/Third_Party/LwIP/src/core/tcp_in.c ****   if ((tcplen > 0) && (pcb->state < CLOSE_WAIT)) {
1374:Middlewares/Third_Party/LwIP/src/core/tcp_in.c ****     /* This code basically does three things:
1375:Middlewares/Third_Party/LwIP/src/core/tcp_in.c **** 
1376:Middlewares/Third_Party/LwIP/src/core/tcp_in.c ****     +) If the incoming segment contains data that is the next
1377:Middlewares/Third_Party/LwIP/src/core/tcp_in.c ****     in-sequence data, this data is passed to the application. This
1378:Middlewares/Third_Party/LwIP/src/core/tcp_in.c ****     might involve trimming the first edge of the data. The rcv_nxt
1379:Middlewares/Third_Party/LwIP/src/core/tcp_in.c ****     variable and the advertised window are adjusted.
1380:Middlewares/Third_Party/LwIP/src/core/tcp_in.c **** 
1381:Middlewares/Third_Party/LwIP/src/core/tcp_in.c ****     +) If the incoming segment has data that is above the next
1382:Middlewares/Third_Party/LwIP/src/core/tcp_in.c ****     sequence number expected (->rcv_nxt), the segment is placed on
1383:Middlewares/Third_Party/LwIP/src/core/tcp_in.c ****     the ->ooseq queue. This is done by finding the appropriate
1384:Middlewares/Third_Party/LwIP/src/core/tcp_in.c ****     place in the ->ooseq queue (which is ordered by sequence
1385:Middlewares/Third_Party/LwIP/src/core/tcp_in.c ****     number) and trim the segment in both ends if needed. An
1386:Middlewares/Third_Party/LwIP/src/core/tcp_in.c ****     immediate ACK is sent to indicate that we received an
1387:Middlewares/Third_Party/LwIP/src/core/tcp_in.c ****     out-of-sequence segment.
1388:Middlewares/Third_Party/LwIP/src/core/tcp_in.c **** 
1389:Middlewares/Third_Party/LwIP/src/core/tcp_in.c ****     +) Finally, we check if the first segment on the ->ooseq queue
1390:Middlewares/Third_Party/LwIP/src/core/tcp_in.c ****     now is in sequence (i.e., if rcv_nxt >= ooseq->seqno). If
1391:Middlewares/Third_Party/LwIP/src/core/tcp_in.c ****     rcv_nxt > ooseq->seqno, we must trim the first edge of the
1392:Middlewares/Third_Party/LwIP/src/core/tcp_in.c ****     segment on ->ooseq before we adjust rcv_nxt. The data in the
1393:Middlewares/Third_Party/LwIP/src/core/tcp_in.c ****     segments that are now on sequence are chained onto the
1394:Middlewares/Third_Party/LwIP/src/core/tcp_in.c ****     incoming segment so that we only need to call the application
1395:Middlewares/Third_Party/LwIP/src/core/tcp_in.c ****     once.
1396:Middlewares/Third_Party/LwIP/src/core/tcp_in.c ****     */
1397:Middlewares/Third_Party/LwIP/src/core/tcp_in.c **** 
1398:Middlewares/Third_Party/LwIP/src/core/tcp_in.c ****     /* First, we check if we must trim the first edge. We have to do
1399:Middlewares/Third_Party/LwIP/src/core/tcp_in.c ****        this if the sequence number of the incoming segment is less
1400:Middlewares/Third_Party/LwIP/src/core/tcp_in.c ****        than rcv_nxt, and the sequence number plus the length of the
ARM GAS  /tmp/ccYvHRO8.s 			page 26


1401:Middlewares/Third_Party/LwIP/src/core/tcp_in.c ****        segment is larger than rcv_nxt. */
1402:Middlewares/Third_Party/LwIP/src/core/tcp_in.c ****     /*    if (TCP_SEQ_LT(seqno, pcb->rcv_nxt)) {
1403:Middlewares/Third_Party/LwIP/src/core/tcp_in.c ****           if (TCP_SEQ_LT(pcb->rcv_nxt, seqno + tcplen)) {*/
1404:Middlewares/Third_Party/LwIP/src/core/tcp_in.c ****     if (TCP_SEQ_BETWEEN(pcb->rcv_nxt, seqno + 1, seqno + tcplen - 1)) {
1405:Middlewares/Third_Party/LwIP/src/core/tcp_in.c ****       /* Trimming the first edge is done by pushing the payload
1406:Middlewares/Third_Party/LwIP/src/core/tcp_in.c ****          pointer in the pbuf downwards. This is somewhat tricky since
1407:Middlewares/Third_Party/LwIP/src/core/tcp_in.c ****          we do not want to discard the full contents of the pbuf up to
1408:Middlewares/Third_Party/LwIP/src/core/tcp_in.c ****          the new starting point of the data since we have to keep the
1409:Middlewares/Third_Party/LwIP/src/core/tcp_in.c ****          TCP header which is present in the first pbuf in the chain.
1410:Middlewares/Third_Party/LwIP/src/core/tcp_in.c **** 
1411:Middlewares/Third_Party/LwIP/src/core/tcp_in.c ****          What is done is really quite a nasty hack: the first pbuf in
1412:Middlewares/Third_Party/LwIP/src/core/tcp_in.c ****          the pbuf chain is pointed to by inseg.p. Since we need to be
1413:Middlewares/Third_Party/LwIP/src/core/tcp_in.c ****          able to deallocate the whole pbuf, we cannot change this
1414:Middlewares/Third_Party/LwIP/src/core/tcp_in.c ****          inseg.p pointer to point to any of the later pbufs in the
1415:Middlewares/Third_Party/LwIP/src/core/tcp_in.c ****          chain. Instead, we point the ->payload pointer in the first
1416:Middlewares/Third_Party/LwIP/src/core/tcp_in.c ****          pbuf to data in one of the later pbufs. We also set the
1417:Middlewares/Third_Party/LwIP/src/core/tcp_in.c ****          inseg.data pointer to point to the right place. This way, the
1418:Middlewares/Third_Party/LwIP/src/core/tcp_in.c ****          ->p pointer will still point to the first pbuf, but the
1419:Middlewares/Third_Party/LwIP/src/core/tcp_in.c ****          ->p->payload pointer will point to data in another pbuf.
1420:Middlewares/Third_Party/LwIP/src/core/tcp_in.c **** 
1421:Middlewares/Third_Party/LwIP/src/core/tcp_in.c ****          After we are done with adjusting the pbuf pointers we must
1422:Middlewares/Third_Party/LwIP/src/core/tcp_in.c ****          adjust the ->data pointer in the seg and the segment
1423:Middlewares/Third_Party/LwIP/src/core/tcp_in.c ****          length.*/
1424:Middlewares/Third_Party/LwIP/src/core/tcp_in.c **** 
1425:Middlewares/Third_Party/LwIP/src/core/tcp_in.c ****       struct pbuf *p = inseg.p;
1426:Middlewares/Third_Party/LwIP/src/core/tcp_in.c ****       u32_t off32 = pcb->rcv_nxt - seqno;
1427:Middlewares/Third_Party/LwIP/src/core/tcp_in.c ****       u16_t new_tot_len, off;
1428:Middlewares/Third_Party/LwIP/src/core/tcp_in.c ****       LWIP_ASSERT("inseg.p != NULL", inseg.p);
1429:Middlewares/Third_Party/LwIP/src/core/tcp_in.c ****       LWIP_ASSERT("insane offset!", (off32 < 0xffff));
1430:Middlewares/Third_Party/LwIP/src/core/tcp_in.c ****       off = (u16_t)off32;
1431:Middlewares/Third_Party/LwIP/src/core/tcp_in.c ****       LWIP_ASSERT("pbuf too short!", (((s32_t)inseg.p->tot_len) >= off));
1432:Middlewares/Third_Party/LwIP/src/core/tcp_in.c ****       inseg.len -= off;
1433:Middlewares/Third_Party/LwIP/src/core/tcp_in.c ****       new_tot_len = (u16_t)(inseg.p->tot_len - off);
1434:Middlewares/Third_Party/LwIP/src/core/tcp_in.c ****       while (p->len < off) {
1435:Middlewares/Third_Party/LwIP/src/core/tcp_in.c ****         off -= p->len;
1436:Middlewares/Third_Party/LwIP/src/core/tcp_in.c ****         /* all pbufs up to and including this one have len==0, so tot_len is equal */
1437:Middlewares/Third_Party/LwIP/src/core/tcp_in.c ****         p->tot_len = new_tot_len;
1438:Middlewares/Third_Party/LwIP/src/core/tcp_in.c ****         p->len = 0;
1439:Middlewares/Third_Party/LwIP/src/core/tcp_in.c ****         p = p->next;
1440:Middlewares/Third_Party/LwIP/src/core/tcp_in.c ****       }
1441:Middlewares/Third_Party/LwIP/src/core/tcp_in.c ****       /* cannot fail... */
1442:Middlewares/Third_Party/LwIP/src/core/tcp_in.c ****       pbuf_remove_header(p, off);
1443:Middlewares/Third_Party/LwIP/src/core/tcp_in.c ****       inseg.tcphdr->seqno = seqno = pcb->rcv_nxt;
1444:Middlewares/Third_Party/LwIP/src/core/tcp_in.c ****     } else {
1445:Middlewares/Third_Party/LwIP/src/core/tcp_in.c ****       if (TCP_SEQ_LT(seqno, pcb->rcv_nxt)) {
1446:Middlewares/Third_Party/LwIP/src/core/tcp_in.c ****         /* the whole segment is < rcv_nxt */
1447:Middlewares/Third_Party/LwIP/src/core/tcp_in.c ****         /* must be a duplicate of a packet that has already been correctly handled */
1448:Middlewares/Third_Party/LwIP/src/core/tcp_in.c **** 
1449:Middlewares/Third_Party/LwIP/src/core/tcp_in.c ****         LWIP_DEBUGF(TCP_INPUT_DEBUG, ("tcp_receive: duplicate seqno %"U32_F"\n", seqno));
1450:Middlewares/Third_Party/LwIP/src/core/tcp_in.c ****         tcp_ack_now(pcb);
1451:Middlewares/Third_Party/LwIP/src/core/tcp_in.c ****       }
1452:Middlewares/Third_Party/LwIP/src/core/tcp_in.c ****     }
1453:Middlewares/Third_Party/LwIP/src/core/tcp_in.c **** 
1454:Middlewares/Third_Party/LwIP/src/core/tcp_in.c ****     /* The sequence number must be within the window (above rcv_nxt
1455:Middlewares/Third_Party/LwIP/src/core/tcp_in.c ****        and below rcv_nxt + rcv_wnd) in order to be further
1456:Middlewares/Third_Party/LwIP/src/core/tcp_in.c ****        processed. */
1457:Middlewares/Third_Party/LwIP/src/core/tcp_in.c ****     if (TCP_SEQ_BETWEEN(seqno, pcb->rcv_nxt,
ARM GAS  /tmp/ccYvHRO8.s 			page 27


1458:Middlewares/Third_Party/LwIP/src/core/tcp_in.c ****                         pcb->rcv_nxt + pcb->rcv_wnd - 1)) {
1459:Middlewares/Third_Party/LwIP/src/core/tcp_in.c ****       if (pcb->rcv_nxt == seqno) {
1460:Middlewares/Third_Party/LwIP/src/core/tcp_in.c ****         /* The incoming segment is the next in sequence. We check if
1461:Middlewares/Third_Party/LwIP/src/core/tcp_in.c ****            we have to trim the end of the segment and update rcv_nxt
1462:Middlewares/Third_Party/LwIP/src/core/tcp_in.c ****            and pass the data to the application. */
1463:Middlewares/Third_Party/LwIP/src/core/tcp_in.c ****         tcplen = TCP_TCPLEN(&inseg);
1464:Middlewares/Third_Party/LwIP/src/core/tcp_in.c **** 
1465:Middlewares/Third_Party/LwIP/src/core/tcp_in.c ****         if (tcplen > pcb->rcv_wnd) {
1466:Middlewares/Third_Party/LwIP/src/core/tcp_in.c ****           LWIP_DEBUGF(TCP_INPUT_DEBUG,
1467:Middlewares/Third_Party/LwIP/src/core/tcp_in.c ****                       ("tcp_receive: other end overran receive window"
1468:Middlewares/Third_Party/LwIP/src/core/tcp_in.c ****                        "seqno %"U32_F" len %"U16_F" right edge %"U32_F"\n",
1469:Middlewares/Third_Party/LwIP/src/core/tcp_in.c ****                        seqno, tcplen, pcb->rcv_nxt + pcb->rcv_wnd));
1470:Middlewares/Third_Party/LwIP/src/core/tcp_in.c ****           if (TCPH_FLAGS(inseg.tcphdr) & TCP_FIN) {
1471:Middlewares/Third_Party/LwIP/src/core/tcp_in.c ****             /* Must remove the FIN from the header as we're trimming
1472:Middlewares/Third_Party/LwIP/src/core/tcp_in.c ****              * that byte of sequence-space from the packet */
1473:Middlewares/Third_Party/LwIP/src/core/tcp_in.c ****             TCPH_FLAGS_SET(inseg.tcphdr, TCPH_FLAGS(inseg.tcphdr) & ~(unsigned int)TCP_FIN);
1474:Middlewares/Third_Party/LwIP/src/core/tcp_in.c ****           }
1475:Middlewares/Third_Party/LwIP/src/core/tcp_in.c ****           /* Adjust length of segment to fit in the window. */
1476:Middlewares/Third_Party/LwIP/src/core/tcp_in.c ****           TCPWND_CHECK16(pcb->rcv_wnd);
1477:Middlewares/Third_Party/LwIP/src/core/tcp_in.c ****           inseg.len = (u16_t)pcb->rcv_wnd;
1478:Middlewares/Third_Party/LwIP/src/core/tcp_in.c ****           if (TCPH_FLAGS(inseg.tcphdr) & TCP_SYN) {
1479:Middlewares/Third_Party/LwIP/src/core/tcp_in.c ****             inseg.len -= 1;
1480:Middlewares/Third_Party/LwIP/src/core/tcp_in.c ****           }
1481:Middlewares/Third_Party/LwIP/src/core/tcp_in.c ****           pbuf_realloc(inseg.p, inseg.len);
1482:Middlewares/Third_Party/LwIP/src/core/tcp_in.c ****           tcplen = TCP_TCPLEN(&inseg);
1483:Middlewares/Third_Party/LwIP/src/core/tcp_in.c ****           LWIP_ASSERT("tcp_receive: segment not trimmed correctly to rcv_wnd\n",
1484:Middlewares/Third_Party/LwIP/src/core/tcp_in.c ****                       (seqno + tcplen) == (pcb->rcv_nxt + pcb->rcv_wnd));
1485:Middlewares/Third_Party/LwIP/src/core/tcp_in.c ****         }
1486:Middlewares/Third_Party/LwIP/src/core/tcp_in.c **** #if TCP_QUEUE_OOSEQ
1487:Middlewares/Third_Party/LwIP/src/core/tcp_in.c ****         /* Received in-sequence data, adjust ooseq data if:
1488:Middlewares/Third_Party/LwIP/src/core/tcp_in.c ****            - FIN has been received or
1489:Middlewares/Third_Party/LwIP/src/core/tcp_in.c ****            - inseq overlaps with ooseq */
1490:Middlewares/Third_Party/LwIP/src/core/tcp_in.c ****         if (pcb->ooseq != NULL) {
1491:Middlewares/Third_Party/LwIP/src/core/tcp_in.c ****           if (TCPH_FLAGS(inseg.tcphdr) & TCP_FIN) {
1492:Middlewares/Third_Party/LwIP/src/core/tcp_in.c ****             LWIP_DEBUGF(TCP_INPUT_DEBUG,
1493:Middlewares/Third_Party/LwIP/src/core/tcp_in.c ****                         ("tcp_receive: received in-order FIN, binning ooseq queue\n"));
1494:Middlewares/Third_Party/LwIP/src/core/tcp_in.c ****             /* Received in-order FIN means anything that was received
1495:Middlewares/Third_Party/LwIP/src/core/tcp_in.c ****              * out of order must now have been received in-order, so
1496:Middlewares/Third_Party/LwIP/src/core/tcp_in.c ****              * bin the ooseq queue */
1497:Middlewares/Third_Party/LwIP/src/core/tcp_in.c ****             while (pcb->ooseq != NULL) {
1498:Middlewares/Third_Party/LwIP/src/core/tcp_in.c ****               struct tcp_seg *old_ooseq = pcb->ooseq;
1499:Middlewares/Third_Party/LwIP/src/core/tcp_in.c ****               pcb->ooseq = pcb->ooseq->next;
1500:Middlewares/Third_Party/LwIP/src/core/tcp_in.c ****               tcp_seg_free(old_ooseq);
1501:Middlewares/Third_Party/LwIP/src/core/tcp_in.c ****             }
1502:Middlewares/Third_Party/LwIP/src/core/tcp_in.c ****           } else {
1503:Middlewares/Third_Party/LwIP/src/core/tcp_in.c ****             struct tcp_seg *next = pcb->ooseq;
1504:Middlewares/Third_Party/LwIP/src/core/tcp_in.c ****             /* Remove all segments on ooseq that are covered by inseg already.
1505:Middlewares/Third_Party/LwIP/src/core/tcp_in.c ****              * FIN is copied from ooseq to inseg if present. */
1506:Middlewares/Third_Party/LwIP/src/core/tcp_in.c ****             while (next &&
1507:Middlewares/Third_Party/LwIP/src/core/tcp_in.c ****                    TCP_SEQ_GEQ(seqno + tcplen,
1508:Middlewares/Third_Party/LwIP/src/core/tcp_in.c ****                                next->tcphdr->seqno + next->len)) {
1509:Middlewares/Third_Party/LwIP/src/core/tcp_in.c ****               struct tcp_seg *tmp;
1510:Middlewares/Third_Party/LwIP/src/core/tcp_in.c ****               /* inseg cannot have FIN here (already processed above) */
1511:Middlewares/Third_Party/LwIP/src/core/tcp_in.c ****               if ((TCPH_FLAGS(next->tcphdr) & TCP_FIN) != 0 &&
1512:Middlewares/Third_Party/LwIP/src/core/tcp_in.c ****                   (TCPH_FLAGS(inseg.tcphdr) & TCP_SYN) == 0) {
1513:Middlewares/Third_Party/LwIP/src/core/tcp_in.c ****                 TCPH_SET_FLAG(inseg.tcphdr, TCP_FIN);
1514:Middlewares/Third_Party/LwIP/src/core/tcp_in.c ****                 tcplen = TCP_TCPLEN(&inseg);
ARM GAS  /tmp/ccYvHRO8.s 			page 28


1515:Middlewares/Third_Party/LwIP/src/core/tcp_in.c ****               }
1516:Middlewares/Third_Party/LwIP/src/core/tcp_in.c ****               tmp = next;
1517:Middlewares/Third_Party/LwIP/src/core/tcp_in.c ****               next = next->next;
1518:Middlewares/Third_Party/LwIP/src/core/tcp_in.c ****               tcp_seg_free(tmp);
1519:Middlewares/Third_Party/LwIP/src/core/tcp_in.c ****             }
1520:Middlewares/Third_Party/LwIP/src/core/tcp_in.c ****             /* Now trim right side of inseg if it overlaps with the first
1521:Middlewares/Third_Party/LwIP/src/core/tcp_in.c ****              * segment on ooseq */
1522:Middlewares/Third_Party/LwIP/src/core/tcp_in.c ****             if (next &&
1523:Middlewares/Third_Party/LwIP/src/core/tcp_in.c ****                 TCP_SEQ_GT(seqno + tcplen,
1524:Middlewares/Third_Party/LwIP/src/core/tcp_in.c ****                            next->tcphdr->seqno)) {
1525:Middlewares/Third_Party/LwIP/src/core/tcp_in.c ****               /* inseg cannot have FIN here (already processed above) */
1526:Middlewares/Third_Party/LwIP/src/core/tcp_in.c ****               inseg.len = (u16_t)(next->tcphdr->seqno - seqno);
1527:Middlewares/Third_Party/LwIP/src/core/tcp_in.c ****               if (TCPH_FLAGS(inseg.tcphdr) & TCP_SYN) {
1528:Middlewares/Third_Party/LwIP/src/core/tcp_in.c ****                 inseg.len -= 1;
1529:Middlewares/Third_Party/LwIP/src/core/tcp_in.c ****               }
1530:Middlewares/Third_Party/LwIP/src/core/tcp_in.c ****               pbuf_realloc(inseg.p, inseg.len);
1531:Middlewares/Third_Party/LwIP/src/core/tcp_in.c ****               tcplen = TCP_TCPLEN(&inseg);
1532:Middlewares/Third_Party/LwIP/src/core/tcp_in.c ****               LWIP_ASSERT("tcp_receive: segment not trimmed correctly to ooseq queue\n",
1533:Middlewares/Third_Party/LwIP/src/core/tcp_in.c ****                           (seqno + tcplen) == next->tcphdr->seqno);
1534:Middlewares/Third_Party/LwIP/src/core/tcp_in.c ****             }
1535:Middlewares/Third_Party/LwIP/src/core/tcp_in.c ****             pcb->ooseq = next;
1536:Middlewares/Third_Party/LwIP/src/core/tcp_in.c ****           }
1537:Middlewares/Third_Party/LwIP/src/core/tcp_in.c ****         }
1538:Middlewares/Third_Party/LwIP/src/core/tcp_in.c **** #endif /* TCP_QUEUE_OOSEQ */
1539:Middlewares/Third_Party/LwIP/src/core/tcp_in.c **** 
1540:Middlewares/Third_Party/LwIP/src/core/tcp_in.c ****         pcb->rcv_nxt = seqno + tcplen;
1541:Middlewares/Third_Party/LwIP/src/core/tcp_in.c **** 
1542:Middlewares/Third_Party/LwIP/src/core/tcp_in.c ****         /* Update the receiver's (our) window. */
1543:Middlewares/Third_Party/LwIP/src/core/tcp_in.c ****         LWIP_ASSERT("tcp_receive: tcplen > rcv_wnd\n", pcb->rcv_wnd >= tcplen);
1544:Middlewares/Third_Party/LwIP/src/core/tcp_in.c ****         pcb->rcv_wnd -= tcplen;
1545:Middlewares/Third_Party/LwIP/src/core/tcp_in.c **** 
1546:Middlewares/Third_Party/LwIP/src/core/tcp_in.c ****         tcp_update_rcv_ann_wnd(pcb);
1547:Middlewares/Third_Party/LwIP/src/core/tcp_in.c **** 
1548:Middlewares/Third_Party/LwIP/src/core/tcp_in.c ****         /* If there is data in the segment, we make preparations to
1549:Middlewares/Third_Party/LwIP/src/core/tcp_in.c ****            pass this up to the application. The ->recv_data variable
1550:Middlewares/Third_Party/LwIP/src/core/tcp_in.c ****            is used for holding the pbuf that goes to the
1551:Middlewares/Third_Party/LwIP/src/core/tcp_in.c ****            application. The code for reassembling out-of-sequence data
1552:Middlewares/Third_Party/LwIP/src/core/tcp_in.c ****            chains its data on this pbuf as well.
1553:Middlewares/Third_Party/LwIP/src/core/tcp_in.c **** 
1554:Middlewares/Third_Party/LwIP/src/core/tcp_in.c ****            If the segment was a FIN, we set the TF_GOT_FIN flag that will
1555:Middlewares/Third_Party/LwIP/src/core/tcp_in.c ****            be used to indicate to the application that the remote side has
1556:Middlewares/Third_Party/LwIP/src/core/tcp_in.c ****            closed its end of the connection. */
1557:Middlewares/Third_Party/LwIP/src/core/tcp_in.c ****         if (inseg.p->tot_len > 0) {
1558:Middlewares/Third_Party/LwIP/src/core/tcp_in.c ****           recv_data = inseg.p;
1559:Middlewares/Third_Party/LwIP/src/core/tcp_in.c ****           /* Since this pbuf now is the responsibility of the
1560:Middlewares/Third_Party/LwIP/src/core/tcp_in.c ****              application, we delete our reference to it so that we won't
1561:Middlewares/Third_Party/LwIP/src/core/tcp_in.c ****              (mistakingly) deallocate it. */
1562:Middlewares/Third_Party/LwIP/src/core/tcp_in.c ****           inseg.p = NULL;
1563:Middlewares/Third_Party/LwIP/src/core/tcp_in.c ****         }
1564:Middlewares/Third_Party/LwIP/src/core/tcp_in.c ****         if (TCPH_FLAGS(inseg.tcphdr) & TCP_FIN) {
1565:Middlewares/Third_Party/LwIP/src/core/tcp_in.c ****           LWIP_DEBUGF(TCP_INPUT_DEBUG, ("tcp_receive: received FIN.\n"));
1566:Middlewares/Third_Party/LwIP/src/core/tcp_in.c ****           recv_flags |= TF_GOT_FIN;
1567:Middlewares/Third_Party/LwIP/src/core/tcp_in.c ****         }
1568:Middlewares/Third_Party/LwIP/src/core/tcp_in.c **** 
1569:Middlewares/Third_Party/LwIP/src/core/tcp_in.c **** #if TCP_QUEUE_OOSEQ
1570:Middlewares/Third_Party/LwIP/src/core/tcp_in.c ****         /* We now check if we have segments on the ->ooseq queue that
1571:Middlewares/Third_Party/LwIP/src/core/tcp_in.c ****            are now in sequence. */
ARM GAS  /tmp/ccYvHRO8.s 			page 29


1572:Middlewares/Third_Party/LwIP/src/core/tcp_in.c ****         while (pcb->ooseq != NULL &&
1573:Middlewares/Third_Party/LwIP/src/core/tcp_in.c ****                pcb->ooseq->tcphdr->seqno == pcb->rcv_nxt) {
1574:Middlewares/Third_Party/LwIP/src/core/tcp_in.c **** 
1575:Middlewares/Third_Party/LwIP/src/core/tcp_in.c ****           struct tcp_seg *cseg = pcb->ooseq;
1576:Middlewares/Third_Party/LwIP/src/core/tcp_in.c ****           seqno = pcb->ooseq->tcphdr->seqno;
1577:Middlewares/Third_Party/LwIP/src/core/tcp_in.c **** 
1578:Middlewares/Third_Party/LwIP/src/core/tcp_in.c ****           pcb->rcv_nxt += TCP_TCPLEN(cseg);
1579:Middlewares/Third_Party/LwIP/src/core/tcp_in.c ****           LWIP_ASSERT("tcp_receive: ooseq tcplen > rcv_wnd\n",
1580:Middlewares/Third_Party/LwIP/src/core/tcp_in.c ****                       pcb->rcv_wnd >= TCP_TCPLEN(cseg));
1581:Middlewares/Third_Party/LwIP/src/core/tcp_in.c ****           pcb->rcv_wnd -= TCP_TCPLEN(cseg);
1582:Middlewares/Third_Party/LwIP/src/core/tcp_in.c **** 
1583:Middlewares/Third_Party/LwIP/src/core/tcp_in.c ****           tcp_update_rcv_ann_wnd(pcb);
1584:Middlewares/Third_Party/LwIP/src/core/tcp_in.c **** 
1585:Middlewares/Third_Party/LwIP/src/core/tcp_in.c ****           if (cseg->p->tot_len > 0) {
1586:Middlewares/Third_Party/LwIP/src/core/tcp_in.c ****             /* Chain this pbuf onto the pbuf that we will pass to
1587:Middlewares/Third_Party/LwIP/src/core/tcp_in.c ****                the application. */
1588:Middlewares/Third_Party/LwIP/src/core/tcp_in.c ****             /* With window scaling, this can overflow recv_data->tot_len, but
1589:Middlewares/Third_Party/LwIP/src/core/tcp_in.c ****                that's not a problem since we explicitly fix that before passing
1590:Middlewares/Third_Party/LwIP/src/core/tcp_in.c ****                recv_data to the application. */
1591:Middlewares/Third_Party/LwIP/src/core/tcp_in.c ****             if (recv_data) {
1592:Middlewares/Third_Party/LwIP/src/core/tcp_in.c ****               pbuf_cat(recv_data, cseg->p);
1593:Middlewares/Third_Party/LwIP/src/core/tcp_in.c ****             } else {
1594:Middlewares/Third_Party/LwIP/src/core/tcp_in.c ****               recv_data = cseg->p;
1595:Middlewares/Third_Party/LwIP/src/core/tcp_in.c ****             }
1596:Middlewares/Third_Party/LwIP/src/core/tcp_in.c ****             cseg->p = NULL;
1597:Middlewares/Third_Party/LwIP/src/core/tcp_in.c ****           }
1598:Middlewares/Third_Party/LwIP/src/core/tcp_in.c ****           if (TCPH_FLAGS(cseg->tcphdr) & TCP_FIN) {
1599:Middlewares/Third_Party/LwIP/src/core/tcp_in.c ****             LWIP_DEBUGF(TCP_INPUT_DEBUG, ("tcp_receive: dequeued FIN.\n"));
1600:Middlewares/Third_Party/LwIP/src/core/tcp_in.c ****             recv_flags |= TF_GOT_FIN;
1601:Middlewares/Third_Party/LwIP/src/core/tcp_in.c ****             if (pcb->state == ESTABLISHED) { /* force passive close or we can move to active close 
1602:Middlewares/Third_Party/LwIP/src/core/tcp_in.c ****               pcb->state = CLOSE_WAIT;
1603:Middlewares/Third_Party/LwIP/src/core/tcp_in.c ****             }
1604:Middlewares/Third_Party/LwIP/src/core/tcp_in.c ****           }
1605:Middlewares/Third_Party/LwIP/src/core/tcp_in.c **** 
1606:Middlewares/Third_Party/LwIP/src/core/tcp_in.c ****           pcb->ooseq = cseg->next;
1607:Middlewares/Third_Party/LwIP/src/core/tcp_in.c ****           tcp_seg_free(cseg);
1608:Middlewares/Third_Party/LwIP/src/core/tcp_in.c ****         }
1609:Middlewares/Third_Party/LwIP/src/core/tcp_in.c **** #if LWIP_TCP_SACK_OUT
1610:Middlewares/Third_Party/LwIP/src/core/tcp_in.c ****         if (pcb->flags & TF_SACK) {
1611:Middlewares/Third_Party/LwIP/src/core/tcp_in.c ****           if (pcb->ooseq != NULL) {
1612:Middlewares/Third_Party/LwIP/src/core/tcp_in.c ****             /* Some segments may have been removed from ooseq, let's remove all SACKs that
1613:Middlewares/Third_Party/LwIP/src/core/tcp_in.c ****                describe anything before the new beginning of that list. */
1614:Middlewares/Third_Party/LwIP/src/core/tcp_in.c ****             tcp_remove_sacks_lt(pcb, pcb->ooseq->tcphdr->seqno);
1615:Middlewares/Third_Party/LwIP/src/core/tcp_in.c ****           } else if (LWIP_TCP_SACK_VALID(pcb, 0)) {
1616:Middlewares/Third_Party/LwIP/src/core/tcp_in.c ****             /* ooseq has been cleared. Nothing to SACK */
1617:Middlewares/Third_Party/LwIP/src/core/tcp_in.c ****             memset(pcb->rcv_sacks, 0, sizeof(pcb->rcv_sacks));
1618:Middlewares/Third_Party/LwIP/src/core/tcp_in.c ****           }
1619:Middlewares/Third_Party/LwIP/src/core/tcp_in.c ****         }
1620:Middlewares/Third_Party/LwIP/src/core/tcp_in.c **** #endif /* LWIP_TCP_SACK_OUT */
1621:Middlewares/Third_Party/LwIP/src/core/tcp_in.c **** #endif /* TCP_QUEUE_OOSEQ */
1622:Middlewares/Third_Party/LwIP/src/core/tcp_in.c **** 
1623:Middlewares/Third_Party/LwIP/src/core/tcp_in.c **** 
1624:Middlewares/Third_Party/LwIP/src/core/tcp_in.c ****         /* Acknowledge the segment(s). */
1625:Middlewares/Third_Party/LwIP/src/core/tcp_in.c ****         tcp_ack(pcb);
1626:Middlewares/Third_Party/LwIP/src/core/tcp_in.c **** 
1627:Middlewares/Third_Party/LwIP/src/core/tcp_in.c **** #if LWIP_TCP_SACK_OUT
1628:Middlewares/Third_Party/LwIP/src/core/tcp_in.c ****         if (LWIP_TCP_SACK_VALID(pcb, 0)) {
ARM GAS  /tmp/ccYvHRO8.s 			page 30


1629:Middlewares/Third_Party/LwIP/src/core/tcp_in.c ****           /* Normally the ACK for the data received could be piggy-backed on a data packet,
1630:Middlewares/Third_Party/LwIP/src/core/tcp_in.c ****              but lwIP currently does not support including SACKs in data packets. So we force
1631:Middlewares/Third_Party/LwIP/src/core/tcp_in.c ****              it to respond with an empty ACK packet (only if there is at least one SACK to be sent)
1632:Middlewares/Third_Party/LwIP/src/core/tcp_in.c ****              NOTE: tcp_send_empty_ack() on success clears the ACK flags (set by tcp_ack()) */
1633:Middlewares/Third_Party/LwIP/src/core/tcp_in.c ****           tcp_send_empty_ack(pcb);
1634:Middlewares/Third_Party/LwIP/src/core/tcp_in.c ****         }
1635:Middlewares/Third_Party/LwIP/src/core/tcp_in.c **** #endif /* LWIP_TCP_SACK_OUT */
1636:Middlewares/Third_Party/LwIP/src/core/tcp_in.c **** 
1637:Middlewares/Third_Party/LwIP/src/core/tcp_in.c **** #if LWIP_IPV6 && LWIP_ND6_TCP_REACHABILITY_HINTS
1638:Middlewares/Third_Party/LwIP/src/core/tcp_in.c ****         if (ip_current_is_v6()) {
1639:Middlewares/Third_Party/LwIP/src/core/tcp_in.c ****           /* Inform neighbor reachability of forward progress. */
1640:Middlewares/Third_Party/LwIP/src/core/tcp_in.c ****           nd6_reachability_hint(ip6_current_src_addr());
1641:Middlewares/Third_Party/LwIP/src/core/tcp_in.c ****         }
1642:Middlewares/Third_Party/LwIP/src/core/tcp_in.c **** #endif /* LWIP_IPV6 && LWIP_ND6_TCP_REACHABILITY_HINTS*/
1643:Middlewares/Third_Party/LwIP/src/core/tcp_in.c **** 
1644:Middlewares/Third_Party/LwIP/src/core/tcp_in.c ****       } else {
1645:Middlewares/Third_Party/LwIP/src/core/tcp_in.c ****         /* We get here if the incoming segment is out-of-sequence. */
1646:Middlewares/Third_Party/LwIP/src/core/tcp_in.c **** 
1647:Middlewares/Third_Party/LwIP/src/core/tcp_in.c **** #if TCP_QUEUE_OOSEQ
1648:Middlewares/Third_Party/LwIP/src/core/tcp_in.c ****         /* We queue the segment on the ->ooseq queue. */
1649:Middlewares/Third_Party/LwIP/src/core/tcp_in.c ****         if (pcb->ooseq == NULL) {
1650:Middlewares/Third_Party/LwIP/src/core/tcp_in.c ****           pcb->ooseq = tcp_seg_copy(&inseg);
1651:Middlewares/Third_Party/LwIP/src/core/tcp_in.c **** #if LWIP_TCP_SACK_OUT
1652:Middlewares/Third_Party/LwIP/src/core/tcp_in.c ****           if (pcb->flags & TF_SACK) {
1653:Middlewares/Third_Party/LwIP/src/core/tcp_in.c ****             /* All the SACKs should be invalid, so we can simply store the most recent one: */
1654:Middlewares/Third_Party/LwIP/src/core/tcp_in.c ****             pcb->rcv_sacks[0].left = seqno;
1655:Middlewares/Third_Party/LwIP/src/core/tcp_in.c ****             pcb->rcv_sacks[0].right = seqno + inseg.len;
1656:Middlewares/Third_Party/LwIP/src/core/tcp_in.c ****           }
1657:Middlewares/Third_Party/LwIP/src/core/tcp_in.c **** #endif /* LWIP_TCP_SACK_OUT */
1658:Middlewares/Third_Party/LwIP/src/core/tcp_in.c ****         } else {
1659:Middlewares/Third_Party/LwIP/src/core/tcp_in.c ****           /* If the queue is not empty, we walk through the queue and
1660:Middlewares/Third_Party/LwIP/src/core/tcp_in.c ****              try to find a place where the sequence number of the
1661:Middlewares/Third_Party/LwIP/src/core/tcp_in.c ****              incoming segment is between the sequence numbers of the
1662:Middlewares/Third_Party/LwIP/src/core/tcp_in.c ****              previous and the next segment on the ->ooseq queue. That is
1663:Middlewares/Third_Party/LwIP/src/core/tcp_in.c ****              the place where we put the incoming segment. If needed, we
1664:Middlewares/Third_Party/LwIP/src/core/tcp_in.c ****              trim the second edges of the previous and the incoming
1665:Middlewares/Third_Party/LwIP/src/core/tcp_in.c ****              segment so that it will fit into the sequence.
1666:Middlewares/Third_Party/LwIP/src/core/tcp_in.c **** 
1667:Middlewares/Third_Party/LwIP/src/core/tcp_in.c ****              If the incoming segment has the same sequence number as a
1668:Middlewares/Third_Party/LwIP/src/core/tcp_in.c ****              segment on the ->ooseq queue, we discard the segment that
1669:Middlewares/Third_Party/LwIP/src/core/tcp_in.c ****              contains less data. */
1670:Middlewares/Third_Party/LwIP/src/core/tcp_in.c **** 
1671:Middlewares/Third_Party/LwIP/src/core/tcp_in.c **** #if LWIP_TCP_SACK_OUT
1672:Middlewares/Third_Party/LwIP/src/core/tcp_in.c ****           /* This is the left edge of the lowest possible SACK range.
1673:Middlewares/Third_Party/LwIP/src/core/tcp_in.c ****              It may start before the newly received segment (possibly adjusted below). */
1674:Middlewares/Third_Party/LwIP/src/core/tcp_in.c ****           u32_t sackbeg = TCP_SEQ_LT(seqno, pcb->ooseq->tcphdr->seqno) ? seqno : pcb->ooseq->tcphdr
1675:Middlewares/Third_Party/LwIP/src/core/tcp_in.c **** #endif /* LWIP_TCP_SACK_OUT */
1676:Middlewares/Third_Party/LwIP/src/core/tcp_in.c ****           struct tcp_seg *next, *prev = NULL;
1677:Middlewares/Third_Party/LwIP/src/core/tcp_in.c ****           for (next = pcb->ooseq; next != NULL; next = next->next) {
1678:Middlewares/Third_Party/LwIP/src/core/tcp_in.c ****             if (seqno == next->tcphdr->seqno) {
1679:Middlewares/Third_Party/LwIP/src/core/tcp_in.c ****               /* The sequence number of the incoming segment is the
1680:Middlewares/Third_Party/LwIP/src/core/tcp_in.c ****                  same as the sequence number of the segment on
1681:Middlewares/Third_Party/LwIP/src/core/tcp_in.c ****                  ->ooseq. We check the lengths to see which one to
1682:Middlewares/Third_Party/LwIP/src/core/tcp_in.c ****                  discard. */
1683:Middlewares/Third_Party/LwIP/src/core/tcp_in.c ****               if (inseg.len > next->len) {
1684:Middlewares/Third_Party/LwIP/src/core/tcp_in.c ****                 /* The incoming segment is larger than the old
1685:Middlewares/Third_Party/LwIP/src/core/tcp_in.c ****                    segment. We replace some segments with the new
ARM GAS  /tmp/ccYvHRO8.s 			page 31


1686:Middlewares/Third_Party/LwIP/src/core/tcp_in.c ****                    one. */
1687:Middlewares/Third_Party/LwIP/src/core/tcp_in.c ****                 struct tcp_seg *cseg = tcp_seg_copy(&inseg);
1688:Middlewares/Third_Party/LwIP/src/core/tcp_in.c ****                 if (cseg != NULL) {
1689:Middlewares/Third_Party/LwIP/src/core/tcp_in.c ****                   if (prev != NULL) {
1690:Middlewares/Third_Party/LwIP/src/core/tcp_in.c ****                     prev->next = cseg;
1691:Middlewares/Third_Party/LwIP/src/core/tcp_in.c ****                   } else {
1692:Middlewares/Third_Party/LwIP/src/core/tcp_in.c ****                     pcb->ooseq = cseg;
1693:Middlewares/Third_Party/LwIP/src/core/tcp_in.c ****                   }
1694:Middlewares/Third_Party/LwIP/src/core/tcp_in.c ****                   tcp_oos_insert_segment(cseg, next);
1695:Middlewares/Third_Party/LwIP/src/core/tcp_in.c ****                 }
1696:Middlewares/Third_Party/LwIP/src/core/tcp_in.c ****                 break;
1697:Middlewares/Third_Party/LwIP/src/core/tcp_in.c ****               } else {
1698:Middlewares/Third_Party/LwIP/src/core/tcp_in.c ****                 /* Either the lengths are the same or the incoming
1699:Middlewares/Third_Party/LwIP/src/core/tcp_in.c ****                    segment was smaller than the old one; in either
1700:Middlewares/Third_Party/LwIP/src/core/tcp_in.c ****                    case, we ditch the incoming segment. */
1701:Middlewares/Third_Party/LwIP/src/core/tcp_in.c ****                 break;
1702:Middlewares/Third_Party/LwIP/src/core/tcp_in.c ****               }
1703:Middlewares/Third_Party/LwIP/src/core/tcp_in.c ****             } else {
1704:Middlewares/Third_Party/LwIP/src/core/tcp_in.c ****               if (prev == NULL) {
1705:Middlewares/Third_Party/LwIP/src/core/tcp_in.c ****                 if (TCP_SEQ_LT(seqno, next->tcphdr->seqno)) {
1706:Middlewares/Third_Party/LwIP/src/core/tcp_in.c ****                   /* The sequence number of the incoming segment is lower
1707:Middlewares/Third_Party/LwIP/src/core/tcp_in.c ****                      than the sequence number of the first segment on the
1708:Middlewares/Third_Party/LwIP/src/core/tcp_in.c ****                      queue. We put the incoming segment first on the
1709:Middlewares/Third_Party/LwIP/src/core/tcp_in.c ****                      queue. */
1710:Middlewares/Third_Party/LwIP/src/core/tcp_in.c ****                   struct tcp_seg *cseg = tcp_seg_copy(&inseg);
1711:Middlewares/Third_Party/LwIP/src/core/tcp_in.c ****                   if (cseg != NULL) {
1712:Middlewares/Third_Party/LwIP/src/core/tcp_in.c ****                     pcb->ooseq = cseg;
1713:Middlewares/Third_Party/LwIP/src/core/tcp_in.c ****                     tcp_oos_insert_segment(cseg, next);
1714:Middlewares/Third_Party/LwIP/src/core/tcp_in.c ****                   }
1715:Middlewares/Third_Party/LwIP/src/core/tcp_in.c ****                   break;
1716:Middlewares/Third_Party/LwIP/src/core/tcp_in.c ****                 }
1717:Middlewares/Third_Party/LwIP/src/core/tcp_in.c ****               } else {
1718:Middlewares/Third_Party/LwIP/src/core/tcp_in.c ****                 /*if (TCP_SEQ_LT(prev->tcphdr->seqno, seqno) &&
1719:Middlewares/Third_Party/LwIP/src/core/tcp_in.c ****                   TCP_SEQ_LT(seqno, next->tcphdr->seqno)) {*/
1720:Middlewares/Third_Party/LwIP/src/core/tcp_in.c ****                 if (TCP_SEQ_BETWEEN(seqno, prev->tcphdr->seqno + 1, next->tcphdr->seqno - 1)) {
1721:Middlewares/Third_Party/LwIP/src/core/tcp_in.c ****                   /* The sequence number of the incoming segment is in
1722:Middlewares/Third_Party/LwIP/src/core/tcp_in.c ****                      between the sequence numbers of the previous and
1723:Middlewares/Third_Party/LwIP/src/core/tcp_in.c ****                      the next segment on ->ooseq. We trim trim the previous
1724:Middlewares/Third_Party/LwIP/src/core/tcp_in.c ****                      segment, delete next segments that included in received segment
1725:Middlewares/Third_Party/LwIP/src/core/tcp_in.c ****                      and trim received, if needed. */
1726:Middlewares/Third_Party/LwIP/src/core/tcp_in.c ****                   struct tcp_seg *cseg = tcp_seg_copy(&inseg);
1727:Middlewares/Third_Party/LwIP/src/core/tcp_in.c ****                   if (cseg != NULL) {
1728:Middlewares/Third_Party/LwIP/src/core/tcp_in.c ****                     if (TCP_SEQ_GT(prev->tcphdr->seqno + prev->len, seqno)) {
1729:Middlewares/Third_Party/LwIP/src/core/tcp_in.c ****                       /* We need to trim the prev segment. */
1730:Middlewares/Third_Party/LwIP/src/core/tcp_in.c ****                       prev->len = (u16_t)(seqno - prev->tcphdr->seqno);
1731:Middlewares/Third_Party/LwIP/src/core/tcp_in.c ****                       pbuf_realloc(prev->p, prev->len);
1732:Middlewares/Third_Party/LwIP/src/core/tcp_in.c ****                     }
1733:Middlewares/Third_Party/LwIP/src/core/tcp_in.c ****                     prev->next = cseg;
1734:Middlewares/Third_Party/LwIP/src/core/tcp_in.c ****                     tcp_oos_insert_segment(cseg, next);
1735:Middlewares/Third_Party/LwIP/src/core/tcp_in.c ****                   }
1736:Middlewares/Third_Party/LwIP/src/core/tcp_in.c ****                   break;
1737:Middlewares/Third_Party/LwIP/src/core/tcp_in.c ****                 }
1738:Middlewares/Third_Party/LwIP/src/core/tcp_in.c ****               }
1739:Middlewares/Third_Party/LwIP/src/core/tcp_in.c **** 
1740:Middlewares/Third_Party/LwIP/src/core/tcp_in.c **** #if LWIP_TCP_SACK_OUT
1741:Middlewares/Third_Party/LwIP/src/core/tcp_in.c ****               /* The new segment goes after the 'next' one. If there is a "hole" in sequence number
1742:Middlewares/Third_Party/LwIP/src/core/tcp_in.c ****                  between 'prev' and the beginning of 'next', we want to move sackbeg. */
ARM GAS  /tmp/ccYvHRO8.s 			page 32


1743:Middlewares/Third_Party/LwIP/src/core/tcp_in.c ****               if (prev != NULL && prev->tcphdr->seqno + prev->len != next->tcphdr->seqno) {
1744:Middlewares/Third_Party/LwIP/src/core/tcp_in.c ****                 sackbeg = next->tcphdr->seqno;
1745:Middlewares/Third_Party/LwIP/src/core/tcp_in.c ****               }
1746:Middlewares/Third_Party/LwIP/src/core/tcp_in.c **** #endif /* LWIP_TCP_SACK_OUT */
1747:Middlewares/Third_Party/LwIP/src/core/tcp_in.c **** 
1748:Middlewares/Third_Party/LwIP/src/core/tcp_in.c ****               /* We don't use 'prev' below, so let's set it to current 'next'.
1749:Middlewares/Third_Party/LwIP/src/core/tcp_in.c ****                  This way even if we break the loop below, 'prev' will be pointing
1750:Middlewares/Third_Party/LwIP/src/core/tcp_in.c ****                  at the segment right in front of the newly added one. */
1751:Middlewares/Third_Party/LwIP/src/core/tcp_in.c ****               prev = next;
1752:Middlewares/Third_Party/LwIP/src/core/tcp_in.c **** 
1753:Middlewares/Third_Party/LwIP/src/core/tcp_in.c ****               /* If the "next" segment is the last segment on the
1754:Middlewares/Third_Party/LwIP/src/core/tcp_in.c ****                  ooseq queue, we add the incoming segment to the end
1755:Middlewares/Third_Party/LwIP/src/core/tcp_in.c ****                  of the list. */
1756:Middlewares/Third_Party/LwIP/src/core/tcp_in.c ****               if (next->next == NULL &&
1757:Middlewares/Third_Party/LwIP/src/core/tcp_in.c ****                   TCP_SEQ_GT(seqno, next->tcphdr->seqno)) {
1758:Middlewares/Third_Party/LwIP/src/core/tcp_in.c ****                 if (TCPH_FLAGS(next->tcphdr) & TCP_FIN) {
1759:Middlewares/Third_Party/LwIP/src/core/tcp_in.c ****                   /* segment "next" already contains all data */
1760:Middlewares/Third_Party/LwIP/src/core/tcp_in.c ****                   break;
1761:Middlewares/Third_Party/LwIP/src/core/tcp_in.c ****                 }
1762:Middlewares/Third_Party/LwIP/src/core/tcp_in.c ****                 next->next = tcp_seg_copy(&inseg);
1763:Middlewares/Third_Party/LwIP/src/core/tcp_in.c ****                 if (next->next != NULL) {
1764:Middlewares/Third_Party/LwIP/src/core/tcp_in.c ****                   if (TCP_SEQ_GT(next->tcphdr->seqno + next->len, seqno)) {
1765:Middlewares/Third_Party/LwIP/src/core/tcp_in.c ****                     /* We need to trim the last segment. */
1766:Middlewares/Third_Party/LwIP/src/core/tcp_in.c ****                     next->len = (u16_t)(seqno - next->tcphdr->seqno);
1767:Middlewares/Third_Party/LwIP/src/core/tcp_in.c ****                     pbuf_realloc(next->p, next->len);
1768:Middlewares/Third_Party/LwIP/src/core/tcp_in.c ****                   }
1769:Middlewares/Third_Party/LwIP/src/core/tcp_in.c ****                   /* check if the remote side overruns our receive window */
1770:Middlewares/Third_Party/LwIP/src/core/tcp_in.c ****                   if (TCP_SEQ_GT((u32_t)tcplen + seqno, pcb->rcv_nxt + (u32_t)pcb->rcv_wnd)) {
1771:Middlewares/Third_Party/LwIP/src/core/tcp_in.c ****                     LWIP_DEBUGF(TCP_INPUT_DEBUG,
1772:Middlewares/Third_Party/LwIP/src/core/tcp_in.c ****                                 ("tcp_receive: other end overran receive window"
1773:Middlewares/Third_Party/LwIP/src/core/tcp_in.c ****                                  "seqno %"U32_F" len %"U16_F" right edge %"U32_F"\n",
1774:Middlewares/Third_Party/LwIP/src/core/tcp_in.c ****                                  seqno, tcplen, pcb->rcv_nxt + pcb->rcv_wnd));
1775:Middlewares/Third_Party/LwIP/src/core/tcp_in.c ****                     if (TCPH_FLAGS(next->next->tcphdr) & TCP_FIN) {
1776:Middlewares/Third_Party/LwIP/src/core/tcp_in.c ****                       /* Must remove the FIN from the header as we're trimming
1777:Middlewares/Third_Party/LwIP/src/core/tcp_in.c ****                        * that byte of sequence-space from the packet */
1778:Middlewares/Third_Party/LwIP/src/core/tcp_in.c ****                       TCPH_FLAGS_SET(next->next->tcphdr, TCPH_FLAGS(next->next->tcphdr) & ~TCP_FIN)
1779:Middlewares/Third_Party/LwIP/src/core/tcp_in.c ****                     }
1780:Middlewares/Third_Party/LwIP/src/core/tcp_in.c ****                     /* Adjust length of segment to fit in the window. */
1781:Middlewares/Third_Party/LwIP/src/core/tcp_in.c ****                     next->next->len = (u16_t)(pcb->rcv_nxt + pcb->rcv_wnd - seqno);
1782:Middlewares/Third_Party/LwIP/src/core/tcp_in.c ****                     pbuf_realloc(next->next->p, next->next->len);
1783:Middlewares/Third_Party/LwIP/src/core/tcp_in.c ****                     tcplen = TCP_TCPLEN(next->next);
1784:Middlewares/Third_Party/LwIP/src/core/tcp_in.c ****                     LWIP_ASSERT("tcp_receive: segment not trimmed correctly to rcv_wnd\n",
1785:Middlewares/Third_Party/LwIP/src/core/tcp_in.c ****                                 (seqno + tcplen) == (pcb->rcv_nxt + pcb->rcv_wnd));
1786:Middlewares/Third_Party/LwIP/src/core/tcp_in.c ****                   }
1787:Middlewares/Third_Party/LwIP/src/core/tcp_in.c ****                 }
1788:Middlewares/Third_Party/LwIP/src/core/tcp_in.c ****                 break;
1789:Middlewares/Third_Party/LwIP/src/core/tcp_in.c ****               }
1790:Middlewares/Third_Party/LwIP/src/core/tcp_in.c ****             }
1791:Middlewares/Third_Party/LwIP/src/core/tcp_in.c ****           }
1792:Middlewares/Third_Party/LwIP/src/core/tcp_in.c **** 
1793:Middlewares/Third_Party/LwIP/src/core/tcp_in.c **** #if LWIP_TCP_SACK_OUT
1794:Middlewares/Third_Party/LwIP/src/core/tcp_in.c ****           if (pcb->flags & TF_SACK) {
1795:Middlewares/Third_Party/LwIP/src/core/tcp_in.c ****             if (prev == NULL) {
1796:Middlewares/Third_Party/LwIP/src/core/tcp_in.c ****               /* The new segment is at the beginning. sackbeg should already be set properly.
1797:Middlewares/Third_Party/LwIP/src/core/tcp_in.c ****                  We need to find the right edge. */
1798:Middlewares/Third_Party/LwIP/src/core/tcp_in.c ****               next = pcb->ooseq;
1799:Middlewares/Third_Party/LwIP/src/core/tcp_in.c ****             } else if (prev->next != NULL) {
ARM GAS  /tmp/ccYvHRO8.s 			page 33


1800:Middlewares/Third_Party/LwIP/src/core/tcp_in.c ****               /* The new segment was added after 'prev'. If there is a "hole" between 'prev' and 'p
1801:Middlewares/Third_Party/LwIP/src/core/tcp_in.c ****                  we need to move sackbeg. After that we should find the right edge. */
1802:Middlewares/Third_Party/LwIP/src/core/tcp_in.c ****               next = prev->next;
1803:Middlewares/Third_Party/LwIP/src/core/tcp_in.c ****               if (prev->tcphdr->seqno + prev->len != next->tcphdr->seqno) {
1804:Middlewares/Third_Party/LwIP/src/core/tcp_in.c ****                 sackbeg = next->tcphdr->seqno;
1805:Middlewares/Third_Party/LwIP/src/core/tcp_in.c ****               }
1806:Middlewares/Third_Party/LwIP/src/core/tcp_in.c ****             } else {
1807:Middlewares/Third_Party/LwIP/src/core/tcp_in.c ****               next = NULL;
1808:Middlewares/Third_Party/LwIP/src/core/tcp_in.c ****             }
1809:Middlewares/Third_Party/LwIP/src/core/tcp_in.c ****             if (next != NULL) {
1810:Middlewares/Third_Party/LwIP/src/core/tcp_in.c ****               u32_t sackend = next->tcphdr->seqno;
1811:Middlewares/Third_Party/LwIP/src/core/tcp_in.c ****               for ( ; (next != NULL) && (sackend == next->tcphdr->seqno); next = next->next) {
1812:Middlewares/Third_Party/LwIP/src/core/tcp_in.c ****                 sackend += next->len;
1813:Middlewares/Third_Party/LwIP/src/core/tcp_in.c ****               }
1814:Middlewares/Third_Party/LwIP/src/core/tcp_in.c ****               tcp_add_sack(pcb, sackbeg, sackend);
1815:Middlewares/Third_Party/LwIP/src/core/tcp_in.c ****             }
1816:Middlewares/Third_Party/LwIP/src/core/tcp_in.c ****           }
1817:Middlewares/Third_Party/LwIP/src/core/tcp_in.c **** #endif /* LWIP_TCP_SACK_OUT */
1818:Middlewares/Third_Party/LwIP/src/core/tcp_in.c ****         }
1819:Middlewares/Third_Party/LwIP/src/core/tcp_in.c **** #if defined(TCP_OOSEQ_BYTES_LIMIT) || defined(TCP_OOSEQ_PBUFS_LIMIT)
1820:Middlewares/Third_Party/LwIP/src/core/tcp_in.c ****         {
1821:Middlewares/Third_Party/LwIP/src/core/tcp_in.c ****           /* Check that the data on ooseq doesn't exceed one of the limits
1822:Middlewares/Third_Party/LwIP/src/core/tcp_in.c ****              and throw away everything above that limit. */
1823:Middlewares/Third_Party/LwIP/src/core/tcp_in.c **** #ifdef TCP_OOSEQ_BYTES_LIMIT
1824:Middlewares/Third_Party/LwIP/src/core/tcp_in.c ****           const u32_t ooseq_max_blen = TCP_OOSEQ_BYTES_LIMIT(pcb);
1825:Middlewares/Third_Party/LwIP/src/core/tcp_in.c ****           u32_t ooseq_blen = 0;
1826:Middlewares/Third_Party/LwIP/src/core/tcp_in.c **** #endif
1827:Middlewares/Third_Party/LwIP/src/core/tcp_in.c **** #ifdef TCP_OOSEQ_PBUFS_LIMIT
1828:Middlewares/Third_Party/LwIP/src/core/tcp_in.c ****           const u16_t ooseq_max_qlen = TCP_OOSEQ_PBUFS_LIMIT(pcb);
1829:Middlewares/Third_Party/LwIP/src/core/tcp_in.c ****           u16_t ooseq_qlen = 0;
1830:Middlewares/Third_Party/LwIP/src/core/tcp_in.c **** #endif
1831:Middlewares/Third_Party/LwIP/src/core/tcp_in.c ****           struct tcp_seg *next, *prev = NULL;
1832:Middlewares/Third_Party/LwIP/src/core/tcp_in.c ****           for (next = pcb->ooseq; next != NULL; prev = next, next = next->next) {
1833:Middlewares/Third_Party/LwIP/src/core/tcp_in.c ****             struct pbuf *p = next->p;
1834:Middlewares/Third_Party/LwIP/src/core/tcp_in.c ****             int stop_here = 0;
1835:Middlewares/Third_Party/LwIP/src/core/tcp_in.c **** #ifdef TCP_OOSEQ_BYTES_LIMIT
1836:Middlewares/Third_Party/LwIP/src/core/tcp_in.c ****             ooseq_blen += p->tot_len;
1837:Middlewares/Third_Party/LwIP/src/core/tcp_in.c ****             if (ooseq_blen > ooseq_max_blen) {
1838:Middlewares/Third_Party/LwIP/src/core/tcp_in.c ****               stop_here = 1;
1839:Middlewares/Third_Party/LwIP/src/core/tcp_in.c ****             }
1840:Middlewares/Third_Party/LwIP/src/core/tcp_in.c **** #endif
1841:Middlewares/Third_Party/LwIP/src/core/tcp_in.c **** #ifdef TCP_OOSEQ_PBUFS_LIMIT
1842:Middlewares/Third_Party/LwIP/src/core/tcp_in.c ****             ooseq_qlen += pbuf_clen(p);
1843:Middlewares/Third_Party/LwIP/src/core/tcp_in.c ****             if (ooseq_qlen > ooseq_max_qlen) {
1844:Middlewares/Third_Party/LwIP/src/core/tcp_in.c ****               stop_here = 1;
1845:Middlewares/Third_Party/LwIP/src/core/tcp_in.c ****             }
1846:Middlewares/Third_Party/LwIP/src/core/tcp_in.c **** #endif
1847:Middlewares/Third_Party/LwIP/src/core/tcp_in.c ****             if (stop_here) {
1848:Middlewares/Third_Party/LwIP/src/core/tcp_in.c **** #if LWIP_TCP_SACK_OUT
1849:Middlewares/Third_Party/LwIP/src/core/tcp_in.c ****               if (pcb->flags & TF_SACK) {
1850:Middlewares/Third_Party/LwIP/src/core/tcp_in.c ****                 /* Let's remove all SACKs from next's seqno up. */
1851:Middlewares/Third_Party/LwIP/src/core/tcp_in.c ****                 tcp_remove_sacks_gt(pcb, next->tcphdr->seqno);
1852:Middlewares/Third_Party/LwIP/src/core/tcp_in.c ****               }
1853:Middlewares/Third_Party/LwIP/src/core/tcp_in.c **** #endif /* LWIP_TCP_SACK_OUT */
1854:Middlewares/Third_Party/LwIP/src/core/tcp_in.c ****               /* too much ooseq data, dump this and everything after it */
1855:Middlewares/Third_Party/LwIP/src/core/tcp_in.c ****               tcp_segs_free(next);
1856:Middlewares/Third_Party/LwIP/src/core/tcp_in.c ****               if (prev == NULL) {
ARM GAS  /tmp/ccYvHRO8.s 			page 34


1857:Middlewares/Third_Party/LwIP/src/core/tcp_in.c ****                 /* first ooseq segment is too much, dump the whole queue */
1858:Middlewares/Third_Party/LwIP/src/core/tcp_in.c ****                 pcb->ooseq = NULL;
1859:Middlewares/Third_Party/LwIP/src/core/tcp_in.c ****               } else {
1860:Middlewares/Third_Party/LwIP/src/core/tcp_in.c ****                 /* just dump 'next' and everything after it */
1861:Middlewares/Third_Party/LwIP/src/core/tcp_in.c ****                 prev->next = NULL;
1862:Middlewares/Third_Party/LwIP/src/core/tcp_in.c ****               }
1863:Middlewares/Third_Party/LwIP/src/core/tcp_in.c ****               break;
1864:Middlewares/Third_Party/LwIP/src/core/tcp_in.c ****             }
1865:Middlewares/Third_Party/LwIP/src/core/tcp_in.c ****           }
1866:Middlewares/Third_Party/LwIP/src/core/tcp_in.c ****         }
1867:Middlewares/Third_Party/LwIP/src/core/tcp_in.c **** #endif /* TCP_OOSEQ_BYTES_LIMIT || TCP_OOSEQ_PBUFS_LIMIT */
1868:Middlewares/Third_Party/LwIP/src/core/tcp_in.c **** #endif /* TCP_QUEUE_OOSEQ */
1869:Middlewares/Third_Party/LwIP/src/core/tcp_in.c **** 
1870:Middlewares/Third_Party/LwIP/src/core/tcp_in.c ****         /* We send the ACK packet after we've (potentially) dealt with SACKs,
1871:Middlewares/Third_Party/LwIP/src/core/tcp_in.c ****            so they can be included in the acknowledgment. */
1872:Middlewares/Third_Party/LwIP/src/core/tcp_in.c ****         tcp_send_empty_ack(pcb);
1873:Middlewares/Third_Party/LwIP/src/core/tcp_in.c ****       }
1874:Middlewares/Third_Party/LwIP/src/core/tcp_in.c ****     } else {
1875:Middlewares/Third_Party/LwIP/src/core/tcp_in.c ****       /* The incoming segment is not within the window. */
1876:Middlewares/Third_Party/LwIP/src/core/tcp_in.c ****       tcp_send_empty_ack(pcb);
1877:Middlewares/Third_Party/LwIP/src/core/tcp_in.c ****     }
1878:Middlewares/Third_Party/LwIP/src/core/tcp_in.c ****   } else {
1879:Middlewares/Third_Party/LwIP/src/core/tcp_in.c ****     /* Segments with length 0 is taken care of here. Segments that
1880:Middlewares/Third_Party/LwIP/src/core/tcp_in.c ****        fall out of the window are ACKed. */
1881:Middlewares/Third_Party/LwIP/src/core/tcp_in.c ****     if (!TCP_SEQ_BETWEEN(seqno, pcb->rcv_nxt, pcb->rcv_nxt + pcb->rcv_wnd - 1)) {
1882:Middlewares/Third_Party/LwIP/src/core/tcp_in.c ****       tcp_ack_now(pcb);
1883:Middlewares/Third_Party/LwIP/src/core/tcp_in.c ****     }
1884:Middlewares/Third_Party/LwIP/src/core/tcp_in.c ****   }
1885:Middlewares/Third_Party/LwIP/src/core/tcp_in.c **** }
1886:Middlewares/Third_Party/LwIP/src/core/tcp_in.c **** 
1887:Middlewares/Third_Party/LwIP/src/core/tcp_in.c **** static u8_t
1888:Middlewares/Third_Party/LwIP/src/core/tcp_in.c **** tcp_get_next_optbyte(void)
1889:Middlewares/Third_Party/LwIP/src/core/tcp_in.c **** {
  27              		.loc 1 1889 1 view -0
  28              		.cfi_startproc
  29              		@ args = 0, pretend = 0, frame = 0
  30              		@ frame_needed = 0, uses_anonymous_args = 0
  31              		@ link register save eliminated.
1890:Middlewares/Third_Party/LwIP/src/core/tcp_in.c ****   u16_t optidx = tcp_optidx++;
  32              		.loc 1 1890 3 view .LVU1
  33              		.loc 1 1890 28 is_stmt 0 view .LVU2
  34 0000 0A4A     		ldr	r2, .L5
  35 0002 1388     		ldrh	r3, [r2]
  36 0004 591C     		adds	r1, r3, #1
  37 0006 1180     		strh	r1, [r2]	@ movhi
  38              	.LVL0:
1891:Middlewares/Third_Party/LwIP/src/core/tcp_in.c ****   if ((tcphdr_opt2 == NULL) || (optidx < tcphdr_opt1len)) {
  39              		.loc 1 1891 3 is_stmt 1 view .LVU3
  40              		.loc 1 1891 20 is_stmt 0 view .LVU4
  41 0008 094A     		ldr	r2, .L5+4
  42 000a 1168     		ldr	r1, [r2]
  43              		.loc 1 1891 6 view .LVU5
  44 000c 19B1     		cbz	r1, .L2
  45              		.loc 1 1891 40 discriminator 1 view .LVU6
  46 000e 094A     		ldr	r2, .L5+8
  47 0010 1288     		ldrh	r2, [r2]
  48              		.loc 1 1891 29 discriminator 1 view .LVU7
ARM GAS  /tmp/ccYvHRO8.s 			page 35


  49 0012 9342     		cmp	r3, r2
  50 0014 04D2     		bcs	.L3
  51              	.L2:
  52              	.LBB2:
1892:Middlewares/Third_Party/LwIP/src/core/tcp_in.c ****     u8_t *opts = (u8_t *)tcphdr + TCP_HLEN;
  53              		.loc 1 1892 5 is_stmt 1 view .LVU8
  54              		.loc 1 1892 18 is_stmt 0 view .LVU9
  55 0016 084A     		ldr	r2, .L5+12
  56 0018 1268     		ldr	r2, [r2]
  57              	.LVL1:
1893:Middlewares/Third_Party/LwIP/src/core/tcp_in.c ****     return opts[optidx];
  58              		.loc 1 1893 5 is_stmt 1 view .LVU10
  59              		.loc 1 1893 16 is_stmt 0 view .LVU11
  60 001a 1344     		add	r3, r3, r2
  61              	.LVL2:
  62              		.loc 1 1893 16 view .LVU12
  63 001c 187D     		ldrb	r0, [r3, #20]	@ zero_extendqisi2
  64 001e 7047     		bx	lr
  65              	.LVL3:
  66              	.L3:
  67              		.loc 1 1893 16 view .LVU13
  68              	.LBE2:
  69              	.LBB3:
1894:Middlewares/Third_Party/LwIP/src/core/tcp_in.c ****   } else {
1895:Middlewares/Third_Party/LwIP/src/core/tcp_in.c ****     u8_t idx = (u8_t)(optidx - tcphdr_opt1len);
  70              		.loc 1 1895 5 is_stmt 1 view .LVU14
  71              		.loc 1 1895 16 is_stmt 0 view .LVU15
  72 0020 DBB2     		uxtb	r3, r3
  73              	.LVL4:
  74              		.loc 1 1895 16 view .LVU16
  75 0022 D2B2     		uxtb	r2, r2
  76              		.loc 1 1895 10 view .LVU17
  77 0024 9B1A     		subs	r3, r3, r2
  78 0026 DBB2     		uxtb	r3, r3
  79              	.LVL5:
1896:Middlewares/Third_Party/LwIP/src/core/tcp_in.c ****     return tcphdr_opt2[idx];
  80              		.loc 1 1896 5 is_stmt 1 view .LVU18
  81              		.loc 1 1896 23 is_stmt 0 view .LVU19
  82 0028 C85C     		ldrb	r0, [r1, r3]	@ zero_extendqisi2
  83              	.LBE3:
1897:Middlewares/Third_Party/LwIP/src/core/tcp_in.c ****   }
1898:Middlewares/Third_Party/LwIP/src/core/tcp_in.c **** }
  84              		.loc 1 1898 1 view .LVU20
  85 002a 7047     		bx	lr
  86              	.L6:
  87              		.align	2
  88              	.L5:
  89 002c 00000000 		.word	.LANCHOR0
  90 0030 00000000 		.word	.LANCHOR1
  91 0034 00000000 		.word	.LANCHOR2
  92 0038 00000000 		.word	.LANCHOR3
  93              		.cfi_endproc
  94              	.LFE177:
  96              		.section	.rodata.tcp_parseopt.str1.4,"aMS",%progbits,1
  97              		.align	2
  98              	.LC0:
  99 0000 4D696464 		.ascii	"Middlewares/Third_Party/LwIP/src/core/tcp_in.c\000"
ARM GAS  /tmp/ccYvHRO8.s 			page 36


  99      6C657761 
  99      7265732F 
  99      54686972 
  99      645F5061 
 100 002f 00       		.align	2
 101              	.LC1:
 102 0030 7463705F 		.ascii	"tcp_parseopt: invalid pcb\000"
 102      70617273 
 102      656F7074 
 102      3A20696E 
 102      76616C69 
 103 004a 0000     		.align	2
 104              	.LC2:
 105 004c 41737365 		.ascii	"Assertion \"%s\" failed at line %d in %s\012\000"
 105      7274696F 
 105      6E202225 
 105      73222066 
 105      61696C65 
 106              		.section	.text.tcp_parseopt,"ax",%progbits
 107              		.align	1
 108              		.syntax unified
 109              		.thumb
 110              		.thumb_func
 111              		.fpu fpv5-d16
 113              	tcp_parseopt:
 114              	.LVL6:
 115              	.LFB178:
1899:Middlewares/Third_Party/LwIP/src/core/tcp_in.c **** 
1900:Middlewares/Third_Party/LwIP/src/core/tcp_in.c **** /**
1901:Middlewares/Third_Party/LwIP/src/core/tcp_in.c ****  * Parses the options contained in the incoming segment.
1902:Middlewares/Third_Party/LwIP/src/core/tcp_in.c ****  *
1903:Middlewares/Third_Party/LwIP/src/core/tcp_in.c ****  * Called from tcp_listen_input() and tcp_process().
1904:Middlewares/Third_Party/LwIP/src/core/tcp_in.c ****  * Currently, only the MSS option is supported!
1905:Middlewares/Third_Party/LwIP/src/core/tcp_in.c ****  *
1906:Middlewares/Third_Party/LwIP/src/core/tcp_in.c ****  * @param pcb the tcp_pcb for which a segment arrived
1907:Middlewares/Third_Party/LwIP/src/core/tcp_in.c ****  */
1908:Middlewares/Third_Party/LwIP/src/core/tcp_in.c **** static void
1909:Middlewares/Third_Party/LwIP/src/core/tcp_in.c **** tcp_parseopt(struct tcp_pcb *pcb)
1910:Middlewares/Third_Party/LwIP/src/core/tcp_in.c **** {
 116              		.loc 1 1910 1 is_stmt 1 view -0
 117              		.cfi_startproc
 118              		@ args = 0, pretend = 0, frame = 0
 119              		@ frame_needed = 0, uses_anonymous_args = 0
 120              		.loc 1 1910 1 is_stmt 0 view .LVU22
 121 0000 38B5     		push	{r3, r4, r5, lr}
 122              	.LCFI0:
 123              		.cfi_def_cfa_offset 16
 124              		.cfi_offset 3, -16
 125              		.cfi_offset 4, -12
 126              		.cfi_offset 5, -8
 127              		.cfi_offset 14, -4
1911:Middlewares/Third_Party/LwIP/src/core/tcp_in.c ****   u8_t data;
 128              		.loc 1 1911 3 is_stmt 1 view .LVU23
1912:Middlewares/Third_Party/LwIP/src/core/tcp_in.c ****   u16_t mss;
 129              		.loc 1 1912 3 view .LVU24
1913:Middlewares/Third_Party/LwIP/src/core/tcp_in.c **** #if LWIP_TCP_TIMESTAMPS
1914:Middlewares/Third_Party/LwIP/src/core/tcp_in.c ****   u32_t tsval;
ARM GAS  /tmp/ccYvHRO8.s 			page 37


1915:Middlewares/Third_Party/LwIP/src/core/tcp_in.c **** #endif
1916:Middlewares/Third_Party/LwIP/src/core/tcp_in.c **** 
1917:Middlewares/Third_Party/LwIP/src/core/tcp_in.c ****   LWIP_ASSERT("tcp_parseopt: invalid pcb", pcb != NULL);
 130              		.loc 1 1917 3 view .LVU25
 131              		.loc 1 1917 3 view .LVU26
 132 0002 0446     		mov	r4, r0
 133 0004 E8B1     		cbz	r0, .L20
 134              	.LVL7:
 135              	.L8:
 136              		.loc 1 1917 3 discriminator 3 view .LVU27
 137              		.loc 1 1917 3 discriminator 3 view .LVU28
1918:Middlewares/Third_Party/LwIP/src/core/tcp_in.c **** 
1919:Middlewares/Third_Party/LwIP/src/core/tcp_in.c ****   /* Parse the TCP MSS option, if present. */
1920:Middlewares/Third_Party/LwIP/src/core/tcp_in.c ****   if (tcphdr_optlen != 0) {
 138              		.loc 1 1920 3 discriminator 3 view .LVU29
 139              		.loc 1 1920 21 is_stmt 0 discriminator 3 view .LVU30
 140 0006 224B     		ldr	r3, .L21
 141 0008 1B88     		ldrh	r3, [r3]
 142              		.loc 1 1920 6 discriminator 3 view .LVU31
 143 000a 002B     		cmp	r3, #0
 144 000c 3FD0     		beq	.L7
1921:Middlewares/Third_Party/LwIP/src/core/tcp_in.c ****     for (tcp_optidx = 0; tcp_optidx < tcphdr_optlen; ) {
 145              		.loc 1 1921 5 is_stmt 1 view .LVU32
 146              		.loc 1 1921 21 is_stmt 0 view .LVU33
 147 000e 214B     		ldr	r3, .L21+4
 148 0010 0022     		movs	r2, #0
 149 0012 1A80     		strh	r2, [r3]	@ movhi
 150              	.L11:
 151              		.loc 1 1921 26 is_stmt 1 discriminator 1 view .LVU34
 152              		.loc 1 1921 37 is_stmt 0 discriminator 1 view .LVU35
 153 0014 1F4B     		ldr	r3, .L21+4
 154 0016 1A88     		ldrh	r2, [r3]
 155 0018 1D4B     		ldr	r3, .L21
 156 001a 1B88     		ldrh	r3, [r3]
 157              		.loc 1 1921 5 discriminator 1 view .LVU36
 158 001c 9A42     		cmp	r2, r3
 159 001e 36D2     		bcs	.L7
 160              	.LBB4:
1922:Middlewares/Third_Party/LwIP/src/core/tcp_in.c ****       u8_t opt = tcp_get_next_optbyte();
 161              		.loc 1 1922 7 is_stmt 1 view .LVU37
 162              		.loc 1 1922 18 is_stmt 0 view .LVU38
 163 0020 FFF7FEFF 		bl	tcp_get_next_optbyte
 164              	.LVL8:
1923:Middlewares/Third_Party/LwIP/src/core/tcp_in.c ****       switch (opt) {
 165              		.loc 1 1923 7 is_stmt 1 view .LVU39
 166 0024 0128     		cmp	r0, #1
 167 0026 F5D0     		beq	.L11
 168 0028 0228     		cmp	r0, #2
 169 002a 12D0     		beq	.L12
 170 002c 78B3     		cbz	r0, .L7
1924:Middlewares/Third_Party/LwIP/src/core/tcp_in.c ****         case LWIP_TCP_OPT_EOL:
1925:Middlewares/Third_Party/LwIP/src/core/tcp_in.c ****           /* End of options. */
1926:Middlewares/Third_Party/LwIP/src/core/tcp_in.c ****           LWIP_DEBUGF(TCP_INPUT_DEBUG, ("tcp_parseopt: EOL\n"));
1927:Middlewares/Third_Party/LwIP/src/core/tcp_in.c ****           return;
1928:Middlewares/Third_Party/LwIP/src/core/tcp_in.c ****         case LWIP_TCP_OPT_NOP:
1929:Middlewares/Third_Party/LwIP/src/core/tcp_in.c ****           /* NOP option. */
1930:Middlewares/Third_Party/LwIP/src/core/tcp_in.c ****           LWIP_DEBUGF(TCP_INPUT_DEBUG, ("tcp_parseopt: NOP\n"));
ARM GAS  /tmp/ccYvHRO8.s 			page 38


1931:Middlewares/Third_Party/LwIP/src/core/tcp_in.c ****           break;
1932:Middlewares/Third_Party/LwIP/src/core/tcp_in.c ****         case LWIP_TCP_OPT_MSS:
1933:Middlewares/Third_Party/LwIP/src/core/tcp_in.c ****           LWIP_DEBUGF(TCP_INPUT_DEBUG, ("tcp_parseopt: MSS\n"));
1934:Middlewares/Third_Party/LwIP/src/core/tcp_in.c ****           if (tcp_get_next_optbyte() != LWIP_TCP_OPT_LEN_MSS || (tcp_optidx - 2 + LWIP_TCP_OPT_LEN_
1935:Middlewares/Third_Party/LwIP/src/core/tcp_in.c ****             /* Bad length */
1936:Middlewares/Third_Party/LwIP/src/core/tcp_in.c ****             LWIP_DEBUGF(TCP_INPUT_DEBUG, ("tcp_parseopt: bad length\n"));
1937:Middlewares/Third_Party/LwIP/src/core/tcp_in.c ****             return;
1938:Middlewares/Third_Party/LwIP/src/core/tcp_in.c ****           }
1939:Middlewares/Third_Party/LwIP/src/core/tcp_in.c ****           /* An MSS option with the right option length. */
1940:Middlewares/Third_Party/LwIP/src/core/tcp_in.c ****           mss = (u16_t)(tcp_get_next_optbyte() << 8);
1941:Middlewares/Third_Party/LwIP/src/core/tcp_in.c ****           mss |= tcp_get_next_optbyte();
1942:Middlewares/Third_Party/LwIP/src/core/tcp_in.c ****           /* Limit the mss to the configured TCP_MSS and prevent division by zero */
1943:Middlewares/Third_Party/LwIP/src/core/tcp_in.c ****           pcb->mss = ((mss > TCP_MSS) || (mss == 0)) ? TCP_MSS : mss;
1944:Middlewares/Third_Party/LwIP/src/core/tcp_in.c ****           break;
1945:Middlewares/Third_Party/LwIP/src/core/tcp_in.c **** #if LWIP_WND_SCALE
1946:Middlewares/Third_Party/LwIP/src/core/tcp_in.c ****         case LWIP_TCP_OPT_WS:
1947:Middlewares/Third_Party/LwIP/src/core/tcp_in.c ****           LWIP_DEBUGF(TCP_INPUT_DEBUG, ("tcp_parseopt: WND_SCALE\n"));
1948:Middlewares/Third_Party/LwIP/src/core/tcp_in.c ****           if (tcp_get_next_optbyte() != LWIP_TCP_OPT_LEN_WS || (tcp_optidx - 2 + LWIP_TCP_OPT_LEN_W
1949:Middlewares/Third_Party/LwIP/src/core/tcp_in.c ****             /* Bad length */
1950:Middlewares/Third_Party/LwIP/src/core/tcp_in.c ****             LWIP_DEBUGF(TCP_INPUT_DEBUG, ("tcp_parseopt: bad length\n"));
1951:Middlewares/Third_Party/LwIP/src/core/tcp_in.c ****             return;
1952:Middlewares/Third_Party/LwIP/src/core/tcp_in.c ****           }
1953:Middlewares/Third_Party/LwIP/src/core/tcp_in.c ****           /* An WND_SCALE option with the right option length. */
1954:Middlewares/Third_Party/LwIP/src/core/tcp_in.c ****           data = tcp_get_next_optbyte();
1955:Middlewares/Third_Party/LwIP/src/core/tcp_in.c ****           /* If syn was received with wnd scale option,
1956:Middlewares/Third_Party/LwIP/src/core/tcp_in.c ****              activate wnd scale opt, but only if this is not a retransmission */
1957:Middlewares/Third_Party/LwIP/src/core/tcp_in.c ****           if ((flags & TCP_SYN) && !(pcb->flags & TF_WND_SCALE)) {
1958:Middlewares/Third_Party/LwIP/src/core/tcp_in.c ****             pcb->snd_scale = data;
1959:Middlewares/Third_Party/LwIP/src/core/tcp_in.c ****             if (pcb->snd_scale > 14U) {
1960:Middlewares/Third_Party/LwIP/src/core/tcp_in.c ****               pcb->snd_scale = 14U;
1961:Middlewares/Third_Party/LwIP/src/core/tcp_in.c ****             }
1962:Middlewares/Third_Party/LwIP/src/core/tcp_in.c ****             pcb->rcv_scale = TCP_RCV_SCALE;
1963:Middlewares/Third_Party/LwIP/src/core/tcp_in.c ****             tcp_set_flags(pcb, TF_WND_SCALE);
1964:Middlewares/Third_Party/LwIP/src/core/tcp_in.c ****             /* window scaling is enabled, we can use the full receive window */
1965:Middlewares/Third_Party/LwIP/src/core/tcp_in.c ****             LWIP_ASSERT("window not at default value", pcb->rcv_wnd == TCPWND_MIN16(TCP_WND));
1966:Middlewares/Third_Party/LwIP/src/core/tcp_in.c ****             LWIP_ASSERT("window not at default value", pcb->rcv_ann_wnd == TCPWND_MIN16(TCP_WND));
1967:Middlewares/Third_Party/LwIP/src/core/tcp_in.c ****             pcb->rcv_wnd = pcb->rcv_ann_wnd = TCP_WND;
1968:Middlewares/Third_Party/LwIP/src/core/tcp_in.c ****           }
1969:Middlewares/Third_Party/LwIP/src/core/tcp_in.c ****           break;
1970:Middlewares/Third_Party/LwIP/src/core/tcp_in.c **** #endif /* LWIP_WND_SCALE */
1971:Middlewares/Third_Party/LwIP/src/core/tcp_in.c **** #if LWIP_TCP_TIMESTAMPS
1972:Middlewares/Third_Party/LwIP/src/core/tcp_in.c ****         case LWIP_TCP_OPT_TS:
1973:Middlewares/Third_Party/LwIP/src/core/tcp_in.c ****           LWIP_DEBUGF(TCP_INPUT_DEBUG, ("tcp_parseopt: TS\n"));
1974:Middlewares/Third_Party/LwIP/src/core/tcp_in.c ****           if (tcp_get_next_optbyte() != LWIP_TCP_OPT_LEN_TS || (tcp_optidx - 2 + LWIP_TCP_OPT_LEN_T
1975:Middlewares/Third_Party/LwIP/src/core/tcp_in.c ****             /* Bad length */
1976:Middlewares/Third_Party/LwIP/src/core/tcp_in.c ****             LWIP_DEBUGF(TCP_INPUT_DEBUG, ("tcp_parseopt: bad length\n"));
1977:Middlewares/Third_Party/LwIP/src/core/tcp_in.c ****             return;
1978:Middlewares/Third_Party/LwIP/src/core/tcp_in.c ****           }
1979:Middlewares/Third_Party/LwIP/src/core/tcp_in.c ****           /* TCP timestamp option with valid length */
1980:Middlewares/Third_Party/LwIP/src/core/tcp_in.c ****           tsval = tcp_get_next_optbyte();
1981:Middlewares/Third_Party/LwIP/src/core/tcp_in.c ****           tsval |= (tcp_get_next_optbyte() << 8);
1982:Middlewares/Third_Party/LwIP/src/core/tcp_in.c ****           tsval |= (tcp_get_next_optbyte() << 16);
1983:Middlewares/Third_Party/LwIP/src/core/tcp_in.c ****           tsval |= (tcp_get_next_optbyte() << 24);
1984:Middlewares/Third_Party/LwIP/src/core/tcp_in.c ****           if (flags & TCP_SYN) {
1985:Middlewares/Third_Party/LwIP/src/core/tcp_in.c ****             pcb->ts_recent = lwip_ntohl(tsval);
1986:Middlewares/Third_Party/LwIP/src/core/tcp_in.c ****             /* Enable sending timestamps in every segment now that we know
1987:Middlewares/Third_Party/LwIP/src/core/tcp_in.c ****                the remote host supports it. */
ARM GAS  /tmp/ccYvHRO8.s 			page 39


1988:Middlewares/Third_Party/LwIP/src/core/tcp_in.c ****             tcp_set_flags(pcb, TF_TIMESTAMP);
1989:Middlewares/Third_Party/LwIP/src/core/tcp_in.c ****           } else if (TCP_SEQ_BETWEEN(pcb->ts_lastacksent, seqno, seqno + tcplen)) {
1990:Middlewares/Third_Party/LwIP/src/core/tcp_in.c ****             pcb->ts_recent = lwip_ntohl(tsval);
1991:Middlewares/Third_Party/LwIP/src/core/tcp_in.c ****           }
1992:Middlewares/Third_Party/LwIP/src/core/tcp_in.c ****           /* Advance to next option (6 bytes already read) */
1993:Middlewares/Third_Party/LwIP/src/core/tcp_in.c ****           tcp_optidx += LWIP_TCP_OPT_LEN_TS - 6;
1994:Middlewares/Third_Party/LwIP/src/core/tcp_in.c ****           break;
1995:Middlewares/Third_Party/LwIP/src/core/tcp_in.c **** #endif /* LWIP_TCP_TIMESTAMPS */
1996:Middlewares/Third_Party/LwIP/src/core/tcp_in.c **** #if LWIP_TCP_SACK_OUT
1997:Middlewares/Third_Party/LwIP/src/core/tcp_in.c ****         case LWIP_TCP_OPT_SACK_PERM:
1998:Middlewares/Third_Party/LwIP/src/core/tcp_in.c ****           LWIP_DEBUGF(TCP_INPUT_DEBUG, ("tcp_parseopt: SACK_PERM\n"));
1999:Middlewares/Third_Party/LwIP/src/core/tcp_in.c ****           if (tcp_get_next_optbyte() != LWIP_TCP_OPT_LEN_SACK_PERM || (tcp_optidx - 2 + LWIP_TCP_OP
2000:Middlewares/Third_Party/LwIP/src/core/tcp_in.c ****             /* Bad length */
2001:Middlewares/Third_Party/LwIP/src/core/tcp_in.c ****             LWIP_DEBUGF(TCP_INPUT_DEBUG, ("tcp_parseopt: bad length\n"));
2002:Middlewares/Third_Party/LwIP/src/core/tcp_in.c ****             return;
2003:Middlewares/Third_Party/LwIP/src/core/tcp_in.c ****           }
2004:Middlewares/Third_Party/LwIP/src/core/tcp_in.c ****           /* TCP SACK_PERM option with valid length */
2005:Middlewares/Third_Party/LwIP/src/core/tcp_in.c ****           if (flags & TCP_SYN) {
2006:Middlewares/Third_Party/LwIP/src/core/tcp_in.c ****             /* We only set it if we receive it in a SYN (or SYN+ACK) packet */
2007:Middlewares/Third_Party/LwIP/src/core/tcp_in.c ****             tcp_set_flags(pcb, TF_SACK);
2008:Middlewares/Third_Party/LwIP/src/core/tcp_in.c ****           }
2009:Middlewares/Third_Party/LwIP/src/core/tcp_in.c ****           break;
2010:Middlewares/Third_Party/LwIP/src/core/tcp_in.c **** #endif /* LWIP_TCP_SACK_OUT */
2011:Middlewares/Third_Party/LwIP/src/core/tcp_in.c ****         default:
2012:Middlewares/Third_Party/LwIP/src/core/tcp_in.c ****           LWIP_DEBUGF(TCP_INPUT_DEBUG, ("tcp_parseopt: other\n"));
 171              		.loc 1 2012 66 view .LVU40
2013:Middlewares/Third_Party/LwIP/src/core/tcp_in.c ****           data = tcp_get_next_optbyte();
 172              		.loc 1 2013 11 view .LVU41
 173              		.loc 1 2013 18 is_stmt 0 view .LVU42
 174 002e FFF7FEFF 		bl	tcp_get_next_optbyte
 175              	.LVL9:
2014:Middlewares/Third_Party/LwIP/src/core/tcp_in.c ****           if (data < 2) {
 176              		.loc 1 2014 11 is_stmt 1 view .LVU43
 177              		.loc 1 2014 14 is_stmt 0 view .LVU44
 178 0032 0128     		cmp	r0, #1
 179 0034 2BD9     		bls	.L7
2015:Middlewares/Third_Party/LwIP/src/core/tcp_in.c ****             LWIP_DEBUGF(TCP_INPUT_DEBUG, ("tcp_parseopt: bad length\n"));
2016:Middlewares/Third_Party/LwIP/src/core/tcp_in.c ****             /* If the length field is zero, the options are malformed
2017:Middlewares/Third_Party/LwIP/src/core/tcp_in.c ****                and we don't process them further. */
2018:Middlewares/Third_Party/LwIP/src/core/tcp_in.c ****             return;
2019:Middlewares/Third_Party/LwIP/src/core/tcp_in.c ****           }
2020:Middlewares/Third_Party/LwIP/src/core/tcp_in.c ****           /* All other options have a length field, so that we easily
2021:Middlewares/Third_Party/LwIP/src/core/tcp_in.c ****              can skip past them. */
2022:Middlewares/Third_Party/LwIP/src/core/tcp_in.c ****           tcp_optidx += data - 2;
 180              		.loc 1 2022 11 is_stmt 1 view .LVU45
 181              		.loc 1 2022 22 is_stmt 0 view .LVU46
 182 0036 174B     		ldr	r3, .L21+4
 183 0038 1A88     		ldrh	r2, [r3]
 184 003a 1044     		add	r0, r0, r2
 185              	.LVL10:
 186              		.loc 1 2022 22 view .LVU47
 187 003c 0238     		subs	r0, r0, #2
 188 003e 1880     		strh	r0, [r3]	@ movhi
 189 0040 E8E7     		b	.L11
 190              	.LVL11:
 191              	.L20:
 192              		.loc 1 2022 22 view .LVU48
ARM GAS  /tmp/ccYvHRO8.s 			page 40


 193              	.LBE4:
1917:Middlewares/Third_Party/LwIP/src/core/tcp_in.c **** 
 194              		.loc 1 1917 3 is_stmt 1 discriminator 1 view .LVU49
1917:Middlewares/Third_Party/LwIP/src/core/tcp_in.c **** 
 195              		.loc 1 1917 3 discriminator 1 view .LVU50
 196 0042 154B     		ldr	r3, .L21+8
 197 0044 40F27D72 		movw	r2, #1917
 198 0048 1449     		ldr	r1, .L21+12
 199 004a 1548     		ldr	r0, .L21+16
 200              	.LVL12:
1917:Middlewares/Third_Party/LwIP/src/core/tcp_in.c **** 
 201              		.loc 1 1917 3 is_stmt 0 discriminator 1 view .LVU51
 202 004c FFF7FEFF 		bl	printf
 203              	.LVL13:
 204 0050 D9E7     		b	.L8
 205              	.LVL14:
 206              	.L12:
 207              	.LBB5:
1933:Middlewares/Third_Party/LwIP/src/core/tcp_in.c ****           if (tcp_get_next_optbyte() != LWIP_TCP_OPT_LEN_MSS || (tcp_optidx - 2 + LWIP_TCP_OPT_LEN_
 208              		.loc 1 1933 64 is_stmt 1 view .LVU52
1934:Middlewares/Third_Party/LwIP/src/core/tcp_in.c ****             /* Bad length */
 209              		.loc 1 1934 11 view .LVU53
1934:Middlewares/Third_Party/LwIP/src/core/tcp_in.c ****             /* Bad length */
 210              		.loc 1 1934 15 is_stmt 0 view .LVU54
 211 0052 FFF7FEFF 		bl	tcp_get_next_optbyte
 212              	.LVL15:
1934:Middlewares/Third_Party/LwIP/src/core/tcp_in.c ****             /* Bad length */
 213              		.loc 1 1934 14 view .LVU55
 214 0056 0428     		cmp	r0, #4
 215 0058 19D1     		bne	.L7
1934:Middlewares/Third_Party/LwIP/src/core/tcp_in.c ****             /* Bad length */
 216              		.loc 1 1934 105 discriminator 1 view .LVU56
 217 005a 0E4B     		ldr	r3, .L21+4
 218 005c 1B88     		ldrh	r3, [r3]
 219 005e 0133     		adds	r3, r3, #1
 220 0060 0B4A     		ldr	r2, .L21
 221 0062 1288     		ldrh	r2, [r2]
1934:Middlewares/Third_Party/LwIP/src/core/tcp_in.c ****             /* Bad length */
 222              		.loc 1 1934 62 discriminator 1 view .LVU57
 223 0064 9342     		cmp	r3, r2
 224 0066 12DA     		bge	.L7
1940:Middlewares/Third_Party/LwIP/src/core/tcp_in.c ****           mss |= tcp_get_next_optbyte();
 225              		.loc 1 1940 11 is_stmt 1 view .LVU58
1940:Middlewares/Third_Party/LwIP/src/core/tcp_in.c ****           mss |= tcp_get_next_optbyte();
 226              		.loc 1 1940 25 is_stmt 0 view .LVU59
 227 0068 FFF7FEFF 		bl	tcp_get_next_optbyte
 228              	.LVL16:
 229 006c 85B2     		uxth	r5, r0
1940:Middlewares/Third_Party/LwIP/src/core/tcp_in.c ****           mss |= tcp_get_next_optbyte();
 230              		.loc 1 1940 15 view .LVU60
 231 006e 2D02     		lsls	r5, r5, #8
 232 0070 ADB2     		uxth	r5, r5
 233              	.LVL17:
1941:Middlewares/Third_Party/LwIP/src/core/tcp_in.c ****           /* Limit the mss to the configured TCP_MSS and prevent division by zero */
 234              		.loc 1 1941 11 is_stmt 1 view .LVU61
1941:Middlewares/Third_Party/LwIP/src/core/tcp_in.c ****           /* Limit the mss to the configured TCP_MSS and prevent division by zero */
 235              		.loc 1 1941 18 is_stmt 0 view .LVU62
ARM GAS  /tmp/ccYvHRO8.s 			page 41


 236 0072 FFF7FEFF 		bl	tcp_get_next_optbyte
 237              	.LVL18:
 238 0076 80B2     		uxth	r0, r0
1941:Middlewares/Third_Party/LwIP/src/core/tcp_in.c ****           /* Limit the mss to the configured TCP_MSS and prevent division by zero */
 239              		.loc 1 1941 15 view .LVU63
 240 0078 0543     		orrs	r5, r5, r0
 241              	.LVL19:
1943:Middlewares/Third_Party/LwIP/src/core/tcp_in.c ****           break;
 242              		.loc 1 1943 11 is_stmt 1 view .LVU64
1943:Middlewares/Third_Party/LwIP/src/core/tcp_in.c ****           break;
 243              		.loc 1 1943 39 is_stmt 0 view .LVU65
 244 007a 6B1E     		subs	r3, r5, #1
 245 007c 9BB2     		uxth	r3, r3
1943:Middlewares/Third_Party/LwIP/src/core/tcp_in.c ****           break;
 246              		.loc 1 1943 20 view .LVU66
 247 007e 40F2B352 		movw	r2, #1459
 248 0082 9342     		cmp	r3, r2
 249 0084 01D9     		bls	.L14
 250 0086 40F2B455 		movw	r5, #1460
 251              	.LVL20:
 252              	.L14:
1943:Middlewares/Third_Party/LwIP/src/core/tcp_in.c ****           break;
 253              		.loc 1 1943 20 discriminator 4 view .LVU67
 254 008a 6586     		strh	r5, [r4, #50]	@ movhi
1944:Middlewares/Third_Party/LwIP/src/core/tcp_in.c **** #if LWIP_WND_SCALE
 255              		.loc 1 1944 11 is_stmt 1 discriminator 4 view .LVU68
 256 008c C2E7     		b	.L11
 257              	.L7:
1944:Middlewares/Third_Party/LwIP/src/core/tcp_in.c **** #if LWIP_WND_SCALE
 258              		.loc 1 1944 11 is_stmt 0 discriminator 4 view .LVU69
 259              	.LBE5:
2023:Middlewares/Third_Party/LwIP/src/core/tcp_in.c ****       }
2024:Middlewares/Third_Party/LwIP/src/core/tcp_in.c ****     }
2025:Middlewares/Third_Party/LwIP/src/core/tcp_in.c ****   }
2026:Middlewares/Third_Party/LwIP/src/core/tcp_in.c **** }
 260              		.loc 1 2026 1 view .LVU70
 261 008e 38BD     		pop	{r3, r4, r5, pc}
 262              	.LVL21:
 263              	.L22:
 264              		.loc 1 2026 1 view .LVU71
 265              		.align	2
 266              	.L21:
 267 0090 00000000 		.word	.LANCHOR4
 268 0094 00000000 		.word	.LANCHOR0
 269 0098 00000000 		.word	.LC0
 270 009c 30000000 		.word	.LC1
 271 00a0 4C000000 		.word	.LC2
 272              		.cfi_endproc
 273              	.LFE178:
 275              		.section	.rodata.tcp_input_delayed_close.str1.4,"aMS",%progbits,1
 276              		.align	2
 277              	.LC3:
 278 0000 7463705F 		.ascii	"tcp_input_delayed_close: invalid pcb\000"
 278      696E7075 
 278      745F6465 
 278      6C617965 
 278      645F636C 
ARM GAS  /tmp/ccYvHRO8.s 			page 42


 279              		.section	.text.tcp_input_delayed_close,"ax",%progbits
 280              		.align	1
 281              		.syntax unified
 282              		.thumb
 283              		.thumb_func
 284              		.fpu fpv5-d16
 286              	tcp_input_delayed_close:
 287              	.LVL22:
 288              	.LFB170:
 601:Middlewares/Third_Party/LwIP/src/core/tcp_in.c ****   LWIP_ASSERT("tcp_input_delayed_close: invalid pcb", pcb != NULL);
 289              		.loc 1 601 1 is_stmt 1 view -0
 290              		.cfi_startproc
 291              		@ args = 0, pretend = 0, frame = 0
 292              		@ frame_needed = 0, uses_anonymous_args = 0
 601:Middlewares/Third_Party/LwIP/src/core/tcp_in.c ****   LWIP_ASSERT("tcp_input_delayed_close: invalid pcb", pcb != NULL);
 293              		.loc 1 601 1 is_stmt 0 view .LVU73
 294 0000 10B5     		push	{r4, lr}
 295              	.LCFI1:
 296              		.cfi_def_cfa_offset 8
 297              		.cfi_offset 4, -8
 298              		.cfi_offset 14, -4
 602:Middlewares/Third_Party/LwIP/src/core/tcp_in.c **** 
 299              		.loc 1 602 3 is_stmt 1 view .LVU74
 602:Middlewares/Third_Party/LwIP/src/core/tcp_in.c **** 
 300              		.loc 1 602 3 view .LVU75
 301 0002 0446     		mov	r4, r0
 302 0004 30B1     		cbz	r0, .L29
 303              	.LVL23:
 304              	.L24:
 602:Middlewares/Third_Party/LwIP/src/core/tcp_in.c **** 
 305              		.loc 1 602 3 discriminator 3 view .LVU76
 602:Middlewares/Third_Party/LwIP/src/core/tcp_in.c **** 
 306              		.loc 1 602 3 discriminator 3 view .LVU77
 604:Middlewares/Third_Party/LwIP/src/core/tcp_in.c ****     /* The connection has been closed and we will deallocate the
 307              		.loc 1 604 3 discriminator 3 view .LVU78
 604:Middlewares/Third_Party/LwIP/src/core/tcp_in.c ****     /* The connection has been closed and we will deallocate the
 308              		.loc 1 604 18 is_stmt 0 discriminator 3 view .LVU79
 309 0006 114B     		ldr	r3, .L31
 310 0008 1B78     		ldrb	r3, [r3]	@ zero_extendqisi2
 604:Middlewares/Third_Party/LwIP/src/core/tcp_in.c ****     /* The connection has been closed and we will deallocate the
 311              		.loc 1 604 6 discriminator 3 view .LVU80
 312 000a 13F0100F 		tst	r3, #16
 313 000e 09D1     		bne	.L30
 617:Middlewares/Third_Party/LwIP/src/core/tcp_in.c **** }
 314              		.loc 1 617 10 view .LVU81
 315 0010 0020     		movs	r0, #0
 316              	.L23:
 618:Middlewares/Third_Party/LwIP/src/core/tcp_in.c **** 
 317              		.loc 1 618 1 view .LVU82
 318 0012 10BD     		pop	{r4, pc}
 319              	.LVL24:
 320              	.L29:
 602:Middlewares/Third_Party/LwIP/src/core/tcp_in.c **** 
 321              		.loc 1 602 3 is_stmt 1 discriminator 1 view .LVU83
 602:Middlewares/Third_Party/LwIP/src/core/tcp_in.c **** 
 322              		.loc 1 602 3 discriminator 1 view .LVU84
 323 0014 0E4B     		ldr	r3, .L31+4
ARM GAS  /tmp/ccYvHRO8.s 			page 43


 324 0016 40F25A22 		movw	r2, #602
 325 001a 0E49     		ldr	r1, .L31+8
 326 001c 0E48     		ldr	r0, .L31+12
 327              	.LVL25:
 602:Middlewares/Third_Party/LwIP/src/core/tcp_in.c **** 
 328              		.loc 1 602 3 is_stmt 0 discriminator 1 view .LVU85
 329 001e FFF7FEFF 		bl	printf
 330              	.LVL26:
 331 0022 F0E7     		b	.L24
 332              	.L30:
 607:Middlewares/Third_Party/LwIP/src/core/tcp_in.c ****       /* Connection closed although the application has only shut down the
 333              		.loc 1 607 5 is_stmt 1 view .LVU86
 607:Middlewares/Third_Party/LwIP/src/core/tcp_in.c ****       /* Connection closed although the application has only shut down the
 334              		.loc 1 607 14 is_stmt 0 view .LVU87
 335 0024 638B     		ldrh	r3, [r4, #26]
 607:Middlewares/Third_Party/LwIP/src/core/tcp_in.c ****       /* Connection closed although the application has only shut down the
 336              		.loc 1 607 8 view .LVU88
 337 0026 13F0100F 		tst	r3, #16
 338 002a 06D1     		bne	.L26
 611:Middlewares/Third_Party/LwIP/src/core/tcp_in.c ****     }
 339              		.loc 1 611 7 is_stmt 1 view .LVU89
 611:Middlewares/Third_Party/LwIP/src/core/tcp_in.c ****     }
 340              		.loc 1 611 7 view .LVU90
 611:Middlewares/Third_Party/LwIP/src/core/tcp_in.c ****     }
 341              		.loc 1 611 7 view .LVU91
 342 002c D4F89030 		ldr	r3, [r4, #144]
 343 0030 1BB1     		cbz	r3, .L26
 611:Middlewares/Third_Party/LwIP/src/core/tcp_in.c ****     }
 344              		.loc 1 611 7 discriminator 1 view .LVU92
 345 0032 6FF00E01 		mvn	r1, #14
 346 0036 2069     		ldr	r0, [r4, #16]
 347 0038 9847     		blx	r3
 348              	.LVL27:
 349              	.L26:
 611:Middlewares/Third_Party/LwIP/src/core/tcp_in.c ****     }
 350              		.loc 1 611 7 discriminator 3 view .LVU93
 613:Middlewares/Third_Party/LwIP/src/core/tcp_in.c ****     tcp_free(pcb);
 351              		.loc 1 613 5 discriminator 3 view .LVU94
 352 003a 2146     		mov	r1, r4
 353 003c 0748     		ldr	r0, .L31+16
 354 003e FFF7FEFF 		bl	tcp_pcb_remove
 355              	.LVL28:
 614:Middlewares/Third_Party/LwIP/src/core/tcp_in.c ****     return 1;
 356              		.loc 1 614 5 discriminator 3 view .LVU95
 357 0042 2046     		mov	r0, r4
 358 0044 FFF7FEFF 		bl	tcp_free
 359              	.LVL29:
 615:Middlewares/Third_Party/LwIP/src/core/tcp_in.c ****   }
 360              		.loc 1 615 5 discriminator 3 view .LVU96
 615:Middlewares/Third_Party/LwIP/src/core/tcp_in.c ****   }
 361              		.loc 1 615 12 is_stmt 0 discriminator 3 view .LVU97
 362 0048 0120     		movs	r0, #1
 363 004a E2E7     		b	.L23
 364              	.L32:
 365              		.align	2
 366              	.L31:
 367 004c 00000000 		.word	.LANCHOR5
ARM GAS  /tmp/ccYvHRO8.s 			page 44


 368 0050 00000000 		.word	.LC0
 369 0054 00000000 		.word	.LC3
 370 0058 4C000000 		.word	.LC2
 371 005c 00000000 		.word	tcp_active_pcbs
 372              		.cfi_endproc
 373              	.LFE170:
 375              		.section	.rodata.tcp_timewait_input.str1.4,"aMS",%progbits,1
 376              		.align	2
 377              	.LC4:
 378 0000 7463705F 		.ascii	"tcp_timewait_input: invalid pcb\000"
 378      74696D65 
 378      77616974 
 378      5F696E70 
 378      75743A20 
 379              		.section	.text.tcp_timewait_input,"ax",%progbits
 380              		.align	1
 381              		.syntax unified
 382              		.thumb
 383              		.thumb_func
 384              		.fpu fpv5-d16
 386              	tcp_timewait_input:
 387              	.LVL30:
 388              	.LFB172:
 740:Middlewares/Third_Party/LwIP/src/core/tcp_in.c ****   /* RFC 1337: in TIME_WAIT, ignore RST and ACK FINs + any 'acceptable' segments */
 389              		.loc 1 740 1 is_stmt 1 view -0
 390              		.cfi_startproc
 391              		@ args = 0, pretend = 0, frame = 0
 392              		@ frame_needed = 0, uses_anonymous_args = 0
 746:Middlewares/Third_Party/LwIP/src/core/tcp_in.c ****     return;
 393              		.loc 1 746 3 view .LVU99
 746:Middlewares/Third_Party/LwIP/src/core/tcp_in.c ****     return;
 394              		.loc 1 746 13 is_stmt 0 view .LVU100
 395 0000 234B     		ldr	r3, .L45
 396 0002 1B78     		ldrb	r3, [r3]	@ zero_extendqisi2
 746:Middlewares/Third_Party/LwIP/src/core/tcp_in.c ****     return;
 397              		.loc 1 746 6 view .LVU101
 398 0004 13F0040F 		tst	r3, #4
 399 0008 41D1     		bne	.L39
 740:Middlewares/Third_Party/LwIP/src/core/tcp_in.c ****   /* RFC 1337: in TIME_WAIT, ignore RST and ACK FINs + any 'acceptable' segments */
 400              		.loc 1 740 1 view .LVU102
 401 000a 30B5     		push	{r4, r5, lr}
 402              	.LCFI2:
 403              		.cfi_def_cfa_offset 12
 404              		.cfi_offset 4, -12
 405              		.cfi_offset 5, -8
 406              		.cfi_offset 14, -4
 407 000c 85B0     		sub	sp, sp, #20
 408              	.LCFI3:
 409              		.cfi_def_cfa_offset 32
 410 000e 0446     		mov	r4, r0
 750:Middlewares/Third_Party/LwIP/src/core/tcp_in.c **** 
 411              		.loc 1 750 3 is_stmt 1 view .LVU103
 750:Middlewares/Third_Party/LwIP/src/core/tcp_in.c **** 
 412              		.loc 1 750 3 view .LVU104
 413 0010 A0B1     		cbz	r0, .L42
 414              	.LVL31:
 415              	.L35:
ARM GAS  /tmp/ccYvHRO8.s 			page 45


 750:Middlewares/Third_Party/LwIP/src/core/tcp_in.c **** 
 416              		.loc 1 750 3 discriminator 3 view .LVU105
 750:Middlewares/Third_Party/LwIP/src/core/tcp_in.c **** 
 417              		.loc 1 750 3 discriminator 3 view .LVU106
 753:Middlewares/Third_Party/LwIP/src/core/tcp_in.c ****     /* If an incoming segment is not acceptable, an acknowledgment
 418              		.loc 1 753 3 discriminator 3 view .LVU107
 753:Middlewares/Third_Party/LwIP/src/core/tcp_in.c ****     /* If an incoming segment is not acceptable, an acknowledgment
 419              		.loc 1 753 13 is_stmt 0 discriminator 3 view .LVU108
 420 0012 1F4B     		ldr	r3, .L45
 421 0014 1B78     		ldrb	r3, [r3]	@ zero_extendqisi2
 753:Middlewares/Third_Party/LwIP/src/core/tcp_in.c ****     /* If an incoming segment is not acceptable, an acknowledgment
 422              		.loc 1 753 6 discriminator 3 view .LVU109
 423 0016 13F0020F 		tst	r3, #2
 424 001a 29D0     		beq	.L36
 756:Middlewares/Third_Party/LwIP/src/core/tcp_in.c ****       /* If the SYN is in the window it is an error, send a reset */
 425              		.loc 1 756 5 is_stmt 1 view .LVU110
 756:Middlewares/Third_Party/LwIP/src/core/tcp_in.c ****       /* If the SYN is in the window it is an error, send a reset */
 426              		.loc 1 756 9 is_stmt 0 view .LVU111
 427 001c 1D4B     		ldr	r3, .L45+4
 428 001e 1A68     		ldr	r2, [r3]
 429 0020 636A     		ldr	r3, [r4, #36]
 430 0022 D11A     		subs	r1, r2, r3
 756:Middlewares/Third_Party/LwIP/src/core/tcp_in.c ****       /* If the SYN is in the window it is an error, send a reset */
 431              		.loc 1 756 8 view .LVU112
 432 0024 0029     		cmp	r1, #0
 433 0026 04DB     		blt	.L37
 756:Middlewares/Third_Party/LwIP/src/core/tcp_in.c ****       /* If the SYN is in the window it is an error, send a reset */
 434              		.loc 1 756 9 discriminator 1 view .LVU113
 435 0028 218D     		ldrh	r1, [r4, #40]
 436 002a 0B44     		add	r3, r3, r1
 437 002c D31A     		subs	r3, r2, r3
 438 002e 002B     		cmp	r3, #0
 439 0030 0CDD     		ble	.L43
 440              	.L37:
 768:Middlewares/Third_Party/LwIP/src/core/tcp_in.c ****     /* Acknowledge data, FIN or out-of-window SYN */
 441              		.loc 1 768 3 is_stmt 1 view .LVU114
 768:Middlewares/Third_Party/LwIP/src/core/tcp_in.c ****     /* Acknowledge data, FIN or out-of-window SYN */
 442              		.loc 1 768 15 is_stmt 0 view .LVU115
 443 0032 194B     		ldr	r3, .L45+8
 444 0034 1B88     		ldrh	r3, [r3]
 768:Middlewares/Third_Party/LwIP/src/core/tcp_in.c ****     /* Acknowledge data, FIN or out-of-window SYN */
 445              		.loc 1 768 6 view .LVU116
 446 0036 13BB     		cbnz	r3, .L44
 447              	.L33:
 774:Middlewares/Third_Party/LwIP/src/core/tcp_in.c **** 
 448              		.loc 1 774 1 view .LVU117
 449 0038 05B0     		add	sp, sp, #20
 450              	.LCFI4:
 451              		.cfi_remember_state
 452              		.cfi_def_cfa_offset 12
 453              		@ sp needed
 454 003a 30BD     		pop	{r4, r5, pc}
 455              	.LVL32:
 456              	.L42:
 457              	.LCFI5:
 458              		.cfi_restore_state
 750:Middlewares/Third_Party/LwIP/src/core/tcp_in.c **** 
ARM GAS  /tmp/ccYvHRO8.s 			page 46


 459              		.loc 1 750 3 is_stmt 1 discriminator 1 view .LVU118
 750:Middlewares/Third_Party/LwIP/src/core/tcp_in.c **** 
 460              		.loc 1 750 3 discriminator 1 view .LVU119
 461 003c 174B     		ldr	r3, .L45+12
 462 003e 40F2EE22 		movw	r2, #750
 463 0042 1749     		ldr	r1, .L45+16
 464 0044 1748     		ldr	r0, .L45+20
 465              	.LVL33:
 750:Middlewares/Third_Party/LwIP/src/core/tcp_in.c **** 
 466              		.loc 1 750 3 is_stmt 0 discriminator 1 view .LVU120
 467 0046 FFF7FEFF 		bl	printf
 468              	.LVL34:
 469 004a E2E7     		b	.L35
 470              	.L43:
 758:Middlewares/Third_Party/LwIP/src/core/tcp_in.c ****               ip_current_src_addr(), tcphdr->dest, tcphdr->src);
 471              		.loc 1 758 7 is_stmt 1 view .LVU121
 759:Middlewares/Third_Party/LwIP/src/core/tcp_in.c ****       return;
 472              		.loc 1 759 44 is_stmt 0 view .LVU122
 473 004c 164B     		ldr	r3, .L45+24
 474 004e 1968     		ldr	r1, [r3]
 758:Middlewares/Third_Party/LwIP/src/core/tcp_in.c ****               ip_current_src_addr(), tcphdr->dest, tcphdr->src);
 475              		.loc 1 758 7 view .LVU123
 476 0050 164B     		ldr	r3, .L45+28
 477 0052 1148     		ldr	r0, .L45+8
 478 0054 0088     		ldrh	r0, [r0]
 479 0056 0D88     		ldrh	r5, [r1]	@ unaligned
 480 0058 0295     		str	r5, [sp, #8]
 481 005a 4988     		ldrh	r1, [r1, #2]	@ unaligned
 482 005c 0191     		str	r1, [sp, #4]
 483 005e 191F     		subs	r1, r3, #4
 484 0060 0091     		str	r1, [sp]
 485 0062 0244     		add	r2, r2, r0
 486 0064 1249     		ldr	r1, .L45+32
 487 0066 0968     		ldr	r1, [r1]
 488 0068 2046     		mov	r0, r4
 489 006a FFF7FEFF 		bl	tcp_rst
 490              	.LVL35:
 760:Middlewares/Third_Party/LwIP/src/core/tcp_in.c ****     }
 491              		.loc 1 760 7 is_stmt 1 view .LVU124
 492 006e E3E7     		b	.L33
 493              	.L36:
 762:Middlewares/Third_Party/LwIP/src/core/tcp_in.c ****     /* - eighth, check the FIN bit: Remain in the TIME-WAIT state.
 494              		.loc 1 762 10 view .LVU125
 762:Middlewares/Third_Party/LwIP/src/core/tcp_in.c ****     /* - eighth, check the FIN bit: Remain in the TIME-WAIT state.
 495              		.loc 1 762 13 is_stmt 0 view .LVU126
 496 0070 13F0010F 		tst	r3, #1
 497 0074 DDD0     		beq	.L37
 765:Middlewares/Third_Party/LwIP/src/core/tcp_in.c ****   }
 498              		.loc 1 765 5 is_stmt 1 view .LVU127
 765:Middlewares/Third_Party/LwIP/src/core/tcp_in.c ****   }
 499              		.loc 1 765 14 is_stmt 0 view .LVU128
 500 0076 0F4B     		ldr	r3, .L45+36
 501 0078 1B68     		ldr	r3, [r3]
 502 007a 2362     		str	r3, [r4, #32]
 503 007c D9E7     		b	.L37
 504              	.L44:
 770:Middlewares/Third_Party/LwIP/src/core/tcp_in.c ****     tcp_output(pcb);
ARM GAS  /tmp/ccYvHRO8.s 			page 47


 505              		.loc 1 770 5 is_stmt 1 view .LVU129
 770:Middlewares/Third_Party/LwIP/src/core/tcp_in.c ****     tcp_output(pcb);
 506              		.loc 1 770 5 view .LVU130
 507 007e 638B     		ldrh	r3, [r4, #26]
 508 0080 43F00203 		orr	r3, r3, #2
 509 0084 6383     		strh	r3, [r4, #26]	@ movhi
 770:Middlewares/Third_Party/LwIP/src/core/tcp_in.c ****     tcp_output(pcb);
 510              		.loc 1 770 5 view .LVU131
 771:Middlewares/Third_Party/LwIP/src/core/tcp_in.c ****   }
 511              		.loc 1 771 5 view .LVU132
 512 0086 2046     		mov	r0, r4
 513 0088 FFF7FEFF 		bl	tcp_output
 514              	.LVL36:
 515 008c D4E7     		b	.L33
 516              	.LVL37:
 517              	.L39:
 518              	.LCFI6:
 519              		.cfi_def_cfa_offset 0
 520              		.cfi_restore 4
 521              		.cfi_restore 5
 522              		.cfi_restore 14
 771:Middlewares/Third_Party/LwIP/src/core/tcp_in.c ****   }
 523              		.loc 1 771 5 is_stmt 0 view .LVU133
 524 008e 7047     		bx	lr
 525              	.L46:
 526              		.align	2
 527              	.L45:
 528 0090 00000000 		.word	.LANCHOR6
 529 0094 00000000 		.word	.LANCHOR7
 530 0098 00000000 		.word	.LANCHOR8
 531 009c 00000000 		.word	.LC0
 532 00a0 00000000 		.word	.LC4
 533 00a4 4C000000 		.word	.LC2
 534 00a8 00000000 		.word	.LANCHOR3
 535 00ac 14000000 		.word	ip_data+20
 536 00b0 00000000 		.word	.LANCHOR9
 537 00b4 00000000 		.word	tcp_ticks
 538              		.cfi_endproc
 539              	.LFE172:
 541              		.section	.rodata.tcp_listen_input.str1.4,"aMS",%progbits,1
 542              		.align	2
 543              	.LC5:
 544 0000 7463705F 		.ascii	"tcp_listen_input: invalid pcb\000"
 544      6C697374 
 544      656E5F69 
 544      6E707574 
 544      3A20696E 
 545              		.section	.text.tcp_listen_input,"ax",%progbits
 546              		.align	1
 547              		.syntax unified
 548              		.thumb
 549              		.thumb_func
 550              		.fpu fpv5-d16
 552              	tcp_listen_input:
 553              	.LVL38:
 554              	.LFB171:
 631:Middlewares/Third_Party/LwIP/src/core/tcp_in.c ****   struct tcp_pcb *npcb;
ARM GAS  /tmp/ccYvHRO8.s 			page 48


 555              		.loc 1 631 1 is_stmt 1 view -0
 556              		.cfi_startproc
 557              		@ args = 0, pretend = 0, frame = 0
 558              		@ frame_needed = 0, uses_anonymous_args = 0
 632:Middlewares/Third_Party/LwIP/src/core/tcp_in.c ****   u32_t iss;
 559              		.loc 1 632 3 view .LVU135
 633:Middlewares/Third_Party/LwIP/src/core/tcp_in.c ****   err_t rc;
 560              		.loc 1 633 3 view .LVU136
 634:Middlewares/Third_Party/LwIP/src/core/tcp_in.c **** 
 561              		.loc 1 634 3 view .LVU137
 636:Middlewares/Third_Party/LwIP/src/core/tcp_in.c ****     /* An incoming RST should be ignored. Return. */
 562              		.loc 1 636 3 view .LVU138
 636:Middlewares/Third_Party/LwIP/src/core/tcp_in.c ****     /* An incoming RST should be ignored. Return. */
 563              		.loc 1 636 13 is_stmt 0 view .LVU139
 564 0000 474B     		ldr	r3, .L63
 565 0002 1B78     		ldrb	r3, [r3]	@ zero_extendqisi2
 636:Middlewares/Third_Party/LwIP/src/core/tcp_in.c ****     /* An incoming RST should be ignored. Return. */
 566              		.loc 1 636 6 view .LVU140
 567 0004 13F0040F 		tst	r3, #4
 568 0008 40F08880 		bne	.L55
 631:Middlewares/Third_Party/LwIP/src/core/tcp_in.c ****   struct tcp_pcb *npcb;
 569              		.loc 1 631 1 view .LVU141
 570 000c F0B5     		push	{r4, r5, r6, r7, lr}
 571              	.LCFI7:
 572              		.cfi_def_cfa_offset 20
 573              		.cfi_offset 4, -20
 574              		.cfi_offset 5, -16
 575              		.cfi_offset 6, -12
 576              		.cfi_offset 7, -8
 577              		.cfi_offset 14, -4
 578 000e 85B0     		sub	sp, sp, #20
 579              	.LCFI8:
 580              		.cfi_def_cfa_offset 40
 581 0010 0446     		mov	r4, r0
 641:Middlewares/Third_Party/LwIP/src/core/tcp_in.c **** 
 582              		.loc 1 641 3 is_stmt 1 view .LVU142
 641:Middlewares/Third_Party/LwIP/src/core/tcp_in.c **** 
 583              		.loc 1 641 3 view .LVU143
 584 0012 48B1     		cbz	r0, .L58
 585              	.LVL39:
 586              	.L49:
 641:Middlewares/Third_Party/LwIP/src/core/tcp_in.c **** 
 587              		.loc 1 641 3 discriminator 3 view .LVU144
 641:Middlewares/Third_Party/LwIP/src/core/tcp_in.c **** 
 588              		.loc 1 641 3 discriminator 3 view .LVU145
 645:Middlewares/Third_Party/LwIP/src/core/tcp_in.c ****     /* For incoming segments with the ACK flag set, respond with a
 589              		.loc 1 645 3 discriminator 3 view .LVU146
 645:Middlewares/Third_Party/LwIP/src/core/tcp_in.c ****     /* For incoming segments with the ACK flag set, respond with a
 590              		.loc 1 645 13 is_stmt 0 discriminator 3 view .LVU147
 591 0014 424B     		ldr	r3, .L63
 592 0016 1B78     		ldrb	r3, [r3]	@ zero_extendqisi2
 645:Middlewares/Third_Party/LwIP/src/core/tcp_in.c ****     /* For incoming segments with the ACK flag set, respond with a
 593              		.loc 1 645 6 discriminator 3 view .LVU148
 594 0018 13F0100F 		tst	r3, #16
 595 001c 0CD1     		bne	.L59
 651:Middlewares/Third_Party/LwIP/src/core/tcp_in.c ****     LWIP_DEBUGF(TCP_DEBUG, ("TCP connection request %"U16_F" -> %"U16_F".\n", tcphdr->src, tcphdr->
 596              		.loc 1 651 10 is_stmt 1 view .LVU149
ARM GAS  /tmp/ccYvHRO8.s 			page 49


 651:Middlewares/Third_Party/LwIP/src/core/tcp_in.c ****     LWIP_DEBUGF(TCP_DEBUG, ("TCP connection request %"U16_F" -> %"U16_F".\n", tcphdr->src, tcphdr->
 597              		.loc 1 651 13 is_stmt 0 view .LVU150
 598 001e 13F0020F 		tst	r3, #2
 599 0022 1DD1     		bne	.L60
 600              	.LVL40:
 601              	.L47:
 727:Middlewares/Third_Party/LwIP/src/core/tcp_in.c **** 
 602              		.loc 1 727 1 view .LVU151
 603 0024 05B0     		add	sp, sp, #20
 604              	.LCFI9:
 605              		.cfi_remember_state
 606              		.cfi_def_cfa_offset 20
 607              		@ sp needed
 608 0026 F0BD     		pop	{r4, r5, r6, r7, pc}
 609              	.LVL41:
 610              	.L58:
 611              	.LCFI10:
 612              		.cfi_restore_state
 641:Middlewares/Third_Party/LwIP/src/core/tcp_in.c **** 
 613              		.loc 1 641 3 is_stmt 1 discriminator 1 view .LVU152
 641:Middlewares/Third_Party/LwIP/src/core/tcp_in.c **** 
 614              		.loc 1 641 3 discriminator 1 view .LVU153
 615 0028 3E4B     		ldr	r3, .L63+4
 616 002a 40F28122 		movw	r2, #641
 617 002e 3E49     		ldr	r1, .L63+8
 618 0030 3E48     		ldr	r0, .L63+12
 619              	.LVL42:
 641:Middlewares/Third_Party/LwIP/src/core/tcp_in.c **** 
 620              		.loc 1 641 3 is_stmt 0 discriminator 1 view .LVU154
 621 0032 FFF7FEFF 		bl	printf
 622              	.LVL43:
 623 0036 EDE7     		b	.L49
 624              	.L59:
 648:Middlewares/Third_Party/LwIP/src/core/tcp_in.c ****     tcp_rst((const struct tcp_pcb *)pcb, ackno, seqno + tcplen, ip_current_dest_addr(),
 625              		.loc 1 648 85 is_stmt 1 view .LVU155
 649:Middlewares/Third_Party/LwIP/src/core/tcp_in.c ****             ip_current_src_addr(), tcphdr->dest, tcphdr->src);
 626              		.loc 1 649 5 view .LVU156
 650:Middlewares/Third_Party/LwIP/src/core/tcp_in.c ****   } else if (flags & TCP_SYN) {
 627              		.loc 1 650 42 is_stmt 0 view .LVU157
 628 0038 3D4B     		ldr	r3, .L63+16
 629 003a 1968     		ldr	r1, [r3]
 649:Middlewares/Third_Party/LwIP/src/core/tcp_in.c ****             ip_current_src_addr(), tcphdr->dest, tcphdr->src);
 630              		.loc 1 649 5 view .LVU158
 631 003c 3D4B     		ldr	r3, .L63+20
 632 003e 3E4A     		ldr	r2, .L63+24
 633 0040 1088     		ldrh	r0, [r2]
 634 0042 3E4A     		ldr	r2, .L63+28
 635 0044 1268     		ldr	r2, [r2]
 636 0046 0D88     		ldrh	r5, [r1]	@ unaligned
 637 0048 0295     		str	r5, [sp, #8]
 638 004a 4988     		ldrh	r1, [r1, #2]	@ unaligned
 639 004c 0191     		str	r1, [sp, #4]
 640 004e 191F     		subs	r1, r3, #4
 641 0050 0091     		str	r1, [sp]
 642 0052 0244     		add	r2, r2, r0
 643 0054 3A49     		ldr	r1, .L63+32
 644 0056 0968     		ldr	r1, [r1]
ARM GAS  /tmp/ccYvHRO8.s 			page 50


 645 0058 2046     		mov	r0, r4
 646 005a FFF7FEFF 		bl	tcp_rst
 647              	.LVL44:
 648 005e E1E7     		b	.L47
 649              	.L60:
 652:Middlewares/Third_Party/LwIP/src/core/tcp_in.c **** #if TCP_LISTEN_BACKLOG
 650              		.loc 1 652 106 is_stmt 1 view .LVU159
 659:Middlewares/Third_Party/LwIP/src/core/tcp_in.c ****     /* If a new PCB could not be created (probably due to lack of memory),
 651              		.loc 1 659 5 view .LVU160
 659:Middlewares/Third_Party/LwIP/src/core/tcp_in.c ****     /* If a new PCB could not be created (probably due to lack of memory),
 652              		.loc 1 659 12 is_stmt 0 view .LVU161
 653 0060 607D     		ldrb	r0, [r4, #21]	@ zero_extendqisi2
 654 0062 FFF7FEFF 		bl	tcp_alloc
 655              	.LVL45:
 663:Middlewares/Third_Party/LwIP/src/core/tcp_in.c ****       err_t err;
 656              		.loc 1 663 5 is_stmt 1 view .LVU162
 663:Middlewares/Third_Party/LwIP/src/core/tcp_in.c ****       err_t err;
 657              		.loc 1 663 8 is_stmt 0 view .LVU163
 658 0066 0546     		mov	r5, r0
 659 0068 0028     		cmp	r0, #0
 660 006a 49D0     		beq	.L61
 676:Middlewares/Third_Party/LwIP/src/core/tcp_in.c ****     ip_addr_copy(npcb->remote_ip, *ip_current_src_addr());
 661              		.loc 1 676 5 is_stmt 1 view .LVU164
 662 006c 354B     		ldr	r3, .L63+36
 663 006e 5A69     		ldr	r2, [r3, #20]
 664 0070 0260     		str	r2, [r0]
 677:Middlewares/Third_Party/LwIP/src/core/tcp_in.c ****     npcb->local_port = pcb->local_port;
 665              		.loc 1 677 5 view .LVU165
 666 0072 1B69     		ldr	r3, [r3, #16]
 667 0074 4360     		str	r3, [r0, #4]
 678:Middlewares/Third_Party/LwIP/src/core/tcp_in.c ****     npcb->remote_port = tcphdr->src;
 668              		.loc 1 678 5 view .LVU166
 678:Middlewares/Third_Party/LwIP/src/core/tcp_in.c ****     npcb->remote_port = tcphdr->src;
 669              		.loc 1 678 27 is_stmt 0 view .LVU167
 670 0076 E38A     		ldrh	r3, [r4, #22]
 678:Middlewares/Third_Party/LwIP/src/core/tcp_in.c ****     npcb->remote_port = tcphdr->src;
 671              		.loc 1 678 22 view .LVU168
 672 0078 C382     		strh	r3, [r0, #22]	@ movhi
 679:Middlewares/Third_Party/LwIP/src/core/tcp_in.c ****     npcb->state = SYN_RCVD;
 673              		.loc 1 679 5 is_stmt 1 view .LVU169
 679:Middlewares/Third_Party/LwIP/src/core/tcp_in.c ****     npcb->state = SYN_RCVD;
 674              		.loc 1 679 31 is_stmt 0 view .LVU170
 675 007a 2D4E     		ldr	r6, .L63+16
 676 007c 3368     		ldr	r3, [r6]
 677 007e 1B88     		ldrh	r3, [r3]	@ unaligned
 679:Middlewares/Third_Party/LwIP/src/core/tcp_in.c ****     npcb->state = SYN_RCVD;
 678              		.loc 1 679 23 view .LVU171
 679 0080 0383     		strh	r3, [r0, #24]	@ movhi
 680:Middlewares/Third_Party/LwIP/src/core/tcp_in.c ****     npcb->rcv_nxt = seqno + 1;
 680              		.loc 1 680 5 is_stmt 1 view .LVU172
 680:Middlewares/Third_Party/LwIP/src/core/tcp_in.c ****     npcb->rcv_nxt = seqno + 1;
 681              		.loc 1 680 17 is_stmt 0 view .LVU173
 682 0082 0323     		movs	r3, #3
 683 0084 0375     		strb	r3, [r0, #20]
 681:Middlewares/Third_Party/LwIP/src/core/tcp_in.c ****     npcb->rcv_ann_right_edge = npcb->rcv_nxt;
 684              		.loc 1 681 5 is_stmt 1 view .LVU174
 681:Middlewares/Third_Party/LwIP/src/core/tcp_in.c ****     npcb->rcv_ann_right_edge = npcb->rcv_nxt;
ARM GAS  /tmp/ccYvHRO8.s 			page 51


 685              		.loc 1 681 27 is_stmt 0 view .LVU175
 686 0086 2D4F     		ldr	r7, .L63+28
 687 0088 3B68     		ldr	r3, [r7]
 688 008a 0133     		adds	r3, r3, #1
 681:Middlewares/Third_Party/LwIP/src/core/tcp_in.c ****     npcb->rcv_ann_right_edge = npcb->rcv_nxt;
 689              		.loc 1 681 19 view .LVU176
 690 008c 4362     		str	r3, [r0, #36]
 682:Middlewares/Third_Party/LwIP/src/core/tcp_in.c ****     iss = tcp_next_iss(npcb);
 691              		.loc 1 682 5 is_stmt 1 view .LVU177
 682:Middlewares/Third_Party/LwIP/src/core/tcp_in.c ****     iss = tcp_next_iss(npcb);
 692              		.loc 1 682 30 is_stmt 0 view .LVU178
 693 008e C362     		str	r3, [r0, #44]
 683:Middlewares/Third_Party/LwIP/src/core/tcp_in.c ****     npcb->snd_wl2 = iss;
 694              		.loc 1 683 5 is_stmt 1 view .LVU179
 683:Middlewares/Third_Party/LwIP/src/core/tcp_in.c ****     npcb->snd_wl2 = iss;
 695              		.loc 1 683 11 is_stmt 0 view .LVU180
 696 0090 FFF7FEFF 		bl	tcp_next_iss
 697              	.LVL46:
 684:Middlewares/Third_Party/LwIP/src/core/tcp_in.c ****     npcb->snd_nxt = iss;
 698              		.loc 1 684 5 is_stmt 1 view .LVU181
 684:Middlewares/Third_Party/LwIP/src/core/tcp_in.c ****     npcb->snd_nxt = iss;
 699              		.loc 1 684 19 is_stmt 0 view .LVU182
 700 0094 A865     		str	r0, [r5, #88]
 685:Middlewares/Third_Party/LwIP/src/core/tcp_in.c ****     npcb->lastack = iss;
 701              		.loc 1 685 5 is_stmt 1 view .LVU183
 685:Middlewares/Third_Party/LwIP/src/core/tcp_in.c ****     npcb->lastack = iss;
 702              		.loc 1 685 19 is_stmt 0 view .LVU184
 703 0096 2865     		str	r0, [r5, #80]
 686:Middlewares/Third_Party/LwIP/src/core/tcp_in.c ****     npcb->snd_lbb = iss;
 704              		.loc 1 686 5 is_stmt 1 view .LVU185
 686:Middlewares/Third_Party/LwIP/src/core/tcp_in.c ****     npcb->snd_lbb = iss;
 705              		.loc 1 686 19 is_stmt 0 view .LVU186
 706 0098 6864     		str	r0, [r5, #68]
 687:Middlewares/Third_Party/LwIP/src/core/tcp_in.c ****     npcb->snd_wl1 = seqno - 1;/* initialise to seqno-1 to force window update */
 707              		.loc 1 687 5 is_stmt 1 view .LVU187
 687:Middlewares/Third_Party/LwIP/src/core/tcp_in.c ****     npcb->snd_wl1 = seqno - 1;/* initialise to seqno-1 to force window update */
 708              		.loc 1 687 19 is_stmt 0 view .LVU188
 709 009a E865     		str	r0, [r5, #92]
 688:Middlewares/Third_Party/LwIP/src/core/tcp_in.c ****     npcb->callback_arg = pcb->callback_arg;
 710              		.loc 1 688 5 is_stmt 1 view .LVU189
 688:Middlewares/Third_Party/LwIP/src/core/tcp_in.c ****     npcb->callback_arg = pcb->callback_arg;
 711              		.loc 1 688 27 is_stmt 0 view .LVU190
 712 009c 3B68     		ldr	r3, [r7]
 713 009e 013B     		subs	r3, r3, #1
 688:Middlewares/Third_Party/LwIP/src/core/tcp_in.c ****     npcb->callback_arg = pcb->callback_arg;
 714              		.loc 1 688 19 view .LVU191
 715 00a0 6B65     		str	r3, [r5, #84]
 689:Middlewares/Third_Party/LwIP/src/core/tcp_in.c **** #if LWIP_CALLBACK_API || TCP_LISTEN_BACKLOG
 716              		.loc 1 689 5 is_stmt 1 view .LVU192
 689:Middlewares/Third_Party/LwIP/src/core/tcp_in.c **** #if LWIP_CALLBACK_API || TCP_LISTEN_BACKLOG
 717              		.loc 1 689 29 is_stmt 0 view .LVU193
 718 00a2 2369     		ldr	r3, [r4, #16]
 689:Middlewares/Third_Party/LwIP/src/core/tcp_in.c **** #if LWIP_CALLBACK_API || TCP_LISTEN_BACKLOG
 719              		.loc 1 689 24 view .LVU194
 720 00a4 2B61     		str	r3, [r5, #16]
 691:Middlewares/Third_Party/LwIP/src/core/tcp_in.c **** #endif /* LWIP_CALLBACK_API || TCP_LISTEN_BACKLOG */
 721              		.loc 1 691 5 is_stmt 1 view .LVU195
ARM GAS  /tmp/ccYvHRO8.s 			page 52


 691:Middlewares/Third_Party/LwIP/src/core/tcp_in.c **** #endif /* LWIP_CALLBACK_API || TCP_LISTEN_BACKLOG */
 722              		.loc 1 691 20 is_stmt 0 view .LVU196
 723 00a6 EC67     		str	r4, [r5, #124]
 694:Middlewares/Third_Party/LwIP/src/core/tcp_in.c ****     npcb->netif_idx = pcb->netif_idx;
 724              		.loc 1 694 5 is_stmt 1 view .LVU197
 694:Middlewares/Third_Party/LwIP/src/core/tcp_in.c ****     npcb->netif_idx = pcb->netif_idx;
 725              		.loc 1 694 27 is_stmt 0 view .LVU198
 726 00a8 637A     		ldrb	r3, [r4, #9]	@ zero_extendqisi2
 694:Middlewares/Third_Party/LwIP/src/core/tcp_in.c ****     npcb->netif_idx = pcb->netif_idx;
 727              		.loc 1 694 40 view .LVU199
 728 00aa 03F00C03 		and	r3, r3, #12
 694:Middlewares/Third_Party/LwIP/src/core/tcp_in.c ****     npcb->netif_idx = pcb->netif_idx;
 729              		.loc 1 694 22 view .LVU200
 730 00ae 6B72     		strb	r3, [r5, #9]
 695:Middlewares/Third_Party/LwIP/src/core/tcp_in.c ****     /* Register the new PCB so that we can begin receiving segments
 731              		.loc 1 695 5 is_stmt 1 view .LVU201
 695:Middlewares/Third_Party/LwIP/src/core/tcp_in.c ****     /* Register the new PCB so that we can begin receiving segments
 732              		.loc 1 695 26 is_stmt 0 view .LVU202
 733 00b0 237A     		ldrb	r3, [r4, #8]	@ zero_extendqisi2
 695:Middlewares/Third_Party/LwIP/src/core/tcp_in.c ****     /* Register the new PCB so that we can begin receiving segments
 734              		.loc 1 695 21 view .LVU203
 735 00b2 2B72     		strb	r3, [r5, #8]
 698:Middlewares/Third_Party/LwIP/src/core/tcp_in.c **** 
 736              		.loc 1 698 5 is_stmt 1 view .LVU204
 698:Middlewares/Third_Party/LwIP/src/core/tcp_in.c **** 
 737              		.loc 1 698 5 view .LVU205
 698:Middlewares/Third_Party/LwIP/src/core/tcp_in.c **** 
 738              		.loc 1 698 5 view .LVU206
 739 00b4 244B     		ldr	r3, .L63+40
 740 00b6 1A68     		ldr	r2, [r3]
 741 00b8 EA60     		str	r2, [r5, #12]
 698:Middlewares/Third_Party/LwIP/src/core/tcp_in.c **** 
 742              		.loc 1 698 5 view .LVU207
 743 00ba 1D60     		str	r5, [r3]
 698:Middlewares/Third_Party/LwIP/src/core/tcp_in.c **** 
 744              		.loc 1 698 5 view .LVU208
 745 00bc FFF7FEFF 		bl	tcp_timer_needed
 746              	.LVL47:
 698:Middlewares/Third_Party/LwIP/src/core/tcp_in.c **** 
 747              		.loc 1 698 5 view .LVU209
 698:Middlewares/Third_Party/LwIP/src/core/tcp_in.c **** 
 748              		.loc 1 698 5 view .LVU210
 749 00c0 224B     		ldr	r3, .L63+44
 750 00c2 0122     		movs	r2, #1
 751 00c4 1A70     		strb	r2, [r3]
 698:Middlewares/Third_Party/LwIP/src/core/tcp_in.c **** 
 752              		.loc 1 698 5 view .LVU211
 701:Middlewares/Third_Party/LwIP/src/core/tcp_in.c ****     npcb->snd_wnd = tcphdr->wnd;
 753              		.loc 1 701 5 view .LVU212
 754 00c6 2846     		mov	r0, r5
 755 00c8 FFF7FEFF 		bl	tcp_parseopt
 756              	.LVL48:
 702:Middlewares/Third_Party/LwIP/src/core/tcp_in.c ****     npcb->snd_wnd_max = npcb->snd_wnd;
 757              		.loc 1 702 5 view .LVU213
 702:Middlewares/Third_Party/LwIP/src/core/tcp_in.c ****     npcb->snd_wnd_max = npcb->snd_wnd;
 758              		.loc 1 702 27 is_stmt 0 view .LVU214
 759 00cc 3368     		ldr	r3, [r6]
ARM GAS  /tmp/ccYvHRO8.s 			page 53


 760 00ce DB89     		ldrh	r3, [r3, #14]	@ unaligned
 702:Middlewares/Third_Party/LwIP/src/core/tcp_in.c ****     npcb->snd_wnd_max = npcb->snd_wnd;
 761              		.loc 1 702 19 view .LVU215
 762 00d0 A5F86030 		strh	r3, [r5, #96]	@ movhi
 703:Middlewares/Third_Party/LwIP/src/core/tcp_in.c **** 
 763              		.loc 1 703 5 is_stmt 1 view .LVU216
 703:Middlewares/Third_Party/LwIP/src/core/tcp_in.c **** 
 764              		.loc 1 703 23 is_stmt 0 view .LVU217
 765 00d4 A5F86230 		strh	r3, [r5, #98]	@ movhi
 706:Middlewares/Third_Party/LwIP/src/core/tcp_in.c **** #endif /* TCP_CALCULATE_EFF_SEND_MSS */
 766              		.loc 1 706 5 is_stmt 1 view .LVU218
 706:Middlewares/Third_Party/LwIP/src/core/tcp_in.c **** #endif /* TCP_CALCULATE_EFF_SEND_MSS */
 767              		.loc 1 706 17 is_stmt 0 view .LVU219
 768 00d8 6E8E     		ldrh	r6, [r5, #50]
 769 00da 2C1D     		adds	r4, r5, #4
 770              	.LVL49:
 706:Middlewares/Third_Party/LwIP/src/core/tcp_in.c **** #endif /* TCP_CALCULATE_EFF_SEND_MSS */
 771              		.loc 1 706 17 view .LVU220
 772 00dc 2046     		mov	r0, r4
 773 00de FFF7FEFF 		bl	ip4_route
 774              	.LVL50:
 775 00e2 0146     		mov	r1, r0
 776 00e4 2246     		mov	r2, r4
 777 00e6 3046     		mov	r0, r6
 778 00e8 FFF7FEFF 		bl	tcp_eff_send_mss_netif
 779              	.LVL51:
 706:Middlewares/Third_Party/LwIP/src/core/tcp_in.c **** #endif /* TCP_CALCULATE_EFF_SEND_MSS */
 780              		.loc 1 706 15 view .LVU221
 781 00ec 6886     		strh	r0, [r5, #50]	@ movhi
 709:Middlewares/Third_Party/LwIP/src/core/tcp_in.c **** 
 782              		.loc 1 709 41 is_stmt 1 view .LVU222
 719:Middlewares/Third_Party/LwIP/src/core/tcp_in.c ****     if (rc != ERR_OK) {
 783              		.loc 1 719 5 view .LVU223
 719:Middlewares/Third_Party/LwIP/src/core/tcp_in.c ****     if (rc != ERR_OK) {
 784              		.loc 1 719 10 is_stmt 0 view .LVU224
 785 00ee 1221     		movs	r1, #18
 786 00f0 2846     		mov	r0, r5
 787 00f2 FFF7FEFF 		bl	tcp_enqueue_flags
 788              	.LVL52:
 720:Middlewares/Third_Party/LwIP/src/core/tcp_in.c ****       tcp_abandon(npcb, 0);
 789              		.loc 1 720 5 is_stmt 1 view .LVU225
 720:Middlewares/Third_Party/LwIP/src/core/tcp_in.c ****       tcp_abandon(npcb, 0);
 790              		.loc 1 720 8 is_stmt 0 view .LVU226
 791 00f6 60B9     		cbnz	r0, .L62
 724:Middlewares/Third_Party/LwIP/src/core/tcp_in.c ****   }
 792              		.loc 1 724 5 is_stmt 1 view .LVU227
 793 00f8 2846     		mov	r0, r5
 794              	.LVL53:
 724:Middlewares/Third_Party/LwIP/src/core/tcp_in.c ****   }
 795              		.loc 1 724 5 is_stmt 0 view .LVU228
 796 00fa FFF7FEFF 		bl	tcp_output
 797              	.LVL54:
 798 00fe 91E7     		b	.L47
 799              	.LVL55:
 800              	.L61:
 801              	.LBB6:
 664:Middlewares/Third_Party/LwIP/src/core/tcp_in.c ****       LWIP_DEBUGF(TCP_DEBUG, ("tcp_listen_input: could not allocate PCB\n"));
ARM GAS  /tmp/ccYvHRO8.s 			page 54


 802              		.loc 1 664 7 is_stmt 1 view .LVU229
 665:Middlewares/Third_Party/LwIP/src/core/tcp_in.c ****       TCP_STATS_INC(tcp.memerr);
 803              		.loc 1 665 77 view .LVU230
 666:Middlewares/Third_Party/LwIP/src/core/tcp_in.c ****       TCP_EVENT_ACCEPT(pcb, NULL, pcb->callback_arg, ERR_MEM, err);
 804              		.loc 1 666 32 view .LVU231
 667:Middlewares/Third_Party/LwIP/src/core/tcp_in.c ****       LWIP_UNUSED_ARG(err); /* err not useful here */
 805              		.loc 1 667 7 view .LVU232
 667:Middlewares/Third_Party/LwIP/src/core/tcp_in.c ****       LWIP_UNUSED_ARG(err); /* err not useful here */
 806              		.loc 1 667 7 view .LVU233
 807 0100 A369     		ldr	r3, [r4, #24]
 808 0102 002B     		cmp	r3, #0
 809 0104 8ED0     		beq	.L47
 667:Middlewares/Third_Party/LwIP/src/core/tcp_in.c ****       LWIP_UNUSED_ARG(err); /* err not useful here */
 810              		.loc 1 667 7 discriminator 1 view .LVU234
 811 0106 4FF0FF32 		mov	r2, #-1
 812 010a 0021     		movs	r1, #0
 813 010c 2069     		ldr	r0, [r4, #16]
 814              	.LVL56:
 667:Middlewares/Third_Party/LwIP/src/core/tcp_in.c ****       LWIP_UNUSED_ARG(err); /* err not useful here */
 815              		.loc 1 667 7 is_stmt 0 discriminator 1 view .LVU235
 816 010e 9847     		blx	r3
 817              	.LVL57:
 667:Middlewares/Third_Party/LwIP/src/core/tcp_in.c ****       LWIP_UNUSED_ARG(err); /* err not useful here */
 818              		.loc 1 667 7 is_stmt 1 discriminator 1 view .LVU236
 668:Middlewares/Third_Party/LwIP/src/core/tcp_in.c ****       return;
 819              		.loc 1 668 7 discriminator 1 view .LVU237
 669:Middlewares/Third_Party/LwIP/src/core/tcp_in.c ****     }
 820              		.loc 1 669 7 discriminator 1 view .LVU238
 821 0110 88E7     		b	.L47
 822              	.LVL58:
 823              	.L62:
 669:Middlewares/Third_Party/LwIP/src/core/tcp_in.c ****     }
 824              		.loc 1 669 7 is_stmt 0 discriminator 1 view .LVU239
 825              	.LBE6:
 721:Middlewares/Third_Party/LwIP/src/core/tcp_in.c ****       return;
 826              		.loc 1 721 7 is_stmt 1 view .LVU240
 827 0112 0021     		movs	r1, #0
 828 0114 2846     		mov	r0, r5
 829              	.LVL59:
 721:Middlewares/Third_Party/LwIP/src/core/tcp_in.c ****       return;
 830              		.loc 1 721 7 is_stmt 0 view .LVU241
 831 0116 FFF7FEFF 		bl	tcp_abandon
 832              	.LVL60:
 722:Middlewares/Third_Party/LwIP/src/core/tcp_in.c ****     }
 833              		.loc 1 722 7 is_stmt 1 view .LVU242
 834 011a 83E7     		b	.L47
 835              	.LVL61:
 836              	.L55:
 837              	.LCFI11:
 838              		.cfi_def_cfa_offset 0
 839              		.cfi_restore 4
 840              		.cfi_restore 5
 841              		.cfi_restore 6
 842              		.cfi_restore 7
 843              		.cfi_restore 14
 722:Middlewares/Third_Party/LwIP/src/core/tcp_in.c ****     }
 844              		.loc 1 722 7 is_stmt 0 view .LVU243
ARM GAS  /tmp/ccYvHRO8.s 			page 55


 845 011c 7047     		bx	lr
 846              	.L64:
 847 011e 00BF     		.align	2
 848              	.L63:
 849 0120 00000000 		.word	.LANCHOR6
 850 0124 00000000 		.word	.LC0
 851 0128 00000000 		.word	.LC5
 852 012c 4C000000 		.word	.LC2
 853 0130 00000000 		.word	.LANCHOR3
 854 0134 14000000 		.word	ip_data+20
 855 0138 00000000 		.word	.LANCHOR8
 856 013c 00000000 		.word	.LANCHOR7
 857 0140 00000000 		.word	.LANCHOR9
 858 0144 00000000 		.word	ip_data
 859 0148 00000000 		.word	tcp_active_pcbs
 860 014c 00000000 		.word	tcp_active_pcbs_changed
 861              		.cfi_endproc
 862              	.LFE171:
 864              		.section	.rodata.tcp_free_acked_segments.str1.4,"aMS",%progbits,1
 865              		.align	2
 866              	.LC6:
 867 0000 7063622D 		.ascii	"pcb->snd_queuelen >= pbuf_clen(next->p)\000"
 867      3E736E64 
 867      5F717565 
 867      75656C65 
 867      6E203E3D 
 868              		.align	2
 869              	.LC7:
 870 0028 7463705F 		.ascii	"tcp_receive: valid queue length\000"
 870      72656365 
 870      6976653A 
 870      2076616C 
 870      69642071 
 871              		.section	.text.tcp_free_acked_segments,"ax",%progbits
 872              		.align	1
 873              		.syntax unified
 874              		.thumb
 875              		.thumb_func
 876              		.fpu fpv5-d16
 878              	tcp_free_acked_segments:
 879              	.LVL62:
 880              	.LFB175:
1090:Middlewares/Third_Party/LwIP/src/core/tcp_in.c ****   struct tcp_seg *next;
 881              		.loc 1 1090 1 is_stmt 1 view -0
 882              		.cfi_startproc
 883              		@ args = 0, pretend = 0, frame = 0
 884              		@ frame_needed = 0, uses_anonymous_args = 0
1090:Middlewares/Third_Party/LwIP/src/core/tcp_in.c ****   struct tcp_seg *next;
 885              		.loc 1 1090 1 is_stmt 0 view .LVU245
 886 0000 2DE9F041 		push	{r4, r5, r6, r7, r8, lr}
 887              	.LCFI12:
 888              		.cfi_def_cfa_offset 24
 889              		.cfi_offset 4, -24
 890              		.cfi_offset 5, -20
 891              		.cfi_offset 6, -16
 892              		.cfi_offset 7, -12
 893              		.cfi_offset 8, -8
ARM GAS  /tmp/ccYvHRO8.s 			page 56


 894              		.cfi_offset 14, -4
 895 0004 0646     		mov	r6, r0
 896 0006 0C46     		mov	r4, r1
 897 0008 1F46     		mov	r7, r3
1091:Middlewares/Third_Party/LwIP/src/core/tcp_in.c ****   u16_t clen;
 898              		.loc 1 1091 3 is_stmt 1 view .LVU246
1092:Middlewares/Third_Party/LwIP/src/core/tcp_in.c **** 
 899              		.loc 1 1092 3 view .LVU247
1094:Middlewares/Third_Party/LwIP/src/core/tcp_in.c ****   LWIP_UNUSED_ARG(dbg_other_seg_list);
 900              		.loc 1 1094 3 view .LVU248
1095:Middlewares/Third_Party/LwIP/src/core/tcp_in.c **** 
 901              		.loc 1 1095 3 view .LVU249
1097:Middlewares/Third_Party/LwIP/src/core/tcp_in.c ****          TCP_SEQ_LEQ(lwip_ntohl(seg_list->tcphdr->seqno) +
 902              		.loc 1 1097 3 view .LVU250
1097:Middlewares/Third_Party/LwIP/src/core/tcp_in.c ****          TCP_SEQ_LEQ(lwip_ntohl(seg_list->tcphdr->seqno) +
 903              		.loc 1 1097 9 is_stmt 0 view .LVU251
 904 000a 08E0     		b	.L66
 905              	.LVL63:
 906              	.L74:
1111:Middlewares/Third_Party/LwIP/src/core/tcp_in.c **** 
 907              		.loc 1 1111 5 is_stmt 1 discriminator 1 view .LVU252
1111:Middlewares/Third_Party/LwIP/src/core/tcp_in.c **** 
 908              		.loc 1 1111 5 discriminator 1 view .LVU253
 909 000c 264B     		ldr	r3, .L75
 910 000e 40F25742 		movw	r2, #1111
 911 0012 2649     		ldr	r1, .L75+4
 912 0014 2648     		ldr	r0, .L75+8
 913              	.LVL64:
1111:Middlewares/Third_Party/LwIP/src/core/tcp_in.c **** 
 914              		.loc 1 1111 5 is_stmt 0 discriminator 1 view .LVU254
 915 0016 FFF7FEFF 		bl	printf
 916              	.LVL65:
 917 001a 22E0     		b	.L67
 918              	.L68:
1090:Middlewares/Third_Party/LwIP/src/core/tcp_in.c ****   struct tcp_seg *next;
 919              		.loc 1 1090 1 discriminator 3 view .LVU255
 920 001c 4446     		mov	r4, r8
 921              	.LVL66:
 922              	.L66:
1121:Middlewares/Third_Party/LwIP/src/core/tcp_in.c ****                   seg_list != NULL || dbg_other_seg_list != NULL);
 923              		.loc 1 1121 7 is_stmt 1 discriminator 3 view .LVU256
1121:Middlewares/Third_Party/LwIP/src/core/tcp_in.c ****                   seg_list != NULL || dbg_other_seg_list != NULL);
 924              		.loc 1 1121 7 discriminator 3 view .LVU257
1097:Middlewares/Third_Party/LwIP/src/core/tcp_in.c ****          TCP_SEQ_LEQ(lwip_ntohl(seg_list->tcphdr->seqno) +
 925              		.loc 1 1097 9 discriminator 3 view .LVU258
 926 001e 002C     		cmp	r4, #0
 927 0020 3FD0     		beq	.L69
1098:Middlewares/Third_Party/LwIP/src/core/tcp_in.c ****                      TCP_TCPLEN(seg_list), ackno)) {
 928              		.loc 1 1098 10 is_stmt 0 view .LVU259
 929 0022 E368     		ldr	r3, [r4, #12]
 930 0024 5868     		ldr	r0, [r3, #4]	@ unaligned
 931 0026 FFF7FEFF 		bl	lwip_htonl
 932              	.LVL67:
 933 002a 0546     		mov	r5, r0
 934 002c B4F80880 		ldrh	r8, [r4, #8]
 935 0030 E368     		ldr	r3, [r4, #12]
 936 0032 9889     		ldrh	r0, [r3, #12]	@ unaligned
ARM GAS  /tmp/ccYvHRO8.s 			page 57


 937 0034 FFF7FEFF 		bl	lwip_htons
 938              	.LVL68:
 939 0038 10F0030F 		tst	r0, #3
 940 003c 2FD0     		beq	.L72
 941 003e 0120     		movs	r0, #1
 942              	.L70:
1098:Middlewares/Third_Party/LwIP/src/core/tcp_in.c ****                      TCP_TCPLEN(seg_list), ackno)) {
 943              		.loc 1 1098 10 discriminator 4 view .LVU260
 944 0040 8044     		add	r8, r8, r0
 945 0042 4544     		add	r5, r5, r8
 946 0044 1B4B     		ldr	r3, .L75+12
 947 0046 1868     		ldr	r0, [r3]
 948 0048 2D1A     		subs	r5, r5, r0
1097:Middlewares/Third_Party/LwIP/src/core/tcp_in.c ****          TCP_SEQ_LEQ(lwip_ntohl(seg_list->tcphdr->seqno) +
 949              		.loc 1 1097 27 discriminator 4 view .LVU261
 950 004a 002D     		cmp	r5, #0
 951 004c 29DC     		bgt	.L69
1103:Middlewares/Third_Party/LwIP/src/core/tcp_in.c **** 
 952              		.loc 1 1103 50 is_stmt 1 view .LVU262
1105:Middlewares/Third_Party/LwIP/src/core/tcp_in.c ****     seg_list = seg_list->next;
 953              		.loc 1 1105 5 view .LVU263
 954              	.LVL69:
1106:Middlewares/Third_Party/LwIP/src/core/tcp_in.c **** 
 955              		.loc 1 1106 5 view .LVU264
1106:Middlewares/Third_Party/LwIP/src/core/tcp_in.c **** 
 956              		.loc 1 1106 14 is_stmt 0 view .LVU265
 957 004e D4F80080 		ldr	r8, [r4]
 958              	.LVL70:
1108:Middlewares/Third_Party/LwIP/src/core/tcp_in.c ****     LWIP_DEBUGF(TCP_QLEN_DEBUG, ("tcp_receive: queuelen %"TCPWNDSIZE_F" ... ",
 959              		.loc 1 1108 5 is_stmt 1 view .LVU266
1108:Middlewares/Third_Party/LwIP/src/core/tcp_in.c ****     LWIP_DEBUGF(TCP_QLEN_DEBUG, ("tcp_receive: queuelen %"TCPWNDSIZE_F" ... ",
 960              		.loc 1 1108 12 is_stmt 0 view .LVU267
 961 0052 6068     		ldr	r0, [r4, #4]
 962 0054 FFF7FEFF 		bl	pbuf_clen
 963              	.LVL71:
 964 0058 0546     		mov	r5, r0
 965              	.LVL72:
1110:Middlewares/Third_Party/LwIP/src/core/tcp_in.c ****     LWIP_ASSERT("pcb->snd_queuelen >= pbuf_clen(next->p)", (pcb->snd_queuelen >= clen));
 966              		.loc 1 1110 68 is_stmt 1 view .LVU268
1111:Middlewares/Third_Party/LwIP/src/core/tcp_in.c **** 
 967              		.loc 1 1111 5 view .LVU269
1111:Middlewares/Third_Party/LwIP/src/core/tcp_in.c **** 
 968              		.loc 1 1111 5 view .LVU270
 969 005a B6F86630 		ldrh	r3, [r6, #102]
 970 005e 8342     		cmp	r3, r0
 971 0060 D4D3     		bcc	.L74
 972              	.LVL73:
 973              	.L67:
1111:Middlewares/Third_Party/LwIP/src/core/tcp_in.c **** 
 974              		.loc 1 1111 5 discriminator 3 view .LVU271
1111:Middlewares/Third_Party/LwIP/src/core/tcp_in.c **** 
 975              		.loc 1 1111 5 discriminator 3 view .LVU272
1113:Middlewares/Third_Party/LwIP/src/core/tcp_in.c ****     recv_acked = (tcpwnd_size_t)(recv_acked + next->len);
 976              		.loc 1 1113 5 discriminator 3 view .LVU273
1113:Middlewares/Third_Party/LwIP/src/core/tcp_in.c ****     recv_acked = (tcpwnd_size_t)(recv_acked + next->len);
 977              		.loc 1 1113 36 is_stmt 0 discriminator 3 view .LVU274
 978 0062 B6F86600 		ldrh	r0, [r6, #102]
ARM GAS  /tmp/ccYvHRO8.s 			page 58


1113:Middlewares/Third_Party/LwIP/src/core/tcp_in.c ****     recv_acked = (tcpwnd_size_t)(recv_acked + next->len);
 979              		.loc 1 1113 25 discriminator 3 view .LVU275
 980 0066 451B     		subs	r5, r0, r5
1113:Middlewares/Third_Party/LwIP/src/core/tcp_in.c ****     recv_acked = (tcpwnd_size_t)(recv_acked + next->len);
 981              		.loc 1 1113 23 discriminator 3 view .LVU276
 982 0068 A6F86650 		strh	r5, [r6, #102]	@ movhi
1114:Middlewares/Third_Party/LwIP/src/core/tcp_in.c ****     tcp_seg_free(next);
 983              		.loc 1 1114 5 is_stmt 1 discriminator 3 view .LVU277
1114:Middlewares/Third_Party/LwIP/src/core/tcp_in.c ****     tcp_seg_free(next);
 984              		.loc 1 1114 51 is_stmt 0 discriminator 3 view .LVU278
 985 006c 2389     		ldrh	r3, [r4, #8]
1114:Middlewares/Third_Party/LwIP/src/core/tcp_in.c ****     tcp_seg_free(next);
 986              		.loc 1 1114 18 discriminator 3 view .LVU279
 987 006e 124A     		ldr	r2, .L75+16
 988 0070 1188     		ldrh	r1, [r2]
 989 0072 0B44     		add	r3, r3, r1
1114:Middlewares/Third_Party/LwIP/src/core/tcp_in.c ****     tcp_seg_free(next);
 990              		.loc 1 1114 16 discriminator 3 view .LVU280
 991 0074 1380     		strh	r3, [r2]	@ movhi
1115:Middlewares/Third_Party/LwIP/src/core/tcp_in.c **** 
 992              		.loc 1 1115 5 is_stmt 1 discriminator 3 view .LVU281
 993 0076 2046     		mov	r0, r4
 994 0078 FFF7FEFF 		bl	tcp_seg_free
 995              	.LVL74:
1119:Middlewares/Third_Party/LwIP/src/core/tcp_in.c ****     if (pcb->snd_queuelen != 0) {
 996              		.loc 1 1119 49 discriminator 3 view .LVU282
1120:Middlewares/Third_Party/LwIP/src/core/tcp_in.c ****       LWIP_ASSERT("tcp_receive: valid queue length",
 997              		.loc 1 1120 5 discriminator 3 view .LVU283
1120:Middlewares/Third_Party/LwIP/src/core/tcp_in.c ****       LWIP_ASSERT("tcp_receive: valid queue length",
 998              		.loc 1 1120 12 is_stmt 0 discriminator 3 view .LVU284
 999 007c B6F86630 		ldrh	r3, [r6, #102]
1120:Middlewares/Third_Party/LwIP/src/core/tcp_in.c ****       LWIP_ASSERT("tcp_receive: valid queue length",
 1000              		.loc 1 1120 8 discriminator 3 view .LVU285
 1001 0080 002B     		cmp	r3, #0
 1002 0082 CBD0     		beq	.L68
1121:Middlewares/Third_Party/LwIP/src/core/tcp_in.c ****                   seg_list != NULL || dbg_other_seg_list != NULL);
 1003              		.loc 1 1121 7 is_stmt 1 view .LVU286
1121:Middlewares/Third_Party/LwIP/src/core/tcp_in.c ****                   seg_list != NULL || dbg_other_seg_list != NULL);
 1004              		.loc 1 1121 7 view .LVU287
 1005 0084 B8F1000F 		cmp	r8, #0
 1006 0088 08BF     		it	eq
 1007 008a 002F     		cmpeq	r7, #0
 1008 008c C6D1     		bne	.L68
1121:Middlewares/Third_Party/LwIP/src/core/tcp_in.c ****                   seg_list != NULL || dbg_other_seg_list != NULL);
 1009              		.loc 1 1121 7 discriminator 1 view .LVU288
1121:Middlewares/Third_Party/LwIP/src/core/tcp_in.c ****                   seg_list != NULL || dbg_other_seg_list != NULL);
 1010              		.loc 1 1121 7 discriminator 1 view .LVU289
 1011 008e 064B     		ldr	r3, .L75
 1012 0090 40F26142 		movw	r2, #1121
 1013 0094 0949     		ldr	r1, .L75+20
 1014 0096 0648     		ldr	r0, .L75+8
 1015 0098 FFF7FEFF 		bl	printf
 1016              	.LVL75:
 1017 009c BEE7     		b	.L68
 1018              	.LVL76:
 1019              	.L72:
1098:Middlewares/Third_Party/LwIP/src/core/tcp_in.c ****                      TCP_TCPLEN(seg_list), ackno)) {
ARM GAS  /tmp/ccYvHRO8.s 			page 59


 1020              		.loc 1 1098 10 is_stmt 0 view .LVU290
 1021 009e 0020     		movs	r0, #0
 1022 00a0 CEE7     		b	.L70
 1023              	.L69:
1125:Middlewares/Third_Party/LwIP/src/core/tcp_in.c **** }
 1024              		.loc 1 1125 3 is_stmt 1 view .LVU291
1126:Middlewares/Third_Party/LwIP/src/core/tcp_in.c **** 
 1025              		.loc 1 1126 1 is_stmt 0 view .LVU292
 1026 00a2 2046     		mov	r0, r4
 1027 00a4 BDE8F081 		pop	{r4, r5, r6, r7, r8, pc}
 1028              	.LVL77:
 1029              	.L76:
1126:Middlewares/Third_Party/LwIP/src/core/tcp_in.c **** 
 1030              		.loc 1 1126 1 view .LVU293
 1031              		.align	2
 1032              	.L75:
 1033 00a8 00000000 		.word	.LC0
 1034 00ac 00000000 		.word	.LC6
 1035 00b0 4C000000 		.word	.LC2
 1036 00b4 00000000 		.word	.LANCHOR9
 1037 00b8 00000000 		.word	.LANCHOR10
 1038 00bc 28000000 		.word	.LC7
 1039              		.cfi_endproc
 1040              	.LFE175:
 1042              		.section	.rodata.tcp_oos_insert_segment.str1.4,"aMS",%progbits,1
 1043              		.align	2
 1044              	.LC8:
 1045 0000 7463705F 		.ascii	"tcp_oos_insert_segment: invalid cseg\000"
 1045      6F6F735F 
 1045      696E7365 
 1045      72745F73 
 1045      65676D65 
 1046              		.section	.text.tcp_oos_insert_segment,"ax",%progbits
 1047              		.align	1
 1048              		.syntax unified
 1049              		.thumb
 1050              		.thumb_func
 1051              		.fpu fpv5-d16
 1053              	tcp_oos_insert_segment:
 1054              	.LVL78:
 1055              	.LFB174:
1052:Middlewares/Third_Party/LwIP/src/core/tcp_in.c ****   struct tcp_seg *old_seg;
 1056              		.loc 1 1052 1 is_stmt 1 view -0
 1057              		.cfi_startproc
 1058              		@ args = 0, pretend = 0, frame = 0
 1059              		@ frame_needed = 0, uses_anonymous_args = 0
1052:Middlewares/Third_Party/LwIP/src/core/tcp_in.c ****   struct tcp_seg *old_seg;
 1060              		.loc 1 1052 1 is_stmt 0 view .LVU295
 1061 0000 70B5     		push	{r4, r5, r6, lr}
 1062              	.LCFI13:
 1063              		.cfi_def_cfa_offset 16
 1064              		.cfi_offset 4, -16
 1065              		.cfi_offset 5, -12
 1066              		.cfi_offset 6, -8
 1067              		.cfi_offset 14, -4
 1068 0002 0C46     		mov	r4, r1
1053:Middlewares/Third_Party/LwIP/src/core/tcp_in.c **** 
ARM GAS  /tmp/ccYvHRO8.s 			page 60


 1069              		.loc 1 1053 3 is_stmt 1 view .LVU296
1055:Middlewares/Third_Party/LwIP/src/core/tcp_in.c **** 
 1070              		.loc 1 1055 3 view .LVU297
1055:Middlewares/Third_Party/LwIP/src/core/tcp_in.c **** 
 1071              		.loc 1 1055 3 view .LVU298
 1072 0004 0546     		mov	r5, r0
 1073 0006 60B1     		cbz	r0, .L85
 1074              	.LVL79:
 1075              	.L78:
1055:Middlewares/Third_Party/LwIP/src/core/tcp_in.c **** 
 1076              		.loc 1 1055 3 discriminator 3 view .LVU299
1055:Middlewares/Third_Party/LwIP/src/core/tcp_in.c **** 
 1077              		.loc 1 1055 3 discriminator 3 view .LVU300
1057:Middlewares/Third_Party/LwIP/src/core/tcp_in.c ****     /* received segment overlaps all following segments */
 1078              		.loc 1 1057 3 discriminator 3 view .LVU301
1057:Middlewares/Third_Party/LwIP/src/core/tcp_in.c ****     /* received segment overlaps all following segments */
 1079              		.loc 1 1057 7 is_stmt 0 discriminator 3 view .LVU302
 1080 0008 EB68     		ldr	r3, [r5, #12]
 1081 000a 9889     		ldrh	r0, [r3, #12]	@ unaligned
 1082 000c FFF7FEFF 		bl	lwip_htons
 1083              	.LVL80:
1057:Middlewares/Third_Party/LwIP/src/core/tcp_in.c ****     /* received segment overlaps all following segments */
 1084              		.loc 1 1057 6 discriminator 3 view .LVU303
 1085 0010 10F0010F 		tst	r0, #1
 1086 0014 12D0     		beq	.L79
1059:Middlewares/Third_Party/LwIP/src/core/tcp_in.c ****     next = NULL;
 1087              		.loc 1 1059 5 is_stmt 1 view .LVU304
 1088 0016 2046     		mov	r0, r4
 1089 0018 FFF7FEFF 		bl	tcp_segs_free
 1090              	.LVL81:
1060:Middlewares/Third_Party/LwIP/src/core/tcp_in.c ****   } else {
 1091              		.loc 1 1060 5 view .LVU305
1060:Middlewares/Third_Party/LwIP/src/core/tcp_in.c ****   } else {
 1092              		.loc 1 1060 10 is_stmt 0 view .LVU306
 1093 001c 0024     		movs	r4, #0
 1094              	.LVL82:
 1095              	.L80:
1082:Middlewares/Third_Party/LwIP/src/core/tcp_in.c **** }
 1096              		.loc 1 1082 3 is_stmt 1 view .LVU307
1082:Middlewares/Third_Party/LwIP/src/core/tcp_in.c **** }
 1097              		.loc 1 1082 14 is_stmt 0 view .LVU308
 1098 001e 2C60     		str	r4, [r5]
1083:Middlewares/Third_Party/LwIP/src/core/tcp_in.c **** #endif /* TCP_QUEUE_OOSEQ */
 1099              		.loc 1 1083 1 view .LVU309
 1100 0020 70BD     		pop	{r4, r5, r6, pc}
 1101              	.LVL83:
 1102              	.L85:
1055:Middlewares/Third_Party/LwIP/src/core/tcp_in.c **** 
 1103              		.loc 1 1055 3 is_stmt 1 discriminator 1 view .LVU310
1055:Middlewares/Third_Party/LwIP/src/core/tcp_in.c **** 
 1104              		.loc 1 1055 3 discriminator 1 view .LVU311
 1105 0022 1D4B     		ldr	r3, .L86
 1106 0024 40F21F42 		movw	r2, #1055
 1107 0028 1C49     		ldr	r1, .L86+4
 1108              	.LVL84:
1055:Middlewares/Third_Party/LwIP/src/core/tcp_in.c **** 
 1109              		.loc 1 1055 3 is_stmt 0 discriminator 1 view .LVU312
ARM GAS  /tmp/ccYvHRO8.s 			page 61


 1110 002a 1D48     		ldr	r0, .L86+8
 1111              	.LVL85:
1055:Middlewares/Third_Party/LwIP/src/core/tcp_in.c **** 
 1112              		.loc 1 1055 3 discriminator 1 view .LVU313
 1113 002c FFF7FEFF 		bl	printf
 1114              	.LVL86:
 1115 0030 EAE7     		b	.L78
 1116              	.L81:
1071:Middlewares/Third_Party/LwIP/src/core/tcp_in.c ****       next = next->next;
 1117              		.loc 1 1071 7 is_stmt 1 view .LVU314
 1118              	.LVL87:
1072:Middlewares/Third_Party/LwIP/src/core/tcp_in.c ****       tcp_seg_free(old_seg);
 1119              		.loc 1 1072 7 view .LVU315
1072:Middlewares/Third_Party/LwIP/src/core/tcp_in.c ****       tcp_seg_free(old_seg);
 1120              		.loc 1 1072 12 is_stmt 0 view .LVU316
 1121 0032 2668     		ldr	r6, [r4]
 1122              	.LVL88:
1073:Middlewares/Third_Party/LwIP/src/core/tcp_in.c ****     }
 1123              		.loc 1 1073 7 is_stmt 1 view .LVU317
 1124 0034 2046     		mov	r0, r4
 1125 0036 FFF7FEFF 		bl	tcp_seg_free
 1126              	.LVL89:
1072:Middlewares/Third_Party/LwIP/src/core/tcp_in.c ****       tcp_seg_free(old_seg);
 1127              		.loc 1 1072 12 is_stmt 0 view .LVU318
 1128 003a 3446     		mov	r4, r6
 1129              	.LVL90:
 1130              	.L79:
1064:Middlewares/Third_Party/LwIP/src/core/tcp_in.c ****            TCP_SEQ_GEQ((seqno + cseg->len),
 1131              		.loc 1 1064 11 is_stmt 1 view .LVU319
 1132 003c CCB1     		cbz	r4, .L82
1065:Middlewares/Third_Party/LwIP/src/core/tcp_in.c ****                        (next->tcphdr->seqno + next->len))) {
 1133              		.loc 1 1065 12 is_stmt 0 discriminator 1 view .LVU320
 1134 003e 2B89     		ldrh	r3, [r5, #8]
 1135 0040 184A     		ldr	r2, .L86+12
 1136 0042 1268     		ldr	r2, [r2]
 1137 0044 1344     		add	r3, r3, r2
 1138 0046 E168     		ldr	r1, [r4, #12]
 1139 0048 4A68     		ldr	r2, [r1, #4]	@ unaligned
 1140 004a 2089     		ldrh	r0, [r4, #8]
 1141 004c 0244     		add	r2, r2, r0
 1142 004e 9B1A     		subs	r3, r3, r2
1064:Middlewares/Third_Party/LwIP/src/core/tcp_in.c ****            TCP_SEQ_GEQ((seqno + cseg->len),
 1143              		.loc 1 1064 17 discriminator 1 view .LVU321
 1144 0050 002B     		cmp	r3, #0
 1145 0052 0EDB     		blt	.L82
1068:Middlewares/Third_Party/LwIP/src/core/tcp_in.c ****         TCPH_SET_FLAG(cseg->tcphdr, TCP_FIN);
 1146              		.loc 1 1068 7 is_stmt 1 view .LVU322
1068:Middlewares/Third_Party/LwIP/src/core/tcp_in.c ****         TCPH_SET_FLAG(cseg->tcphdr, TCP_FIN);
 1147              		.loc 1 1068 11 is_stmt 0 view .LVU323
 1148 0054 8889     		ldrh	r0, [r1, #12]	@ unaligned
 1149 0056 FFF7FEFF 		bl	lwip_htons
 1150              	.LVL91:
1068:Middlewares/Third_Party/LwIP/src/core/tcp_in.c ****         TCPH_SET_FLAG(cseg->tcphdr, TCP_FIN);
 1151              		.loc 1 1068 10 view .LVU324
 1152 005a 10F0010F 		tst	r0, #1
 1153 005e E8D0     		beq	.L81
1069:Middlewares/Third_Party/LwIP/src/core/tcp_in.c ****       }
ARM GAS  /tmp/ccYvHRO8.s 			page 62


 1154              		.loc 1 1069 9 is_stmt 1 view .LVU325
 1155 0060 EB68     		ldr	r3, [r5, #12]
 1156 0062 9E89     		ldrh	r6, [r3, #12]	@ unaligned
 1157 0064 0120     		movs	r0, #1
 1158 0066 FFF7FEFF 		bl	lwip_htons
 1159              	.LVL92:
 1160 006a EB68     		ldr	r3, [r5, #12]
 1161 006c 0643     		orrs	r6, r6, r0
 1162 006e 9E81     		strh	r6, [r3, #12]	@ unaligned
 1163 0070 DFE7     		b	.L81
 1164              	.L82:
1075:Middlewares/Third_Party/LwIP/src/core/tcp_in.c ****         TCP_SEQ_GT(seqno + cseg->len, next->tcphdr->seqno)) {
 1165              		.loc 1 1075 5 view .LVU326
1075:Middlewares/Third_Party/LwIP/src/core/tcp_in.c ****         TCP_SEQ_GT(seqno + cseg->len, next->tcphdr->seqno)) {
 1166              		.loc 1 1075 8 is_stmt 0 view .LVU327
 1167 0072 002C     		cmp	r4, #0
 1168 0074 D3D0     		beq	.L80
1076:Middlewares/Third_Party/LwIP/src/core/tcp_in.c ****       /* We need to trim the incoming segment. */
 1169              		.loc 1 1076 9 discriminator 1 view .LVU328
 1170 0076 2B89     		ldrh	r3, [r5, #8]
 1171 0078 0A4A     		ldr	r2, .L86+12
 1172 007a 1168     		ldr	r1, [r2]
 1173 007c 0B44     		add	r3, r3, r1
 1174 007e E268     		ldr	r2, [r4, #12]
 1175 0080 5268     		ldr	r2, [r2, #4]	@ unaligned
 1176 0082 9B1A     		subs	r3, r3, r2
1075:Middlewares/Third_Party/LwIP/src/core/tcp_in.c ****         TCP_SEQ_GT(seqno + cseg->len, next->tcphdr->seqno)) {
 1177              		.loc 1 1075 14 discriminator 1 view .LVU329
 1178 0084 002B     		cmp	r3, #0
 1179 0086 CADD     		ble	.L80
1078:Middlewares/Third_Party/LwIP/src/core/tcp_in.c ****       pbuf_realloc(cseg->p, cseg->len);
 1180              		.loc 1 1078 7 is_stmt 1 view .LVU330
1078:Middlewares/Third_Party/LwIP/src/core/tcp_in.c ****       pbuf_realloc(cseg->p, cseg->len);
 1181              		.loc 1 1078 19 is_stmt 0 view .LVU331
 1182 0088 521A     		subs	r2, r2, r1
 1183 008a 91B2     		uxth	r1, r2
1078:Middlewares/Third_Party/LwIP/src/core/tcp_in.c ****       pbuf_realloc(cseg->p, cseg->len);
 1184              		.loc 1 1078 17 view .LVU332
 1185 008c 2981     		strh	r1, [r5, #8]	@ movhi
1079:Middlewares/Third_Party/LwIP/src/core/tcp_in.c ****     }
 1186              		.loc 1 1079 7 is_stmt 1 view .LVU333
 1187 008e 6868     		ldr	r0, [r5, #4]
 1188 0090 FFF7FEFF 		bl	pbuf_realloc
 1189              	.LVL93:
 1190 0094 C3E7     		b	.L80
 1191              	.L87:
 1192 0096 00BF     		.align	2
 1193              	.L86:
 1194 0098 00000000 		.word	.LC0
 1195 009c 00000000 		.word	.LC8
 1196 00a0 4C000000 		.word	.LC2
 1197 00a4 00000000 		.word	.LANCHOR7
 1198              		.cfi_endproc
 1199              	.LFE174:
 1201              		.section	.rodata.tcp_receive.str1.4,"aMS",%progbits,1
 1202              		.align	2
 1203              	.LC9:
ARM GAS  /tmp/ccYvHRO8.s 			page 63


 1204 0000 7463705F 		.ascii	"tcp_receive: invalid pcb\000"
 1204      72656365 
 1204      6976653A 
 1204      20696E76 
 1204      616C6964 
 1205 0019 000000   		.align	2
 1206              	.LC10:
 1207 001c 7463705F 		.ascii	"tcp_receive: wrong state\000"
 1207      72656365 
 1207      6976653A 
 1207      2077726F 
 1207      6E672073 
 1208 0035 000000   		.align	2
 1209              	.LC11:
 1210 0038 756E6163 		.ascii	"unacked\000"
 1210      6B656400 
 1211              		.align	2
 1212              	.LC12:
 1213 0040 756E7365 		.ascii	"unsent\000"
 1213      6E7400
 1214 0047 00       		.align	2
 1215              	.LC13:
 1216 0048 696E7365 		.ascii	"inseg.p != NULL\000"
 1216      672E7020 
 1216      213D204E 
 1216      554C4C00 
 1217              		.align	2
 1218              	.LC14:
 1219 0058 696E7361 		.ascii	"insane offset!\000"
 1219      6E65206F 
 1219      66667365 
 1219      742100
 1220 0067 00       		.align	2
 1221              	.LC15:
 1222 0068 70627566 		.ascii	"pbuf too short!\000"
 1222      20746F6F 
 1222      2073686F 
 1222      72742100 
 1223              		.align	2
 1224              	.LC16:
 1225 0078 7463705F 		.ascii	"tcp_receive: segment not trimmed correctly to rcv_w"
 1225      72656365 
 1225      6976653A 
 1225      20736567 
 1225      6D656E74 
 1226 00ab 6E640A00 		.ascii	"nd\012\000"
 1227 00af 00       		.align	2
 1228              	.LC17:
 1229 00b0 7463705F 		.ascii	"tcp_receive: segment not trimmed correctly to ooseq"
 1229      72656365 
 1229      6976653A 
 1229      20736567 
 1229      6D656E74 
 1230 00e3 20717565 		.ascii	" queue\012\000"
 1230      75650A00 
 1231 00eb 00       		.align	2
 1232              	.LC18:
ARM GAS  /tmp/ccYvHRO8.s 			page 64


 1233 00ec 7463705F 		.ascii	"tcp_receive: tcplen > rcv_wnd\012\000"
 1233      72656365 
 1233      6976653A 
 1233      20746370 
 1233      6C656E20 
 1234 010b 00       		.align	2
 1235              	.LC19:
 1236 010c 7463705F 		.ascii	"tcp_receive: ooseq tcplen > rcv_wnd\012\000"
 1236      72656365 
 1236      6976653A 
 1236      206F6F73 
 1236      65712074 
 1237              		.section	.text.tcp_receive,"ax",%progbits
 1238              		.align	1
 1239              		.syntax unified
 1240              		.thumb
 1241              		.thumb_func
 1242              		.fpu fpv5-d16
 1244              	tcp_receive:
 1245              	.LVL94:
 1246              	.LFB176:
1142:Middlewares/Third_Party/LwIP/src/core/tcp_in.c ****   s16_t m;
 1247              		.loc 1 1142 1 view -0
 1248              		.cfi_startproc
 1249              		@ args = 0, pretend = 0, frame = 0
 1250              		@ frame_needed = 0, uses_anonymous_args = 0
1142:Middlewares/Third_Party/LwIP/src/core/tcp_in.c ****   s16_t m;
 1251              		.loc 1 1142 1 is_stmt 0 view .LVU335
 1252 0000 F8B5     		push	{r3, r4, r5, r6, r7, lr}
 1253              	.LCFI14:
 1254              		.cfi_def_cfa_offset 24
 1255              		.cfi_offset 3, -24
 1256              		.cfi_offset 4, -20
 1257              		.cfi_offset 5, -16
 1258              		.cfi_offset 6, -12
 1259              		.cfi_offset 7, -8
 1260              		.cfi_offset 14, -4
1143:Middlewares/Third_Party/LwIP/src/core/tcp_in.c ****   u32_t right_wnd_edge;
 1261              		.loc 1 1143 3 is_stmt 1 view .LVU336
1144:Middlewares/Third_Party/LwIP/src/core/tcp_in.c ****   int found_dupack = 0;
 1262              		.loc 1 1144 3 view .LVU337
1145:Middlewares/Third_Party/LwIP/src/core/tcp_in.c **** 
 1263              		.loc 1 1145 3 view .LVU338
 1264              	.LVL95:
1147:Middlewares/Third_Party/LwIP/src/core/tcp_in.c ****   LWIP_ASSERT("tcp_receive: wrong state", pcb->state >= ESTABLISHED);
 1265              		.loc 1 1147 3 view .LVU339
1147:Middlewares/Third_Party/LwIP/src/core/tcp_in.c ****   LWIP_ASSERT("tcp_receive: wrong state", pcb->state >= ESTABLISHED);
 1266              		.loc 1 1147 3 view .LVU340
 1267 0002 0446     		mov	r4, r0
 1268 0004 0028     		cmp	r0, #0
 1269 0006 6FD0     		beq	.L187
 1270              	.LVL96:
 1271              	.L89:
1147:Middlewares/Third_Party/LwIP/src/core/tcp_in.c ****   LWIP_ASSERT("tcp_receive: wrong state", pcb->state >= ESTABLISHED);
 1272              		.loc 1 1147 3 discriminator 3 view .LVU341
1147:Middlewares/Third_Party/LwIP/src/core/tcp_in.c ****   LWIP_ASSERT("tcp_receive: wrong state", pcb->state >= ESTABLISHED);
 1273              		.loc 1 1147 3 discriminator 3 view .LVU342
ARM GAS  /tmp/ccYvHRO8.s 			page 65


1148:Middlewares/Third_Party/LwIP/src/core/tcp_in.c **** 
 1274              		.loc 1 1148 3 discriminator 3 view .LVU343
1148:Middlewares/Third_Party/LwIP/src/core/tcp_in.c **** 
 1275              		.loc 1 1148 3 discriminator 3 view .LVU344
 1276 0008 237D     		ldrb	r3, [r4, #20]	@ zero_extendqisi2
 1277 000a 032B     		cmp	r3, #3
 1278 000c 74D9     		bls	.L188
 1279              	.L90:
1148:Middlewares/Third_Party/LwIP/src/core/tcp_in.c **** 
 1280              		.loc 1 1148 3 discriminator 3 view .LVU345
1148:Middlewares/Third_Party/LwIP/src/core/tcp_in.c **** 
 1281              		.loc 1 1148 3 discriminator 3 view .LVU346
1150:Middlewares/Third_Party/LwIP/src/core/tcp_in.c ****     right_wnd_edge = pcb->snd_wnd + pcb->snd_wl2;
 1282              		.loc 1 1150 3 discriminator 3 view .LVU347
1150:Middlewares/Third_Party/LwIP/src/core/tcp_in.c ****     right_wnd_edge = pcb->snd_wnd + pcb->snd_wl2;
 1283              		.loc 1 1150 13 is_stmt 0 discriminator 3 view .LVU348
 1284 000e A84B     		ldr	r3, .L222
 1285 0010 1B78     		ldrb	r3, [r3]	@ zero_extendqisi2
1150:Middlewares/Third_Party/LwIP/src/core/tcp_in.c ****     right_wnd_edge = pcb->snd_wnd + pcb->snd_wl2;
 1286              		.loc 1 1150 6 discriminator 3 view .LVU349
 1287 0012 13F0100F 		tst	r3, #16
 1288 0016 3CD0     		beq	.L91
1151:Middlewares/Third_Party/LwIP/src/core/tcp_in.c **** 
 1289              		.loc 1 1151 5 is_stmt 1 view .LVU350
1151:Middlewares/Third_Party/LwIP/src/core/tcp_in.c **** 
 1290              		.loc 1 1151 25 is_stmt 0 view .LVU351
 1291 0018 B4F86000 		ldrh	r0, [r4, #96]
1151:Middlewares/Third_Party/LwIP/src/core/tcp_in.c **** 
 1292              		.loc 1 1151 40 view .LVU352
 1293 001c A26D     		ldr	r2, [r4, #88]
1151:Middlewares/Third_Party/LwIP/src/core/tcp_in.c **** 
 1294              		.loc 1 1151 20 view .LVU353
 1295 001e 8618     		adds	r6, r0, r2
 1296              	.LVL97:
1154:Middlewares/Third_Party/LwIP/src/core/tcp_in.c ****         (pcb->snd_wl1 == seqno && TCP_SEQ_LT(pcb->snd_wl2, ackno)) ||
 1297              		.loc 1 1154 5 is_stmt 1 view .LVU354
1154:Middlewares/Third_Party/LwIP/src/core/tcp_in.c ****         (pcb->snd_wl1 == seqno && TCP_SEQ_LT(pcb->snd_wl2, ackno)) ||
 1298              		.loc 1 1154 9 is_stmt 0 view .LVU355
 1299 0020 616D     		ldr	r1, [r4, #84]
 1300 0022 A44B     		ldr	r3, .L222+4
 1301 0024 1B68     		ldr	r3, [r3]
 1302 0026 CD1A     		subs	r5, r1, r3
1154:Middlewares/Third_Party/LwIP/src/core/tcp_in.c ****         (pcb->snd_wl1 == seqno && TCP_SEQ_LT(pcb->snd_wl2, ackno)) ||
 1303              		.loc 1 1154 8 view .LVU356
 1304 0028 002D     		cmp	r5, #0
 1305 002a 0ADB     		blt	.L92
1154:Middlewares/Third_Party/LwIP/src/core/tcp_in.c ****         (pcb->snd_wl1 == seqno && TCP_SEQ_LT(pcb->snd_wl2, ackno)) ||
 1306              		.loc 1 1154 41 discriminator 1 view .LVU357
 1307 002c 9942     		cmp	r1, r3
 1308 002e 6BD0     		beq	.L189
 1309              	.L93:
1156:Middlewares/Third_Party/LwIP/src/core/tcp_in.c ****       pcb->snd_wnd = SND_WND_SCALE(pcb, tcphdr->wnd);
 1310              		.loc 1 1156 23 discriminator 1 view .LVU358
 1311 0030 A149     		ldr	r1, .L222+8
 1312 0032 0968     		ldr	r1, [r1]
1155:Middlewares/Third_Party/LwIP/src/core/tcp_in.c ****         (pcb->snd_wl2 == ackno && (u32_t)SND_WND_SCALE(pcb, tcphdr->wnd) > pcb->snd_wnd)) {
 1313              		.loc 1 1155 68 discriminator 1 view .LVU359
ARM GAS  /tmp/ccYvHRO8.s 			page 66


 1314 0034 8A42     		cmp	r2, r1
 1315 0036 14D1     		bne	.L94
1156:Middlewares/Third_Party/LwIP/src/core/tcp_in.c ****       pcb->snd_wnd = SND_WND_SCALE(pcb, tcphdr->wnd);
 1316              		.loc 1 1156 42 view .LVU360
 1317 0038 A04A     		ldr	r2, .L222+12
 1318 003a 1268     		ldr	r2, [r2]
 1319 003c D289     		ldrh	r2, [r2, #14]	@ unaligned
1156:Middlewares/Third_Party/LwIP/src/core/tcp_in.c ****       pcb->snd_wnd = SND_WND_SCALE(pcb, tcphdr->wnd);
 1320              		.loc 1 1156 32 view .LVU361
 1321 003e 9042     		cmp	r0, r2
 1322 0040 0FD2     		bcs	.L94
 1323              	.L92:
1157:Middlewares/Third_Party/LwIP/src/core/tcp_in.c ****       /* keep track of the biggest window announced by the remote host to calculate
 1324              		.loc 1 1157 7 is_stmt 1 view .LVU362
1157:Middlewares/Third_Party/LwIP/src/core/tcp_in.c ****       /* keep track of the biggest window announced by the remote host to calculate
 1325              		.loc 1 1157 22 is_stmt 0 view .LVU363
 1326 0042 9E4A     		ldr	r2, .L222+12
 1327 0044 1268     		ldr	r2, [r2]
 1328 0046 D289     		ldrh	r2, [r2, #14]	@ unaligned
 1329 0048 90B2     		uxth	r0, r2
1157:Middlewares/Third_Party/LwIP/src/core/tcp_in.c ****       /* keep track of the biggest window announced by the remote host to calculate
 1330              		.loc 1 1157 20 view .LVU364
 1331 004a A4F86020 		strh	r2, [r4, #96]	@ movhi
1160:Middlewares/Third_Party/LwIP/src/core/tcp_in.c ****         pcb->snd_wnd_max = pcb->snd_wnd;
 1332              		.loc 1 1160 7 is_stmt 1 view .LVU365
1160:Middlewares/Third_Party/LwIP/src/core/tcp_in.c ****         pcb->snd_wnd_max = pcb->snd_wnd;
 1333              		.loc 1 1160 14 is_stmt 0 view .LVU366
 1334 004e B4F86210 		ldrh	r1, [r4, #98]
1160:Middlewares/Third_Party/LwIP/src/core/tcp_in.c ****         pcb->snd_wnd_max = pcb->snd_wnd;
 1335              		.loc 1 1160 10 view .LVU367
 1336 0052 8842     		cmp	r0, r1
 1337 0054 01D9     		bls	.L95
1161:Middlewares/Third_Party/LwIP/src/core/tcp_in.c ****       }
 1338              		.loc 1 1161 9 is_stmt 1 view .LVU368
1161:Middlewares/Third_Party/LwIP/src/core/tcp_in.c ****       }
 1339              		.loc 1 1161 26 is_stmt 0 view .LVU369
 1340 0056 A4F86220 		strh	r2, [r4, #98]	@ movhi
 1341              	.L95:
1163:Middlewares/Third_Party/LwIP/src/core/tcp_in.c ****       pcb->snd_wl2 = ackno;
 1342              		.loc 1 1163 7 is_stmt 1 view .LVU370
1163:Middlewares/Third_Party/LwIP/src/core/tcp_in.c ****       pcb->snd_wl2 = ackno;
 1343              		.loc 1 1163 20 is_stmt 0 view .LVU371
 1344 005a 6365     		str	r3, [r4, #84]
1164:Middlewares/Third_Party/LwIP/src/core/tcp_in.c ****       LWIP_DEBUGF(TCP_WND_DEBUG, ("tcp_receive: window update %"TCPWNDSIZE_F"\n", pcb->snd_wnd));
 1345              		.loc 1 1164 7 is_stmt 1 view .LVU372
1164:Middlewares/Third_Party/LwIP/src/core/tcp_in.c ****       LWIP_DEBUGF(TCP_WND_DEBUG, ("tcp_receive: window update %"TCPWNDSIZE_F"\n", pcb->snd_wnd));
 1346              		.loc 1 1164 20 is_stmt 0 view .LVU373
 1347 005c 964B     		ldr	r3, .L222+8
 1348 005e 1B68     		ldr	r3, [r3]
 1349 0060 A365     		str	r3, [r4, #88]
 1350              	.L94:
1165:Middlewares/Third_Party/LwIP/src/core/tcp_in.c **** #if TCP_WND_DEBUG
 1351              		.loc 1 1165 97 is_stmt 1 view .LVU374
1198:Middlewares/Third_Party/LwIP/src/core/tcp_in.c ****       /* Clause 2 */
 1352              		.loc 1 1198 5 view .LVU375
1198:Middlewares/Third_Party/LwIP/src/core/tcp_in.c ****       /* Clause 2 */
 1353              		.loc 1 1198 9 is_stmt 0 view .LVU376
ARM GAS  /tmp/ccYvHRO8.s 			page 67


 1354 0062 954B     		ldr	r3, .L222+8
 1355 0064 1B68     		ldr	r3, [r3]
 1356 0066 616C     		ldr	r1, [r4, #68]
 1357 0068 5A1A     		subs	r2, r3, r1
1198:Middlewares/Third_Party/LwIP/src/core/tcp_in.c ****       /* Clause 2 */
 1358              		.loc 1 1198 8 view .LVU377
 1359 006a 002A     		cmp	r2, #0
 1360 006c 52DD     		ble	.L190
1228:Middlewares/Third_Party/LwIP/src/core/tcp_in.c ****       /* We come here when the ACK acknowledges new data. */
 1361              		.loc 1 1228 12 is_stmt 1 view .LVU378
1228:Middlewares/Third_Party/LwIP/src/core/tcp_in.c ****       /* We come here when the ACK acknowledges new data. */
 1362              		.loc 1 1228 15 is_stmt 0 view .LVU379
 1363 006e 012A     		cmp	r2, #1
 1364 0070 03D4     		bmi	.L102
1228:Middlewares/Third_Party/LwIP/src/core/tcp_in.c ****       /* We come here when the ACK acknowledges new data. */
 1365              		.loc 1 1228 16 discriminator 1 view .LVU380
 1366 0072 226D     		ldr	r2, [r4, #80]
 1367 0074 9A1A     		subs	r2, r3, r2
 1368 0076 002A     		cmp	r2, #0
 1369 0078 7EDD     		ble	.L191
 1370              	.L102:
1335:Middlewares/Third_Party/LwIP/src/core/tcp_in.c ****     }
 1371              		.loc 1 1335 7 is_stmt 1 view .LVU381
 1372 007a 2046     		mov	r0, r4
 1373 007c FFF7FEFF 		bl	tcp_send_empty_ack
 1374              	.LVL98:
 1375              	.L101:
1339:Middlewares/Third_Party/LwIP/src/core/tcp_in.c **** 
 1376              		.loc 1 1339 65 view .LVU382
1344:Middlewares/Third_Party/LwIP/src/core/tcp_in.c ****       /* diff between this shouldn't exceed 32K since this are tcp timer ticks
 1377              		.loc 1 1344 5 view .LVU383
1344:Middlewares/Third_Party/LwIP/src/core/tcp_in.c ****       /* diff between this shouldn't exceed 32K since this are tcp timer ticks
 1378              		.loc 1 1344 12 is_stmt 0 view .LVU384
 1379 0080 636B     		ldr	r3, [r4, #52]
1344:Middlewares/Third_Party/LwIP/src/core/tcp_in.c ****       /* diff between this shouldn't exceed 32K since this are tcp timer ticks
 1380              		.loc 1 1344 8 view .LVU385
 1381 0082 33B1     		cbz	r3, .L91
1344:Middlewares/Third_Party/LwIP/src/core/tcp_in.c ****       /* diff between this shouldn't exceed 32K since this are tcp timer ticks
 1382              		.loc 1 1344 24 discriminator 1 view .LVU386
 1383 0084 A26B     		ldr	r2, [r4, #56]
 1384 0086 8C49     		ldr	r1, .L222+8
 1385 0088 0968     		ldr	r1, [r1]
 1386 008a 521A     		subs	r2, r2, r1
1344:Middlewares/Third_Party/LwIP/src/core/tcp_in.c ****       /* diff between this shouldn't exceed 32K since this are tcp timer ticks
 1387              		.loc 1 1344 21 discriminator 1 view .LVU387
 1388 008c 002A     		cmp	r2, #0
 1389 008e C0F23681 		blt	.L192
 1390              	.LVL99:
 1391              	.L91:
1373:Middlewares/Third_Party/LwIP/src/core/tcp_in.c ****     /* This code basically does three things:
 1392              		.loc 1 1373 3 is_stmt 1 view .LVU388
1373:Middlewares/Third_Party/LwIP/src/core/tcp_in.c ****     /* This code basically does three things:
 1393              		.loc 1 1373 15 is_stmt 0 view .LVU389
 1394 0092 8B4B     		ldr	r3, .L222+16
 1395 0094 1B88     		ldrh	r3, [r3]
1373:Middlewares/Third_Party/LwIP/src/core/tcp_in.c ****     /* This code basically does three things:
 1396              		.loc 1 1373 6 view .LVU390
ARM GAS  /tmp/ccYvHRO8.s 			page 68


 1397 0096 002B     		cmp	r3, #0
 1398 0098 00F03884 		beq	.L117
1373:Middlewares/Third_Party/LwIP/src/core/tcp_in.c ****     /* This code basically does three things:
 1399              		.loc 1 1373 27 discriminator 1 view .LVU391
 1400 009c 227D     		ldrb	r2, [r4, #20]	@ zero_extendqisi2
1373:Middlewares/Third_Party/LwIP/src/core/tcp_in.c ****     /* This code basically does three things:
 1401              		.loc 1 1373 20 discriminator 1 view .LVU392
 1402 009e 062A     		cmp	r2, #6
 1403 00a0 00F23484 		bhi	.L117
1404:Middlewares/Third_Party/LwIP/src/core/tcp_in.c ****       /* Trimming the first edge is done by pushing the payload
 1404              		.loc 1 1404 5 is_stmt 1 view .LVU393
1404:Middlewares/Third_Party/LwIP/src/core/tcp_in.c ****       /* Trimming the first edge is done by pushing the payload
 1405              		.loc 1 1404 9 is_stmt 0 view .LVU394
 1406 00a4 616A     		ldr	r1, [r4, #36]
 1407 00a6 834A     		ldr	r2, .L222+4
 1408 00a8 1268     		ldr	r2, [r2]
 1409 00aa 8E1A     		subs	r6, r1, r2
1404:Middlewares/Third_Party/LwIP/src/core/tcp_in.c ****       /* Trimming the first edge is done by pushing the payload
 1410              		.loc 1 1404 8 view .LVU395
 1411 00ac 012E     		cmp	r6, #1
 1412 00ae 05D4     		bmi	.L118
1404:Middlewares/Third_Party/LwIP/src/core/tcp_in.c ****       /* Trimming the first edge is done by pushing the payload
 1413              		.loc 1 1404 9 discriminator 1 view .LVU396
 1414 00b0 1344     		add	r3, r3, r2
 1415 00b2 CB1A     		subs	r3, r1, r3
 1416 00b4 0133     		adds	r3, r3, #1
 1417 00b6 002B     		cmp	r3, #0
 1418 00b8 40F34781 		ble	.L193
 1419              	.L118:
1445:Middlewares/Third_Party/LwIP/src/core/tcp_in.c ****         /* the whole segment is < rcv_nxt */
 1420              		.loc 1 1445 7 is_stmt 1 view .LVU397
1445:Middlewares/Third_Party/LwIP/src/core/tcp_in.c ****         /* the whole segment is < rcv_nxt */
 1421              		.loc 1 1445 11 is_stmt 0 view .LVU398
 1422 00bc 521A     		subs	r2, r2, r1
1445:Middlewares/Third_Party/LwIP/src/core/tcp_in.c ****         /* the whole segment is < rcv_nxt */
 1423              		.loc 1 1445 10 view .LVU399
 1424 00be 002A     		cmp	r2, #0
 1425 00c0 C0F28581 		blt	.L194
 1426              	.L124:
1450:Middlewares/Third_Party/LwIP/src/core/tcp_in.c ****       }
 1427              		.loc 1 1450 9 is_stmt 1 discriminator 1 view .LVU400
1457:Middlewares/Third_Party/LwIP/src/core/tcp_in.c ****                         pcb->rcv_nxt + pcb->rcv_wnd - 1)) {
 1428              		.loc 1 1457 5 discriminator 1 view .LVU401
1457:Middlewares/Third_Party/LwIP/src/core/tcp_in.c ****                         pcb->rcv_nxt + pcb->rcv_wnd - 1)) {
 1429              		.loc 1 1457 9 is_stmt 0 discriminator 1 view .LVU402
 1430 00c4 7B4B     		ldr	r3, .L222+4
 1431 00c6 1B68     		ldr	r3, [r3]
 1432 00c8 616A     		ldr	r1, [r4, #36]
 1433 00ca 5A1A     		subs	r2, r3, r1
1457:Middlewares/Third_Party/LwIP/src/core/tcp_in.c ****                         pcb->rcv_nxt + pcb->rcv_wnd - 1)) {
 1434              		.loc 1 1457 8 discriminator 1 view .LVU403
 1435 00cc 002A     		cmp	r2, #0
 1436 00ce 06DB     		blt	.L125
1457:Middlewares/Third_Party/LwIP/src/core/tcp_in.c ****                         pcb->rcv_nxt + pcb->rcv_wnd - 1)) {
 1437              		.loc 1 1457 9 discriminator 1 view .LVU404
 1438 00d0 228D     		ldrh	r2, [r4, #40]
 1439 00d2 0A44     		add	r2, r2, r1
ARM GAS  /tmp/ccYvHRO8.s 			page 69


 1440 00d4 9A1A     		subs	r2, r3, r2
 1441 00d6 0132     		adds	r2, r2, #1
 1442 00d8 002A     		cmp	r2, #0
 1443 00da 40F37D81 		ble	.L195
 1444              	.L125:
1876:Middlewares/Third_Party/LwIP/src/core/tcp_in.c ****     }
 1445              		.loc 1 1876 7 is_stmt 1 view .LVU405
 1446 00de 2046     		mov	r0, r4
 1447 00e0 FFF7FEFF 		bl	tcp_send_empty_ack
 1448              	.LVL100:
 1449 00e4 00F022BC 		b	.L88
 1450              	.LVL101:
 1451              	.L187:
1147:Middlewares/Third_Party/LwIP/src/core/tcp_in.c ****   LWIP_ASSERT("tcp_receive: wrong state", pcb->state >= ESTABLISHED);
 1452              		.loc 1 1147 3 discriminator 1 view .LVU406
1147:Middlewares/Third_Party/LwIP/src/core/tcp_in.c ****   LWIP_ASSERT("tcp_receive: wrong state", pcb->state >= ESTABLISHED);
 1453              		.loc 1 1147 3 discriminator 1 view .LVU407
 1454 00e8 764B     		ldr	r3, .L222+20
 1455 00ea 40F27B42 		movw	r2, #1147
 1456 00ee 7649     		ldr	r1, .L222+24
 1457 00f0 7648     		ldr	r0, .L222+28
 1458              	.LVL102:
1147:Middlewares/Third_Party/LwIP/src/core/tcp_in.c ****   LWIP_ASSERT("tcp_receive: wrong state", pcb->state >= ESTABLISHED);
 1459              		.loc 1 1147 3 is_stmt 0 discriminator 1 view .LVU408
 1460 00f2 FFF7FEFF 		bl	printf
 1461              	.LVL103:
 1462 00f6 87E7     		b	.L89
 1463              	.L188:
1148:Middlewares/Third_Party/LwIP/src/core/tcp_in.c **** 
 1464              		.loc 1 1148 3 is_stmt 1 discriminator 1 view .LVU409
1148:Middlewares/Third_Party/LwIP/src/core/tcp_in.c **** 
 1465              		.loc 1 1148 3 discriminator 1 view .LVU410
 1466 00f8 724B     		ldr	r3, .L222+20
 1467 00fa 40F27C42 		movw	r2, #1148
 1468 00fe 7449     		ldr	r1, .L222+32
 1469 0100 7248     		ldr	r0, .L222+28
 1470 0102 FFF7FEFF 		bl	printf
 1471              	.LVL104:
 1472 0106 82E7     		b	.L90
 1473              	.LVL105:
 1474              	.L189:
1155:Middlewares/Third_Party/LwIP/src/core/tcp_in.c ****         (pcb->snd_wl2 == ackno && (u32_t)SND_WND_SCALE(pcb, tcphdr->wnd) > pcb->snd_wnd)) {
 1475              		.loc 1 1155 35 is_stmt 0 view .LVU411
 1476 0108 6B49     		ldr	r1, .L222+8
 1477 010a 0968     		ldr	r1, [r1]
 1478 010c 511A     		subs	r1, r2, r1
1155:Middlewares/Third_Party/LwIP/src/core/tcp_in.c ****         (pcb->snd_wl2 == ackno && (u32_t)SND_WND_SCALE(pcb, tcphdr->wnd) > pcb->snd_wnd)) {
 1479              		.loc 1 1155 32 view .LVU412
 1480 010e 0029     		cmp	r1, #0
 1481 0110 8EDA     		bge	.L93
 1482 0112 96E7     		b	.L92
 1483              	.L190:
1200:Middlewares/Third_Party/LwIP/src/core/tcp_in.c ****         /* Clause 3 */
 1484              		.loc 1 1200 7 is_stmt 1 view .LVU413
1200:Middlewares/Third_Party/LwIP/src/core/tcp_in.c ****         /* Clause 3 */
 1485              		.loc 1 1200 18 is_stmt 0 view .LVU414
 1486 0114 6A4A     		ldr	r2, .L222+16
ARM GAS  /tmp/ccYvHRO8.s 			page 70


 1487 0116 1288     		ldrh	r2, [r2]
1200:Middlewares/Third_Party/LwIP/src/core/tcp_in.c ****         /* Clause 3 */
 1488              		.loc 1 1200 10 view .LVU415
 1489 0118 2AB9     		cbnz	r2, .L97
1202:Middlewares/Third_Party/LwIP/src/core/tcp_in.c ****           /* Clause 4 */
 1490              		.loc 1 1202 9 is_stmt 1 view .LVU416
1202:Middlewares/Third_Party/LwIP/src/core/tcp_in.c ****           /* Clause 4 */
 1491              		.loc 1 1202 16 is_stmt 0 view .LVU417
 1492 011a A26D     		ldr	r2, [r4, #88]
1202:Middlewares/Third_Party/LwIP/src/core/tcp_in.c ****           /* Clause 4 */
 1493              		.loc 1 1202 31 view .LVU418
 1494 011c B4F86000 		ldrh	r0, [r4, #96]
1202:Middlewares/Third_Party/LwIP/src/core/tcp_in.c ****           /* Clause 4 */
 1495              		.loc 1 1202 26 view .LVU419
 1496 0120 0244     		add	r2, r2, r0
1202:Middlewares/Third_Party/LwIP/src/core/tcp_in.c ****           /* Clause 4 */
 1497              		.loc 1 1202 12 view .LVU420
 1498 0122 B242     		cmp	r2, r6
 1499 0124 03D0     		beq	.L196
 1500              	.L97:
 1501              	.LVL106:
1226:Middlewares/Third_Party/LwIP/src/core/tcp_in.c ****       }
 1502              		.loc 1 1226 9 is_stmt 1 view .LVU421
1226:Middlewares/Third_Party/LwIP/src/core/tcp_in.c ****       }
 1503              		.loc 1 1226 22 is_stmt 0 view .LVU422
 1504 0126 0023     		movs	r3, #0
 1505 0128 84F84330 		strb	r3, [r4, #67]
 1506 012c A8E7     		b	.L101
 1507              	.LVL107:
 1508              	.L196:
1204:Middlewares/Third_Party/LwIP/src/core/tcp_in.c ****             /* Clause 5 */
 1509              		.loc 1 1204 11 is_stmt 1 view .LVU423
1204:Middlewares/Third_Party/LwIP/src/core/tcp_in.c ****             /* Clause 5 */
 1510              		.loc 1 1204 18 is_stmt 0 view .LVU424
 1511 012e B4F93020 		ldrsh	r2, [r4, #48]
1204:Middlewares/Third_Party/LwIP/src/core/tcp_in.c ****             /* Clause 5 */
 1512              		.loc 1 1204 14 view .LVU425
 1513 0132 002A     		cmp	r2, #0
 1514 0134 F7DB     		blt	.L97
1206:Middlewares/Third_Party/LwIP/src/core/tcp_in.c ****               found_dupack = 1;
 1515              		.loc 1 1206 13 is_stmt 1 view .LVU426
1206:Middlewares/Third_Party/LwIP/src/core/tcp_in.c ****               found_dupack = 1;
 1516              		.loc 1 1206 16 is_stmt 0 view .LVU427
 1517 0136 8B42     		cmp	r3, r1
 1518 0138 F5D1     		bne	.L97
1207:Middlewares/Third_Party/LwIP/src/core/tcp_in.c ****               if ((u8_t)(pcb->dupacks + 1) > pcb->dupacks) {
 1519              		.loc 1 1207 15 is_stmt 1 view .LVU428
 1520              	.LVL108:
1208:Middlewares/Third_Party/LwIP/src/core/tcp_in.c ****                 ++pcb->dupacks;
 1521              		.loc 1 1208 15 view .LVU429
1208:Middlewares/Third_Party/LwIP/src/core/tcp_in.c ****                 ++pcb->dupacks;
 1522              		.loc 1 1208 29 is_stmt 0 view .LVU430
 1523 013a 94F84330 		ldrb	r3, [r4, #67]	@ zero_extendqisi2
1208:Middlewares/Third_Party/LwIP/src/core/tcp_in.c ****                 ++pcb->dupacks;
 1524              		.loc 1 1208 18 view .LVU431
 1525 013e FF2B     		cmp	r3, #255
 1526 0140 02D0     		beq	.L98
ARM GAS  /tmp/ccYvHRO8.s 			page 71


1209:Middlewares/Third_Party/LwIP/src/core/tcp_in.c ****               }
 1527              		.loc 1 1209 17 is_stmt 1 view .LVU432
 1528 0142 0133     		adds	r3, r3, #1
 1529 0144 84F84330 		strb	r3, [r4, #67]
 1530              	.L98:
1211:Middlewares/Third_Party/LwIP/src/core/tcp_in.c ****                 /* Inflate the congestion window */
 1531              		.loc 1 1211 15 view .LVU433
1211:Middlewares/Third_Party/LwIP/src/core/tcp_in.c ****                 /* Inflate the congestion window */
 1532              		.loc 1 1211 22 is_stmt 0 view .LVU434
 1533 0148 94F84330 		ldrb	r3, [r4, #67]	@ zero_extendqisi2
1211:Middlewares/Third_Party/LwIP/src/core/tcp_in.c ****                 /* Inflate the congestion window */
 1534              		.loc 1 1211 18 view .LVU435
 1535 014c 032B     		cmp	r3, #3
 1536 014e 08D9     		bls	.L99
1213:Middlewares/Third_Party/LwIP/src/core/tcp_in.c ****               }
 1537              		.loc 1 1213 17 is_stmt 1 view .LVU436
1213:Middlewares/Third_Party/LwIP/src/core/tcp_in.c ****               }
 1538              		.loc 1 1213 17 view .LVU437
 1539 0150 B4F84810 		ldrh	r1, [r4, #72]
 1540 0154 628E     		ldrh	r2, [r4, #50]
 1541 0156 0A44     		add	r2, r2, r1
 1542 0158 92B2     		uxth	r2, r2
 1543 015a 9142     		cmp	r1, r2
 1544 015c 07D8     		bhi	.L100
1213:Middlewares/Third_Party/LwIP/src/core/tcp_in.c ****               }
 1545              		.loc 1 1213 17 discriminator 1 view .LVU438
 1546 015e A4F84820 		strh	r2, [r4, #72]	@ movhi
 1547              	.L99:
1213:Middlewares/Third_Party/LwIP/src/core/tcp_in.c ****               }
 1548              		.loc 1 1213 17 discriminator 4 view .LVU439
1215:Middlewares/Third_Party/LwIP/src/core/tcp_in.c ****                 /* Do fast retransmit (checked via TF_INFR, not via dupacks count) */
 1549              		.loc 1 1215 15 discriminator 4 view .LVU440
1215:Middlewares/Third_Party/LwIP/src/core/tcp_in.c ****                 /* Do fast retransmit (checked via TF_INFR, not via dupacks count) */
 1550              		.loc 1 1215 18 is_stmt 0 discriminator 4 view .LVU441
 1551 0162 022B     		cmp	r3, #2
 1552 0164 8CD9     		bls	.L101
1217:Middlewares/Third_Party/LwIP/src/core/tcp_in.c ****               }
 1553              		.loc 1 1217 17 is_stmt 1 view .LVU442
 1554 0166 2046     		mov	r0, r4
 1555 0168 FFF7FEFF 		bl	tcp_rexmit_fast
 1556              	.LVL109:
1225:Middlewares/Third_Party/LwIP/src/core/tcp_in.c ****         pcb->dupacks = 0;
 1557              		.loc 1 1225 7 view .LVU443
 1558 016c 88E7     		b	.L101
 1559              	.L100:
1213:Middlewares/Third_Party/LwIP/src/core/tcp_in.c ****               }
 1560              		.loc 1 1213 17 discriminator 2 view .LVU444
 1561 016e 4FF6FF72 		movw	r2, #65535
 1562 0172 A4F84820 		strh	r2, [r4, #72]	@ movhi
 1563 0176 F4E7     		b	.L99
 1564              	.LVL110:
 1565              	.L191:
 1566              	.LBB7:
1230:Middlewares/Third_Party/LwIP/src/core/tcp_in.c **** 
 1567              		.loc 1 1230 7 view .LVU445
1235:Middlewares/Third_Party/LwIP/src/core/tcp_in.c ****         tcp_clear_flags(pcb, TF_INFR);
 1568              		.loc 1 1235 7 view .LVU446
ARM GAS  /tmp/ccYvHRO8.s 			page 72


1235:Middlewares/Third_Party/LwIP/src/core/tcp_in.c ****         tcp_clear_flags(pcb, TF_INFR);
 1569              		.loc 1 1235 14 is_stmt 0 view .LVU447
 1570 0178 628B     		ldrh	r2, [r4, #26]
1235:Middlewares/Third_Party/LwIP/src/core/tcp_in.c ****         tcp_clear_flags(pcb, TF_INFR);
 1571              		.loc 1 1235 10 view .LVU448
 1572 017a 12F0040F 		tst	r2, #4
 1573 017e 09D0     		beq	.L103
1236:Middlewares/Third_Party/LwIP/src/core/tcp_in.c ****         pcb->cwnd = pcb->ssthresh;
 1574              		.loc 1 1236 9 is_stmt 1 view .LVU449
1236:Middlewares/Third_Party/LwIP/src/core/tcp_in.c ****         pcb->cwnd = pcb->ssthresh;
 1575              		.loc 1 1236 9 view .LVU450
 1576 0180 22F00402 		bic	r2, r2, #4
 1577 0184 6283     		strh	r2, [r4, #26]	@ movhi
1236:Middlewares/Third_Party/LwIP/src/core/tcp_in.c ****         pcb->cwnd = pcb->ssthresh;
 1578              		.loc 1 1236 9 view .LVU451
1237:Middlewares/Third_Party/LwIP/src/core/tcp_in.c ****         pcb->bytes_acked = 0;
 1579              		.loc 1 1237 9 view .LVU452
1237:Middlewares/Third_Party/LwIP/src/core/tcp_in.c ****         pcb->bytes_acked = 0;
 1580              		.loc 1 1237 24 is_stmt 0 view .LVU453
 1581 0186 B4F84A20 		ldrh	r2, [r4, #74]
1237:Middlewares/Third_Party/LwIP/src/core/tcp_in.c ****         pcb->bytes_acked = 0;
 1582              		.loc 1 1237 19 view .LVU454
 1583 018a A4F84820 		strh	r2, [r4, #72]	@ movhi
1238:Middlewares/Third_Party/LwIP/src/core/tcp_in.c ****       }
 1584              		.loc 1 1238 9 is_stmt 1 view .LVU455
1238:Middlewares/Third_Party/LwIP/src/core/tcp_in.c ****       }
 1585              		.loc 1 1238 26 is_stmt 0 view .LVU456
 1586 018e 0022     		movs	r2, #0
 1587 0190 A4F86A20 		strh	r2, [r4, #106]	@ movhi
 1588              	.L103:
1242:Middlewares/Third_Party/LwIP/src/core/tcp_in.c **** 
 1589              		.loc 1 1242 7 is_stmt 1 view .LVU457
1242:Middlewares/Third_Party/LwIP/src/core/tcp_in.c **** 
 1590              		.loc 1 1242 17 is_stmt 0 view .LVU458
 1591 0194 0020     		movs	r0, #0
 1592 0196 84F84200 		strb	r0, [r4, #66]
1245:Middlewares/Third_Party/LwIP/src/core/tcp_in.c **** 
 1593              		.loc 1 1245 7 is_stmt 1 view .LVU459
1245:Middlewares/Third_Party/LwIP/src/core/tcp_in.c **** 
 1594              		.loc 1 1245 30 is_stmt 0 view .LVU460
 1595 019a B4F93C50 		ldrsh	r5, [r4, #60]
1245:Middlewares/Third_Party/LwIP/src/core/tcp_in.c **** 
 1596              		.loc 1 1245 46 view .LVU461
 1597 019e E28F     		ldrh	r2, [r4, #62]
1245:Middlewares/Third_Party/LwIP/src/core/tcp_in.c **** 
 1598              		.loc 1 1245 41 view .LVU462
 1599 01a0 02EBE502 		add	r2, r2, r5, asr #3
1245:Middlewares/Third_Party/LwIP/src/core/tcp_in.c **** 
 1600              		.loc 1 1245 16 view .LVU463
 1601 01a4 A4F84020 		strh	r2, [r4, #64]	@ movhi
1248:Middlewares/Third_Party/LwIP/src/core/tcp_in.c **** 
 1602              		.loc 1 1248 7 is_stmt 1 view .LVU464
1248:Middlewares/Third_Party/LwIP/src/core/tcp_in.c **** 
 1603              		.loc 1 1248 15 is_stmt 0 view .LVU465
 1604 01a8 9AB2     		uxth	r2, r3
 1605 01aa 89B2     		uxth	r1, r1
1248:Middlewares/Third_Party/LwIP/src/core/tcp_in.c **** 
ARM GAS  /tmp/ccYvHRO8.s 			page 73


 1606              		.loc 1 1248 13 view .LVU466
 1607 01ac 511A     		subs	r1, r2, r1
 1608 01ae 89B2     		uxth	r1, r1
 1609              	.LVL111:
1251:Middlewares/Third_Party/LwIP/src/core/tcp_in.c ****       pcb->lastack = ackno;
 1610              		.loc 1 1251 7 is_stmt 1 view .LVU467
1251:Middlewares/Third_Party/LwIP/src/core/tcp_in.c ****       pcb->lastack = ackno;
 1611              		.loc 1 1251 20 is_stmt 0 view .LVU468
 1612 01b0 84F84300 		strb	r0, [r4, #67]
1252:Middlewares/Third_Party/LwIP/src/core/tcp_in.c **** 
 1613              		.loc 1 1252 7 is_stmt 1 view .LVU469
1252:Middlewares/Third_Party/LwIP/src/core/tcp_in.c **** 
 1614              		.loc 1 1252 20 is_stmt 0 view .LVU470
 1615 01b4 6364     		str	r3, [r4, #68]
1256:Middlewares/Third_Party/LwIP/src/core/tcp_in.c ****         if (pcb->cwnd < pcb->ssthresh) {
 1616              		.loc 1 1256 7 is_stmt 1 view .LVU471
1256:Middlewares/Third_Party/LwIP/src/core/tcp_in.c ****         if (pcb->cwnd < pcb->ssthresh) {
 1617              		.loc 1 1256 14 is_stmt 0 view .LVU472
 1618 01b6 237D     		ldrb	r3, [r4, #20]	@ zero_extendqisi2
1256:Middlewares/Third_Party/LwIP/src/core/tcp_in.c ****         if (pcb->cwnd < pcb->ssthresh) {
 1619              		.loc 1 1256 10 view .LVU473
 1620 01b8 032B     		cmp	r3, #3
 1621 01ba 17D9     		bls	.L104
1257:Middlewares/Third_Party/LwIP/src/core/tcp_in.c ****           tcpwnd_size_t increase;
 1622              		.loc 1 1257 9 is_stmt 1 view .LVU474
1257:Middlewares/Third_Party/LwIP/src/core/tcp_in.c ****           tcpwnd_size_t increase;
 1623              		.loc 1 1257 16 is_stmt 0 view .LVU475
 1624 01bc B4F84830 		ldrh	r3, [r4, #72]
1257:Middlewares/Third_Party/LwIP/src/core/tcp_in.c ****           tcpwnd_size_t increase;
 1625              		.loc 1 1257 28 view .LVU476
 1626 01c0 B4F84A20 		ldrh	r2, [r4, #74]
1257:Middlewares/Third_Party/LwIP/src/core/tcp_in.c ****           tcpwnd_size_t increase;
 1627              		.loc 1 1257 12 view .LVU477
 1628 01c4 9342     		cmp	r3, r2
 1629 01c6 4BD2     		bcs	.L105
 1630              	.LBB8:
1258:Middlewares/Third_Party/LwIP/src/core/tcp_in.c ****           /* limit to 1 SMSS segment during period following RTO */
 1631              		.loc 1 1258 11 is_stmt 1 view .LVU478
1260:Middlewares/Third_Party/LwIP/src/core/tcp_in.c ****           /* RFC 3465, section 2.2 Slow Start */
 1632              		.loc 1 1260 11 view .LVU479
1260:Middlewares/Third_Party/LwIP/src/core/tcp_in.c ****           /* RFC 3465, section 2.2 Slow Start */
 1633              		.loc 1 1260 30 is_stmt 0 view .LVU480
 1634 01c8 628B     		ldrh	r2, [r4, #26]
1260:Middlewares/Third_Party/LwIP/src/core/tcp_in.c ****           /* RFC 3465, section 2.2 Slow Start */
 1635              		.loc 1 1260 16 view .LVU481
 1636 01ca 12F4006F 		tst	r2, #2048
 1637 01ce 40D0     		beq	.L173
 1638 01d0 0122     		movs	r2, #1
 1639              	.L106:
 1640              	.LVL112:
1262:Middlewares/Third_Party/LwIP/src/core/tcp_in.c ****           TCP_WND_INC(pcb->cwnd, increase);
 1641              		.loc 1 1262 11 is_stmt 1 discriminator 4 view .LVU482
1262:Middlewares/Third_Party/LwIP/src/core/tcp_in.c ****           TCP_WND_INC(pcb->cwnd, increase);
 1642              		.loc 1 1262 22 is_stmt 0 discriminator 4 view .LVU483
 1643 01d2 608E     		ldrh	r0, [r4, #50]
 1644 01d4 12FB00F2 		smulbb	r2, r2, r0
 1645              	.LVL113:
ARM GAS  /tmp/ccYvHRO8.s 			page 74


1262:Middlewares/Third_Party/LwIP/src/core/tcp_in.c ****           TCP_WND_INC(pcb->cwnd, increase);
 1646              		.loc 1 1262 22 discriminator 4 view .LVU484
 1647 01d8 92B2     		uxth	r2, r2
 1648              	.LVL114:
1263:Middlewares/Third_Party/LwIP/src/core/tcp_in.c ****           LWIP_DEBUGF(TCP_CWND_DEBUG, ("tcp_receive: slow start cwnd %"TCPWNDSIZE_F"\n", pcb->cwnd)
 1649              		.loc 1 1263 11 is_stmt 1 discriminator 4 view .LVU485
1263:Middlewares/Third_Party/LwIP/src/core/tcp_in.c ****           LWIP_DEBUGF(TCP_CWND_DEBUG, ("tcp_receive: slow start cwnd %"TCPWNDSIZE_F"\n", pcb->cwnd)
 1650              		.loc 1 1263 11 discriminator 4 view .LVU486
 1651 01da 8A42     		cmp	r2, r1
 1652 01dc 94BF     		ite	ls
 1653 01de 9818     		addls	r0, r3, r2
 1654 01e0 5818     		addhi	r0, r3, r1
 1655 01e2 82B2     		uxth	r2, r0
 1656              	.LVL115:
1263:Middlewares/Third_Party/LwIP/src/core/tcp_in.c ****           LWIP_DEBUGF(TCP_CWND_DEBUG, ("tcp_receive: slow start cwnd %"TCPWNDSIZE_F"\n", pcb->cwnd)
 1657              		.loc 1 1263 11 is_stmt 0 discriminator 4 view .LVU487
 1658 01e4 9342     		cmp	r3, r2
 1659 01e6 36D8     		bhi	.L107
1263:Middlewares/Third_Party/LwIP/src/core/tcp_in.c ****           LWIP_DEBUGF(TCP_CWND_DEBUG, ("tcp_receive: slow start cwnd %"TCPWNDSIZE_F"\n", pcb->cwnd)
 1660              		.loc 1 1263 11 is_stmt 1 discriminator 1 view .LVU488
 1661 01e8 A4F84820 		strh	r2, [r4, #72]	@ movhi
 1662              	.LVL116:
 1663              	.L104:
1263:Middlewares/Third_Party/LwIP/src/core/tcp_in.c ****           LWIP_DEBUGF(TCP_CWND_DEBUG, ("tcp_receive: slow start cwnd %"TCPWNDSIZE_F"\n", pcb->cwnd)
 1664              		.loc 1 1263 11 is_stmt 0 discriminator 1 view .LVU489
 1665              	.LBE8:
1270:Middlewares/Third_Party/LwIP/src/core/tcp_in.c ****           }
 1666              		.loc 1 1270 13 is_stmt 1 discriminator 4 view .LVU490
1272:Middlewares/Third_Party/LwIP/src/core/tcp_in.c ****         }
 1667              		.loc 1 1272 111 discriminator 4 view .LVU491
1280:Middlewares/Third_Party/LwIP/src/core/tcp_in.c **** 
 1668              		.loc 1 1280 109 discriminator 4 view .LVU492
1284:Middlewares/Third_Party/LwIP/src/core/tcp_in.c ****       /* We go through the ->unsent list to see if any of the segments
 1669              		.loc 1 1284 7 discriminator 4 view .LVU493
1284:Middlewares/Third_Party/LwIP/src/core/tcp_in.c ****       /* We go through the ->unsent list to see if any of the segments
 1670              		.loc 1 1284 22 is_stmt 0 discriminator 4 view .LVU494
 1671 01ec E36E     		ldr	r3, [r4, #108]
 1672 01ee 394A     		ldr	r2, .L222+36
 1673 01f0 216F     		ldr	r1, [r4, #112]
 1674 01f2 2046     		mov	r0, r4
 1675 01f4 FFF7FEFF 		bl	tcp_free_acked_segments
 1676              	.LVL117:
 1677 01f8 0346     		mov	r3, r0
1284:Middlewares/Third_Party/LwIP/src/core/tcp_in.c ****       /* We go through the ->unsent list to see if any of the segments
 1678              		.loc 1 1284 20 discriminator 4 view .LVU495
 1679 01fa 2067     		str	r0, [r4, #112]
1291:Middlewares/Third_Party/LwIP/src/core/tcp_in.c **** 
 1680              		.loc 1 1291 7 is_stmt 1 discriminator 4 view .LVU496
1291:Middlewares/Third_Party/LwIP/src/core/tcp_in.c **** 
 1681              		.loc 1 1291 21 is_stmt 0 discriminator 4 view .LVU497
 1682 01fc 364A     		ldr	r2, .L222+40
 1683 01fe E16E     		ldr	r1, [r4, #108]
 1684 0200 2046     		mov	r0, r4
 1685 0202 FFF7FEFF 		bl	tcp_free_acked_segments
 1686              	.LVL118:
1291:Middlewares/Third_Party/LwIP/src/core/tcp_in.c **** 
 1687              		.loc 1 1291 19 discriminator 4 view .LVU498
ARM GAS  /tmp/ccYvHRO8.s 			page 75


 1688 0206 E066     		str	r0, [r4, #108]
1295:Middlewares/Third_Party/LwIP/src/core/tcp_in.c ****         pcb->rtime = -1;
 1689              		.loc 1 1295 7 is_stmt 1 discriminator 4 view .LVU499
1295:Middlewares/Third_Party/LwIP/src/core/tcp_in.c ****         pcb->rtime = -1;
 1690              		.loc 1 1295 14 is_stmt 0 discriminator 4 view .LVU500
 1691 0208 226F     		ldr	r2, [r4, #112]
1295:Middlewares/Third_Party/LwIP/src/core/tcp_in.c ****         pcb->rtime = -1;
 1692              		.loc 1 1295 10 discriminator 4 view .LVU501
 1693 020a 002A     		cmp	r2, #0
 1694 020c 49D0     		beq	.L197
1298:Middlewares/Third_Party/LwIP/src/core/tcp_in.c ****       }
 1695              		.loc 1 1298 9 is_stmt 1 view .LVU502
1298:Middlewares/Third_Party/LwIP/src/core/tcp_in.c ****       }
 1696              		.loc 1 1298 20 is_stmt 0 view .LVU503
 1697 020e 0023     		movs	r3, #0
 1698 0210 2386     		strh	r3, [r4, #48]	@ movhi
 1699              	.L112:
1301:Middlewares/Third_Party/LwIP/src/core/tcp_in.c **** 
 1700              		.loc 1 1301 7 is_stmt 1 view .LVU504
1301:Middlewares/Third_Party/LwIP/src/core/tcp_in.c **** 
 1701              		.loc 1 1301 20 is_stmt 0 view .LVU505
 1702 0212 0023     		movs	r3, #0
 1703 0214 2377     		strb	r3, [r4, #28]
1304:Middlewares/Third_Party/LwIP/src/core/tcp_in.c ****         pcb->unsent_oversize = 0;
 1704              		.loc 1 1304 7 is_stmt 1 view .LVU506
1304:Middlewares/Third_Party/LwIP/src/core/tcp_in.c ****         pcb->unsent_oversize = 0;
 1705              		.loc 1 1304 10 is_stmt 0 view .LVU507
 1706 0216 0028     		cmp	r0, #0
 1707 0218 47D0     		beq	.L198
 1708              	.L113:
1316:Middlewares/Third_Party/LwIP/src/core/tcp_in.c ****       /* check if this ACK ends our retransmission of in-flight data */
 1709              		.loc 1 1316 7 is_stmt 1 view .LVU508
1316:Middlewares/Third_Party/LwIP/src/core/tcp_in.c ****       /* check if this ACK ends our retransmission of in-flight data */
 1710              		.loc 1 1316 41 is_stmt 0 view .LVU509
 1711 021a B4F86430 		ldrh	r3, [r4, #100]
1316:Middlewares/Third_Party/LwIP/src/core/tcp_in.c ****       /* check if this ACK ends our retransmission of in-flight data */
 1712              		.loc 1 1316 22 view .LVU510
 1713 021e 2F49     		ldr	r1, .L222+44
 1714 0220 0988     		ldrh	r1, [r1]
 1715 0222 0B44     		add	r3, r3, r1
1316:Middlewares/Third_Party/LwIP/src/core/tcp_in.c ****       /* check if this ACK ends our retransmission of in-flight data */
 1716              		.loc 1 1316 20 view .LVU511
 1717 0224 A4F86430 		strh	r3, [r4, #100]	@ movhi
1318:Middlewares/Third_Party/LwIP/src/core/tcp_in.c ****         /* RTO is done if
 1718              		.loc 1 1318 7 is_stmt 1 view .LVU512
1318:Middlewares/Third_Party/LwIP/src/core/tcp_in.c ****         /* RTO is done if
 1719              		.loc 1 1318 14 is_stmt 0 view .LVU513
 1720 0228 638B     		ldrh	r3, [r4, #26]
1318:Middlewares/Third_Party/LwIP/src/core/tcp_in.c ****         /* RTO is done if
 1721              		.loc 1 1318 10 view .LVU514
 1722 022a 13F4006F 		tst	r3, #2048
 1723 022e 3FF427AF 		beq	.L101
1323:Middlewares/Third_Party/LwIP/src/core/tcp_in.c ****           if ((pcb->unsent == NULL) ||
 1724              		.loc 1 1323 9 is_stmt 1 view .LVU515
1323:Middlewares/Third_Party/LwIP/src/core/tcp_in.c ****           if ((pcb->unsent == NULL) ||
 1725              		.loc 1 1323 12 is_stmt 0 view .LVU516
 1726 0232 002A     		cmp	r2, #0
ARM GAS  /tmp/ccYvHRO8.s 			page 76


 1727 0234 54D0     		beq	.L199
1328:Middlewares/Third_Party/LwIP/src/core/tcp_in.c ****           tcp_clear_flags(pcb, TF_RTO);
 1728              		.loc 1 1328 16 is_stmt 1 view .LVU517
1328:Middlewares/Third_Party/LwIP/src/core/tcp_in.c ****           tcp_clear_flags(pcb, TF_RTO);
 1729              		.loc 1 1328 20 is_stmt 0 view .LVU518
 1730 0236 E56C     		ldr	r5, [r4, #76]
 1731 0238 D368     		ldr	r3, [r2, #12]
 1732 023a 5868     		ldr	r0, [r3, #4]	@ unaligned
 1733 023c FFF7FEFF 		bl	lwip_htonl
 1734              	.LVL119:
 1735 0240 2D1A     		subs	r5, r5, r0
1328:Middlewares/Third_Party/LwIP/src/core/tcp_in.c ****           tcp_clear_flags(pcb, TF_RTO);
 1736              		.loc 1 1328 19 view .LVU519
 1737 0242 002D     		cmp	r5, #0
 1738 0244 3FF71CAF 		bgt	.L101
1329:Middlewares/Third_Party/LwIP/src/core/tcp_in.c ****         }
 1739              		.loc 1 1329 11 is_stmt 1 discriminator 1 view .LVU520
1329:Middlewares/Third_Party/LwIP/src/core/tcp_in.c ****         }
 1740              		.loc 1 1329 11 discriminator 1 view .LVU521
 1741 0248 638B     		ldrh	r3, [r4, #26]
 1742 024a 23F40063 		bic	r3, r3, #2048
 1743 024e 6383     		strh	r3, [r4, #26]	@ movhi
 1744 0250 16E7     		b	.L101
 1745              	.LVL120:
 1746              	.L173:
 1747              	.LBB9:
1260:Middlewares/Third_Party/LwIP/src/core/tcp_in.c ****           /* RFC 3465, section 2.2 Slow Start */
 1748              		.loc 1 1260 16 is_stmt 0 view .LVU522
 1749 0252 0222     		movs	r2, #2
 1750 0254 BDE7     		b	.L106
 1751              	.L107:
1263:Middlewares/Third_Party/LwIP/src/core/tcp_in.c ****           LWIP_DEBUGF(TCP_CWND_DEBUG, ("tcp_receive: slow start cwnd %"TCPWNDSIZE_F"\n", pcb->cwnd)
 1752              		.loc 1 1263 11 is_stmt 1 discriminator 2 view .LVU523
 1753 0256 4FF6FF73 		movw	r3, #65535
 1754 025a A4F84830 		strh	r3, [r4, #72]	@ movhi
 1755 025e C5E7     		b	.L104
 1756              	.L105:
1263:Middlewares/Third_Party/LwIP/src/core/tcp_in.c ****           LWIP_DEBUGF(TCP_CWND_DEBUG, ("tcp_receive: slow start cwnd %"TCPWNDSIZE_F"\n", pcb->cwnd)
 1757              		.loc 1 1263 11 is_stmt 0 discriminator 2 view .LVU524
 1758              	.LBE9:
1267:Middlewares/Third_Party/LwIP/src/core/tcp_in.c ****           if (pcb->bytes_acked >= pcb->cwnd) {
 1759              		.loc 1 1267 11 is_stmt 1 view .LVU525
1267:Middlewares/Third_Party/LwIP/src/core/tcp_in.c ****           if (pcb->bytes_acked >= pcb->cwnd) {
 1760              		.loc 1 1267 11 view .LVU526
 1761 0260 B4F86A20 		ldrh	r2, [r4, #106]
 1762 0264 1144     		add	r1, r1, r2
 1763              	.LVL121:
1267:Middlewares/Third_Party/LwIP/src/core/tcp_in.c ****           if (pcb->bytes_acked >= pcb->cwnd) {
 1764              		.loc 1 1267 11 is_stmt 0 view .LVU527
 1765 0266 89B2     		uxth	r1, r1
 1766 0268 8A42     		cmp	r2, r1
 1767 026a 10D8     		bhi	.L108
1267:Middlewares/Third_Party/LwIP/src/core/tcp_in.c ****           if (pcb->bytes_acked >= pcb->cwnd) {
 1768              		.loc 1 1267 11 is_stmt 1 discriminator 1 view .LVU528
 1769 026c A4F86A10 		strh	r1, [r4, #106]	@ movhi
 1770              	.L109:
1267:Middlewares/Third_Party/LwIP/src/core/tcp_in.c ****           if (pcb->bytes_acked >= pcb->cwnd) {
ARM GAS  /tmp/ccYvHRO8.s 			page 77


 1771              		.loc 1 1267 11 discriminator 4 view .LVU529
1268:Middlewares/Third_Party/LwIP/src/core/tcp_in.c ****             pcb->bytes_acked = (tcpwnd_size_t)(pcb->bytes_acked - pcb->cwnd);
 1772              		.loc 1 1268 11 discriminator 4 view .LVU530
1268:Middlewares/Third_Party/LwIP/src/core/tcp_in.c ****             pcb->bytes_acked = (tcpwnd_size_t)(pcb->bytes_acked - pcb->cwnd);
 1773              		.loc 1 1268 18 is_stmt 0 discriminator 4 view .LVU531
 1774 0270 B4F86A20 		ldrh	r2, [r4, #106]
1268:Middlewares/Third_Party/LwIP/src/core/tcp_in.c ****             pcb->bytes_acked = (tcpwnd_size_t)(pcb->bytes_acked - pcb->cwnd);
 1775              		.loc 1 1268 14 discriminator 4 view .LVU532
 1776 0274 9342     		cmp	r3, r2
 1777 0276 B9D8     		bhi	.L104
1269:Middlewares/Third_Party/LwIP/src/core/tcp_in.c ****             TCP_WND_INC(pcb->cwnd, pcb->mss);
 1778              		.loc 1 1269 13 is_stmt 1 view .LVU533
1269:Middlewares/Third_Party/LwIP/src/core/tcp_in.c ****             TCP_WND_INC(pcb->cwnd, pcb->mss);
 1779              		.loc 1 1269 32 is_stmt 0 view .LVU534
 1780 0278 D21A     		subs	r2, r2, r3
1269:Middlewares/Third_Party/LwIP/src/core/tcp_in.c ****             TCP_WND_INC(pcb->cwnd, pcb->mss);
 1781              		.loc 1 1269 30 view .LVU535
 1782 027a A4F86A20 		strh	r2, [r4, #106]	@ movhi
1270:Middlewares/Third_Party/LwIP/src/core/tcp_in.c ****           }
 1783              		.loc 1 1270 13 is_stmt 1 view .LVU536
1270:Middlewares/Third_Party/LwIP/src/core/tcp_in.c ****           }
 1784              		.loc 1 1270 13 view .LVU537
 1785 027e 628E     		ldrh	r2, [r4, #50]
 1786 0280 1A44     		add	r2, r2, r3
 1787 0282 92B2     		uxth	r2, r2
 1788 0284 9342     		cmp	r3, r2
 1789 0286 07D8     		bhi	.L110
1270:Middlewares/Third_Party/LwIP/src/core/tcp_in.c ****           }
 1790              		.loc 1 1270 13 discriminator 1 view .LVU538
 1791 0288 A4F84820 		strh	r2, [r4, #72]	@ movhi
 1792 028c AEE7     		b	.L104
 1793              	.L108:
1267:Middlewares/Third_Party/LwIP/src/core/tcp_in.c ****           if (pcb->bytes_acked >= pcb->cwnd) {
 1794              		.loc 1 1267 11 discriminator 2 view .LVU539
 1795 028e 4FF6FF72 		movw	r2, #65535
 1796 0292 A4F86A20 		strh	r2, [r4, #106]	@ movhi
 1797 0296 EBE7     		b	.L109
 1798              	.L110:
1270:Middlewares/Third_Party/LwIP/src/core/tcp_in.c ****           }
 1799              		.loc 1 1270 13 discriminator 2 view .LVU540
 1800 0298 4FF6FF73 		movw	r3, #65535
 1801 029c A4F84830 		strh	r3, [r4, #72]	@ movhi
 1802 02a0 A4E7     		b	.L104
 1803              	.L197:
1296:Middlewares/Third_Party/LwIP/src/core/tcp_in.c ****       } else {
 1804              		.loc 1 1296 9 view .LVU541
1296:Middlewares/Third_Party/LwIP/src/core/tcp_in.c ****       } else {
 1805              		.loc 1 1296 20 is_stmt 0 view .LVU542
 1806 02a2 4FF6FF73 		movw	r3, #65535
 1807 02a6 2386     		strh	r3, [r4, #48]	@ movhi
 1808 02a8 B3E7     		b	.L112
 1809              	.L198:
1305:Middlewares/Third_Party/LwIP/src/core/tcp_in.c ****       }
 1810              		.loc 1 1305 9 is_stmt 1 view .LVU543
1305:Middlewares/Third_Party/LwIP/src/core/tcp_in.c ****       }
 1811              		.loc 1 1305 30 is_stmt 0 view .LVU544
 1812 02aa A4F86830 		strh	r3, [r4, #104]	@ movhi
ARM GAS  /tmp/ccYvHRO8.s 			page 78


 1813 02ae B4E7     		b	.L113
 1814              	.L223:
 1815              		.align	2
 1816              	.L222:
 1817 02b0 00000000 		.word	.LANCHOR6
 1818 02b4 00000000 		.word	.LANCHOR7
 1819 02b8 00000000 		.word	.LANCHOR9
 1820 02bc 00000000 		.word	.LANCHOR3
 1821 02c0 00000000 		.word	.LANCHOR8
 1822 02c4 00000000 		.word	.LC0
 1823 02c8 00000000 		.word	.LC9
 1824 02cc 4C000000 		.word	.LC2
 1825 02d0 1C000000 		.word	.LC10
 1826 02d4 38000000 		.word	.LC11
 1827 02d8 40000000 		.word	.LC12
 1828 02dc 00000000 		.word	.LANCHOR10
 1829              	.L199:
1324:Middlewares/Third_Party/LwIP/src/core/tcp_in.c ****               (TCP_SEQ_LEQ(pcb->rto_end, lwip_ntohl(pcb->unsent->tcphdr->seqno)))) {
 1830              		.loc 1 1324 11 is_stmt 1 view .LVU545
1324:Middlewares/Third_Party/LwIP/src/core/tcp_in.c ****               (TCP_SEQ_LEQ(pcb->rto_end, lwip_ntohl(pcb->unsent->tcphdr->seqno)))) {
 1831              		.loc 1 1324 14 is_stmt 0 view .LVU546
 1832 02e0 40B1     		cbz	r0, .L115
1325:Middlewares/Third_Party/LwIP/src/core/tcp_in.c ****             tcp_clear_flags(pcb, TF_RTO);
 1833              		.loc 1 1325 16 discriminator 1 view .LVU547
 1834 02e2 E56C     		ldr	r5, [r4, #76]
 1835 02e4 C368     		ldr	r3, [r0, #12]
 1836 02e6 5868     		ldr	r0, [r3, #4]	@ unaligned
 1837 02e8 FFF7FEFF 		bl	lwip_htonl
 1838              	.LVL122:
 1839 02ec 2D1A     		subs	r5, r5, r0
1324:Middlewares/Third_Party/LwIP/src/core/tcp_in.c ****               (TCP_SEQ_LEQ(pcb->rto_end, lwip_ntohl(pcb->unsent->tcphdr->seqno)))) {
 1840              		.loc 1 1324 37 discriminator 1 view .LVU548
 1841 02ee 002D     		cmp	r5, #0
 1842 02f0 3FF7C6AE 		bgt	.L101
 1843              	.L115:
1326:Middlewares/Third_Party/LwIP/src/core/tcp_in.c ****           }
 1844              		.loc 1 1326 13 is_stmt 1 view .LVU549
1326:Middlewares/Third_Party/LwIP/src/core/tcp_in.c ****           }
 1845              		.loc 1 1326 13 view .LVU550
 1846 02f4 638B     		ldrh	r3, [r4, #26]
 1847 02f6 23F40063 		bic	r3, r3, #2048
 1848 02fa 6383     		strh	r3, [r4, #26]	@ movhi
 1849 02fc C0E6     		b	.L101
 1850              	.LVL123:
 1851              	.L192:
1326:Middlewares/Third_Party/LwIP/src/core/tcp_in.c ****           }
 1852              		.loc 1 1326 13 is_stmt 0 view .LVU551
 1853              	.LBE7:
1347:Middlewares/Third_Party/LwIP/src/core/tcp_in.c **** 
 1854              		.loc 1 1347 7 is_stmt 1 view .LVU552
1347:Middlewares/Third_Party/LwIP/src/core/tcp_in.c **** 
 1855              		.loc 1 1347 29 is_stmt 0 view .LVU553
 1856 02fe 894A     		ldr	r2, .L224
 1857 0300 1688     		ldrh	r6, [r2]
 1858              	.LVL124:
1347:Middlewares/Third_Party/LwIP/src/core/tcp_in.c **** 
 1859              		.loc 1 1347 29 view .LVU554
ARM GAS  /tmp/ccYvHRO8.s 			page 79


 1860 0302 9BB2     		uxth	r3, r3
 1861 0304 F21A     		subs	r2, r6, r3
 1862 0306 92B2     		uxth	r2, r2
 1863              	.LVL125:
1350:Middlewares/Third_Party/LwIP/src/core/tcp_in.c **** 
 1864              		.loc 1 1350 70 is_stmt 1 view .LVU555
1353:Middlewares/Third_Party/LwIP/src/core/tcp_in.c ****       pcb->sa = (s16_t)(pcb->sa + m);
 1865              		.loc 1 1353 7 view .LVU556
1353:Middlewares/Third_Party/LwIP/src/core/tcp_in.c ****       pcb->sa = (s16_t)(pcb->sa + m);
 1866              		.loc 1 1353 27 is_stmt 0 view .LVU557
 1867 0308 B4F93C00 		ldrsh	r0, [r4, #60]
1353:Middlewares/Third_Party/LwIP/src/core/tcp_in.c ****       pcb->sa = (s16_t)(pcb->sa + m);
 1868              		.loc 1 1353 21 view .LVU558
 1869 030c C0F3CF05 		ubfx	r5, r0, #3, #16
 1870 0310 521B     		subs	r2, r2, r5
 1871              	.LVL126:
1353:Middlewares/Third_Party/LwIP/src/core/tcp_in.c ****       pcb->sa = (s16_t)(pcb->sa + m);
 1872              		.loc 1 1353 9 view .LVU559
 1873 0312 11B2     		sxth	r1, r2
 1874              	.LVL127:
1354:Middlewares/Third_Party/LwIP/src/core/tcp_in.c ****       if (m < 0) {
 1875              		.loc 1 1354 7 is_stmt 1 view .LVU560
1354:Middlewares/Third_Party/LwIP/src/core/tcp_in.c ****       if (m < 0) {
 1876              		.loc 1 1354 28 is_stmt 0 view .LVU561
 1877 0314 80B2     		uxth	r0, r0
1354:Middlewares/Third_Party/LwIP/src/core/tcp_in.c ****       if (m < 0) {
 1878              		.loc 1 1354 33 view .LVU562
 1879 0316 10FA82F2 		uxtah	r2, r0, r2
1354:Middlewares/Third_Party/LwIP/src/core/tcp_in.c ****       if (m < 0) {
 1880              		.loc 1 1354 17 view .LVU563
 1881 031a 12B2     		sxth	r2, r2
1354:Middlewares/Third_Party/LwIP/src/core/tcp_in.c ****       if (m < 0) {
 1882              		.loc 1 1354 15 view .LVU564
 1883 031c A287     		strh	r2, [r4, #60]	@ movhi
1355:Middlewares/Third_Party/LwIP/src/core/tcp_in.c ****         m = (s16_t) - m;
 1884              		.loc 1 1355 7 is_stmt 1 view .LVU565
1355:Middlewares/Third_Party/LwIP/src/core/tcp_in.c ****         m = (s16_t) - m;
 1885              		.loc 1 1355 10 is_stmt 0 view .LVU566
 1886 031e 0029     		cmp	r1, #0
 1887 0320 0FDB     		blt	.L200
 1888              	.L116:
1358:Middlewares/Third_Party/LwIP/src/core/tcp_in.c ****       pcb->sv = (s16_t)(pcb->sv + m);
 1889              		.loc 1 1358 7 is_stmt 1 view .LVU567
1358:Middlewares/Third_Party/LwIP/src/core/tcp_in.c ****       pcb->sv = (s16_t)(pcb->sv + m);
 1890              		.loc 1 1358 27 is_stmt 0 view .LVU568
 1891 0322 B4F93E30 		ldrsh	r3, [r4, #62]
1358:Middlewares/Third_Party/LwIP/src/core/tcp_in.c ****       pcb->sv = (s16_t)(pcb->sv + m);
 1892              		.loc 1 1358 21 view .LVU569
 1893 0326 A1EBA301 		sub	r1, r1, r3, asr #2
 1894              	.LVL128:
1359:Middlewares/Third_Party/LwIP/src/core/tcp_in.c ****       pcb->rto = (s16_t)((pcb->sa >> 3) + pcb->sv);
 1895              		.loc 1 1359 7 is_stmt 1 view .LVU570
1359:Middlewares/Third_Party/LwIP/src/core/tcp_in.c ****       pcb->rto = (s16_t)((pcb->sa >> 3) + pcb->sv);
 1896              		.loc 1 1359 28 is_stmt 0 view .LVU571
 1897 032a 9BB2     		uxth	r3, r3
1359:Middlewares/Third_Party/LwIP/src/core/tcp_in.c ****       pcb->rto = (s16_t)((pcb->sa >> 3) + pcb->sv);
 1898              		.loc 1 1359 33 view .LVU572
ARM GAS  /tmp/ccYvHRO8.s 			page 80


 1899 032c 13FA81F1 		uxtah	r1, r3, r1
 1900              	.LVL129:
1359:Middlewares/Third_Party/LwIP/src/core/tcp_in.c ****       pcb->rto = (s16_t)((pcb->sa >> 3) + pcb->sv);
 1901              		.loc 1 1359 15 view .LVU573
 1902 0330 E187     		strh	r1, [r4, #62]	@ movhi
1360:Middlewares/Third_Party/LwIP/src/core/tcp_in.c **** 
 1903              		.loc 1 1360 7 is_stmt 1 view .LVU574
1360:Middlewares/Third_Party/LwIP/src/core/tcp_in.c **** 
 1904              		.loc 1 1360 41 is_stmt 0 view .LVU575
 1905 0332 D210     		asrs	r2, r2, #3
 1906 0334 12FA81F2 		uxtah	r2, r2, r1
1360:Middlewares/Third_Party/LwIP/src/core/tcp_in.c **** 
 1907              		.loc 1 1360 16 view .LVU576
 1908 0338 A4F84020 		strh	r2, [r4, #64]	@ movhi
1363:Middlewares/Third_Party/LwIP/src/core/tcp_in.c **** 
 1909              		.loc 1 1363 84 is_stmt 1 view .LVU577
1365:Middlewares/Third_Party/LwIP/src/core/tcp_in.c ****     }
 1910              		.loc 1 1365 7 view .LVU578
1365:Middlewares/Third_Party/LwIP/src/core/tcp_in.c ****     }
 1911              		.loc 1 1365 19 is_stmt 0 view .LVU579
 1912 033c 0023     		movs	r3, #0
 1913 033e 6363     		str	r3, [r4, #52]
 1914 0340 A7E6     		b	.L91
 1915              	.LVL130:
 1916              	.L200:
1356:Middlewares/Third_Party/LwIP/src/core/tcp_in.c ****       }
 1917              		.loc 1 1356 9 is_stmt 1 view .LVU580
1356:Middlewares/Third_Party/LwIP/src/core/tcp_in.c ****       }
 1918              		.loc 1 1356 13 is_stmt 0 view .LVU581
 1919 0342 9B1B     		subs	r3, r3, r6
 1920 0344 2B44     		add	r3, r3, r5
1356:Middlewares/Third_Party/LwIP/src/core/tcp_in.c ****       }
 1921              		.loc 1 1356 11 view .LVU582
 1922 0346 19B2     		sxth	r1, r3
 1923              	.LVL131:
1356:Middlewares/Third_Party/LwIP/src/core/tcp_in.c ****       }
 1924              		.loc 1 1356 11 view .LVU583
 1925 0348 EBE7     		b	.L116
 1926              	.LVL132:
 1927              	.L193:
 1928              	.LBB10:
1425:Middlewares/Third_Party/LwIP/src/core/tcp_in.c ****       u32_t off32 = pcb->rcv_nxt - seqno;
 1929              		.loc 1 1425 7 is_stmt 1 view .LVU584
1425:Middlewares/Third_Party/LwIP/src/core/tcp_in.c ****       u32_t off32 = pcb->rcv_nxt - seqno;
 1930              		.loc 1 1425 20 is_stmt 0 view .LVU585
 1931 034a 774B     		ldr	r3, .L224+4
 1932 034c 5D68     		ldr	r5, [r3, #4]
 1933              	.LVL133:
1426:Middlewares/Third_Party/LwIP/src/core/tcp_in.c ****       u16_t new_tot_len, off;
 1934              		.loc 1 1426 7 is_stmt 1 view .LVU586
1427:Middlewares/Third_Party/LwIP/src/core/tcp_in.c ****       LWIP_ASSERT("inseg.p != NULL", inseg.p);
 1935              		.loc 1 1427 7 view .LVU587
1428:Middlewares/Third_Party/LwIP/src/core/tcp_in.c ****       LWIP_ASSERT("insane offset!", (off32 < 0xffff));
 1936              		.loc 1 1428 7 view .LVU588
1428:Middlewares/Third_Party/LwIP/src/core/tcp_in.c ****       LWIP_ASSERT("insane offset!", (off32 < 0xffff));
 1937              		.loc 1 1428 7 view .LVU589
 1938 034e DDB1     		cbz	r5, .L201
ARM GAS  /tmp/ccYvHRO8.s 			page 81


 1939              	.L119:
1428:Middlewares/Third_Party/LwIP/src/core/tcp_in.c ****       LWIP_ASSERT("insane offset!", (off32 < 0xffff));
 1940              		.loc 1 1428 7 discriminator 3 view .LVU590
1428:Middlewares/Third_Party/LwIP/src/core/tcp_in.c ****       LWIP_ASSERT("insane offset!", (off32 < 0xffff));
 1941              		.loc 1 1428 7 discriminator 3 view .LVU591
1429:Middlewares/Third_Party/LwIP/src/core/tcp_in.c ****       off = (u16_t)off32;
 1942              		.loc 1 1429 7 discriminator 3 view .LVU592
1429:Middlewares/Third_Party/LwIP/src/core/tcp_in.c ****       off = (u16_t)off32;
 1943              		.loc 1 1429 7 discriminator 3 view .LVU593
 1944 0350 4FF6FE73 		movw	r3, #65534
 1945 0354 9E42     		cmp	r6, r3
 1946 0356 1FD8     		bhi	.L202
 1947              	.L120:
1429:Middlewares/Third_Party/LwIP/src/core/tcp_in.c ****       off = (u16_t)off32;
 1948              		.loc 1 1429 7 discriminator 3 view .LVU594
1429:Middlewares/Third_Party/LwIP/src/core/tcp_in.c ****       off = (u16_t)off32;
 1949              		.loc 1 1429 7 discriminator 3 view .LVU595
1430:Middlewares/Third_Party/LwIP/src/core/tcp_in.c ****       LWIP_ASSERT("pbuf too short!", (((s32_t)inseg.p->tot_len) >= off));
 1950              		.loc 1 1430 7 discriminator 3 view .LVU596
1430:Middlewares/Third_Party/LwIP/src/core/tcp_in.c ****       LWIP_ASSERT("pbuf too short!", (((s32_t)inseg.p->tot_len) >= off));
 1951              		.loc 1 1430 11 is_stmt 0 discriminator 3 view .LVU597
 1952 0358 B6B2     		uxth	r6, r6
 1953              	.LVL134:
1431:Middlewares/Third_Party/LwIP/src/core/tcp_in.c ****       inseg.len -= off;
 1954              		.loc 1 1431 7 is_stmt 1 discriminator 3 view .LVU598
1431:Middlewares/Third_Party/LwIP/src/core/tcp_in.c ****       inseg.len -= off;
 1955              		.loc 1 1431 7 discriminator 3 view .LVU599
 1956 035a 734B     		ldr	r3, .L224+4
 1957 035c 5B68     		ldr	r3, [r3, #4]
 1958 035e 1B89     		ldrh	r3, [r3, #8]
 1959 0360 B342     		cmp	r3, r6
 1960 0362 21D3     		bcc	.L203
 1961              	.L121:
1431:Middlewares/Third_Party/LwIP/src/core/tcp_in.c ****       inseg.len -= off;
 1962              		.loc 1 1431 7 discriminator 3 view .LVU600
1431:Middlewares/Third_Party/LwIP/src/core/tcp_in.c ****       inseg.len -= off;
 1963              		.loc 1 1431 7 discriminator 3 view .LVU601
1432:Middlewares/Third_Party/LwIP/src/core/tcp_in.c ****       new_tot_len = (u16_t)(inseg.p->tot_len - off);
 1964              		.loc 1 1432 7 discriminator 3 view .LVU602
1432:Middlewares/Third_Party/LwIP/src/core/tcp_in.c ****       new_tot_len = (u16_t)(inseg.p->tot_len - off);
 1965              		.loc 1 1432 17 is_stmt 0 discriminator 3 view .LVU603
 1966 0364 704B     		ldr	r3, .L224+4
 1967 0366 1A89     		ldrh	r2, [r3, #8]
 1968 0368 921B     		subs	r2, r2, r6
 1969 036a 1A81     		strh	r2, [r3, #8]	@ movhi
1433:Middlewares/Third_Party/LwIP/src/core/tcp_in.c ****       while (p->len < off) {
 1970              		.loc 1 1433 7 is_stmt 1 discriminator 3 view .LVU604
1433:Middlewares/Third_Party/LwIP/src/core/tcp_in.c ****       while (p->len < off) {
 1971              		.loc 1 1433 34 is_stmt 0 discriminator 3 view .LVU605
 1972 036c 5B68     		ldr	r3, [r3, #4]
1433:Middlewares/Third_Party/LwIP/src/core/tcp_in.c ****       while (p->len < off) {
 1973              		.loc 1 1433 36 discriminator 3 view .LVU606
 1974 036e 1A89     		ldrh	r2, [r3, #8]
1433:Middlewares/Third_Party/LwIP/src/core/tcp_in.c ****       while (p->len < off) {
 1975              		.loc 1 1433 19 discriminator 3 view .LVU607
 1976 0370 921B     		subs	r2, r2, r6
 1977 0372 92B2     		uxth	r2, r2
ARM GAS  /tmp/ccYvHRO8.s 			page 82


 1978              	.LVL135:
1434:Middlewares/Third_Party/LwIP/src/core/tcp_in.c ****         off -= p->len;
 1979              		.loc 1 1434 7 is_stmt 1 discriminator 3 view .LVU608
 1980              	.L122:
1434:Middlewares/Third_Party/LwIP/src/core/tcp_in.c ****         off -= p->len;
 1981              		.loc 1 1434 13 view .LVU609
1434:Middlewares/Third_Party/LwIP/src/core/tcp_in.c ****         off -= p->len;
 1982              		.loc 1 1434 15 is_stmt 0 view .LVU610
 1983 0374 6B89     		ldrh	r3, [r5, #10]
1434:Middlewares/Third_Party/LwIP/src/core/tcp_in.c ****         off -= p->len;
 1984              		.loc 1 1434 13 view .LVU611
 1985 0376 B342     		cmp	r3, r6
 1986 0378 1ED2     		bcs	.L204
1435:Middlewares/Third_Party/LwIP/src/core/tcp_in.c ****         /* all pbufs up to and including this one have len==0, so tot_len is equal */
 1987              		.loc 1 1435 9 is_stmt 1 view .LVU612
1435:Middlewares/Third_Party/LwIP/src/core/tcp_in.c ****         /* all pbufs up to and including this one have len==0, so tot_len is equal */
 1988              		.loc 1 1435 13 is_stmt 0 view .LVU613
 1989 037a F31A     		subs	r3, r6, r3
 1990 037c 9EB2     		uxth	r6, r3
 1991              	.LVL136:
1437:Middlewares/Third_Party/LwIP/src/core/tcp_in.c ****         p->len = 0;
 1992              		.loc 1 1437 9 is_stmt 1 view .LVU614
1437:Middlewares/Third_Party/LwIP/src/core/tcp_in.c ****         p->len = 0;
 1993              		.loc 1 1437 20 is_stmt 0 view .LVU615
 1994 037e 2A81     		strh	r2, [r5, #8]	@ movhi
1438:Middlewares/Third_Party/LwIP/src/core/tcp_in.c ****         p = p->next;
 1995              		.loc 1 1438 9 is_stmt 1 view .LVU616
1438:Middlewares/Third_Party/LwIP/src/core/tcp_in.c ****         p = p->next;
 1996              		.loc 1 1438 16 is_stmt 0 view .LVU617
 1997 0380 0023     		movs	r3, #0
 1998 0382 6B81     		strh	r3, [r5, #10]	@ movhi
1439:Middlewares/Third_Party/LwIP/src/core/tcp_in.c ****       }
 1999              		.loc 1 1439 9 is_stmt 1 view .LVU618
1439:Middlewares/Third_Party/LwIP/src/core/tcp_in.c ****       }
 2000              		.loc 1 1439 11 is_stmt 0 view .LVU619
 2001 0384 2D68     		ldr	r5, [r5]
 2002              	.LVL137:
1439:Middlewares/Third_Party/LwIP/src/core/tcp_in.c ****       }
 2003              		.loc 1 1439 11 view .LVU620
 2004 0386 F5E7     		b	.L122
 2005              	.LVL138:
 2006              	.L201:
1428:Middlewares/Third_Party/LwIP/src/core/tcp_in.c ****       LWIP_ASSERT("insane offset!", (off32 < 0xffff));
 2007              		.loc 1 1428 7 is_stmt 1 discriminator 1 view .LVU621
1428:Middlewares/Third_Party/LwIP/src/core/tcp_in.c ****       LWIP_ASSERT("insane offset!", (off32 < 0xffff));
 2008              		.loc 1 1428 7 discriminator 1 view .LVU622
 2009 0388 684B     		ldr	r3, .L224+8
 2010 038a 40F29452 		movw	r2, #1428
 2011 038e 6849     		ldr	r1, .L224+12
 2012 0390 6848     		ldr	r0, .L224+16
 2013 0392 FFF7FEFF 		bl	printf
 2014              	.LVL139:
 2015 0396 DBE7     		b	.L119
 2016              	.L202:
1429:Middlewares/Third_Party/LwIP/src/core/tcp_in.c ****       off = (u16_t)off32;
 2017              		.loc 1 1429 7 discriminator 1 view .LVU623
1429:Middlewares/Third_Party/LwIP/src/core/tcp_in.c ****       off = (u16_t)off32;
ARM GAS  /tmp/ccYvHRO8.s 			page 83


 2018              		.loc 1 1429 7 discriminator 1 view .LVU624
 2019 0398 644B     		ldr	r3, .L224+8
 2020 039a 40F29552 		movw	r2, #1429
 2021 039e 6649     		ldr	r1, .L224+20
 2022 03a0 6448     		ldr	r0, .L224+16
 2023 03a2 FFF7FEFF 		bl	printf
 2024              	.LVL140:
 2025 03a6 D7E7     		b	.L120
 2026              	.LVL141:
 2027              	.L203:
1431:Middlewares/Third_Party/LwIP/src/core/tcp_in.c ****       inseg.len -= off;
 2028              		.loc 1 1431 7 discriminator 1 view .LVU625
1431:Middlewares/Third_Party/LwIP/src/core/tcp_in.c ****       inseg.len -= off;
 2029              		.loc 1 1431 7 discriminator 1 view .LVU626
 2030 03a8 604B     		ldr	r3, .L224+8
 2031 03aa 40F29752 		movw	r2, #1431
 2032 03ae 6349     		ldr	r1, .L224+24
 2033 03b0 6048     		ldr	r0, .L224+16
 2034 03b2 FFF7FEFF 		bl	printf
 2035              	.LVL142:
 2036 03b6 D5E7     		b	.L121
 2037              	.LVL143:
 2038              	.L204:
1442:Middlewares/Third_Party/LwIP/src/core/tcp_in.c ****       inseg.tcphdr->seqno = seqno = pcb->rcv_nxt;
 2039              		.loc 1 1442 7 view .LVU627
 2040 03b8 3146     		mov	r1, r6
 2041 03ba 2846     		mov	r0, r5
 2042 03bc FFF7FEFF 		bl	pbuf_remove_header
 2043              	.LVL144:
1443:Middlewares/Third_Party/LwIP/src/core/tcp_in.c ****     } else {
 2044              		.loc 1 1443 7 view .LVU628
1443:Middlewares/Third_Party/LwIP/src/core/tcp_in.c ****     } else {
 2045              		.loc 1 1443 40 is_stmt 0 view .LVU629
 2046 03c0 636A     		ldr	r3, [r4, #36]
1443:Middlewares/Third_Party/LwIP/src/core/tcp_in.c ****     } else {
 2047              		.loc 1 1443 35 view .LVU630
 2048 03c2 5F4A     		ldr	r2, .L224+28
 2049 03c4 1360     		str	r3, [r2]
1443:Middlewares/Third_Party/LwIP/src/core/tcp_in.c ****     } else {
 2050              		.loc 1 1443 12 view .LVU631
 2051 03c6 584A     		ldr	r2, .L224+4
 2052 03c8 D268     		ldr	r2, [r2, #12]
1443:Middlewares/Third_Party/LwIP/src/core/tcp_in.c ****     } else {
 2053              		.loc 1 1443 27 view .LVU632
 2054 03ca 5360     		str	r3, [r2, #4]	@ unaligned
 2055              	.LBE10:
1404:Middlewares/Third_Party/LwIP/src/core/tcp_in.c ****       /* Trimming the first edge is done by pushing the payload
 2056              		.loc 1 1404 71 view .LVU633
 2057 03cc 7AE6     		b	.L124
 2058              	.LVL145:
 2059              	.L194:
1449:Middlewares/Third_Party/LwIP/src/core/tcp_in.c ****         tcp_ack_now(pcb);
 2060              		.loc 1 1449 89 is_stmt 1 view .LVU634
1450:Middlewares/Third_Party/LwIP/src/core/tcp_in.c ****       }
 2061              		.loc 1 1450 9 view .LVU635
1450:Middlewares/Third_Party/LwIP/src/core/tcp_in.c ****       }
 2062              		.loc 1 1450 9 view .LVU636
ARM GAS  /tmp/ccYvHRO8.s 			page 84


 2063 03ce 638B     		ldrh	r3, [r4, #26]
 2064 03d0 43F00203 		orr	r3, r3, #2
 2065 03d4 6383     		strh	r3, [r4, #26]	@ movhi
 2066 03d6 75E6     		b	.L124
 2067              	.L195:
1459:Middlewares/Third_Party/LwIP/src/core/tcp_in.c ****         /* The incoming segment is the next in sequence. We check if
 2068              		.loc 1 1459 7 view .LVU637
1459:Middlewares/Third_Party/LwIP/src/core/tcp_in.c ****         /* The incoming segment is the next in sequence. We check if
 2069              		.loc 1 1459 10 is_stmt 0 view .LVU638
 2070 03d8 8B42     		cmp	r3, r1
 2071 03da 05D0     		beq	.L205
1649:Middlewares/Third_Party/LwIP/src/core/tcp_in.c ****           pcb->ooseq = tcp_seg_copy(&inseg);
 2072              		.loc 1 1649 9 is_stmt 1 view .LVU639
1649:Middlewares/Third_Party/LwIP/src/core/tcp_in.c ****           pcb->ooseq = tcp_seg_copy(&inseg);
 2073              		.loc 1 1649 16 is_stmt 0 view .LVU640
 2074 03dc 656F     		ldr	r5, [r4, #116]
1649:Middlewares/Third_Party/LwIP/src/core/tcp_in.c ****           pcb->ooseq = tcp_seg_copy(&inseg);
 2075              		.loc 1 1649 12 view .LVU641
 2076 03de 002D     		cmp	r5, #0
 2077 03e0 00F0AC81 		beq	.L206
 2078              	.LBB11:
1676:Middlewares/Third_Party/LwIP/src/core/tcp_in.c ****           for (next = pcb->ooseq; next != NULL; next = next->next) {
 2079              		.loc 1 1676 34 view .LVU642
 2080 03e4 0026     		movs	r6, #0
 2081 03e6 CEE1     		b	.L160
 2082              	.L205:
1676:Middlewares/Third_Party/LwIP/src/core/tcp_in.c ****           for (next = pcb->ooseq; next != NULL; next = next->next) {
 2083              		.loc 1 1676 34 view .LVU643
 2084              	.LBE11:
1463:Middlewares/Third_Party/LwIP/src/core/tcp_in.c **** 
 2085              		.loc 1 1463 9 is_stmt 1 view .LVU644
1463:Middlewares/Third_Party/LwIP/src/core/tcp_in.c **** 
 2086              		.loc 1 1463 18 is_stmt 0 view .LVU645
 2087 03e8 4F4B     		ldr	r3, .L224+4
 2088 03ea 1D89     		ldrh	r5, [r3, #8]
 2089 03ec DB68     		ldr	r3, [r3, #12]
 2090 03ee 9889     		ldrh	r0, [r3, #12]	@ unaligned
 2091 03f0 FFF7FEFF 		bl	lwip_htons
 2092              	.LVL146:
 2093 03f4 10F0030F 		tst	r0, #3
 2094 03f8 14D0     		beq	.L174
 2095 03fa 0123     		movs	r3, #1
 2096              	.L127:
1463:Middlewares/Third_Party/LwIP/src/core/tcp_in.c **** 
 2097              		.loc 1 1463 18 discriminator 4 view .LVU646
 2098 03fc 2B44     		add	r3, r3, r5
 2099 03fe 9BB2     		uxth	r3, r3
1463:Middlewares/Third_Party/LwIP/src/core/tcp_in.c **** 
 2100              		.loc 1 1463 16 discriminator 4 view .LVU647
 2101 0400 504A     		ldr	r2, .L224+32
 2102 0402 1380     		strh	r3, [r2]	@ movhi
1465:Middlewares/Third_Party/LwIP/src/core/tcp_in.c ****           LWIP_DEBUGF(TCP_INPUT_DEBUG,
 2103              		.loc 1 1465 9 is_stmt 1 discriminator 4 view .LVU648
1465:Middlewares/Third_Party/LwIP/src/core/tcp_in.c ****           LWIP_DEBUGF(TCP_INPUT_DEBUG,
 2104              		.loc 1 1465 25 is_stmt 0 discriminator 4 view .LVU649
 2105 0404 228D     		ldrh	r2, [r4, #40]
1465:Middlewares/Third_Party/LwIP/src/core/tcp_in.c ****           LWIP_DEBUGF(TCP_INPUT_DEBUG,
ARM GAS  /tmp/ccYvHRO8.s 			page 85


 2106              		.loc 1 1465 12 discriminator 4 view .LVU650
 2107 0406 9342     		cmp	r3, r2
 2108 0408 0ED8     		bhi	.L207
 2109              	.L128:
1483:Middlewares/Third_Party/LwIP/src/core/tcp_in.c ****                       (seqno + tcplen) == (pcb->rcv_nxt + pcb->rcv_wnd));
 2110              		.loc 1 1483 11 is_stmt 1 discriminator 3 view .LVU651
1483:Middlewares/Third_Party/LwIP/src/core/tcp_in.c ****                       (seqno + tcplen) == (pcb->rcv_nxt + pcb->rcv_wnd));
 2111              		.loc 1 1483 11 discriminator 3 view .LVU652
1490:Middlewares/Third_Party/LwIP/src/core/tcp_in.c ****           if (TCPH_FLAGS(inseg.tcphdr) & TCP_FIN) {
 2112              		.loc 1 1490 9 discriminator 3 view .LVU653
1490:Middlewares/Third_Party/LwIP/src/core/tcp_in.c ****           if (TCPH_FLAGS(inseg.tcphdr) & TCP_FIN) {
 2113              		.loc 1 1490 16 is_stmt 0 discriminator 3 view .LVU654
 2114 040a 636F     		ldr	r3, [r4, #116]
1490:Middlewares/Third_Party/LwIP/src/core/tcp_in.c ****           if (TCPH_FLAGS(inseg.tcphdr) & TCP_FIN) {
 2115              		.loc 1 1490 12 discriminator 3 view .LVU655
 2116 040c 002B     		cmp	r3, #0
 2117 040e 5ED0     		beq	.L132
1491:Middlewares/Third_Party/LwIP/src/core/tcp_in.c ****             LWIP_DEBUGF(TCP_INPUT_DEBUG,
 2118              		.loc 1 1491 11 is_stmt 1 view .LVU656
1491:Middlewares/Third_Party/LwIP/src/core/tcp_in.c ****             LWIP_DEBUGF(TCP_INPUT_DEBUG,
 2119              		.loc 1 1491 15 is_stmt 0 view .LVU657
 2120 0410 454B     		ldr	r3, .L224+4
 2121 0412 DB68     		ldr	r3, [r3, #12]
 2122 0414 9889     		ldrh	r0, [r3, #12]	@ unaligned
 2123 0416 FFF7FEFF 		bl	lwip_htons
 2124              	.LVL147:
1491:Middlewares/Third_Party/LwIP/src/core/tcp_in.c ****             LWIP_DEBUGF(TCP_INPUT_DEBUG,
 2125              		.loc 1 1491 14 view .LVU658
 2126 041a 10F0010F 		tst	r0, #1
 2127 041e 53D1     		bne	.L133
 2128              	.LBB16:
1503:Middlewares/Third_Party/LwIP/src/core/tcp_in.c ****             /* Remove all segments on ooseq that are covered by inseg already.
 2129              		.loc 1 1503 13 is_stmt 1 view .LVU659
1503:Middlewares/Third_Party/LwIP/src/core/tcp_in.c ****             /* Remove all segments on ooseq that are covered by inseg already.
 2130              		.loc 1 1503 29 is_stmt 0 view .LVU660
 2131 0420 656F     		ldr	r5, [r4, #116]
 2132              	.LVL148:
1506:Middlewares/Third_Party/LwIP/src/core/tcp_in.c ****                    TCP_SEQ_GEQ(seqno + tcplen,
 2133              		.loc 1 1506 13 is_stmt 1 view .LVU661
1506:Middlewares/Third_Party/LwIP/src/core/tcp_in.c ****                    TCP_SEQ_GEQ(seqno + tcplen,
 2134              		.loc 1 1506 19 is_stmt 0 view .LVU662
 2135 0422 A0E0     		b	.L136
 2136              	.LVL149:
 2137              	.L174:
1506:Middlewares/Third_Party/LwIP/src/core/tcp_in.c ****                    TCP_SEQ_GEQ(seqno + tcplen,
 2138              		.loc 1 1506 19 view .LVU663
 2139              	.LBE16:
1463:Middlewares/Third_Party/LwIP/src/core/tcp_in.c **** 
 2140              		.loc 1 1463 18 view .LVU664
 2141 0424 0023     		movs	r3, #0
 2142 0426 E9E7     		b	.L127
 2143              	.L207:
1469:Middlewares/Third_Party/LwIP/src/core/tcp_in.c ****           if (TCPH_FLAGS(inseg.tcphdr) & TCP_FIN) {
 2144              		.loc 1 1469 68 is_stmt 1 view .LVU665
1470:Middlewares/Third_Party/LwIP/src/core/tcp_in.c ****             /* Must remove the FIN from the header as we're trimming
 2145              		.loc 1 1470 11 view .LVU666
1470:Middlewares/Third_Party/LwIP/src/core/tcp_in.c ****             /* Must remove the FIN from the header as we're trimming
ARM GAS  /tmp/ccYvHRO8.s 			page 86


 2146              		.loc 1 1470 15 is_stmt 0 view .LVU667
 2147 0428 3F4B     		ldr	r3, .L224+4
 2148 042a DB68     		ldr	r3, [r3, #12]
 2149 042c 9889     		ldrh	r0, [r3, #12]	@ unaligned
 2150 042e FFF7FEFF 		bl	lwip_htons
 2151              	.LVL150:
1470:Middlewares/Third_Party/LwIP/src/core/tcp_in.c ****             /* Must remove the FIN from the header as we're trimming
 2152              		.loc 1 1470 14 view .LVU668
 2153 0432 10F0010F 		tst	r0, #1
 2154 0436 2FD1     		bne	.L208
 2155              	.L129:
1476:Middlewares/Third_Party/LwIP/src/core/tcp_in.c ****           inseg.len = (u16_t)pcb->rcv_wnd;
 2156              		.loc 1 1476 39 is_stmt 1 view .LVU669
1477:Middlewares/Third_Party/LwIP/src/core/tcp_in.c ****           if (TCPH_FLAGS(inseg.tcphdr) & TCP_SYN) {
 2157              		.loc 1 1477 11 view .LVU670
1477:Middlewares/Third_Party/LwIP/src/core/tcp_in.c ****           if (TCPH_FLAGS(inseg.tcphdr) & TCP_SYN) {
 2158              		.loc 1 1477 33 is_stmt 0 view .LVU671
 2159 0438 228D     		ldrh	r2, [r4, #40]
1477:Middlewares/Third_Party/LwIP/src/core/tcp_in.c ****           if (TCPH_FLAGS(inseg.tcphdr) & TCP_SYN) {
 2160              		.loc 1 1477 21 view .LVU672
 2161 043a 3B4B     		ldr	r3, .L224+4
 2162 043c 1A81     		strh	r2, [r3, #8]	@ movhi
1478:Middlewares/Third_Party/LwIP/src/core/tcp_in.c ****             inseg.len -= 1;
 2163              		.loc 1 1478 11 is_stmt 1 view .LVU673
1478:Middlewares/Third_Party/LwIP/src/core/tcp_in.c ****             inseg.len -= 1;
 2164              		.loc 1 1478 15 is_stmt 0 view .LVU674
 2165 043e DB68     		ldr	r3, [r3, #12]
 2166 0440 9889     		ldrh	r0, [r3, #12]	@ unaligned
 2167 0442 FFF7FEFF 		bl	lwip_htons
 2168              	.LVL151:
1478:Middlewares/Third_Party/LwIP/src/core/tcp_in.c ****             inseg.len -= 1;
 2169              		.loc 1 1478 14 view .LVU675
 2170 0446 10F0020F 		tst	r0, #2
 2171 044a 03D0     		beq	.L130
1479:Middlewares/Third_Party/LwIP/src/core/tcp_in.c ****           }
 2172              		.loc 1 1479 13 is_stmt 1 view .LVU676
1479:Middlewares/Third_Party/LwIP/src/core/tcp_in.c ****           }
 2173              		.loc 1 1479 23 is_stmt 0 view .LVU677
 2174 044c 364A     		ldr	r2, .L224+4
 2175 044e 1389     		ldrh	r3, [r2, #8]
 2176 0450 013B     		subs	r3, r3, #1
 2177 0452 1381     		strh	r3, [r2, #8]	@ movhi
 2178              	.L130:
1481:Middlewares/Third_Party/LwIP/src/core/tcp_in.c ****           tcplen = TCP_TCPLEN(&inseg);
 2179              		.loc 1 1481 11 is_stmt 1 view .LVU678
 2180 0454 344E     		ldr	r6, .L224+4
 2181 0456 3189     		ldrh	r1, [r6, #8]
 2182 0458 7068     		ldr	r0, [r6, #4]
 2183 045a FFF7FEFF 		bl	pbuf_realloc
 2184              	.LVL152:
1482:Middlewares/Third_Party/LwIP/src/core/tcp_in.c ****           LWIP_ASSERT("tcp_receive: segment not trimmed correctly to rcv_wnd\n",
 2185              		.loc 1 1482 11 view .LVU679
1482:Middlewares/Third_Party/LwIP/src/core/tcp_in.c ****           LWIP_ASSERT("tcp_receive: segment not trimmed correctly to rcv_wnd\n",
 2186              		.loc 1 1482 20 is_stmt 0 view .LVU680
 2187 045e 3589     		ldrh	r5, [r6, #8]
 2188 0460 F368     		ldr	r3, [r6, #12]
 2189 0462 9889     		ldrh	r0, [r3, #12]	@ unaligned
ARM GAS  /tmp/ccYvHRO8.s 			page 87


 2190 0464 FFF7FEFF 		bl	lwip_htons
 2191              	.LVL153:
 2192 0468 10F0030F 		tst	r0, #3
 2193 046c 26D0     		beq	.L175
 2194 046e 0123     		movs	r3, #1
 2195              	.L131:
1482:Middlewares/Third_Party/LwIP/src/core/tcp_in.c ****           LWIP_ASSERT("tcp_receive: segment not trimmed correctly to rcv_wnd\n",
 2196              		.loc 1 1482 20 discriminator 4 view .LVU681
 2197 0470 2B44     		add	r3, r3, r5
 2198 0472 9BB2     		uxth	r3, r3
1482:Middlewares/Third_Party/LwIP/src/core/tcp_in.c ****           LWIP_ASSERT("tcp_receive: segment not trimmed correctly to rcv_wnd\n",
 2199              		.loc 1 1482 18 discriminator 4 view .LVU682
 2200 0474 334A     		ldr	r2, .L224+32
 2201 0476 1380     		strh	r3, [r2]	@ movhi
1483:Middlewares/Third_Party/LwIP/src/core/tcp_in.c ****                       (seqno + tcplen) == (pcb->rcv_nxt + pcb->rcv_wnd));
 2202              		.loc 1 1483 11 is_stmt 1 discriminator 4 view .LVU683
1483:Middlewares/Third_Party/LwIP/src/core/tcp_in.c ****                       (seqno + tcplen) == (pcb->rcv_nxt + pcb->rcv_wnd));
 2203              		.loc 1 1483 11 discriminator 4 view .LVU684
 2204 0478 314A     		ldr	r2, .L224+28
 2205 047a 1268     		ldr	r2, [r2]
 2206 047c 1344     		add	r3, r3, r2
 2207 047e 626A     		ldr	r2, [r4, #36]
 2208 0480 218D     		ldrh	r1, [r4, #40]
 2209 0482 0A44     		add	r2, r2, r1
 2210 0484 9342     		cmp	r3, r2
 2211 0486 C0D0     		beq	.L128
1483:Middlewares/Third_Party/LwIP/src/core/tcp_in.c ****                       (seqno + tcplen) == (pcb->rcv_nxt + pcb->rcv_wnd));
 2212              		.loc 1 1483 11 discriminator 1 view .LVU685
1483:Middlewares/Third_Party/LwIP/src/core/tcp_in.c ****                       (seqno + tcplen) == (pcb->rcv_nxt + pcb->rcv_wnd));
 2213              		.loc 1 1483 11 discriminator 1 view .LVU686
 2214 0488 284B     		ldr	r3, .L224+8
 2215 048a 40F2CB52 		movw	r2, #1483
 2216 048e 2E49     		ldr	r1, .L224+36
 2217 0490 2848     		ldr	r0, .L224+16
 2218 0492 FFF7FEFF 		bl	printf
 2219              	.LVL154:
 2220 0496 B8E7     		b	.L128
 2221              	.L208:
1473:Middlewares/Third_Party/LwIP/src/core/tcp_in.c ****           }
 2222              		.loc 1 1473 13 view .LVU687
 2223 0498 234E     		ldr	r6, .L224+4
 2224 049a F368     		ldr	r3, [r6, #12]
 2225 049c 9889     		ldrh	r0, [r3, #12]	@ unaligned
 2226 049e 05B2     		sxth	r5, r0
 2227 04a0 25F47C55 		bic	r5, r5, #16128
 2228 04a4 80B2     		uxth	r0, r0
 2229 04a6 FFF7FEFF 		bl	lwip_htons
 2230              	.LVL155:
 2231 04aa 00F03E00 		and	r0, r0, #62
 2232 04ae FFF7FEFF 		bl	lwip_htons
 2233              	.LVL156:
 2234 04b2 03B2     		sxth	r3, r0
 2235 04b4 F268     		ldr	r2, [r6, #12]
 2236 04b6 1D43     		orrs	r5, r5, r3
 2237 04b8 9581     		strh	r5, [r2, #12]	@ unaligned
 2238 04ba BDE7     		b	.L129
 2239              	.L175:
ARM GAS  /tmp/ccYvHRO8.s 			page 88


1482:Middlewares/Third_Party/LwIP/src/core/tcp_in.c ****           LWIP_ASSERT("tcp_receive: segment not trimmed correctly to rcv_wnd\n",
 2240              		.loc 1 1482 20 is_stmt 0 view .LVU688
 2241 04bc 0023     		movs	r3, #0
 2242 04be D7E7     		b	.L131
 2243              	.L135:
 2244              	.LBB19:
1498:Middlewares/Third_Party/LwIP/src/core/tcp_in.c ****               pcb->ooseq = pcb->ooseq->next;
 2245              		.loc 1 1498 15 is_stmt 1 view .LVU689
 2246              	.LVL157:
1499:Middlewares/Third_Party/LwIP/src/core/tcp_in.c ****               tcp_seg_free(old_ooseq);
 2247              		.loc 1 1499 15 view .LVU690
1499:Middlewares/Third_Party/LwIP/src/core/tcp_in.c ****               tcp_seg_free(old_ooseq);
 2248              		.loc 1 1499 38 is_stmt 0 view .LVU691
 2249 04c0 0368     		ldr	r3, [r0]
1499:Middlewares/Third_Party/LwIP/src/core/tcp_in.c ****               tcp_seg_free(old_ooseq);
 2250              		.loc 1 1499 26 view .LVU692
 2251 04c2 6367     		str	r3, [r4, #116]
1500:Middlewares/Third_Party/LwIP/src/core/tcp_in.c ****             }
 2252              		.loc 1 1500 15 is_stmt 1 view .LVU693
 2253 04c4 FFF7FEFF 		bl	tcp_seg_free
 2254              	.LVL158:
 2255              	.L133:
1500:Middlewares/Third_Party/LwIP/src/core/tcp_in.c ****             }
 2256              		.loc 1 1500 15 is_stmt 0 view .LVU694
 2257              	.LBE19:
1497:Middlewares/Third_Party/LwIP/src/core/tcp_in.c ****               struct tcp_seg *old_ooseq = pcb->ooseq;
 2258              		.loc 1 1497 19 is_stmt 1 view .LVU695
1497:Middlewares/Third_Party/LwIP/src/core/tcp_in.c ****               struct tcp_seg *old_ooseq = pcb->ooseq;
 2259              		.loc 1 1497 23 is_stmt 0 view .LVU696
 2260 04c8 606F     		ldr	r0, [r4, #116]
1497:Middlewares/Third_Party/LwIP/src/core/tcp_in.c ****               struct tcp_seg *old_ooseq = pcb->ooseq;
 2261              		.loc 1 1497 19 view .LVU697
 2262 04ca 0028     		cmp	r0, #0
 2263 04cc F8D1     		bne	.L135
 2264              	.L132:
1540:Middlewares/Third_Party/LwIP/src/core/tcp_in.c **** 
 2265              		.loc 1 1540 9 is_stmt 1 view .LVU698
1540:Middlewares/Third_Party/LwIP/src/core/tcp_in.c **** 
 2266              		.loc 1 1540 30 is_stmt 0 view .LVU699
 2267 04ce 1D4B     		ldr	r3, .L224+32
 2268 04d0 1A88     		ldrh	r2, [r3]
 2269 04d2 1B4B     		ldr	r3, .L224+28
 2270 04d4 1B68     		ldr	r3, [r3]
 2271 04d6 1344     		add	r3, r3, r2
1540:Middlewares/Third_Party/LwIP/src/core/tcp_in.c **** 
 2272              		.loc 1 1540 22 view .LVU700
 2273 04d8 6362     		str	r3, [r4, #36]
1543:Middlewares/Third_Party/LwIP/src/core/tcp_in.c ****         pcb->rcv_wnd -= tcplen;
 2274              		.loc 1 1543 9 is_stmt 1 view .LVU701
1543:Middlewares/Third_Party/LwIP/src/core/tcp_in.c ****         pcb->rcv_wnd -= tcplen;
 2275              		.loc 1 1543 9 view .LVU702
 2276 04da 238D     		ldrh	r3, [r4, #40]
 2277 04dc 9A42     		cmp	r2, r3
 2278 04de 00F2AE80 		bhi	.L209
 2279              	.L144:
1543:Middlewares/Third_Party/LwIP/src/core/tcp_in.c ****         pcb->rcv_wnd -= tcplen;
 2280              		.loc 1 1543 9 discriminator 3 view .LVU703
ARM GAS  /tmp/ccYvHRO8.s 			page 89


1543:Middlewares/Third_Party/LwIP/src/core/tcp_in.c ****         pcb->rcv_wnd -= tcplen;
 2281              		.loc 1 1543 9 discriminator 3 view .LVU704
1544:Middlewares/Third_Party/LwIP/src/core/tcp_in.c **** 
 2282              		.loc 1 1544 9 discriminator 3 view .LVU705
1544:Middlewares/Third_Party/LwIP/src/core/tcp_in.c **** 
 2283              		.loc 1 1544 22 is_stmt 0 discriminator 3 view .LVU706
 2284 04e2 238D     		ldrh	r3, [r4, #40]
 2285 04e4 174A     		ldr	r2, .L224+32
 2286 04e6 1288     		ldrh	r2, [r2]
 2287 04e8 9B1A     		subs	r3, r3, r2
 2288 04ea 2385     		strh	r3, [r4, #40]	@ movhi
1546:Middlewares/Third_Party/LwIP/src/core/tcp_in.c **** 
 2289              		.loc 1 1546 9 is_stmt 1 discriminator 3 view .LVU707
 2290 04ec 2046     		mov	r0, r4
 2291 04ee FFF7FEFF 		bl	tcp_update_rcv_ann_wnd
 2292              	.LVL159:
1557:Middlewares/Third_Party/LwIP/src/core/tcp_in.c ****           recv_data = inseg.p;
 2293              		.loc 1 1557 9 discriminator 3 view .LVU708
1557:Middlewares/Third_Party/LwIP/src/core/tcp_in.c ****           recv_data = inseg.p;
 2294              		.loc 1 1557 18 is_stmt 0 discriminator 3 view .LVU709
 2295 04f2 0D4B     		ldr	r3, .L224+4
 2296 04f4 5B68     		ldr	r3, [r3, #4]
1557:Middlewares/Third_Party/LwIP/src/core/tcp_in.c ****           recv_data = inseg.p;
 2297              		.loc 1 1557 20 discriminator 3 view .LVU710
 2298 04f6 1A89     		ldrh	r2, [r3, #8]
1557:Middlewares/Third_Party/LwIP/src/core/tcp_in.c ****           recv_data = inseg.p;
 2299              		.loc 1 1557 12 discriminator 3 view .LVU711
 2300 04f8 22B1     		cbz	r2, .L145
1558:Middlewares/Third_Party/LwIP/src/core/tcp_in.c ****           /* Since this pbuf now is the responsibility of the
 2301              		.loc 1 1558 11 is_stmt 1 view .LVU712
1558:Middlewares/Third_Party/LwIP/src/core/tcp_in.c ****           /* Since this pbuf now is the responsibility of the
 2302              		.loc 1 1558 21 is_stmt 0 view .LVU713
 2303 04fa 144A     		ldr	r2, .L224+40
 2304 04fc 1360     		str	r3, [r2]
1562:Middlewares/Third_Party/LwIP/src/core/tcp_in.c ****         }
 2305              		.loc 1 1562 11 is_stmt 1 view .LVU714
1562:Middlewares/Third_Party/LwIP/src/core/tcp_in.c ****         }
 2306              		.loc 1 1562 19 is_stmt 0 view .LVU715
 2307 04fe 0A4B     		ldr	r3, .L224+4
 2308 0500 0022     		movs	r2, #0
 2309 0502 5A60     		str	r2, [r3, #4]
 2310              	.L145:
1564:Middlewares/Third_Party/LwIP/src/core/tcp_in.c ****           LWIP_DEBUGF(TCP_INPUT_DEBUG, ("tcp_receive: received FIN.\n"));
 2311              		.loc 1 1564 9 is_stmt 1 view .LVU716
1564:Middlewares/Third_Party/LwIP/src/core/tcp_in.c ****           LWIP_DEBUGF(TCP_INPUT_DEBUG, ("tcp_receive: received FIN.\n"));
 2312              		.loc 1 1564 13 is_stmt 0 view .LVU717
 2313 0504 084B     		ldr	r3, .L224+4
 2314 0506 DB68     		ldr	r3, [r3, #12]
 2315 0508 9889     		ldrh	r0, [r3, #12]	@ unaligned
 2316 050a FFF7FEFF 		bl	lwip_htons
 2317              	.LVL160:
1564:Middlewares/Third_Party/LwIP/src/core/tcp_in.c ****           LWIP_DEBUGF(TCP_INPUT_DEBUG, ("tcp_receive: received FIN.\n"));
 2318              		.loc 1 1564 12 view .LVU718
 2319 050e 10F0010F 		tst	r0, #1
 2320 0512 00F0C280 		beq	.L155
1565:Middlewares/Third_Party/LwIP/src/core/tcp_in.c ****           recv_flags |= TF_GOT_FIN;
 2321              		.loc 1 1565 73 is_stmt 1 view .LVU719
ARM GAS  /tmp/ccYvHRO8.s 			page 90


1566:Middlewares/Third_Party/LwIP/src/core/tcp_in.c ****         }
 2322              		.loc 1 1566 11 view .LVU720
1566:Middlewares/Third_Party/LwIP/src/core/tcp_in.c ****         }
 2323              		.loc 1 1566 22 is_stmt 0 view .LVU721
 2324 0516 0E4A     		ldr	r2, .L224+44
 2325 0518 1378     		ldrb	r3, [r2]	@ zero_extendqisi2
 2326 051a 43F02003 		orr	r3, r3, #32
 2327 051e 1370     		strb	r3, [r2]
 2328 0520 BBE0     		b	.L155
 2329              	.L225:
 2330 0522 00BF     		.align	2
 2331              	.L224:
 2332 0524 00000000 		.word	tcp_ticks
 2333 0528 00000000 		.word	.LANCHOR11
 2334 052c 00000000 		.word	.LC0
 2335 0530 48000000 		.word	.LC13
 2336 0534 4C000000 		.word	.LC2
 2337 0538 58000000 		.word	.LC14
 2338 053c 68000000 		.word	.LC15
 2339 0540 00000000 		.word	.LANCHOR7
 2340 0544 00000000 		.word	.LANCHOR8
 2341 0548 78000000 		.word	.LC16
 2342 054c 00000000 		.word	.LANCHOR12
 2343 0550 00000000 		.word	.LANCHOR5
 2344              	.LVL161:
 2345              	.L176:
 2346              	.LBB20:
 2347              	.LBB17:
1514:Middlewares/Third_Party/LwIP/src/core/tcp_in.c ****               }
 2348              		.loc 1 1514 26 view .LVU722
 2349 0554 0023     		movs	r3, #0
 2350              	.L138:
1514:Middlewares/Third_Party/LwIP/src/core/tcp_in.c ****               }
 2351              		.loc 1 1514 26 discriminator 4 view .LVU723
 2352 0556 1F44     		add	r7, r7, r3
1514:Middlewares/Third_Party/LwIP/src/core/tcp_in.c ****               }
 2353              		.loc 1 1514 24 discriminator 4 view .LVU724
 2354 0558 9E4B     		ldr	r3, .L226
 2355 055a 1F80     		strh	r7, [r3]	@ movhi
 2356              	.L137:
1516:Middlewares/Third_Party/LwIP/src/core/tcp_in.c ****               next = next->next;
 2357              		.loc 1 1516 15 is_stmt 1 view .LVU725
 2358              	.LVL162:
1517:Middlewares/Third_Party/LwIP/src/core/tcp_in.c ****               tcp_seg_free(tmp);
 2359              		.loc 1 1517 15 view .LVU726
1517:Middlewares/Third_Party/LwIP/src/core/tcp_in.c ****               tcp_seg_free(tmp);
 2360              		.loc 1 1517 20 is_stmt 0 view .LVU727
 2361 055c 2E68     		ldr	r6, [r5]
 2362              	.LVL163:
1518:Middlewares/Third_Party/LwIP/src/core/tcp_in.c ****             }
 2363              		.loc 1 1518 15 is_stmt 1 view .LVU728
 2364 055e 2846     		mov	r0, r5
 2365 0560 FFF7FEFF 		bl	tcp_seg_free
 2366              	.LVL164:
1517:Middlewares/Third_Party/LwIP/src/core/tcp_in.c ****               tcp_seg_free(tmp);
 2367              		.loc 1 1517 20 is_stmt 0 view .LVU729
 2368 0564 3546     		mov	r5, r6
ARM GAS  /tmp/ccYvHRO8.s 			page 91


 2369              	.LVL165:
 2370              	.L136:
1517:Middlewares/Third_Party/LwIP/src/core/tcp_in.c ****               tcp_seg_free(tmp);
 2371              		.loc 1 1517 20 view .LVU730
 2372              	.LBE17:
1506:Middlewares/Third_Party/LwIP/src/core/tcp_in.c ****                    TCP_SEQ_GEQ(seqno + tcplen,
 2373              		.loc 1 1506 19 is_stmt 1 view .LVU731
 2374 0566 65B3     		cbz	r5, .L139
1507:Middlewares/Third_Party/LwIP/src/core/tcp_in.c ****                                next->tcphdr->seqno + next->len)) {
 2375              		.loc 1 1507 20 is_stmt 0 discriminator 1 view .LVU732
 2376 0568 9A4B     		ldr	r3, .L226
 2377 056a 1B88     		ldrh	r3, [r3]
 2378 056c 9A4A     		ldr	r2, .L226+4
 2379 056e 1268     		ldr	r2, [r2]
 2380 0570 1344     		add	r3, r3, r2
 2381 0572 E968     		ldr	r1, [r5, #12]
 2382 0574 4A68     		ldr	r2, [r1, #4]	@ unaligned
 2383 0576 2889     		ldrh	r0, [r5, #8]
 2384 0578 0244     		add	r2, r2, r0
 2385 057a 9B1A     		subs	r3, r3, r2
1506:Middlewares/Third_Party/LwIP/src/core/tcp_in.c ****                    TCP_SEQ_GEQ(seqno + tcplen,
 2386              		.loc 1 1506 25 discriminator 1 view .LVU733
 2387 057c 002B     		cmp	r3, #0
 2388 057e 20DB     		blt	.L139
 2389              	.LBB18:
1509:Middlewares/Third_Party/LwIP/src/core/tcp_in.c ****               /* inseg cannot have FIN here (already processed above) */
 2390              		.loc 1 1509 15 is_stmt 1 view .LVU734
1511:Middlewares/Third_Party/LwIP/src/core/tcp_in.c ****                   (TCPH_FLAGS(inseg.tcphdr) & TCP_SYN) == 0) {
 2391              		.loc 1 1511 15 view .LVU735
1511:Middlewares/Third_Party/LwIP/src/core/tcp_in.c ****                   (TCPH_FLAGS(inseg.tcphdr) & TCP_SYN) == 0) {
 2392              		.loc 1 1511 20 is_stmt 0 view .LVU736
 2393 0580 8889     		ldrh	r0, [r1, #12]	@ unaligned
 2394 0582 FFF7FEFF 		bl	lwip_htons
 2395              	.LVL166:
1511:Middlewares/Third_Party/LwIP/src/core/tcp_in.c ****                   (TCPH_FLAGS(inseg.tcphdr) & TCP_SYN) == 0) {
 2396              		.loc 1 1511 18 view .LVU737
 2397 0586 10F0010F 		tst	r0, #1
 2398 058a E7D0     		beq	.L137
1512:Middlewares/Third_Party/LwIP/src/core/tcp_in.c ****                 TCPH_SET_FLAG(inseg.tcphdr, TCP_FIN);
 2399              		.loc 1 1512 20 discriminator 1 view .LVU738
 2400 058c 934B     		ldr	r3, .L226+8
 2401 058e DB68     		ldr	r3, [r3, #12]
 2402 0590 9889     		ldrh	r0, [r3, #12]	@ unaligned
 2403 0592 FFF7FEFF 		bl	lwip_htons
 2404              	.LVL167:
1511:Middlewares/Third_Party/LwIP/src/core/tcp_in.c ****                   (TCPH_FLAGS(inseg.tcphdr) & TCP_SYN) == 0) {
 2405              		.loc 1 1511 61 discriminator 1 view .LVU739
 2406 0596 10F0020F 		tst	r0, #2
 2407 059a DFD1     		bne	.L137
1513:Middlewares/Third_Party/LwIP/src/core/tcp_in.c ****                 tcplen = TCP_TCPLEN(&inseg);
 2408              		.loc 1 1513 17 is_stmt 1 view .LVU740
 2409 059c 8F4E     		ldr	r6, .L226+8
 2410 059e F368     		ldr	r3, [r6, #12]
 2411 05a0 9F89     		ldrh	r7, [r3, #12]	@ unaligned
 2412 05a2 0120     		movs	r0, #1
 2413 05a4 FFF7FEFF 		bl	lwip_htons
 2414              	.LVL168:
ARM GAS  /tmp/ccYvHRO8.s 			page 92


 2415 05a8 F368     		ldr	r3, [r6, #12]
 2416 05aa 0743     		orrs	r7, r7, r0
 2417 05ac 9F81     		strh	r7, [r3, #12]	@ unaligned
1514:Middlewares/Third_Party/LwIP/src/core/tcp_in.c ****               }
 2418              		.loc 1 1514 17 view .LVU741
1514:Middlewares/Third_Party/LwIP/src/core/tcp_in.c ****               }
 2419              		.loc 1 1514 26 is_stmt 0 view .LVU742
 2420 05ae 3789     		ldrh	r7, [r6, #8]
 2421 05b0 F368     		ldr	r3, [r6, #12]
 2422 05b2 9889     		ldrh	r0, [r3, #12]	@ unaligned
 2423 05b4 FFF7FEFF 		bl	lwip_htons
 2424              	.LVL169:
 2425 05b8 10F0030F 		tst	r0, #3
 2426 05bc CAD0     		beq	.L176
 2427 05be 0123     		movs	r3, #1
 2428 05c0 C9E7     		b	.L138
 2429              	.L139:
 2430              	.LBE18:
1522:Middlewares/Third_Party/LwIP/src/core/tcp_in.c ****                 TCP_SEQ_GT(seqno + tcplen,
 2431              		.loc 1 1522 13 is_stmt 1 view .LVU743
1522:Middlewares/Third_Party/LwIP/src/core/tcp_in.c ****                 TCP_SEQ_GT(seqno + tcplen,
 2432              		.loc 1 1522 16 is_stmt 0 view .LVU744
 2433 05c2 4DB1     		cbz	r5, .L141
1523:Middlewares/Third_Party/LwIP/src/core/tcp_in.c ****                            next->tcphdr->seqno)) {
 2434              		.loc 1 1523 17 discriminator 1 view .LVU745
 2435 05c4 844B     		ldr	r3, .L226+4
 2436 05c6 1968     		ldr	r1, [r3]
 2437 05c8 824B     		ldr	r3, .L226
 2438 05ca 1B88     		ldrh	r3, [r3]
 2439 05cc 0B44     		add	r3, r3, r1
 2440 05ce EA68     		ldr	r2, [r5, #12]
 2441 05d0 5268     		ldr	r2, [r2, #4]	@ unaligned
 2442 05d2 9B1A     		subs	r3, r3, r2
1522:Middlewares/Third_Party/LwIP/src/core/tcp_in.c ****                 TCP_SEQ_GT(seqno + tcplen,
 2443              		.loc 1 1522 22 discriminator 1 view .LVU746
 2444 05d4 002B     		cmp	r3, #0
 2445 05d6 01DC     		bgt	.L210
 2446              	.L141:
1532:Middlewares/Third_Party/LwIP/src/core/tcp_in.c ****                           (seqno + tcplen) == next->tcphdr->seqno);
 2447              		.loc 1 1532 15 is_stmt 1 discriminator 3 view .LVU747
1532:Middlewares/Third_Party/LwIP/src/core/tcp_in.c ****                           (seqno + tcplen) == next->tcphdr->seqno);
 2448              		.loc 1 1532 15 discriminator 3 view .LVU748
1535:Middlewares/Third_Party/LwIP/src/core/tcp_in.c ****           }
 2449              		.loc 1 1535 13 discriminator 3 view .LVU749
1535:Middlewares/Third_Party/LwIP/src/core/tcp_in.c ****           }
 2450              		.loc 1 1535 24 is_stmt 0 discriminator 3 view .LVU750
 2451 05d8 6567     		str	r5, [r4, #116]
 2452 05da 78E7     		b	.L132
 2453              	.L210:
1526:Middlewares/Third_Party/LwIP/src/core/tcp_in.c ****               if (TCPH_FLAGS(inseg.tcphdr) & TCP_SYN) {
 2454              		.loc 1 1526 15 is_stmt 1 view .LVU751
1526:Middlewares/Third_Party/LwIP/src/core/tcp_in.c ****               if (TCPH_FLAGS(inseg.tcphdr) & TCP_SYN) {
 2455              		.loc 1 1526 27 is_stmt 0 view .LVU752
 2456 05dc 521A     		subs	r2, r2, r1
1526:Middlewares/Third_Party/LwIP/src/core/tcp_in.c ****               if (TCPH_FLAGS(inseg.tcphdr) & TCP_SYN) {
 2457              		.loc 1 1526 25 view .LVU753
 2458 05de 7F4B     		ldr	r3, .L226+8
ARM GAS  /tmp/ccYvHRO8.s 			page 93


 2459 05e0 1A81     		strh	r2, [r3, #8]	@ movhi
1527:Middlewares/Third_Party/LwIP/src/core/tcp_in.c ****                 inseg.len -= 1;
 2460              		.loc 1 1527 15 is_stmt 1 view .LVU754
1527:Middlewares/Third_Party/LwIP/src/core/tcp_in.c ****                 inseg.len -= 1;
 2461              		.loc 1 1527 19 is_stmt 0 view .LVU755
 2462 05e2 DB68     		ldr	r3, [r3, #12]
 2463 05e4 9889     		ldrh	r0, [r3, #12]	@ unaligned
 2464 05e6 FFF7FEFF 		bl	lwip_htons
 2465              	.LVL170:
1527:Middlewares/Third_Party/LwIP/src/core/tcp_in.c ****                 inseg.len -= 1;
 2466              		.loc 1 1527 18 view .LVU756
 2467 05ea 10F0020F 		tst	r0, #2
 2468 05ee 03D0     		beq	.L142
1528:Middlewares/Third_Party/LwIP/src/core/tcp_in.c ****               }
 2469              		.loc 1 1528 17 is_stmt 1 view .LVU757
1528:Middlewares/Third_Party/LwIP/src/core/tcp_in.c ****               }
 2470              		.loc 1 1528 27 is_stmt 0 view .LVU758
 2471 05f0 7A4A     		ldr	r2, .L226+8
 2472 05f2 1389     		ldrh	r3, [r2, #8]
 2473 05f4 013B     		subs	r3, r3, #1
 2474 05f6 1381     		strh	r3, [r2, #8]	@ movhi
 2475              	.L142:
1530:Middlewares/Third_Party/LwIP/src/core/tcp_in.c ****               tcplen = TCP_TCPLEN(&inseg);
 2476              		.loc 1 1530 15 is_stmt 1 view .LVU759
 2477 05f8 784F     		ldr	r7, .L226+8
 2478 05fa 3989     		ldrh	r1, [r7, #8]
 2479 05fc 7868     		ldr	r0, [r7, #4]
 2480 05fe FFF7FEFF 		bl	pbuf_realloc
 2481              	.LVL171:
1531:Middlewares/Third_Party/LwIP/src/core/tcp_in.c ****               LWIP_ASSERT("tcp_receive: segment not trimmed correctly to ooseq queue\n",
 2482              		.loc 1 1531 15 view .LVU760
1531:Middlewares/Third_Party/LwIP/src/core/tcp_in.c ****               LWIP_ASSERT("tcp_receive: segment not trimmed correctly to ooseq queue\n",
 2483              		.loc 1 1531 24 is_stmt 0 view .LVU761
 2484 0602 3E89     		ldrh	r6, [r7, #8]
 2485 0604 FB68     		ldr	r3, [r7, #12]
 2486 0606 9889     		ldrh	r0, [r3, #12]	@ unaligned
 2487 0608 FFF7FEFF 		bl	lwip_htons
 2488              	.LVL172:
 2489 060c 10F0030F 		tst	r0, #3
 2490 0610 13D0     		beq	.L177
 2491 0612 0123     		movs	r3, #1
 2492              	.L143:
1531:Middlewares/Third_Party/LwIP/src/core/tcp_in.c ****               LWIP_ASSERT("tcp_receive: segment not trimmed correctly to ooseq queue\n",
 2493              		.loc 1 1531 24 discriminator 4 view .LVU762
 2494 0614 3344     		add	r3, r3, r6
 2495 0616 9BB2     		uxth	r3, r3
1531:Middlewares/Third_Party/LwIP/src/core/tcp_in.c ****               LWIP_ASSERT("tcp_receive: segment not trimmed correctly to ooseq queue\n",
 2496              		.loc 1 1531 22 discriminator 4 view .LVU763
 2497 0618 6E4A     		ldr	r2, .L226
 2498 061a 1380     		strh	r3, [r2]	@ movhi
1532:Middlewares/Third_Party/LwIP/src/core/tcp_in.c ****                           (seqno + tcplen) == next->tcphdr->seqno);
 2499              		.loc 1 1532 15 is_stmt 1 discriminator 4 view .LVU764
1532:Middlewares/Third_Party/LwIP/src/core/tcp_in.c ****                           (seqno + tcplen) == next->tcphdr->seqno);
 2500              		.loc 1 1532 15 discriminator 4 view .LVU765
 2501 061c 6E4A     		ldr	r2, .L226+4
 2502 061e 1268     		ldr	r2, [r2]
 2503 0620 1344     		add	r3, r3, r2
ARM GAS  /tmp/ccYvHRO8.s 			page 94


 2504 0622 EA68     		ldr	r2, [r5, #12]
 2505 0624 5268     		ldr	r2, [r2, #4]	@ unaligned
 2506 0626 9342     		cmp	r3, r2
 2507 0628 D6D0     		beq	.L141
1532:Middlewares/Third_Party/LwIP/src/core/tcp_in.c ****                           (seqno + tcplen) == next->tcphdr->seqno);
 2508              		.loc 1 1532 15 discriminator 1 view .LVU766
1532:Middlewares/Third_Party/LwIP/src/core/tcp_in.c ****                           (seqno + tcplen) == next->tcphdr->seqno);
 2509              		.loc 1 1532 15 discriminator 1 view .LVU767
 2510 062a 6D4B     		ldr	r3, .L226+12
 2511 062c 40F2FC52 		movw	r2, #1532
 2512 0630 6C49     		ldr	r1, .L226+16
 2513 0632 6D48     		ldr	r0, .L226+20
 2514 0634 FFF7FEFF 		bl	printf
 2515              	.LVL173:
 2516 0638 CEE7     		b	.L141
 2517              	.L177:
1531:Middlewares/Third_Party/LwIP/src/core/tcp_in.c ****               LWIP_ASSERT("tcp_receive: segment not trimmed correctly to ooseq queue\n",
 2518              		.loc 1 1531 24 is_stmt 0 view .LVU768
 2519 063a 0023     		movs	r3, #0
 2520 063c EAE7     		b	.L143
 2521              	.LVL174:
 2522              	.L209:
1531:Middlewares/Third_Party/LwIP/src/core/tcp_in.c ****               LWIP_ASSERT("tcp_receive: segment not trimmed correctly to ooseq queue\n",
 2523              		.loc 1 1531 24 view .LVU769
 2524              	.LBE20:
1543:Middlewares/Third_Party/LwIP/src/core/tcp_in.c ****         pcb->rcv_wnd -= tcplen;
 2525              		.loc 1 1543 9 is_stmt 1 discriminator 1 view .LVU770
1543:Middlewares/Third_Party/LwIP/src/core/tcp_in.c ****         pcb->rcv_wnd -= tcplen;
 2526              		.loc 1 1543 9 discriminator 1 view .LVU771
 2527 063e 684B     		ldr	r3, .L226+12
 2528 0640 40F20762 		movw	r2, #1543
 2529 0644 6949     		ldr	r1, .L226+24
 2530 0646 6848     		ldr	r0, .L226+20
 2531 0648 FFF7FEFF 		bl	printf
 2532              	.LVL175:
 2533 064c 49E7     		b	.L144
 2534              	.LVL176:
 2535              	.L178:
 2536              	.LBB21:
1578:Middlewares/Third_Party/LwIP/src/core/tcp_in.c ****           LWIP_ASSERT("tcp_receive: ooseq tcplen > rcv_wnd\n",
 2537              		.loc 1 1578 27 is_stmt 0 view .LVU772
 2538 064e 0023     		movs	r3, #0
 2539 0650 35E0     		b	.L147
 2540              	.L179:
1579:Middlewares/Third_Party/LwIP/src/core/tcp_in.c ****                       pcb->rcv_wnd >= TCP_TCPLEN(cseg));
 2541              		.loc 1 1579 11 view .LVU773
 2542 0652 0023     		movs	r3, #0
 2543 0654 41E0     		b	.L148
 2544              	.L212:
1579:Middlewares/Third_Party/LwIP/src/core/tcp_in.c ****                       pcb->rcv_wnd >= TCP_TCPLEN(cseg));
 2545              		.loc 1 1579 11 is_stmt 1 discriminator 5 view .LVU774
1579:Middlewares/Third_Party/LwIP/src/core/tcp_in.c ****                       pcb->rcv_wnd >= TCP_TCPLEN(cseg));
 2546              		.loc 1 1579 11 discriminator 5 view .LVU775
 2547 0656 624B     		ldr	r3, .L226+12
 2548 0658 40F22B62 		movw	r2, #1579
 2549 065c 6449     		ldr	r1, .L226+28
 2550 065e 6248     		ldr	r0, .L226+20
ARM GAS  /tmp/ccYvHRO8.s 			page 95


 2551 0660 FFF7FEFF 		bl	printf
 2552              	.LVL177:
 2553 0664 3CE0     		b	.L149
 2554              	.L180:
1581:Middlewares/Third_Party/LwIP/src/core/tcp_in.c **** 
 2555              		.loc 1 1581 27 is_stmt 0 view .LVU776
 2556 0666 0023     		movs	r3, #0
 2557 0668 43E0     		b	.L150
 2558              	.L152:
1594:Middlewares/Third_Party/LwIP/src/core/tcp_in.c ****             }
 2559              		.loc 1 1594 15 is_stmt 1 view .LVU777
1594:Middlewares/Third_Party/LwIP/src/core/tcp_in.c ****             }
 2560              		.loc 1 1594 25 is_stmt 0 view .LVU778
 2561 066a 624B     		ldr	r3, .L226+32
 2562 066c 1960     		str	r1, [r3]
 2563              	.L153:
1596:Middlewares/Third_Party/LwIP/src/core/tcp_in.c ****           }
 2564              		.loc 1 1596 13 is_stmt 1 view .LVU779
1596:Middlewares/Third_Party/LwIP/src/core/tcp_in.c ****           }
 2565              		.loc 1 1596 21 is_stmt 0 view .LVU780
 2566 066e 0023     		movs	r3, #0
 2567 0670 6B60     		str	r3, [r5, #4]
 2568              	.L151:
1598:Middlewares/Third_Party/LwIP/src/core/tcp_in.c ****             LWIP_DEBUGF(TCP_INPUT_DEBUG, ("tcp_receive: dequeued FIN.\n"));
 2569              		.loc 1 1598 11 is_stmt 1 view .LVU781
1598:Middlewares/Third_Party/LwIP/src/core/tcp_in.c ****             LWIP_DEBUGF(TCP_INPUT_DEBUG, ("tcp_receive: dequeued FIN.\n"));
 2570              		.loc 1 1598 15 is_stmt 0 view .LVU782
 2571 0672 EB68     		ldr	r3, [r5, #12]
 2572 0674 9889     		ldrh	r0, [r3, #12]	@ unaligned
 2573 0676 FFF7FEFF 		bl	lwip_htons
 2574              	.LVL178:
1598:Middlewares/Third_Party/LwIP/src/core/tcp_in.c ****             LWIP_DEBUGF(TCP_INPUT_DEBUG, ("tcp_receive: dequeued FIN.\n"));
 2575              		.loc 1 1598 14 view .LVU783
 2576 067a 10F0010F 		tst	r0, #1
 2577 067e 07D0     		beq	.L154
1599:Middlewares/Third_Party/LwIP/src/core/tcp_in.c ****             recv_flags |= TF_GOT_FIN;
 2578              		.loc 1 1599 75 is_stmt 1 view .LVU784
1600:Middlewares/Third_Party/LwIP/src/core/tcp_in.c ****             if (pcb->state == ESTABLISHED) { /* force passive close or we can move to active close 
 2579              		.loc 1 1600 13 view .LVU785
1600:Middlewares/Third_Party/LwIP/src/core/tcp_in.c ****             if (pcb->state == ESTABLISHED) { /* force passive close or we can move to active close 
 2580              		.loc 1 1600 24 is_stmt 0 view .LVU786
 2581 0680 5D4A     		ldr	r2, .L226+36
 2582 0682 1378     		ldrb	r3, [r2]	@ zero_extendqisi2
 2583 0684 43F02003 		orr	r3, r3, #32
 2584 0688 1370     		strb	r3, [r2]
1601:Middlewares/Third_Party/LwIP/src/core/tcp_in.c ****               pcb->state = CLOSE_WAIT;
 2585              		.loc 1 1601 13 is_stmt 1 view .LVU787
1601:Middlewares/Third_Party/LwIP/src/core/tcp_in.c ****               pcb->state = CLOSE_WAIT;
 2586              		.loc 1 1601 20 is_stmt 0 view .LVU788
 2587 068a 237D     		ldrb	r3, [r4, #20]	@ zero_extendqisi2
1601:Middlewares/Third_Party/LwIP/src/core/tcp_in.c ****               pcb->state = CLOSE_WAIT;
 2588              		.loc 1 1601 16 view .LVU789
 2589 068c 042B     		cmp	r3, #4
 2590 068e 42D0     		beq	.L211
 2591              	.L154:
1606:Middlewares/Third_Party/LwIP/src/core/tcp_in.c ****           tcp_seg_free(cseg);
 2592              		.loc 1 1606 11 is_stmt 1 view .LVU790
ARM GAS  /tmp/ccYvHRO8.s 			page 96


1606:Middlewares/Third_Party/LwIP/src/core/tcp_in.c ****           tcp_seg_free(cseg);
 2593              		.loc 1 1606 28 is_stmt 0 view .LVU791
 2594 0690 2B68     		ldr	r3, [r5]
1606:Middlewares/Third_Party/LwIP/src/core/tcp_in.c ****           tcp_seg_free(cseg);
 2595              		.loc 1 1606 22 view .LVU792
 2596 0692 6367     		str	r3, [r4, #116]
1607:Middlewares/Third_Party/LwIP/src/core/tcp_in.c ****         }
 2597              		.loc 1 1607 11 is_stmt 1 view .LVU793
 2598 0694 2846     		mov	r0, r5
 2599 0696 FFF7FEFF 		bl	tcp_seg_free
 2600              	.LVL179:
 2601              	.L155:
1607:Middlewares/Third_Party/LwIP/src/core/tcp_in.c ****         }
 2602              		.loc 1 1607 11 is_stmt 0 view .LVU794
 2603              	.LBE21:
1572:Middlewares/Third_Party/LwIP/src/core/tcp_in.c ****                pcb->ooseq->tcphdr->seqno == pcb->rcv_nxt) {
 2604              		.loc 1 1572 15 is_stmt 1 view .LVU795
1572:Middlewares/Third_Party/LwIP/src/core/tcp_in.c ****                pcb->ooseq->tcphdr->seqno == pcb->rcv_nxt) {
 2605              		.loc 1 1572 19 is_stmt 0 view .LVU796
 2606 069a 656F     		ldr	r5, [r4, #116]
1572:Middlewares/Third_Party/LwIP/src/core/tcp_in.c ****                pcb->ooseq->tcphdr->seqno == pcb->rcv_nxt) {
 2607              		.loc 1 1572 15 view .LVU797
 2608 069c 002D     		cmp	r5, #0
 2609 069e 3DD0     		beq	.L156
1573:Middlewares/Third_Party/LwIP/src/core/tcp_in.c **** 
 2610              		.loc 1 1573 26 discriminator 1 view .LVU798
 2611 06a0 EA68     		ldr	r2, [r5, #12]
1573:Middlewares/Third_Party/LwIP/src/core/tcp_in.c **** 
 2612              		.loc 1 1573 34 discriminator 1 view .LVU799
 2613 06a2 5368     		ldr	r3, [r2, #4]	@ unaligned
1573:Middlewares/Third_Party/LwIP/src/core/tcp_in.c **** 
 2614              		.loc 1 1573 48 discriminator 1 view .LVU800
 2615 06a4 616A     		ldr	r1, [r4, #36]
1572:Middlewares/Third_Party/LwIP/src/core/tcp_in.c ****                pcb->ooseq->tcphdr->seqno == pcb->rcv_nxt) {
 2616              		.loc 1 1572 35 discriminator 1 view .LVU801
 2617 06a6 8B42     		cmp	r3, r1
 2618 06a8 38D1     		bne	.L156
 2619              	.LBB22:
1575:Middlewares/Third_Party/LwIP/src/core/tcp_in.c ****           seqno = pcb->ooseq->tcphdr->seqno;
 2620              		.loc 1 1575 11 is_stmt 1 view .LVU802
 2621              	.LVL180:
1576:Middlewares/Third_Party/LwIP/src/core/tcp_in.c **** 
 2622              		.loc 1 1576 11 view .LVU803
1576:Middlewares/Third_Party/LwIP/src/core/tcp_in.c **** 
 2623              		.loc 1 1576 17 is_stmt 0 view .LVU804
 2624 06aa 4B49     		ldr	r1, .L226+4
 2625 06ac 0B60     		str	r3, [r1]
1578:Middlewares/Third_Party/LwIP/src/core/tcp_in.c ****           LWIP_ASSERT("tcp_receive: ooseq tcplen > rcv_wnd\n",
 2626              		.loc 1 1578 11 is_stmt 1 view .LVU805
1578:Middlewares/Third_Party/LwIP/src/core/tcp_in.c ****           LWIP_ASSERT("tcp_receive: ooseq tcplen > rcv_wnd\n",
 2627              		.loc 1 1578 27 is_stmt 0 view .LVU806
 2628 06ae 2E89     		ldrh	r6, [r5, #8]
 2629 06b0 9089     		ldrh	r0, [r2, #12]	@ unaligned
 2630 06b2 FFF7FEFF 		bl	lwip_htons
 2631              	.LVL181:
 2632 06b6 10F0030F 		tst	r0, #3
 2633 06ba C8D0     		beq	.L178
ARM GAS  /tmp/ccYvHRO8.s 			page 97


 2634 06bc 0123     		movs	r3, #1
 2635              	.L147:
1578:Middlewares/Third_Party/LwIP/src/core/tcp_in.c ****           LWIP_ASSERT("tcp_receive: ooseq tcplen > rcv_wnd\n",
 2636              		.loc 1 1578 27 discriminator 4 view .LVU807
 2637 06be 1E44     		add	r6, r6, r3
1578:Middlewares/Third_Party/LwIP/src/core/tcp_in.c ****           LWIP_ASSERT("tcp_receive: ooseq tcplen > rcv_wnd\n",
 2638              		.loc 1 1578 24 discriminator 4 view .LVU808
 2639 06c0 636A     		ldr	r3, [r4, #36]
 2640 06c2 3344     		add	r3, r3, r6
 2641 06c4 6362     		str	r3, [r4, #36]
1579:Middlewares/Third_Party/LwIP/src/core/tcp_in.c ****                       pcb->rcv_wnd >= TCP_TCPLEN(cseg));
 2642              		.loc 1 1579 11 is_stmt 1 discriminator 4 view .LVU809
1579:Middlewares/Third_Party/LwIP/src/core/tcp_in.c ****                       pcb->rcv_wnd >= TCP_TCPLEN(cseg));
 2643              		.loc 1 1579 11 discriminator 4 view .LVU810
 2644 06c6 278D     		ldrh	r7, [r4, #40]
 2645 06c8 2E89     		ldrh	r6, [r5, #8]
 2646 06ca EB68     		ldr	r3, [r5, #12]
 2647 06cc 9889     		ldrh	r0, [r3, #12]	@ unaligned
 2648 06ce FFF7FEFF 		bl	lwip_htons
 2649              	.LVL182:
 2650 06d2 10F0030F 		tst	r0, #3
 2651 06d6 BCD0     		beq	.L179
1579:Middlewares/Third_Party/LwIP/src/core/tcp_in.c ****                       pcb->rcv_wnd >= TCP_TCPLEN(cseg));
 2652              		.loc 1 1579 11 is_stmt 0 view .LVU811
 2653 06d8 0123     		movs	r3, #1
 2654              	.L148:
1579:Middlewares/Third_Party/LwIP/src/core/tcp_in.c ****                       pcb->rcv_wnd >= TCP_TCPLEN(cseg));
 2655              		.loc 1 1579 11 discriminator 4 view .LVU812
 2656 06da 1E44     		add	r6, r6, r3
 2657 06dc B742     		cmp	r7, r6
 2658 06de BAD3     		bcc	.L212
 2659              	.L149:
1579:Middlewares/Third_Party/LwIP/src/core/tcp_in.c ****                       pcb->rcv_wnd >= TCP_TCPLEN(cseg));
 2660              		.loc 1 1579 11 is_stmt 1 discriminator 7 view .LVU813
1579:Middlewares/Third_Party/LwIP/src/core/tcp_in.c ****                       pcb->rcv_wnd >= TCP_TCPLEN(cseg));
 2661              		.loc 1 1579 11 discriminator 7 view .LVU814
1581:Middlewares/Third_Party/LwIP/src/core/tcp_in.c **** 
 2662              		.loc 1 1581 11 discriminator 7 view .LVU815
1581:Middlewares/Third_Party/LwIP/src/core/tcp_in.c **** 
 2663              		.loc 1 1581 27 is_stmt 0 discriminator 7 view .LVU816
 2664 06e0 2E89     		ldrh	r6, [r5, #8]
 2665 06e2 EB68     		ldr	r3, [r5, #12]
 2666 06e4 9889     		ldrh	r0, [r3, #12]	@ unaligned
 2667 06e6 FFF7FEFF 		bl	lwip_htons
 2668              	.LVL183:
 2669 06ea 10F0030F 		tst	r0, #3
 2670 06ee BAD0     		beq	.L180
1581:Middlewares/Third_Party/LwIP/src/core/tcp_in.c **** 
 2671              		.loc 1 1581 27 view .LVU817
 2672 06f0 0123     		movs	r3, #1
 2673              	.L150:
1581:Middlewares/Third_Party/LwIP/src/core/tcp_in.c **** 
 2674              		.loc 1 1581 27 discriminator 4 view .LVU818
 2675 06f2 1E44     		add	r6, r6, r3
1581:Middlewares/Third_Party/LwIP/src/core/tcp_in.c **** 
 2676              		.loc 1 1581 24 discriminator 4 view .LVU819
 2677 06f4 238D     		ldrh	r3, [r4, #40]
ARM GAS  /tmp/ccYvHRO8.s 			page 98


 2678 06f6 9B1B     		subs	r3, r3, r6
 2679 06f8 2385     		strh	r3, [r4, #40]	@ movhi
1583:Middlewares/Third_Party/LwIP/src/core/tcp_in.c **** 
 2680              		.loc 1 1583 11 is_stmt 1 discriminator 4 view .LVU820
 2681 06fa 2046     		mov	r0, r4
 2682 06fc FFF7FEFF 		bl	tcp_update_rcv_ann_wnd
 2683              	.LVL184:
1585:Middlewares/Third_Party/LwIP/src/core/tcp_in.c ****             /* Chain this pbuf onto the pbuf that we will pass to
 2684              		.loc 1 1585 11 discriminator 4 view .LVU821
1585:Middlewares/Third_Party/LwIP/src/core/tcp_in.c ****             /* Chain this pbuf onto the pbuf that we will pass to
 2685              		.loc 1 1585 19 is_stmt 0 discriminator 4 view .LVU822
 2686 0700 6968     		ldr	r1, [r5, #4]
1585:Middlewares/Third_Party/LwIP/src/core/tcp_in.c ****             /* Chain this pbuf onto the pbuf that we will pass to
 2687              		.loc 1 1585 22 discriminator 4 view .LVU823
 2688 0702 0B89     		ldrh	r3, [r1, #8]
1585:Middlewares/Third_Party/LwIP/src/core/tcp_in.c ****             /* Chain this pbuf onto the pbuf that we will pass to
 2689              		.loc 1 1585 14 discriminator 4 view .LVU824
 2690 0704 002B     		cmp	r3, #0
 2691 0706 B4D0     		beq	.L151
1591:Middlewares/Third_Party/LwIP/src/core/tcp_in.c ****               pbuf_cat(recv_data, cseg->p);
 2692              		.loc 1 1591 13 is_stmt 1 view .LVU825
1591:Middlewares/Third_Party/LwIP/src/core/tcp_in.c ****               pbuf_cat(recv_data, cseg->p);
 2693              		.loc 1 1591 17 is_stmt 0 view .LVU826
 2694 0708 3A4B     		ldr	r3, .L226+32
 2695 070a 1868     		ldr	r0, [r3]
1591:Middlewares/Third_Party/LwIP/src/core/tcp_in.c ****               pbuf_cat(recv_data, cseg->p);
 2696              		.loc 1 1591 16 view .LVU827
 2697 070c 0028     		cmp	r0, #0
 2698 070e ACD0     		beq	.L152
1592:Middlewares/Third_Party/LwIP/src/core/tcp_in.c ****             } else {
 2699              		.loc 1 1592 15 is_stmt 1 view .LVU828
 2700 0710 FFF7FEFF 		bl	pbuf_cat
 2701              	.LVL185:
 2702 0714 ABE7     		b	.L153
 2703              	.L211:
1602:Middlewares/Third_Party/LwIP/src/core/tcp_in.c ****             }
 2704              		.loc 1 1602 15 view .LVU829
1602:Middlewares/Third_Party/LwIP/src/core/tcp_in.c ****             }
 2705              		.loc 1 1602 26 is_stmt 0 view .LVU830
 2706 0716 0723     		movs	r3, #7
 2707 0718 2375     		strb	r3, [r4, #20]
 2708 071a B9E7     		b	.L154
 2709              	.LVL186:
 2710              	.L156:
1602:Middlewares/Third_Party/LwIP/src/core/tcp_in.c ****             }
 2711              		.loc 1 1602 26 view .LVU831
 2712              	.LBE22:
1625:Middlewares/Third_Party/LwIP/src/core/tcp_in.c **** 
 2713              		.loc 1 1625 9 is_stmt 1 view .LVU832
1625:Middlewares/Third_Party/LwIP/src/core/tcp_in.c **** 
 2714              		.loc 1 1625 9 view .LVU833
 2715 071c 638B     		ldrh	r3, [r4, #26]
 2716 071e 13F0010F 		tst	r3, #1
 2717 0722 07D0     		beq	.L158
1625:Middlewares/Third_Party/LwIP/src/core/tcp_in.c **** 
 2718              		.loc 1 1625 9 discriminator 1 view .LVU834
1625:Middlewares/Third_Party/LwIP/src/core/tcp_in.c **** 
ARM GAS  /tmp/ccYvHRO8.s 			page 99


 2719              		.loc 1 1625 9 discriminator 1 view .LVU835
 2720 0724 23F00103 		bic	r3, r3, #1
 2721 0728 9BB2     		uxth	r3, r3
 2722 072a 6383     		strh	r3, [r4, #26]	@ movhi
1625:Middlewares/Third_Party/LwIP/src/core/tcp_in.c **** 
 2723              		.loc 1 1625 9 discriminator 1 view .LVU836
1625:Middlewares/Third_Party/LwIP/src/core/tcp_in.c **** 
 2724              		.loc 1 1625 9 discriminator 1 view .LVU837
1625:Middlewares/Third_Party/LwIP/src/core/tcp_in.c **** 
 2725              		.loc 1 1625 9 discriminator 1 view .LVU838
 2726 072c 43F00203 		orr	r3, r3, #2
 2727 0730 6383     		strh	r3, [r4, #26]	@ movhi
1625:Middlewares/Third_Party/LwIP/src/core/tcp_in.c **** 
 2728              		.loc 1 1625 9 discriminator 1 view .LVU839
 2729 0732 FBE0     		b	.L88
 2730              	.L158:
1625:Middlewares/Third_Party/LwIP/src/core/tcp_in.c **** 
 2731              		.loc 1 1625 9 discriminator 2 view .LVU840
1625:Middlewares/Third_Party/LwIP/src/core/tcp_in.c **** 
 2732              		.loc 1 1625 9 discriminator 2 view .LVU841
 2733 0734 43F00103 		orr	r3, r3, #1
 2734 0738 6383     		strh	r3, [r4, #26]	@ movhi
 2735 073a F7E0     		b	.L88
 2736              	.L206:
1650:Middlewares/Third_Party/LwIP/src/core/tcp_in.c **** #if LWIP_TCP_SACK_OUT
 2737              		.loc 1 1650 11 view .LVU842
1650:Middlewares/Third_Party/LwIP/src/core/tcp_in.c **** #if LWIP_TCP_SACK_OUT
 2738              		.loc 1 1650 24 is_stmt 0 view .LVU843
 2739 073c 2748     		ldr	r0, .L226+8
 2740 073e FFF7FEFF 		bl	tcp_seg_copy
 2741              	.LVL187:
1650:Middlewares/Third_Party/LwIP/src/core/tcp_in.c **** #if LWIP_TCP_SACK_OUT
 2742              		.loc 1 1650 22 view .LVU844
 2743 0742 6067     		str	r0, [r4, #116]
 2744 0744 04E0     		b	.L161
 2745              	.LVL188:
 2746              	.L216:
 2747              	.LBB23:
1683:Middlewares/Third_Party/LwIP/src/core/tcp_in.c ****                 /* The incoming segment is larger than the old
 2748              		.loc 1 1683 15 is_stmt 1 view .LVU845
1683:Middlewares/Third_Party/LwIP/src/core/tcp_in.c ****                 /* The incoming segment is larger than the old
 2749              		.loc 1 1683 24 is_stmt 0 view .LVU846
 2750 0746 254B     		ldr	r3, .L226+8
 2751 0748 1A89     		ldrh	r2, [r3, #8]
1683:Middlewares/Third_Party/LwIP/src/core/tcp_in.c ****                 /* The incoming segment is larger than the old
 2752              		.loc 1 1683 35 view .LVU847
 2753 074a 2B89     		ldrh	r3, [r5, #8]
1683:Middlewares/Third_Party/LwIP/src/core/tcp_in.c ****                 /* The incoming segment is larger than the old
 2754              		.loc 1 1683 18 view .LVU848
 2755 074c 9A42     		cmp	r2, r3
 2756 074e 03D8     		bhi	.L213
 2757              	.LVL189:
 2758              	.L161:
1683:Middlewares/Third_Party/LwIP/src/core/tcp_in.c ****                 /* The incoming segment is larger than the old
 2759              		.loc 1 1683 18 view .LVU849
 2760              	.LBE23:
1872:Middlewares/Third_Party/LwIP/src/core/tcp_in.c ****       }
ARM GAS  /tmp/ccYvHRO8.s 			page 100


 2761              		.loc 1 1872 9 is_stmt 1 view .LVU850
 2762 0750 2046     		mov	r0, r4
 2763 0752 FFF7FEFF 		bl	tcp_send_empty_ack
 2764              	.LVL190:
 2765 0756 E9E0     		b	.L88
 2766              	.LVL191:
 2767              	.L213:
 2768              	.LBB24:
 2769              	.LBB12:
1687:Middlewares/Third_Party/LwIP/src/core/tcp_in.c ****                 if (cseg != NULL) {
 2770              		.loc 1 1687 17 view .LVU851
1687:Middlewares/Third_Party/LwIP/src/core/tcp_in.c ****                 if (cseg != NULL) {
 2771              		.loc 1 1687 40 is_stmt 0 view .LVU852
 2772 0758 2048     		ldr	r0, .L226+8
 2773 075a FFF7FEFF 		bl	tcp_seg_copy
 2774              	.LVL192:
1688:Middlewares/Third_Party/LwIP/src/core/tcp_in.c ****                   if (prev != NULL) {
 2775              		.loc 1 1688 17 is_stmt 1 view .LVU853
1688:Middlewares/Third_Party/LwIP/src/core/tcp_in.c ****                   if (prev != NULL) {
 2776              		.loc 1 1688 20 is_stmt 0 view .LVU854
 2777 075e 0346     		mov	r3, r0
 2778 0760 0028     		cmp	r0, #0
 2779 0762 F5D0     		beq	.L161
1689:Middlewares/Third_Party/LwIP/src/core/tcp_in.c ****                     prev->next = cseg;
 2780              		.loc 1 1689 19 is_stmt 1 view .LVU855
1689:Middlewares/Third_Party/LwIP/src/core/tcp_in.c ****                     prev->next = cseg;
 2781              		.loc 1 1689 22 is_stmt 0 view .LVU856
 2782 0764 2EB1     		cbz	r6, .L163
1690:Middlewares/Third_Party/LwIP/src/core/tcp_in.c ****                   } else {
 2783              		.loc 1 1690 21 is_stmt 1 view .LVU857
1690:Middlewares/Third_Party/LwIP/src/core/tcp_in.c ****                   } else {
 2784              		.loc 1 1690 32 is_stmt 0 view .LVU858
 2785 0766 3060     		str	r0, [r6]
 2786              	.L164:
1694:Middlewares/Third_Party/LwIP/src/core/tcp_in.c ****                 }
 2787              		.loc 1 1694 19 is_stmt 1 view .LVU859
 2788 0768 2946     		mov	r1, r5
 2789 076a 1846     		mov	r0, r3
 2790              	.LVL193:
1694:Middlewares/Third_Party/LwIP/src/core/tcp_in.c ****                 }
 2791              		.loc 1 1694 19 is_stmt 0 view .LVU860
 2792 076c FFF7FEFF 		bl	tcp_oos_insert_segment
 2793              	.LVL194:
1694:Middlewares/Third_Party/LwIP/src/core/tcp_in.c ****                 }
 2794              		.loc 1 1694 19 view .LVU861
 2795 0770 EEE7     		b	.L161
 2796              	.LVL195:
 2797              	.L163:
1692:Middlewares/Third_Party/LwIP/src/core/tcp_in.c ****                   }
 2798              		.loc 1 1692 21 is_stmt 1 view .LVU862
1692:Middlewares/Third_Party/LwIP/src/core/tcp_in.c ****                   }
 2799              		.loc 1 1692 32 is_stmt 0 view .LVU863
 2800 0772 6067     		str	r0, [r4, #116]
 2801 0774 F8E7     		b	.L164
 2802              	.LVL196:
 2803              	.L217:
1692:Middlewares/Third_Party/LwIP/src/core/tcp_in.c ****                   }
ARM GAS  /tmp/ccYvHRO8.s 			page 101


 2804              		.loc 1 1692 32 view .LVU864
 2805              	.LBE12:
1705:Middlewares/Third_Party/LwIP/src/core/tcp_in.c ****                   /* The sequence number of the incoming segment is lower
 2806              		.loc 1 1705 17 is_stmt 1 view .LVU865
1705:Middlewares/Third_Party/LwIP/src/core/tcp_in.c ****                   /* The sequence number of the incoming segment is lower
 2807              		.loc 1 1705 21 is_stmt 0 view .LVU866
 2808 0776 991A     		subs	r1, r3, r2
1705:Middlewares/Third_Party/LwIP/src/core/tcp_in.c ****                   /* The sequence number of the incoming segment is lower
 2809              		.loc 1 1705 20 view .LVU867
 2810 0778 0029     		cmp	r1, #0
 2811 077a 3FDB     		blt	.L214
 2812              	.L166:
1751:Middlewares/Third_Party/LwIP/src/core/tcp_in.c **** 
 2813              		.loc 1 1751 15 is_stmt 1 view .LVU868
 2814              	.LVL197:
1756:Middlewares/Third_Party/LwIP/src/core/tcp_in.c ****                   TCP_SEQ_GT(seqno, next->tcphdr->seqno)) {
 2815              		.loc 1 1756 15 view .LVU869
1756:Middlewares/Third_Party/LwIP/src/core/tcp_in.c ****                   TCP_SEQ_GT(seqno, next->tcphdr->seqno)) {
 2816              		.loc 1 1756 23 is_stmt 0 view .LVU870
 2817 077c 2968     		ldr	r1, [r5]
 2818 077e 2E46     		mov	r6, r5
1756:Middlewares/Third_Party/LwIP/src/core/tcp_in.c ****                   TCP_SEQ_GT(seqno, next->tcphdr->seqno)) {
 2819              		.loc 1 1756 18 view .LVU871
 2820 0780 0029     		cmp	r1, #0
 2821 0782 4CD0     		beq	.L215
1756:Middlewares/Third_Party/LwIP/src/core/tcp_in.c ****                   TCP_SEQ_GT(seqno, next->tcphdr->seqno)) {
 2822              		.loc 1 1756 18 view .LVU872
 2823 0784 0D46     		mov	r5, r1
 2824              	.LVL198:
 2825              	.L160:
1677:Middlewares/Third_Party/LwIP/src/core/tcp_in.c ****             if (seqno == next->tcphdr->seqno) {
 2826              		.loc 1 1677 35 is_stmt 1 discriminator 1 view .LVU873
1677:Middlewares/Third_Party/LwIP/src/core/tcp_in.c ****             if (seqno == next->tcphdr->seqno) {
 2827              		.loc 1 1677 11 is_stmt 0 discriminator 1 view .LVU874
 2828 0786 002D     		cmp	r5, #0
 2829 0788 E2D0     		beq	.L161
1678:Middlewares/Third_Party/LwIP/src/core/tcp_in.c ****               /* The sequence number of the incoming segment is the
 2830              		.loc 1 1678 13 is_stmt 1 view .LVU875
1678:Middlewares/Third_Party/LwIP/src/core/tcp_in.c ****               /* The sequence number of the incoming segment is the
 2831              		.loc 1 1678 30 is_stmt 0 view .LVU876
 2832 078a E868     		ldr	r0, [r5, #12]
1678:Middlewares/Third_Party/LwIP/src/core/tcp_in.c ****               /* The sequence number of the incoming segment is the
 2833              		.loc 1 1678 38 view .LVU877
 2834 078c 4268     		ldr	r2, [r0, #4]	@ unaligned
1678:Middlewares/Third_Party/LwIP/src/core/tcp_in.c ****               /* The sequence number of the incoming segment is the
 2835              		.loc 1 1678 16 view .LVU878
 2836 078e 9342     		cmp	r3, r2
 2837 0790 D9D0     		beq	.L216
1704:Middlewares/Third_Party/LwIP/src/core/tcp_in.c ****                 if (TCP_SEQ_LT(seqno, next->tcphdr->seqno)) {
 2838              		.loc 1 1704 15 is_stmt 1 view .LVU879
1704:Middlewares/Third_Party/LwIP/src/core/tcp_in.c ****                 if (TCP_SEQ_LT(seqno, next->tcphdr->seqno)) {
 2839              		.loc 1 1704 18 is_stmt 0 view .LVU880
 2840 0792 002E     		cmp	r6, #0
 2841 0794 EFD0     		beq	.L217
1720:Middlewares/Third_Party/LwIP/src/core/tcp_in.c ****                   /* The sequence number of the incoming segment is in
 2842              		.loc 1 1720 17 is_stmt 1 view .LVU881
1720:Middlewares/Third_Party/LwIP/src/core/tcp_in.c ****                   /* The sequence number of the incoming segment is in
ARM GAS  /tmp/ccYvHRO8.s 			page 102


 2843              		.loc 1 1720 21 is_stmt 0 view .LVU882
 2844 0796 F168     		ldr	r1, [r6, #12]
 2845 0798 4968     		ldr	r1, [r1, #4]	@ unaligned
 2846 079a 591A     		subs	r1, r3, r1
1720:Middlewares/Third_Party/LwIP/src/core/tcp_in.c ****                   /* The sequence number of the incoming segment is in
 2847              		.loc 1 1720 20 view .LVU883
 2848 079c 0129     		cmp	r1, #1
 2849 079e EDD4     		bmi	.L166
1720:Middlewares/Third_Party/LwIP/src/core/tcp_in.c ****                   /* The sequence number of the incoming segment is in
 2850              		.loc 1 1720 21 discriminator 1 view .LVU884
 2851 07a0 991A     		subs	r1, r3, r2
 2852 07a2 0131     		adds	r1, r1, #1
 2853 07a4 0029     		cmp	r1, #0
 2854 07a6 E9DC     		bgt	.L166
 2855              	.LBB13:
1726:Middlewares/Third_Party/LwIP/src/core/tcp_in.c ****                   if (cseg != NULL) {
 2856              		.loc 1 1726 19 is_stmt 1 view .LVU885
1726:Middlewares/Third_Party/LwIP/src/core/tcp_in.c ****                   if (cseg != NULL) {
 2857              		.loc 1 1726 42 is_stmt 0 view .LVU886
 2858 07a8 0C48     		ldr	r0, .L226+8
 2859 07aa FFF7FEFF 		bl	tcp_seg_copy
 2860              	.LVL199:
1727:Middlewares/Third_Party/LwIP/src/core/tcp_in.c ****                     if (TCP_SEQ_GT(prev->tcphdr->seqno + prev->len, seqno)) {
 2861              		.loc 1 1727 19 is_stmt 1 view .LVU887
1727:Middlewares/Third_Party/LwIP/src/core/tcp_in.c ****                     if (TCP_SEQ_GT(prev->tcphdr->seqno + prev->len, seqno)) {
 2862              		.loc 1 1727 22 is_stmt 0 view .LVU888
 2863 07ae 0746     		mov	r7, r0
 2864 07b0 0028     		cmp	r0, #0
 2865 07b2 CDD0     		beq	.L161
1728:Middlewares/Third_Party/LwIP/src/core/tcp_in.c ****                       /* We need to trim the prev segment. */
 2866              		.loc 1 1728 21 is_stmt 1 view .LVU889
1728:Middlewares/Third_Party/LwIP/src/core/tcp_in.c ****                       /* We need to trim the prev segment. */
 2867              		.loc 1 1728 25 is_stmt 0 view .LVU890
 2868 07b4 F368     		ldr	r3, [r6, #12]
 2869 07b6 5968     		ldr	r1, [r3, #4]	@ unaligned
 2870 07b8 3389     		ldrh	r3, [r6, #8]
 2871 07ba 0B44     		add	r3, r3, r1
 2872 07bc 064A     		ldr	r2, .L226+4
 2873 07be 1268     		ldr	r2, [r2]
 2874 07c0 9B1A     		subs	r3, r3, r2
1728:Middlewares/Third_Party/LwIP/src/core/tcp_in.c ****                       /* We need to trim the prev segment. */
 2875              		.loc 1 1728 24 view .LVU891
 2876 07c2 002B     		cmp	r3, #0
 2877 07c4 24DC     		bgt	.L218
 2878              	.LVL200:
 2879              	.L167:
1733:Middlewares/Third_Party/LwIP/src/core/tcp_in.c ****                     tcp_oos_insert_segment(cseg, next);
 2880              		.loc 1 1733 21 is_stmt 1 view .LVU892
1733:Middlewares/Third_Party/LwIP/src/core/tcp_in.c ****                     tcp_oos_insert_segment(cseg, next);
 2881              		.loc 1 1733 32 is_stmt 0 view .LVU893
 2882 07c6 3760     		str	r7, [r6]
1734:Middlewares/Third_Party/LwIP/src/core/tcp_in.c ****                   }
 2883              		.loc 1 1734 21 is_stmt 1 view .LVU894
 2884 07c8 2946     		mov	r1, r5
 2885 07ca 3846     		mov	r0, r7
 2886 07cc FFF7FEFF 		bl	tcp_oos_insert_segment
 2887              	.LVL201:
ARM GAS  /tmp/ccYvHRO8.s 			page 103


 2888 07d0 BEE7     		b	.L161
 2889              	.L227:
 2890 07d2 00BF     		.align	2
 2891              	.L226:
 2892 07d4 00000000 		.word	.LANCHOR8
 2893 07d8 00000000 		.word	.LANCHOR7
 2894 07dc 00000000 		.word	.LANCHOR11
 2895 07e0 00000000 		.word	.LC0
 2896 07e4 B0000000 		.word	.LC17
 2897 07e8 4C000000 		.word	.LC2
 2898 07ec EC000000 		.word	.LC18
 2899 07f0 0C010000 		.word	.LC19
 2900 07f4 00000000 		.word	.LANCHOR12
 2901 07f8 00000000 		.word	.LANCHOR5
 2902              	.LVL202:
 2903              	.L214:
1734:Middlewares/Third_Party/LwIP/src/core/tcp_in.c ****                   }
 2904              		.loc 1 1734 21 is_stmt 0 view .LVU895
 2905              	.LBE13:
 2906              	.LBB14:
1710:Middlewares/Third_Party/LwIP/src/core/tcp_in.c ****                   if (cseg != NULL) {
 2907              		.loc 1 1710 19 is_stmt 1 view .LVU896
1710:Middlewares/Third_Party/LwIP/src/core/tcp_in.c ****                   if (cseg != NULL) {
 2908              		.loc 1 1710 42 is_stmt 0 view .LVU897
 2909 07fc 4C48     		ldr	r0, .L228
 2910 07fe FFF7FEFF 		bl	tcp_seg_copy
 2911              	.LVL203:
1711:Middlewares/Third_Party/LwIP/src/core/tcp_in.c ****                     pcb->ooseq = cseg;
 2912              		.loc 1 1711 19 is_stmt 1 view .LVU898
1711:Middlewares/Third_Party/LwIP/src/core/tcp_in.c ****                     pcb->ooseq = cseg;
 2913              		.loc 1 1711 22 is_stmt 0 view .LVU899
 2914 0802 0028     		cmp	r0, #0
 2915 0804 A4D0     		beq	.L161
1712:Middlewares/Third_Party/LwIP/src/core/tcp_in.c ****                     tcp_oos_insert_segment(cseg, next);
 2916              		.loc 1 1712 21 is_stmt 1 view .LVU900
1712:Middlewares/Third_Party/LwIP/src/core/tcp_in.c ****                     tcp_oos_insert_segment(cseg, next);
 2917              		.loc 1 1712 32 is_stmt 0 view .LVU901
 2918 0806 6067     		str	r0, [r4, #116]
1713:Middlewares/Third_Party/LwIP/src/core/tcp_in.c ****                   }
 2919              		.loc 1 1713 21 is_stmt 1 view .LVU902
 2920 0808 2946     		mov	r1, r5
 2921 080a FFF7FEFF 		bl	tcp_oos_insert_segment
 2922              	.LVL204:
1713:Middlewares/Third_Party/LwIP/src/core/tcp_in.c ****                   }
 2923              		.loc 1 1713 21 is_stmt 0 view .LVU903
 2924 080e 9FE7     		b	.L161
 2925              	.LVL205:
 2926              	.L218:
1713:Middlewares/Third_Party/LwIP/src/core/tcp_in.c ****                   }
 2927              		.loc 1 1713 21 view .LVU904
 2928              	.LBE14:
 2929              	.LBB15:
1730:Middlewares/Third_Party/LwIP/src/core/tcp_in.c ****                       pbuf_realloc(prev->p, prev->len);
 2930              		.loc 1 1730 23 is_stmt 1 view .LVU905
1730:Middlewares/Third_Party/LwIP/src/core/tcp_in.c ****                       pbuf_realloc(prev->p, prev->len);
 2931              		.loc 1 1730 35 is_stmt 0 view .LVU906
 2932 0810 521A     		subs	r2, r2, r1
ARM GAS  /tmp/ccYvHRO8.s 			page 104


 2933 0812 91B2     		uxth	r1, r2
1730:Middlewares/Third_Party/LwIP/src/core/tcp_in.c ****                       pbuf_realloc(prev->p, prev->len);
 2934              		.loc 1 1730 33 view .LVU907
 2935 0814 3181     		strh	r1, [r6, #8]	@ movhi
1731:Middlewares/Third_Party/LwIP/src/core/tcp_in.c ****                     }
 2936              		.loc 1 1731 23 is_stmt 1 view .LVU908
 2937 0816 7068     		ldr	r0, [r6, #4]
 2938              	.LVL206:
1731:Middlewares/Third_Party/LwIP/src/core/tcp_in.c ****                     }
 2939              		.loc 1 1731 23 is_stmt 0 view .LVU909
 2940 0818 FFF7FEFF 		bl	pbuf_realloc
 2941              	.LVL207:
 2942 081c D3E7     		b	.L167
 2943              	.LVL208:
 2944              	.L215:
1731:Middlewares/Third_Party/LwIP/src/core/tcp_in.c ****                     }
 2945              		.loc 1 1731 23 view .LVU910
 2946              	.LBE15:
1757:Middlewares/Third_Party/LwIP/src/core/tcp_in.c ****                 if (TCPH_FLAGS(next->tcphdr) & TCP_FIN) {
 2947              		.loc 1 1757 19 discriminator 1 view .LVU911
 2948 081e 9A1A     		subs	r2, r3, r2
1756:Middlewares/Third_Party/LwIP/src/core/tcp_in.c ****                   TCP_SEQ_GT(seqno, next->tcphdr->seqno)) {
 2949              		.loc 1 1756 38 discriminator 1 view .LVU912
 2950 0820 002A     		cmp	r2, #0
 2951 0822 01DC     		bgt	.L219
 2952 0824 0D46     		mov	r5, r1
 2953              	.LVL209:
1756:Middlewares/Third_Party/LwIP/src/core/tcp_in.c ****                   TCP_SEQ_GT(seqno, next->tcphdr->seqno)) {
 2954              		.loc 1 1756 38 discriminator 1 view .LVU913
 2955 0826 AEE7     		b	.L160
 2956              	.LVL210:
 2957              	.L219:
1758:Middlewares/Third_Party/LwIP/src/core/tcp_in.c ****                   /* segment "next" already contains all data */
 2958              		.loc 1 1758 17 is_stmt 1 view .LVU914
1758:Middlewares/Third_Party/LwIP/src/core/tcp_in.c ****                   /* segment "next" already contains all data */
 2959              		.loc 1 1758 21 is_stmt 0 view .LVU915
 2960 0828 8089     		ldrh	r0, [r0, #12]	@ unaligned
 2961 082a FFF7FEFF 		bl	lwip_htons
 2962              	.LVL211:
1758:Middlewares/Third_Party/LwIP/src/core/tcp_in.c ****                   /* segment "next" already contains all data */
 2963              		.loc 1 1758 20 view .LVU916
 2964 082e 10F0010F 		tst	r0, #1
 2965 0832 8DD1     		bne	.L161
1762:Middlewares/Third_Party/LwIP/src/core/tcp_in.c ****                 if (next->next != NULL) {
 2966              		.loc 1 1762 17 is_stmt 1 view .LVU917
1762:Middlewares/Third_Party/LwIP/src/core/tcp_in.c ****                 if (next->next != NULL) {
 2967              		.loc 1 1762 30 is_stmt 0 view .LVU918
 2968 0834 3E48     		ldr	r0, .L228
 2969 0836 FFF7FEFF 		bl	tcp_seg_copy
 2970              	.LVL212:
1762:Middlewares/Third_Party/LwIP/src/core/tcp_in.c ****                 if (next->next != NULL) {
 2971              		.loc 1 1762 28 view .LVU919
 2972 083a 2860     		str	r0, [r5]
1763:Middlewares/Third_Party/LwIP/src/core/tcp_in.c ****                   if (TCP_SEQ_GT(next->tcphdr->seqno + next->len, seqno)) {
 2973              		.loc 1 1763 17 is_stmt 1 view .LVU920
1763:Middlewares/Third_Party/LwIP/src/core/tcp_in.c ****                   if (TCP_SEQ_GT(next->tcphdr->seqno + next->len, seqno)) {
 2974              		.loc 1 1763 20 is_stmt 0 view .LVU921
ARM GAS  /tmp/ccYvHRO8.s 			page 105


 2975 083c 0028     		cmp	r0, #0
 2976 083e 87D0     		beq	.L161
1764:Middlewares/Third_Party/LwIP/src/core/tcp_in.c ****                     /* We need to trim the last segment. */
 2977              		.loc 1 1764 19 is_stmt 1 view .LVU922
1764:Middlewares/Third_Party/LwIP/src/core/tcp_in.c ****                     /* We need to trim the last segment. */
 2978              		.loc 1 1764 23 is_stmt 0 view .LVU923
 2979 0840 EB68     		ldr	r3, [r5, #12]
 2980 0842 5968     		ldr	r1, [r3, #4]	@ unaligned
 2981 0844 2A89     		ldrh	r2, [r5, #8]
 2982 0846 0A44     		add	r2, r2, r1
 2983 0848 3A4B     		ldr	r3, .L228+4
 2984 084a 1B68     		ldr	r3, [r3]
 2985 084c D21A     		subs	r2, r2, r3
1764:Middlewares/Third_Party/LwIP/src/core/tcp_in.c ****                     /* We need to trim the last segment. */
 2986              		.loc 1 1764 22 view .LVU924
 2987 084e 002A     		cmp	r2, #0
 2988 0850 40DC     		bgt	.L220
 2989              	.L168:
1770:Middlewares/Third_Party/LwIP/src/core/tcp_in.c ****                     LWIP_DEBUGF(TCP_INPUT_DEBUG,
 2990              		.loc 1 1770 19 is_stmt 1 view .LVU925
1770:Middlewares/Third_Party/LwIP/src/core/tcp_in.c ****                     LWIP_DEBUGF(TCP_INPUT_DEBUG,
 2991              		.loc 1 1770 23 is_stmt 0 view .LVU926
 2992 0852 394B     		ldr	r3, .L228+8
 2993 0854 1B88     		ldrh	r3, [r3]
 2994 0856 374A     		ldr	r2, .L228+4
 2995 0858 1268     		ldr	r2, [r2]
 2996 085a 1344     		add	r3, r3, r2
 2997 085c 626A     		ldr	r2, [r4, #36]
 2998 085e 218D     		ldrh	r1, [r4, #40]
 2999 0860 0A44     		add	r2, r2, r1
 3000 0862 9B1A     		subs	r3, r3, r2
1770:Middlewares/Third_Party/LwIP/src/core/tcp_in.c ****                     LWIP_DEBUGF(TCP_INPUT_DEBUG,
 3001              		.loc 1 1770 22 view .LVU927
 3002 0864 002B     		cmp	r3, #0
 3003 0866 7FF773AF 		ble	.L161
1774:Middlewares/Third_Party/LwIP/src/core/tcp_in.c ****                     if (TCPH_FLAGS(next->next->tcphdr) & TCP_FIN) {
 3004              		.loc 1 1774 78 is_stmt 1 view .LVU928
1775:Middlewares/Third_Party/LwIP/src/core/tcp_in.c ****                       /* Must remove the FIN from the header as we're trimming
 3005              		.loc 1 1775 21 view .LVU929
1775:Middlewares/Third_Party/LwIP/src/core/tcp_in.c ****                       /* Must remove the FIN from the header as we're trimming
 3006              		.loc 1 1775 25 is_stmt 0 view .LVU930
 3007 086a 2B68     		ldr	r3, [r5]
 3008 086c DB68     		ldr	r3, [r3, #12]
 3009 086e 9889     		ldrh	r0, [r3, #12]	@ unaligned
 3010 0870 FFF7FEFF 		bl	lwip_htons
 3011              	.LVL213:
1775:Middlewares/Third_Party/LwIP/src/core/tcp_in.c ****                       /* Must remove the FIN from the header as we're trimming
 3012              		.loc 1 1775 24 view .LVU931
 3013 0874 10F0010F 		tst	r0, #1
 3014 0878 33D1     		bne	.L221
 3015              	.L169:
1781:Middlewares/Third_Party/LwIP/src/core/tcp_in.c ****                     pbuf_realloc(next->next->p, next->next->len);
 3016              		.loc 1 1781 21 is_stmt 1 view .LVU932
1781:Middlewares/Third_Party/LwIP/src/core/tcp_in.c ****                     pbuf_realloc(next->next->p, next->next->len);
 3017              		.loc 1 1781 50 is_stmt 0 view .LVU933
 3018 087a 626A     		ldr	r2, [r4, #36]
1781:Middlewares/Third_Party/LwIP/src/core/tcp_in.c ****                     pbuf_realloc(next->next->p, next->next->len);
ARM GAS  /tmp/ccYvHRO8.s 			page 106


 3019              		.loc 1 1781 65 view .LVU934
 3020 087c 238D     		ldrh	r3, [r4, #40]
1781:Middlewares/Third_Party/LwIP/src/core/tcp_in.c ****                     pbuf_realloc(next->next->p, next->next->len);
 3021              		.loc 1 1781 60 view .LVU935
 3022 087e 1344     		add	r3, r3, r2
 3023 0880 9BB2     		uxth	r3, r3
1781:Middlewares/Third_Party/LwIP/src/core/tcp_in.c ****                     pbuf_realloc(next->next->p, next->next->len);
 3024              		.loc 1 1781 25 view .LVU936
 3025 0882 2A68     		ldr	r2, [r5]
1781:Middlewares/Third_Party/LwIP/src/core/tcp_in.c ****                     pbuf_realloc(next->next->p, next->next->len);
 3026              		.loc 1 1781 39 view .LVU937
 3027 0884 2B49     		ldr	r1, .L228+4
 3028 0886 0968     		ldr	r1, [r1]
 3029 0888 5B1A     		subs	r3, r3, r1
1781:Middlewares/Third_Party/LwIP/src/core/tcp_in.c ****                     pbuf_realloc(next->next->p, next->next->len);
 3030              		.loc 1 1781 37 view .LVU938
 3031 088a 1381     		strh	r3, [r2, #8]	@ movhi
1782:Middlewares/Third_Party/LwIP/src/core/tcp_in.c ****                     tcplen = TCP_TCPLEN(next->next);
 3032              		.loc 1 1782 21 is_stmt 1 view .LVU939
1782:Middlewares/Third_Party/LwIP/src/core/tcp_in.c ****                     tcplen = TCP_TCPLEN(next->next);
 3033              		.loc 1 1782 38 is_stmt 0 view .LVU940
 3034 088c 2B68     		ldr	r3, [r5]
1782:Middlewares/Third_Party/LwIP/src/core/tcp_in.c ****                     tcplen = TCP_TCPLEN(next->next);
 3035              		.loc 1 1782 21 view .LVU941
 3036 088e 1989     		ldrh	r1, [r3, #8]
 3037 0890 5868     		ldr	r0, [r3, #4]
 3038 0892 FFF7FEFF 		bl	pbuf_realloc
 3039              	.LVL214:
1783:Middlewares/Third_Party/LwIP/src/core/tcp_in.c ****                     LWIP_ASSERT("tcp_receive: segment not trimmed correctly to rcv_wnd\n",
 3040              		.loc 1 1783 21 is_stmt 1 view .LVU942
1783:Middlewares/Third_Party/LwIP/src/core/tcp_in.c ****                     LWIP_ASSERT("tcp_receive: segment not trimmed correctly to rcv_wnd\n",
 3041              		.loc 1 1783 30 is_stmt 0 view .LVU943
 3042 0896 2B68     		ldr	r3, [r5]
 3043 0898 1D89     		ldrh	r5, [r3, #8]
 3044              	.LVL215:
1783:Middlewares/Third_Party/LwIP/src/core/tcp_in.c ****                     LWIP_ASSERT("tcp_receive: segment not trimmed correctly to rcv_wnd\n",
 3045              		.loc 1 1783 30 view .LVU944
 3046 089a DB68     		ldr	r3, [r3, #12]
 3047 089c 9889     		ldrh	r0, [r3, #12]	@ unaligned
 3048 089e FFF7FEFF 		bl	lwip_htons
 3049              	.LVL216:
 3050 08a2 10F0030F 		tst	r0, #3
 3051 08a6 2FD0     		beq	.L184
 3052 08a8 0123     		movs	r3, #1
 3053              	.L170:
1783:Middlewares/Third_Party/LwIP/src/core/tcp_in.c ****                     LWIP_ASSERT("tcp_receive: segment not trimmed correctly to rcv_wnd\n",
 3054              		.loc 1 1783 30 discriminator 4 view .LVU945
 3055 08aa 2B44     		add	r3, r3, r5
 3056 08ac 9BB2     		uxth	r3, r3
1783:Middlewares/Third_Party/LwIP/src/core/tcp_in.c ****                     LWIP_ASSERT("tcp_receive: segment not trimmed correctly to rcv_wnd\n",
 3057              		.loc 1 1783 28 discriminator 4 view .LVU946
 3058 08ae 224A     		ldr	r2, .L228+8
 3059 08b0 1380     		strh	r3, [r2]	@ movhi
1784:Middlewares/Third_Party/LwIP/src/core/tcp_in.c ****                                 (seqno + tcplen) == (pcb->rcv_nxt + pcb->rcv_wnd));
 3060              		.loc 1 1784 21 is_stmt 1 discriminator 4 view .LVU947
1784:Middlewares/Third_Party/LwIP/src/core/tcp_in.c ****                                 (seqno + tcplen) == (pcb->rcv_nxt + pcb->rcv_wnd));
 3061              		.loc 1 1784 21 discriminator 4 view .LVU948
ARM GAS  /tmp/ccYvHRO8.s 			page 107


 3062 08b2 204A     		ldr	r2, .L228+4
 3063 08b4 1268     		ldr	r2, [r2]
 3064 08b6 1344     		add	r3, r3, r2
 3065 08b8 626A     		ldr	r2, [r4, #36]
 3066 08ba 218D     		ldrh	r1, [r4, #40]
 3067 08bc 0A44     		add	r2, r2, r1
 3068 08be 9342     		cmp	r3, r2
 3069 08c0 3FF446AF 		beq	.L161
1784:Middlewares/Third_Party/LwIP/src/core/tcp_in.c ****                                 (seqno + tcplen) == (pcb->rcv_nxt + pcb->rcv_wnd));
 3070              		.loc 1 1784 21 discriminator 1 view .LVU949
1784:Middlewares/Third_Party/LwIP/src/core/tcp_in.c ****                                 (seqno + tcplen) == (pcb->rcv_nxt + pcb->rcv_wnd));
 3071              		.loc 1 1784 21 discriminator 1 view .LVU950
 3072 08c4 1D4B     		ldr	r3, .L228+12
 3073 08c6 4FF4DF62 		mov	r2, #1784
 3074 08ca 1D49     		ldr	r1, .L228+16
 3075 08cc 1D48     		ldr	r0, .L228+20
 3076 08ce FFF7FEFF 		bl	printf
 3077              	.LVL217:
 3078 08d2 3DE7     		b	.L161
 3079              	.LVL218:
 3080              	.L220:
1766:Middlewares/Third_Party/LwIP/src/core/tcp_in.c ****                     pbuf_realloc(next->p, next->len);
 3081              		.loc 1 1766 21 view .LVU951
1766:Middlewares/Third_Party/LwIP/src/core/tcp_in.c ****                     pbuf_realloc(next->p, next->len);
 3082              		.loc 1 1766 33 is_stmt 0 view .LVU952
 3083 08d4 5B1A     		subs	r3, r3, r1
 3084 08d6 99B2     		uxth	r1, r3
1766:Middlewares/Third_Party/LwIP/src/core/tcp_in.c ****                     pbuf_realloc(next->p, next->len);
 3085              		.loc 1 1766 31 view .LVU953
 3086 08d8 2981     		strh	r1, [r5, #8]	@ movhi
1767:Middlewares/Third_Party/LwIP/src/core/tcp_in.c ****                   }
 3087              		.loc 1 1767 21 is_stmt 1 view .LVU954
 3088 08da 6868     		ldr	r0, [r5, #4]
 3089 08dc FFF7FEFF 		bl	pbuf_realloc
 3090              	.LVL219:
 3091 08e0 B7E7     		b	.L168
 3092              	.L221:
1778:Middlewares/Third_Party/LwIP/src/core/tcp_in.c ****                     }
 3093              		.loc 1 1778 23 view .LVU955
 3094 08e2 2B68     		ldr	r3, [r5]
 3095 08e4 DB68     		ldr	r3, [r3, #12]
 3096 08e6 9889     		ldrh	r0, [r3, #12]	@ unaligned
 3097 08e8 06B2     		sxth	r6, r0
 3098 08ea 26F47C56 		bic	r6, r6, #16128
 3099 08ee 80B2     		uxth	r0, r0
 3100 08f0 FFF7FEFF 		bl	lwip_htons
 3101              	.LVL220:
 3102 08f4 00F03E00 		and	r0, r0, #62
 3103 08f8 FFF7FEFF 		bl	lwip_htons
 3104              	.LVL221:
 3105 08fc 03B2     		sxth	r3, r0
 3106 08fe 2A68     		ldr	r2, [r5]
 3107 0900 D268     		ldr	r2, [r2, #12]
 3108 0902 1E43     		orrs	r6, r6, r3
 3109 0904 9681     		strh	r6, [r2, #12]	@ unaligned
 3110 0906 B8E7     		b	.L169
 3111              	.LVL222:
ARM GAS  /tmp/ccYvHRO8.s 			page 108


 3112              	.L184:
1783:Middlewares/Third_Party/LwIP/src/core/tcp_in.c ****                     LWIP_ASSERT("tcp_receive: segment not trimmed correctly to rcv_wnd\n",
 3113              		.loc 1 1783 30 is_stmt 0 view .LVU956
 3114 0908 0023     		movs	r3, #0
 3115 090a CEE7     		b	.L170
 3116              	.L117:
1783:Middlewares/Third_Party/LwIP/src/core/tcp_in.c ****                     LWIP_ASSERT("tcp_receive: segment not trimmed correctly to rcv_wnd\n",
 3117              		.loc 1 1783 30 view .LVU957
 3118              	.LBE24:
1881:Middlewares/Third_Party/LwIP/src/core/tcp_in.c ****       tcp_ack_now(pcb);
 3119              		.loc 1 1881 5 is_stmt 1 view .LVU958
1881:Middlewares/Third_Party/LwIP/src/core/tcp_in.c ****       tcp_ack_now(pcb);
 3120              		.loc 1 1881 10 is_stmt 0 view .LVU959
 3121 090c 094B     		ldr	r3, .L228+4
 3122 090e 1B68     		ldr	r3, [r3]
 3123 0910 626A     		ldr	r2, [r4, #36]
 3124 0912 991A     		subs	r1, r3, r2
1881:Middlewares/Third_Party/LwIP/src/core/tcp_in.c ****       tcp_ack_now(pcb);
 3125              		.loc 1 1881 8 view .LVU960
 3126 0914 0029     		cmp	r1, #0
 3127 0916 05DB     		blt	.L172
1881:Middlewares/Third_Party/LwIP/src/core/tcp_in.c ****       tcp_ack_now(pcb);
 3128              		.loc 1 1881 10 discriminator 1 view .LVU961
 3129 0918 218D     		ldrh	r1, [r4, #40]
 3130 091a 0A44     		add	r2, r2, r1
 3131 091c 9B1A     		subs	r3, r3, r2
 3132 091e 0133     		adds	r3, r3, #1
1881:Middlewares/Third_Party/LwIP/src/core/tcp_in.c ****       tcp_ack_now(pcb);
 3133              		.loc 1 1881 9 discriminator 1 view .LVU962
 3134 0920 002B     		cmp	r3, #0
 3135 0922 03DD     		ble	.L88
 3136              	.L172:
1882:Middlewares/Third_Party/LwIP/src/core/tcp_in.c ****     }
 3137              		.loc 1 1882 7 is_stmt 1 view .LVU963
1882:Middlewares/Third_Party/LwIP/src/core/tcp_in.c ****     }
 3138              		.loc 1 1882 7 view .LVU964
 3139 0924 638B     		ldrh	r3, [r4, #26]
 3140 0926 43F00203 		orr	r3, r3, #2
 3141 092a 6383     		strh	r3, [r4, #26]	@ movhi
1882:Middlewares/Third_Party/LwIP/src/core/tcp_in.c ****     }
 3142              		.loc 1 1882 7 view .LVU965
 3143              	.L88:
1885:Middlewares/Third_Party/LwIP/src/core/tcp_in.c **** 
 3144              		.loc 1 1885 1 is_stmt 0 view .LVU966
 3145 092c F8BD     		pop	{r3, r4, r5, r6, r7, pc}
 3146              	.LVL223:
 3147              	.L229:
1885:Middlewares/Third_Party/LwIP/src/core/tcp_in.c **** 
 3148              		.loc 1 1885 1 view .LVU967
 3149 092e 00BF     		.align	2
 3150              	.L228:
 3151 0930 00000000 		.word	.LANCHOR11
 3152 0934 00000000 		.word	.LANCHOR7
 3153 0938 00000000 		.word	.LANCHOR8
 3154 093c 00000000 		.word	.LC0
 3155 0940 78000000 		.word	.LC16
 3156 0944 4C000000 		.word	.LC2
ARM GAS  /tmp/ccYvHRO8.s 			page 109


 3157              		.cfi_endproc
 3158              	.LFE176:
 3160              		.section	.rodata.tcp_process.str1.4,"aMS",%progbits,1
 3161              		.align	2
 3162              	.LC20:
 3163 0000 7463705F 		.ascii	"tcp_process: invalid pcb\000"
 3163      70726F63 
 3163      6573733A 
 3163      20696E76 
 3163      616C6964 
 3164 0019 000000   		.align	2
 3165              	.LC21:
 3166 001c 7463705F 		.ascii	"tcp_input: pcb->state != CLOSED\000"
 3166      696E7075 
 3166      743A2070 
 3166      63622D3E 
 3166      73746174 
 3167              		.align	2
 3168              	.LC22:
 3169 003c 7063622D 		.ascii	"pcb->snd_queuelen > 0\000"
 3169      3E736E64 
 3169      5F717565 
 3169      75656C65 
 3169      6E203E20 
 3170 0052 0000     		.align	2
 3171              	.LC23:
 3172 0054 6E6F2073 		.ascii	"no segment to free\000"
 3172      65676D65 
 3172      6E742074 
 3172      6F206672 
 3172      656500
 3173 0067 00       		.align	2
 3174              	.LC24:
 3175 0068 7063622D 		.ascii	"pcb->listener->accept != NULL\000"
 3175      3E6C6973 
 3175      74656E65 
 3175      722D3E61 
 3175      63636570 
 3176              		.section	.text.tcp_process,"ax",%progbits
 3177              		.align	1
 3178              		.syntax unified
 3179              		.thumb
 3180              		.thumb_func
 3181              		.fpu fpv5-d16
 3183              	tcp_process:
 3184              	.LVL224:
 3185              	.LFB173:
 789:Middlewares/Third_Party/LwIP/src/core/tcp_in.c ****   struct tcp_seg *rseg;
 3186              		.loc 1 789 1 is_stmt 1 view -0
 3187              		.cfi_startproc
 3188              		@ args = 0, pretend = 0, frame = 0
 3189              		@ frame_needed = 0, uses_anonymous_args = 0
 789:Middlewares/Third_Party/LwIP/src/core/tcp_in.c ****   struct tcp_seg *rseg;
 3190              		.loc 1 789 1 is_stmt 0 view .LVU969
 3191 0000 70B5     		push	{r4, r5, r6, lr}
 3192              	.LCFI15:
 3193              		.cfi_def_cfa_offset 16
ARM GAS  /tmp/ccYvHRO8.s 			page 110


 3194              		.cfi_offset 4, -16
 3195              		.cfi_offset 5, -12
 3196              		.cfi_offset 6, -8
 3197              		.cfi_offset 14, -4
 3198 0002 84B0     		sub	sp, sp, #16
 3199              	.LCFI16:
 3200              		.cfi_def_cfa_offset 32
 790:Middlewares/Third_Party/LwIP/src/core/tcp_in.c ****   u8_t acceptable = 0;
 3201              		.loc 1 790 3 is_stmt 1 view .LVU970
 791:Middlewares/Third_Party/LwIP/src/core/tcp_in.c ****   err_t err;
 3202              		.loc 1 791 3 view .LVU971
 3203              	.LVL225:
 792:Middlewares/Third_Party/LwIP/src/core/tcp_in.c **** 
 3204              		.loc 1 792 3 view .LVU972
 794:Middlewares/Third_Party/LwIP/src/core/tcp_in.c **** 
 3205              		.loc 1 794 3 view .LVU973
 796:Middlewares/Third_Party/LwIP/src/core/tcp_in.c **** 
 3206              		.loc 1 796 3 view .LVU974
 796:Middlewares/Third_Party/LwIP/src/core/tcp_in.c **** 
 3207              		.loc 1 796 3 view .LVU975
 3208 0004 0446     		mov	r4, r0
 3209 0006 C8B1     		cbz	r0, .L302
 3210              	.LVL226:
 3211              	.L231:
 796:Middlewares/Third_Party/LwIP/src/core/tcp_in.c **** 
 3212              		.loc 1 796 3 discriminator 3 view .LVU976
 796:Middlewares/Third_Party/LwIP/src/core/tcp_in.c **** 
 3213              		.loc 1 796 3 discriminator 3 view .LVU977
 799:Middlewares/Third_Party/LwIP/src/core/tcp_in.c ****     /* First, determine if the reset is acceptable. */
 3214              		.loc 1 799 3 discriminator 3 view .LVU978
 799:Middlewares/Third_Party/LwIP/src/core/tcp_in.c ****     /* First, determine if the reset is acceptable. */
 3215              		.loc 1 799 13 is_stmt 0 discriminator 3 view .LVU979
 3216 0008 994B     		ldr	r3, .L331
 3217 000a 1B78     		ldrb	r3, [r3]	@ zero_extendqisi2
 799:Middlewares/Third_Party/LwIP/src/core/tcp_in.c ****     /* First, determine if the reset is acceptable. */
 3218              		.loc 1 799 6 discriminator 3 view .LVU980
 3219 000c 13F0040F 		tst	r3, #4
 3220 0010 3AD0     		beq	.L232
 801:Middlewares/Third_Party/LwIP/src/core/tcp_in.c ****       /* "In the SYN-SENT state (a RST received in response to an initial SYN),
 3221              		.loc 1 801 5 is_stmt 1 view .LVU981
 801:Middlewares/Third_Party/LwIP/src/core/tcp_in.c ****       /* "In the SYN-SENT state (a RST received in response to an initial SYN),
 3222              		.loc 1 801 12 is_stmt 0 view .LVU982
 3223 0012 217D     		ldrb	r1, [r4, #20]	@ zero_extendqisi2
 801:Middlewares/Third_Party/LwIP/src/core/tcp_in.c ****       /* "In the SYN-SENT state (a RST received in response to an initial SYN),
 3224              		.loc 1 801 8 view .LVU983
 3225 0014 0229     		cmp	r1, #2
 3226 0016 19D0     		beq	.L303
 810:Middlewares/Third_Party/LwIP/src/core/tcp_in.c ****         acceptable = 1;
 3227              		.loc 1 810 7 is_stmt 1 view .LVU984
 810:Middlewares/Third_Party/LwIP/src/core/tcp_in.c ****         acceptable = 1;
 3228              		.loc 1 810 23 is_stmt 0 view .LVU985
 3229 0018 626A     		ldr	r2, [r4, #36]
 810:Middlewares/Third_Party/LwIP/src/core/tcp_in.c ****         acceptable = 1;
 3230              		.loc 1 810 17 view .LVU986
 3231 001a 964B     		ldr	r3, .L331+4
 3232 001c 1B68     		ldr	r3, [r3]
 810:Middlewares/Third_Party/LwIP/src/core/tcp_in.c ****         acceptable = 1;
ARM GAS  /tmp/ccYvHRO8.s 			page 111


 3233              		.loc 1 810 10 view .LVU987
 3234 001e 9A42     		cmp	r2, r3
 3235 0020 1DD0     		beq	.L234
 812:Middlewares/Third_Party/LwIP/src/core/tcp_in.c ****                                   pcb->rcv_nxt + pcb->rcv_wnd)) {
 3236              		.loc 1 812 15 is_stmt 1 view .LVU988
 812:Middlewares/Third_Party/LwIP/src/core/tcp_in.c ****                                   pcb->rcv_nxt + pcb->rcv_wnd)) {
 3237              		.loc 1 812 19 is_stmt 0 view .LVU989
 3238 0022 991A     		subs	r1, r3, r2
 812:Middlewares/Third_Party/LwIP/src/core/tcp_in.c ****                                   pcb->rcv_nxt + pcb->rcv_wnd)) {
 3239              		.loc 1 812 18 view .LVU990
 3240 0024 0029     		cmp	r1, #0
 3241 0026 16DB     		blt	.L235
 812:Middlewares/Third_Party/LwIP/src/core/tcp_in.c ****                                   pcb->rcv_nxt + pcb->rcv_wnd)) {
 3242              		.loc 1 812 19 discriminator 1 view .LVU991
 3243 0028 218D     		ldrh	r1, [r4, #40]
 3244 002a 0A44     		add	r2, r2, r1
 3245 002c 9B1A     		subs	r3, r3, r2
 3246 002e 002B     		cmp	r3, #0
 3247 0030 11DC     		bgt	.L235
 818:Middlewares/Third_Party/LwIP/src/core/tcp_in.c ****       }
 3248              		.loc 1 818 9 is_stmt 1 view .LVU992
 818:Middlewares/Third_Party/LwIP/src/core/tcp_in.c ****       }
 3249              		.loc 1 818 9 view .LVU993
 3250 0032 638B     		ldrh	r3, [r4, #26]
 3251 0034 43F00203 		orr	r3, r3, #2
 3252 0038 6383     		strh	r3, [r4, #26]	@ movhi
 818:Middlewares/Third_Party/LwIP/src/core/tcp_in.c ****       }
 3253              		.loc 1 818 9 view .LVU994
 822:Middlewares/Third_Party/LwIP/src/core/tcp_in.c ****       LWIP_DEBUGF(TCP_INPUT_DEBUG, ("tcp_process: Connection RESET\n"));
 3254              		.loc 1 822 5 view .LVU995
 3255 003a 0CE0     		b	.L235
 3256              	.LVL227:
 3257              	.L302:
 796:Middlewares/Third_Party/LwIP/src/core/tcp_in.c **** 
 3258              		.loc 1 796 3 discriminator 1 view .LVU996
 796:Middlewares/Third_Party/LwIP/src/core/tcp_in.c **** 
 3259              		.loc 1 796 3 discriminator 1 view .LVU997
 3260 003c 8E4B     		ldr	r3, .L331+8
 3261 003e 4FF44772 		mov	r2, #796
 3262 0042 8E49     		ldr	r1, .L331+12
 3263 0044 8E48     		ldr	r0, .L331+16
 3264              	.LVL228:
 796:Middlewares/Third_Party/LwIP/src/core/tcp_in.c **** 
 3265              		.loc 1 796 3 is_stmt 0 discriminator 1 view .LVU998
 3266 0046 FFF7FEFF 		bl	printf
 3267              	.LVL229:
 3268 004a DDE7     		b	.L231
 3269              	.L303:
 804:Middlewares/Third_Party/LwIP/src/core/tcp_in.c ****         acceptable = 1;
 3270              		.loc 1 804 7 is_stmt 1 view .LVU999
 804:Middlewares/Third_Party/LwIP/src/core/tcp_in.c ****         acceptable = 1;
 3271              		.loc 1 804 23 is_stmt 0 view .LVU1000
 3272 004c 226D     		ldr	r2, [r4, #80]
 804:Middlewares/Third_Party/LwIP/src/core/tcp_in.c ****         acceptable = 1;
 3273              		.loc 1 804 17 view .LVU1001
 3274 004e 8D4B     		ldr	r3, .L331+20
 3275 0050 1B68     		ldr	r3, [r3]
ARM GAS  /tmp/ccYvHRO8.s 			page 112


 804:Middlewares/Third_Party/LwIP/src/core/tcp_in.c ****         acceptable = 1;
 3276              		.loc 1 804 10 view .LVU1002
 3277 0052 9A42     		cmp	r2, r3
 3278 0054 03D0     		beq	.L234
 3279              	.L235:
 3280              	.LVL230:
 830:Middlewares/Third_Party/LwIP/src/core/tcp_in.c ****       LWIP_DEBUGF(TCP_DEBUG, ("tcp_process: unacceptable reset seqno %"U32_F" rcv_nxt %"U32_F"\n",
 3281              		.loc 1 830 58 is_stmt 1 view .LVU1003
 832:Middlewares/Third_Party/LwIP/src/core/tcp_in.c ****       return ERR_OK;
 3282              		.loc 1 832 52 view .LVU1004
 833:Middlewares/Third_Party/LwIP/src/core/tcp_in.c ****     }
 3283              		.loc 1 833 7 view .LVU1005
 833:Middlewares/Third_Party/LwIP/src/core/tcp_in.c ****     }
 3284              		.loc 1 833 14 is_stmt 0 view .LVU1006
 3285 0056 0025     		movs	r5, #0
 3286              	.LVL231:
 3287              	.L237:
1042:Middlewares/Third_Party/LwIP/src/core/tcp_in.c **** 
 3288              		.loc 1 1042 1 view .LVU1007
 3289 0058 2846     		mov	r0, r5
 3290 005a 04B0     		add	sp, sp, #16
 3291              	.LCFI17:
 3292              		.cfi_remember_state
 3293              		.cfi_def_cfa_offset 16
 3294              		@ sp needed
 3295 005c 70BD     		pop	{r4, r5, r6, pc}
 3296              	.LVL232:
 3297              	.L234:
 3298              	.LCFI18:
 3299              		.cfi_restore_state
 823:Middlewares/Third_Party/LwIP/src/core/tcp_in.c ****       LWIP_ASSERT("tcp_input: pcb->state != CLOSED", pcb->state != CLOSED);
 3300              		.loc 1 823 72 is_stmt 1 view .LVU1008
 824:Middlewares/Third_Party/LwIP/src/core/tcp_in.c ****       recv_flags |= TF_RESET;
 3301              		.loc 1 824 7 view .LVU1009
 824:Middlewares/Third_Party/LwIP/src/core/tcp_in.c ****       recv_flags |= TF_RESET;
 3302              		.loc 1 824 7 view .LVU1010
 3303 005e 59B1     		cbz	r1, .L304
 3304              	.L236:
 824:Middlewares/Third_Party/LwIP/src/core/tcp_in.c ****       recv_flags |= TF_RESET;
 3305              		.loc 1 824 7 discriminator 3 view .LVU1011
 824:Middlewares/Third_Party/LwIP/src/core/tcp_in.c ****       recv_flags |= TF_RESET;
 3306              		.loc 1 824 7 discriminator 3 view .LVU1012
 825:Middlewares/Third_Party/LwIP/src/core/tcp_in.c ****       tcp_clear_flags(pcb, TF_ACK_DELAY);
 3307              		.loc 1 825 7 discriminator 3 view .LVU1013
 825:Middlewares/Third_Party/LwIP/src/core/tcp_in.c ****       tcp_clear_flags(pcb, TF_ACK_DELAY);
 3308              		.loc 1 825 18 is_stmt 0 discriminator 3 view .LVU1014
 3309 0060 894A     		ldr	r2, .L331+24
 3310 0062 1378     		ldrb	r3, [r2]	@ zero_extendqisi2
 3311 0064 43F00803 		orr	r3, r3, #8
 3312 0068 1370     		strb	r3, [r2]
 826:Middlewares/Third_Party/LwIP/src/core/tcp_in.c ****       return ERR_RST;
 3313              		.loc 1 826 7 is_stmt 1 discriminator 3 view .LVU1015
 826:Middlewares/Third_Party/LwIP/src/core/tcp_in.c ****       return ERR_RST;
 3314              		.loc 1 826 7 discriminator 3 view .LVU1016
 3315 006a 638B     		ldrh	r3, [r4, #26]
 3316 006c 23F00103 		bic	r3, r3, #1
 3317 0070 6383     		strh	r3, [r4, #26]	@ movhi
ARM GAS  /tmp/ccYvHRO8.s 			page 113


 826:Middlewares/Third_Party/LwIP/src/core/tcp_in.c ****       return ERR_RST;
 3318              		.loc 1 826 7 discriminator 3 view .LVU1017
 827:Middlewares/Third_Party/LwIP/src/core/tcp_in.c ****     } else {
 3319              		.loc 1 827 7 discriminator 3 view .LVU1018
 827:Middlewares/Third_Party/LwIP/src/core/tcp_in.c ****     } else {
 3320              		.loc 1 827 14 is_stmt 0 discriminator 3 view .LVU1019
 3321 0072 6FF00D05 		mvn	r5, #13
 3322 0076 EFE7     		b	.L237
 3323              	.L304:
 824:Middlewares/Third_Party/LwIP/src/core/tcp_in.c ****       recv_flags |= TF_RESET;
 3324              		.loc 1 824 7 is_stmt 1 discriminator 1 view .LVU1020
 824:Middlewares/Third_Party/LwIP/src/core/tcp_in.c ****       recv_flags |= TF_RESET;
 3325              		.loc 1 824 7 discriminator 1 view .LVU1021
 3326 0078 7F4B     		ldr	r3, .L331+8
 3327 007a 4FF44E72 		mov	r2, #824
 3328 007e 8349     		ldr	r1, .L331+28
 3329 0080 7F48     		ldr	r0, .L331+16
 3330 0082 FFF7FEFF 		bl	printf
 3331              	.LVL233:
 3332 0086 EBE7     		b	.L236
 3333              	.LVL234:
 3334              	.L232:
 837:Middlewares/Third_Party/LwIP/src/core/tcp_in.c ****     /* Cope with new connection attempt after remote end crashed */
 3335              		.loc 1 837 3 view .LVU1022
 837:Middlewares/Third_Party/LwIP/src/core/tcp_in.c ****     /* Cope with new connection attempt after remote end crashed */
 3336              		.loc 1 837 6 is_stmt 0 view .LVU1023
 3337 0088 13F0020F 		tst	r3, #2
 3338 008c 04D0     		beq	.L238
 837:Middlewares/Third_Party/LwIP/src/core/tcp_in.c ****     /* Cope with new connection attempt after remote end crashed */
 3339              		.loc 1 837 32 discriminator 1 view .LVU1024
 3340 008e 237D     		ldrb	r3, [r4, #20]	@ zero_extendqisi2
 837:Middlewares/Third_Party/LwIP/src/core/tcp_in.c ****     /* Cope with new connection attempt after remote end crashed */
 3341              		.loc 1 837 52 discriminator 1 view .LVU1025
 3342 0090 023B     		subs	r3, r3, #2
 3343 0092 DBB2     		uxtb	r3, r3
 837:Middlewares/Third_Party/LwIP/src/core/tcp_in.c ****     /* Cope with new connection attempt after remote end crashed */
 3344              		.loc 1 837 25 discriminator 1 view .LVU1026
 3345 0094 012B     		cmp	r3, #1
 3346 0096 1DD8     		bhi	.L305
 3347              	.L238:
 843:Middlewares/Third_Party/LwIP/src/core/tcp_in.c ****     /* Update the PCB (in)activity timer unless rx is closed (see tcp_shutdown) */
 3348              		.loc 1 843 3 is_stmt 1 view .LVU1027
 843:Middlewares/Third_Party/LwIP/src/core/tcp_in.c ****     /* Update the PCB (in)activity timer unless rx is closed (see tcp_shutdown) */
 3349              		.loc 1 843 11 is_stmt 0 view .LVU1028
 3350 0098 638B     		ldrh	r3, [r4, #26]
 843:Middlewares/Third_Party/LwIP/src/core/tcp_in.c ****     /* Update the PCB (in)activity timer unless rx is closed (see tcp_shutdown) */
 3351              		.loc 1 843 6 view .LVU1029
 3352 009a 13F0100F 		tst	r3, #16
 3353 009e 02D1     		bne	.L239
 845:Middlewares/Third_Party/LwIP/src/core/tcp_in.c ****   }
 3354              		.loc 1 845 5 is_stmt 1 view .LVU1030
 845:Middlewares/Third_Party/LwIP/src/core/tcp_in.c ****   }
 3355              		.loc 1 845 14 is_stmt 0 view .LVU1031
 3356 00a0 7B4B     		ldr	r3, .L331+32
 3357 00a2 1B68     		ldr	r3, [r3]
 3358 00a4 2362     		str	r3, [r4, #32]
 3359              	.L239:
ARM GAS  /tmp/ccYvHRO8.s 			page 114


 847:Middlewares/Third_Party/LwIP/src/core/tcp_in.c ****   pcb->persist_probe = 0;
 3360              		.loc 1 847 3 is_stmt 1 view .LVU1032
 847:Middlewares/Third_Party/LwIP/src/core/tcp_in.c ****   pcb->persist_probe = 0;
 3361              		.loc 1 847 22 is_stmt 0 view .LVU1033
 3362 00a6 0023     		movs	r3, #0
 3363 00a8 84F89B30 		strb	r3, [r4, #155]
 848:Middlewares/Third_Party/LwIP/src/core/tcp_in.c **** 
 3364              		.loc 1 848 3 is_stmt 1 view .LVU1034
 848:Middlewares/Third_Party/LwIP/src/core/tcp_in.c **** 
 3365              		.loc 1 848 22 is_stmt 0 view .LVU1035
 3366 00ac 84F89A30 		strb	r3, [r4, #154]
 850:Middlewares/Third_Party/LwIP/src/core/tcp_in.c **** 
 3367              		.loc 1 850 3 is_stmt 1 view .LVU1036
 3368 00b0 2046     		mov	r0, r4
 3369 00b2 FFF7FEFF 		bl	tcp_parseopt
 3370              	.LVL235:
 853:Middlewares/Third_Party/LwIP/src/core/tcp_in.c ****     case SYN_SENT:
 3371              		.loc 1 853 3 view .LVU1037
 853:Middlewares/Third_Party/LwIP/src/core/tcp_in.c ****     case SYN_SENT:
 3372              		.loc 1 853 14 is_stmt 0 view .LVU1038
 3373 00b6 237D     		ldrb	r3, [r4, #20]	@ zero_extendqisi2
 853:Middlewares/Third_Party/LwIP/src/core/tcp_in.c ****     case SYN_SENT:
 3374              		.loc 1 853 3 view .LVU1039
 3375 00b8 023B     		subs	r3, r3, #2
 3376 00ba 072B     		cmp	r3, #7
 3377 00bc 00F24082 		bhi	.L278
 3378 00c0 DFE813F0 		tbh	[pc, r3, lsl #1]
 3379              	.L241:
 3380 00c4 0E00     		.2byte	(.L247-.L241)/2
 3381 00c6 B200     		.2byte	(.L246-.L241)/2
 3382 00c8 5901     		.2byte	(.L243-.L241)/2
 3383 00ca 6A01     		.2byte	(.L245-.L241)/2
 3384 00cc C101     		.2byte	(.L244-.L241)/2
 3385 00ce 5901     		.2byte	(.L243-.L241)/2
 3386 00d0 F001     		.2byte	(.L242-.L241)/2
 3387 00d2 2402     		.2byte	(.L240-.L241)/2
 3388              		.p2align 1
 3389              	.L305:
 839:Middlewares/Third_Party/LwIP/src/core/tcp_in.c ****     return ERR_OK;
 3390              		.loc 1 839 5 is_stmt 1 view .LVU1040
 839:Middlewares/Third_Party/LwIP/src/core/tcp_in.c ****     return ERR_OK;
 3391              		.loc 1 839 5 view .LVU1041
 3392 00d4 638B     		ldrh	r3, [r4, #26]
 3393 00d6 43F00203 		orr	r3, r3, #2
 3394 00da 6383     		strh	r3, [r4, #26]	@ movhi
 839:Middlewares/Third_Party/LwIP/src/core/tcp_in.c ****     return ERR_OK;
 3395              		.loc 1 839 5 view .LVU1042
 840:Middlewares/Third_Party/LwIP/src/core/tcp_in.c ****   }
 3396              		.loc 1 840 5 view .LVU1043
 840:Middlewares/Third_Party/LwIP/src/core/tcp_in.c ****   }
 3397              		.loc 1 840 12 is_stmt 0 view .LVU1044
 3398 00dc 0025     		movs	r5, #0
 3399 00de BBE7     		b	.L237
 3400              	.L247:
 856:Middlewares/Third_Party/LwIP/src/core/tcp_in.c ****       /* received SYN ACK with expected sequence number? */
 3401              		.loc 1 856 92 is_stmt 1 view .LVU1045
 858:Middlewares/Third_Party/LwIP/src/core/tcp_in.c ****           && (ackno == pcb->lastack + 1)) {
ARM GAS  /tmp/ccYvHRO8.s 			page 115


 3402              		.loc 1 858 7 view .LVU1046
 858:Middlewares/Third_Party/LwIP/src/core/tcp_in.c ****           && (ackno == pcb->lastack + 1)) {
 3403              		.loc 1 858 29 is_stmt 0 view .LVU1047
 3404 00e0 634B     		ldr	r3, .L331
 3405 00e2 1B78     		ldrb	r3, [r3]	@ zero_extendqisi2
 858:Middlewares/Third_Party/LwIP/src/core/tcp_in.c ****           && (ackno == pcb->lastack + 1)) {
 3406              		.loc 1 858 10 view .LVU1048
 3407 00e4 03F01202 		and	r2, r3, #18
 3408 00e8 122A     		cmp	r2, #18
 3409 00ea 04D0     		beq	.L306
 3410              	.L248:
 909:Middlewares/Third_Party/LwIP/src/core/tcp_in.c ****         /* send a RST to bring the other side in a non-synchronized state. */
 3411              		.loc 1 909 12 is_stmt 1 view .LVU1049
 909:Middlewares/Third_Party/LwIP/src/core/tcp_in.c ****         /* send a RST to bring the other side in a non-synchronized state. */
 3412              		.loc 1 909 15 is_stmt 0 view .LVU1050
 3413 00ec 13F0100F 		tst	r3, #16
 3414 00f0 7BD1     		bne	.L307
1041:Middlewares/Third_Party/LwIP/src/core/tcp_in.c **** }
 3415              		.loc 1 1041 10 view .LVU1051
 3416 00f2 0025     		movs	r5, #0
 3417 00f4 B0E7     		b	.L237
 3418              	.L306:
 859:Middlewares/Third_Party/LwIP/src/core/tcp_in.c ****         pcb->rcv_nxt = seqno + 1;
 3419              		.loc 1 859 27 view .LVU1052
 3420 00f6 626C     		ldr	r2, [r4, #68]
 859:Middlewares/Third_Party/LwIP/src/core/tcp_in.c ****         pcb->rcv_nxt = seqno + 1;
 3421              		.loc 1 859 37 view .LVU1053
 3422 00f8 0132     		adds	r2, r2, #1
 859:Middlewares/Third_Party/LwIP/src/core/tcp_in.c ****         pcb->rcv_nxt = seqno + 1;
 3423              		.loc 1 859 21 view .LVU1054
 3424 00fa 6249     		ldr	r1, .L331+20
 3425 00fc 0968     		ldr	r1, [r1]
 859:Middlewares/Third_Party/LwIP/src/core/tcp_in.c ****         pcb->rcv_nxt = seqno + 1;
 3426              		.loc 1 859 11 view .LVU1055
 3427 00fe 8A42     		cmp	r2, r1
 3428 0100 F4D1     		bne	.L248
 860:Middlewares/Third_Party/LwIP/src/core/tcp_in.c ****         pcb->rcv_ann_right_edge = pcb->rcv_nxt;
 3429              		.loc 1 860 9 is_stmt 1 view .LVU1056
 860:Middlewares/Third_Party/LwIP/src/core/tcp_in.c ****         pcb->rcv_ann_right_edge = pcb->rcv_nxt;
 3430              		.loc 1 860 30 is_stmt 0 view .LVU1057
 3431 0102 5C4B     		ldr	r3, .L331+4
 3432 0104 1B68     		ldr	r3, [r3]
 3433 0106 5A1C     		adds	r2, r3, #1
 860:Middlewares/Third_Party/LwIP/src/core/tcp_in.c ****         pcb->rcv_ann_right_edge = pcb->rcv_nxt;
 3434              		.loc 1 860 22 view .LVU1058
 3435 0108 6262     		str	r2, [r4, #36]
 861:Middlewares/Third_Party/LwIP/src/core/tcp_in.c ****         pcb->lastack = ackno;
 3436              		.loc 1 861 9 is_stmt 1 view .LVU1059
 861:Middlewares/Third_Party/LwIP/src/core/tcp_in.c ****         pcb->lastack = ackno;
 3437              		.loc 1 861 33 is_stmt 0 view .LVU1060
 3438 010a E262     		str	r2, [r4, #44]
 862:Middlewares/Third_Party/LwIP/src/core/tcp_in.c ****         pcb->snd_wnd = tcphdr->wnd;
 3439              		.loc 1 862 9 is_stmt 1 view .LVU1061
 862:Middlewares/Third_Party/LwIP/src/core/tcp_in.c ****         pcb->snd_wnd = tcphdr->wnd;
 3440              		.loc 1 862 22 is_stmt 0 view .LVU1062
 3441 010c 6164     		str	r1, [r4, #68]
 863:Middlewares/Third_Party/LwIP/src/core/tcp_in.c ****         pcb->snd_wnd_max = pcb->snd_wnd;
ARM GAS  /tmp/ccYvHRO8.s 			page 116


 3442              		.loc 1 863 9 is_stmt 1 view .LVU1063
 863:Middlewares/Third_Party/LwIP/src/core/tcp_in.c ****         pcb->snd_wnd_max = pcb->snd_wnd;
 3443              		.loc 1 863 30 is_stmt 0 view .LVU1064
 3444 010e 614A     		ldr	r2, .L331+36
 3445 0110 1268     		ldr	r2, [r2]
 3446 0112 D289     		ldrh	r2, [r2, #14]	@ unaligned
 863:Middlewares/Third_Party/LwIP/src/core/tcp_in.c ****         pcb->snd_wnd_max = pcb->snd_wnd;
 3447              		.loc 1 863 22 view .LVU1065
 3448 0114 A4F86020 		strh	r2, [r4, #96]	@ movhi
 864:Middlewares/Third_Party/LwIP/src/core/tcp_in.c ****         pcb->snd_wl1 = seqno - 1; /* initialise to seqno - 1 to force window update */
 3449              		.loc 1 864 9 is_stmt 1 view .LVU1066
 864:Middlewares/Third_Party/LwIP/src/core/tcp_in.c ****         pcb->snd_wl1 = seqno - 1; /* initialise to seqno - 1 to force window update */
 3450              		.loc 1 864 26 is_stmt 0 view .LVU1067
 3451 0118 A4F86220 		strh	r2, [r4, #98]	@ movhi
 865:Middlewares/Third_Party/LwIP/src/core/tcp_in.c ****         pcb->state = ESTABLISHED;
 3452              		.loc 1 865 9 is_stmt 1 view .LVU1068
 865:Middlewares/Third_Party/LwIP/src/core/tcp_in.c ****         pcb->state = ESTABLISHED;
 3453              		.loc 1 865 30 is_stmt 0 view .LVU1069
 3454 011c 013B     		subs	r3, r3, #1
 865:Middlewares/Third_Party/LwIP/src/core/tcp_in.c ****         pcb->state = ESTABLISHED;
 3455              		.loc 1 865 22 view .LVU1070
 3456 011e 6365     		str	r3, [r4, #84]
 866:Middlewares/Third_Party/LwIP/src/core/tcp_in.c **** 
 3457              		.loc 1 866 9 is_stmt 1 view .LVU1071
 866:Middlewares/Third_Party/LwIP/src/core/tcp_in.c **** 
 3458              		.loc 1 866 20 is_stmt 0 view .LVU1072
 3459 0120 0423     		movs	r3, #4
 3460 0122 2375     		strb	r3, [r4, #20]
 869:Middlewares/Third_Party/LwIP/src/core/tcp_in.c **** #endif /* TCP_CALCULATE_EFF_SEND_MSS */
 3461              		.loc 1 869 9 is_stmt 1 view .LVU1073
 869:Middlewares/Third_Party/LwIP/src/core/tcp_in.c **** #endif /* TCP_CALCULATE_EFF_SEND_MSS */
 3462              		.loc 1 869 20 is_stmt 0 view .LVU1074
 3463 0124 668E     		ldrh	r6, [r4, #50]
 3464 0126 E518     		adds	r5, r4, r3
 3465 0128 2846     		mov	r0, r5
 3466 012a FFF7FEFF 		bl	ip4_route
 3467              	.LVL236:
 3468 012e 0146     		mov	r1, r0
 3469 0130 2A46     		mov	r2, r5
 3470 0132 3046     		mov	r0, r6
 3471 0134 FFF7FEFF 		bl	tcp_eff_send_mss_netif
 3472              	.LVL237:
 869:Middlewares/Third_Party/LwIP/src/core/tcp_in.c **** #endif /* TCP_CALCULATE_EFF_SEND_MSS */
 3473              		.loc 1 869 18 view .LVU1075
 3474 0138 6086     		strh	r0, [r4, #50]	@ movhi
 872:Middlewares/Third_Party/LwIP/src/core/tcp_in.c ****         LWIP_DEBUGF(TCP_CWND_DEBUG, ("tcp_process (SENT): cwnd %"TCPWNDSIZE_F
 3475              		.loc 1 872 9 is_stmt 1 view .LVU1076
 872:Middlewares/Third_Party/LwIP/src/core/tcp_in.c ****         LWIP_DEBUGF(TCP_CWND_DEBUG, ("tcp_process (SENT): cwnd %"TCPWNDSIZE_F
 3476              		.loc 1 872 21 is_stmt 0 view .LVU1077
 3477 013a 4200     		lsls	r2, r0, #1
 3478 013c 41F21C13 		movw	r3, #4380
 3479 0140 9342     		cmp	r3, r2
 3480 0142 38BF     		it	cc
 3481 0144 1346     		movcc	r3, r2
 3482 0146 B3EB800F 		cmp	r3, r0, lsl #2
 3483 014a 2BD9     		bls	.L249
 872:Middlewares/Third_Party/LwIP/src/core/tcp_in.c ****         LWIP_DEBUGF(TCP_CWND_DEBUG, ("tcp_process (SENT): cwnd %"TCPWNDSIZE_F
ARM GAS  /tmp/ccYvHRO8.s 			page 117


 3484              		.loc 1 872 21 discriminator 1 view .LVU1078
 3485 014c 8300     		lsls	r3, r0, #2
 3486 014e 9BB2     		uxth	r3, r3
 3487              	.L250:
 872:Middlewares/Third_Party/LwIP/src/core/tcp_in.c ****         LWIP_DEBUGF(TCP_CWND_DEBUG, ("tcp_process (SENT): cwnd %"TCPWNDSIZE_F
 3488              		.loc 1 872 19 discriminator 8 view .LVU1079
 3489 0150 A4F84830 		strh	r3, [r4, #72]	@ movhi
 875:Middlewares/Third_Party/LwIP/src/core/tcp_in.c ****         LWIP_ASSERT("pcb->snd_queuelen > 0", (pcb->snd_queuelen > 0));
 3490              		.loc 1 875 64 is_stmt 1 discriminator 8 view .LVU1080
 876:Middlewares/Third_Party/LwIP/src/core/tcp_in.c ****         --pcb->snd_queuelen;
 3491              		.loc 1 876 9 discriminator 8 view .LVU1081
 876:Middlewares/Third_Party/LwIP/src/core/tcp_in.c ****         --pcb->snd_queuelen;
 3492              		.loc 1 876 9 discriminator 8 view .LVU1082
 3493 0154 B4F86630 		ldrh	r3, [r4, #102]
 3494 0158 73B3     		cbz	r3, .L308
 3495              	.L251:
 876:Middlewares/Third_Party/LwIP/src/core/tcp_in.c ****         --pcb->snd_queuelen;
 3496              		.loc 1 876 9 discriminator 3 view .LVU1083
 876:Middlewares/Third_Party/LwIP/src/core/tcp_in.c ****         --pcb->snd_queuelen;
 3497              		.loc 1 876 9 discriminator 3 view .LVU1084
 877:Middlewares/Third_Party/LwIP/src/core/tcp_in.c ****         LWIP_DEBUGF(TCP_QLEN_DEBUG, ("tcp_process: SYN-SENT --queuelen %"TCPWNDSIZE_F"\n", (tcpwnd_
 3498              		.loc 1 877 9 discriminator 3 view .LVU1085
 877:Middlewares/Third_Party/LwIP/src/core/tcp_in.c ****         LWIP_DEBUGF(TCP_QLEN_DEBUG, ("tcp_process: SYN-SENT --queuelen %"TCPWNDSIZE_F"\n", (tcpwnd_
 3499              		.loc 1 877 14 is_stmt 0 discriminator 3 view .LVU1086
 3500 015a B4F86630 		ldrh	r3, [r4, #102]
 877:Middlewares/Third_Party/LwIP/src/core/tcp_in.c ****         LWIP_DEBUGF(TCP_QLEN_DEBUG, ("tcp_process: SYN-SENT --queuelen %"TCPWNDSIZE_F"\n", (tcpwnd_
 3501              		.loc 1 877 9 discriminator 3 view .LVU1087
 3502 015e 013B     		subs	r3, r3, #1
 3503 0160 A4F86630 		strh	r3, [r4, #102]	@ movhi
 878:Middlewares/Third_Party/LwIP/src/core/tcp_in.c ****         rseg = pcb->unacked;
 3504              		.loc 1 878 126 is_stmt 1 discriminator 3 view .LVU1088
 879:Middlewares/Third_Party/LwIP/src/core/tcp_in.c ****         if (rseg == NULL) {
 3505              		.loc 1 879 9 discriminator 3 view .LVU1089
 879:Middlewares/Third_Party/LwIP/src/core/tcp_in.c ****         if (rseg == NULL) {
 3506              		.loc 1 879 14 is_stmt 0 discriminator 3 view .LVU1090
 3507 0164 256F     		ldr	r5, [r4, #112]
 3508              	.LVL238:
 880:Middlewares/Third_Party/LwIP/src/core/tcp_in.c ****           /* might happen if tcp_output fails in tcp_rexmit_rto()
 3509              		.loc 1 880 9 is_stmt 1 discriminator 3 view .LVU1091
 880:Middlewares/Third_Party/LwIP/src/core/tcp_in.c ****           /* might happen if tcp_output fails in tcp_rexmit_rto()
 3510              		.loc 1 880 12 is_stmt 0 discriminator 3 view .LVU1092
 3511 0166 7DB3     		cbz	r5, .L309
 887:Middlewares/Third_Party/LwIP/src/core/tcp_in.c ****         }
 3512              		.loc 1 887 11 is_stmt 1 view .LVU1093
 887:Middlewares/Third_Party/LwIP/src/core/tcp_in.c ****         }
 3513              		.loc 1 887 30 is_stmt 0 view .LVU1094
 3514 0168 2B68     		ldr	r3, [r5]
 887:Middlewares/Third_Party/LwIP/src/core/tcp_in.c ****         }
 3515              		.loc 1 887 24 view .LVU1095
 3516 016a 2367     		str	r3, [r4, #112]
 3517              	.L254:
 889:Middlewares/Third_Party/LwIP/src/core/tcp_in.c **** 
 3518              		.loc 1 889 9 is_stmt 1 view .LVU1096
 3519 016c 2846     		mov	r0, r5
 3520 016e FFF7FEFF 		bl	tcp_seg_free
 3521              	.LVL239:
 893:Middlewares/Third_Party/LwIP/src/core/tcp_in.c ****           pcb->rtime = -1;
ARM GAS  /tmp/ccYvHRO8.s 			page 118


 3522              		.loc 1 893 9 view .LVU1097
 893:Middlewares/Third_Party/LwIP/src/core/tcp_in.c ****           pcb->rtime = -1;
 3523              		.loc 1 893 16 is_stmt 0 view .LVU1098
 3524 0172 236F     		ldr	r3, [r4, #112]
 893:Middlewares/Third_Party/LwIP/src/core/tcp_in.c ****           pcb->rtime = -1;
 3525              		.loc 1 893 12 view .LVU1099
 3526 0174 002B     		cmp	r3, #0
 3527 0176 34D0     		beq	.L310
 896:Middlewares/Third_Party/LwIP/src/core/tcp_in.c ****           pcb->nrtx = 0;
 3528              		.loc 1 896 11 is_stmt 1 view .LVU1100
 896:Middlewares/Third_Party/LwIP/src/core/tcp_in.c ****           pcb->nrtx = 0;
 3529              		.loc 1 896 22 is_stmt 0 view .LVU1101
 3530 0178 0023     		movs	r3, #0
 3531 017a 2386     		strh	r3, [r4, #48]	@ movhi
 897:Middlewares/Third_Party/LwIP/src/core/tcp_in.c ****         }
 3532              		.loc 1 897 11 is_stmt 1 view .LVU1102
 897:Middlewares/Third_Party/LwIP/src/core/tcp_in.c ****         }
 3533              		.loc 1 897 21 is_stmt 0 view .LVU1103
 3534 017c 84F84230 		strb	r3, [r4, #66]
 3535              	.L256:
 902:Middlewares/Third_Party/LwIP/src/core/tcp_in.c ****         if (err == ERR_ABRT) {
 3536              		.loc 1 902 9 is_stmt 1 view .LVU1104
 902:Middlewares/Third_Party/LwIP/src/core/tcp_in.c ****         if (err == ERR_ABRT) {
 3537              		.loc 1 902 9 view .LVU1105
 3538 0180 D4F88830 		ldr	r3, [r4, #136]
 3539 0184 43B1     		cbz	r3, .L257
 902:Middlewares/Third_Party/LwIP/src/core/tcp_in.c ****         if (err == ERR_ABRT) {
 3540              		.loc 1 902 9 discriminator 1 view .LVU1106
 3541 0186 0022     		movs	r2, #0
 3542 0188 2146     		mov	r1, r4
 3543 018a 2069     		ldr	r0, [r4, #16]
 3544 018c 9847     		blx	r3
 3545              	.LVL240:
 3546 018e 0546     		mov	r5, r0
 3547              	.LVL241:
 902:Middlewares/Third_Party/LwIP/src/core/tcp_in.c ****         if (err == ERR_ABRT) {
 3548              		.loc 1 902 9 discriminator 1 view .LVU1107
 903:Middlewares/Third_Party/LwIP/src/core/tcp_in.c ****           return ERR_ABRT;
 3549              		.loc 1 903 9 discriminator 1 view .LVU1108
 903:Middlewares/Third_Party/LwIP/src/core/tcp_in.c ****           return ERR_ABRT;
 3550              		.loc 1 903 12 is_stmt 0 discriminator 1 view .LVU1109
 3551 0190 10F10D0F 		cmn	r0, #13
 3552 0194 3FF460AF 		beq	.L237
 3553              	.LVL242:
 3554              	.L257:
 906:Middlewares/Third_Party/LwIP/src/core/tcp_in.c ****       }
 3555              		.loc 1 906 9 is_stmt 1 view .LVU1110
 906:Middlewares/Third_Party/LwIP/src/core/tcp_in.c ****       }
 3556              		.loc 1 906 9 view .LVU1111
 3557 0198 638B     		ldrh	r3, [r4, #26]
 3558 019a 43F00203 		orr	r3, r3, #2
 3559 019e 6383     		strh	r3, [r4, #26]	@ movhi
 906:Middlewares/Third_Party/LwIP/src/core/tcp_in.c ****       }
 3560              		.loc 1 906 9 view .LVU1112
1041:Middlewares/Third_Party/LwIP/src/core/tcp_in.c **** }
 3561              		.loc 1 1041 10 is_stmt 0 view .LVU1113
 3562 01a0 0025     		movs	r5, #0
ARM GAS  /tmp/ccYvHRO8.s 			page 119


 906:Middlewares/Third_Party/LwIP/src/core/tcp_in.c ****       }
 3563              		.loc 1 906 9 view .LVU1114
 3564 01a2 59E7     		b	.L237
 3565              	.LVL243:
 3566              	.L249:
 872:Middlewares/Third_Party/LwIP/src/core/tcp_in.c ****         LWIP_DEBUGF(TCP_CWND_DEBUG, ("tcp_process (SENT): cwnd %"TCPWNDSIZE_F
 3567              		.loc 1 872 21 discriminator 2 view .LVU1115
 3568 01a4 41F21C13 		movw	r3, #4380
 3569 01a8 9A42     		cmp	r2, r3
 3570 01aa 02D9     		bls	.L279
 872:Middlewares/Third_Party/LwIP/src/core/tcp_in.c ****         LWIP_DEBUGF(TCP_CWND_DEBUG, ("tcp_process (SENT): cwnd %"TCPWNDSIZE_F
 3571              		.loc 1 872 21 discriminator 4 view .LVU1116
 3572 01ac 4300     		lsls	r3, r0, #1
 3573 01ae 9BB2     		uxth	r3, r3
 3574 01b0 CEE7     		b	.L250
 3575              	.L279:
 872:Middlewares/Third_Party/LwIP/src/core/tcp_in.c ****         LWIP_DEBUGF(TCP_CWND_DEBUG, ("tcp_process (SENT): cwnd %"TCPWNDSIZE_F
 3576              		.loc 1 872 21 view .LVU1117
 3577 01b2 41F21C13 		movw	r3, #4380
 3578 01b6 CBE7     		b	.L250
 3579              	.L308:
 876:Middlewares/Third_Party/LwIP/src/core/tcp_in.c ****         --pcb->snd_queuelen;
 3580              		.loc 1 876 9 is_stmt 1 discriminator 1 view .LVU1118
 876:Middlewares/Third_Party/LwIP/src/core/tcp_in.c ****         --pcb->snd_queuelen;
 3581              		.loc 1 876 9 discriminator 1 view .LVU1119
 3582 01b8 2F4B     		ldr	r3, .L331+8
 3583 01ba 4FF45B72 		mov	r2, #876
 3584 01be 3649     		ldr	r1, .L331+40
 3585 01c0 2F48     		ldr	r0, .L331+16
 3586 01c2 FFF7FEFF 		bl	printf
 3587              	.LVL244:
 3588 01c6 C8E7     		b	.L251
 3589              	.LVL245:
 3590              	.L309:
 883:Middlewares/Third_Party/LwIP/src/core/tcp_in.c ****           LWIP_ASSERT("no segment to free", rseg != NULL);
 3591              		.loc 1 883 11 view .LVU1120
 883:Middlewares/Third_Party/LwIP/src/core/tcp_in.c ****           LWIP_ASSERT("no segment to free", rseg != NULL);
 3592              		.loc 1 883 16 is_stmt 0 view .LVU1121
 3593 01c8 E56E     		ldr	r5, [r4, #108]
 3594              	.LVL246:
 884:Middlewares/Third_Party/LwIP/src/core/tcp_in.c ****           pcb->unsent = rseg->next;
 3595              		.loc 1 884 11 is_stmt 1 view .LVU1122
 884:Middlewares/Third_Party/LwIP/src/core/tcp_in.c ****           pcb->unsent = rseg->next;
 3596              		.loc 1 884 11 view .LVU1123
 3597 01ca 15B1     		cbz	r5, .L311
 3598              	.L253:
 884:Middlewares/Third_Party/LwIP/src/core/tcp_in.c ****           pcb->unsent = rseg->next;
 3599              		.loc 1 884 11 discriminator 3 view .LVU1124
 884:Middlewares/Third_Party/LwIP/src/core/tcp_in.c ****           pcb->unsent = rseg->next;
 3600              		.loc 1 884 11 discriminator 3 view .LVU1125
 885:Middlewares/Third_Party/LwIP/src/core/tcp_in.c ****         } else {
 3601              		.loc 1 885 11 discriminator 3 view .LVU1126
 885:Middlewares/Third_Party/LwIP/src/core/tcp_in.c ****         } else {
 3602              		.loc 1 885 29 is_stmt 0 discriminator 3 view .LVU1127
 3603 01cc 2B68     		ldr	r3, [r5]
 885:Middlewares/Third_Party/LwIP/src/core/tcp_in.c ****         } else {
 3604              		.loc 1 885 23 discriminator 3 view .LVU1128
ARM GAS  /tmp/ccYvHRO8.s 			page 120


 3605 01ce E366     		str	r3, [r4, #108]
 3606 01d0 CCE7     		b	.L254
 3607              	.L311:
 884:Middlewares/Third_Party/LwIP/src/core/tcp_in.c ****           pcb->unsent = rseg->next;
 3608              		.loc 1 884 11 is_stmt 1 discriminator 1 view .LVU1129
 884:Middlewares/Third_Party/LwIP/src/core/tcp_in.c ****           pcb->unsent = rseg->next;
 3609              		.loc 1 884 11 discriminator 1 view .LVU1130
 3610 01d2 294B     		ldr	r3, .L331+8
 3611 01d4 4FF45D72 		mov	r2, #884
 3612 01d8 3049     		ldr	r1, .L331+44
 3613 01da 2948     		ldr	r0, .L331+16
 3614 01dc FFF7FEFF 		bl	printf
 3615              	.LVL247:
 3616 01e0 F4E7     		b	.L253
 3617              	.L310:
 894:Middlewares/Third_Party/LwIP/src/core/tcp_in.c ****         } else {
 3618              		.loc 1 894 11 view .LVU1131
 894:Middlewares/Third_Party/LwIP/src/core/tcp_in.c ****         } else {
 3619              		.loc 1 894 22 is_stmt 0 view .LVU1132
 3620 01e2 4FF6FF73 		movw	r3, #65535
 3621 01e6 2386     		strh	r3, [r4, #48]	@ movhi
 3622 01e8 CAE7     		b	.L256
 3623              	.LVL248:
 3624              	.L307:
 911:Middlewares/Third_Party/LwIP/src/core/tcp_in.c ****                 ip_current_src_addr(), tcphdr->dest, tcphdr->src);
 3625              		.loc 1 911 9 is_stmt 1 view .LVU1133
 912:Middlewares/Third_Party/LwIP/src/core/tcp_in.c ****         /* Resend SYN immediately (don't wait for rto timeout) to establish
 3626              		.loc 1 912 46 is_stmt 0 view .LVU1134
 3627 01ea 2A4B     		ldr	r3, .L331+36
 3628 01ec 1968     		ldr	r1, [r3]
 911:Middlewares/Third_Party/LwIP/src/core/tcp_in.c ****                 ip_current_src_addr(), tcphdr->dest, tcphdr->src);
 3629              		.loc 1 911 9 view .LVU1135
 3630 01ee 2C4B     		ldr	r3, .L331+48
 3631 01f0 2C4A     		ldr	r2, .L331+52
 3632 01f2 1088     		ldrh	r0, [r2]
 3633 01f4 1F4A     		ldr	r2, .L331+4
 3634 01f6 1268     		ldr	r2, [r2]
 3635 01f8 0D88     		ldrh	r5, [r1]	@ unaligned
 3636 01fa 0295     		str	r5, [sp, #8]
 3637 01fc 4988     		ldrh	r1, [r1, #2]	@ unaligned
 3638 01fe 0191     		str	r1, [sp, #4]
 3639 0200 191F     		subs	r1, r3, #4
 3640 0202 0091     		str	r1, [sp]
 3641 0204 0244     		add	r2, r2, r0
 3642 0206 1F49     		ldr	r1, .L331+20
 3643 0208 0968     		ldr	r1, [r1]
 3644 020a 2046     		mov	r0, r4
 3645 020c FFF7FEFF 		bl	tcp_rst
 3646              	.LVL249:
 916:Middlewares/Third_Party/LwIP/src/core/tcp_in.c ****           pcb->rtime = 0;
 3647              		.loc 1 916 9 is_stmt 1 view .LVU1136
 916:Middlewares/Third_Party/LwIP/src/core/tcp_in.c ****           pcb->rtime = 0;
 3648              		.loc 1 916 16 is_stmt 0 view .LVU1137
 3649 0210 94F84230 		ldrb	r3, [r4, #66]	@ zero_extendqisi2
 916:Middlewares/Third_Party/LwIP/src/core/tcp_in.c ****           pcb->rtime = 0;
 3650              		.loc 1 916 12 view .LVU1138
 3651 0214 052B     		cmp	r3, #5
ARM GAS  /tmp/ccYvHRO8.s 			page 121


 3652 0216 01D9     		bls	.L312
1041:Middlewares/Third_Party/LwIP/src/core/tcp_in.c **** }
 3653              		.loc 1 1041 10 view .LVU1139
 3654 0218 0025     		movs	r5, #0
 3655 021a 1DE7     		b	.L237
 3656              	.L312:
 917:Middlewares/Third_Party/LwIP/src/core/tcp_in.c ****           tcp_rexmit_rto(pcb);
 3657              		.loc 1 917 11 is_stmt 1 view .LVU1140
 917:Middlewares/Third_Party/LwIP/src/core/tcp_in.c ****           tcp_rexmit_rto(pcb);
 3658              		.loc 1 917 22 is_stmt 0 view .LVU1141
 3659 021c 0025     		movs	r5, #0
 3660 021e 2586     		strh	r5, [r4, #48]	@ movhi
 918:Middlewares/Third_Party/LwIP/src/core/tcp_in.c ****         }
 3661              		.loc 1 918 11 is_stmt 1 view .LVU1142
 3662 0220 2046     		mov	r0, r4
 3663 0222 FFF7FEFF 		bl	tcp_rexmit_rto
 3664              	.LVL250:
 3665 0226 17E7     		b	.L237
 3666              	.L246:
 923:Middlewares/Third_Party/LwIP/src/core/tcp_in.c ****         /* expected ACK number? */
 3667              		.loc 1 923 7 view .LVU1143
 923:Middlewares/Third_Party/LwIP/src/core/tcp_in.c ****         /* expected ACK number? */
 3668              		.loc 1 923 17 is_stmt 0 view .LVU1144
 3669 0228 114B     		ldr	r3, .L331
 3670 022a 1B78     		ldrb	r3, [r3]	@ zero_extendqisi2
 923:Middlewares/Third_Party/LwIP/src/core/tcp_in.c ****         /* expected ACK number? */
 3671              		.loc 1 923 10 view .LVU1145
 3672 022c 13F0100F 		tst	r3, #16
 3673 0230 00F09080 		beq	.L258
 925:Middlewares/Third_Party/LwIP/src/core/tcp_in.c ****           pcb->state = ESTABLISHED;
 3674              		.loc 1 925 9 is_stmt 1 view .LVU1146
 925:Middlewares/Third_Party/LwIP/src/core/tcp_in.c ****           pcb->state = ESTABLISHED;
 3675              		.loc 1 925 13 is_stmt 0 view .LVU1147
 3676 0234 134B     		ldr	r3, .L331+20
 3677 0236 1968     		ldr	r1, [r3]
 3678 0238 636C     		ldr	r3, [r4, #68]
 3679 023a CB1A     		subs	r3, r1, r3
 925:Middlewares/Third_Party/LwIP/src/core/tcp_in.c ****           pcb->state = ESTABLISHED;
 3680              		.loc 1 925 12 view .LVU1148
 3681 023c 012B     		cmp	r3, #1
 3682 023e 03D4     		bmi	.L259
 925:Middlewares/Third_Party/LwIP/src/core/tcp_in.c ****           pcb->state = ESTABLISHED;
 3683              		.loc 1 925 13 discriminator 1 view .LVU1149
 3684 0240 236D     		ldr	r3, [r4, #80]
 3685 0242 CB1A     		subs	r3, r1, r3
 3686 0244 002B     		cmp	r3, #0
 3687 0246 2FDD     		ble	.L313
 3688              	.L259:
 971:Middlewares/Third_Party/LwIP/src/core/tcp_in.c ****                   ip_current_src_addr(), tcphdr->dest, tcphdr->src);
 3689              		.loc 1 971 11 is_stmt 1 view .LVU1150
 972:Middlewares/Third_Party/LwIP/src/core/tcp_in.c ****         }
 3690              		.loc 1 972 48 is_stmt 0 view .LVU1151
 3691 0248 124B     		ldr	r3, .L331+36
 3692 024a 1868     		ldr	r0, [r3]
 971:Middlewares/Third_Party/LwIP/src/core/tcp_in.c ****                   ip_current_src_addr(), tcphdr->dest, tcphdr->src);
 3693              		.loc 1 971 11 view .LVU1152
 3694 024c 144B     		ldr	r3, .L331+48
ARM GAS  /tmp/ccYvHRO8.s 			page 122


 3695 024e 154A     		ldr	r2, .L331+52
 3696 0250 1588     		ldrh	r5, [r2]
 3697 0252 084A     		ldr	r2, .L331+4
 3698 0254 1268     		ldr	r2, [r2]
 3699 0256 0688     		ldrh	r6, [r0]	@ unaligned
 3700 0258 0296     		str	r6, [sp, #8]
 3701 025a 4088     		ldrh	r0, [r0, #2]	@ unaligned
 3702 025c 0190     		str	r0, [sp, #4]
 3703 025e 181F     		subs	r0, r3, #4
 3704 0260 0090     		str	r0, [sp]
 3705 0262 2A44     		add	r2, r2, r5
 3706 0264 2046     		mov	r0, r4
 3707 0266 FFF7FEFF 		bl	tcp_rst
 3708              	.LVL251:
1041:Middlewares/Third_Party/LwIP/src/core/tcp_in.c **** }
 3709              		.loc 1 1041 10 view .LVU1153
 3710 026a 0025     		movs	r5, #0
 3711 026c F4E6     		b	.L237
 3712              	.L332:
 3713 026e 00BF     		.align	2
 3714              	.L331:
 3715 0270 00000000 		.word	.LANCHOR6
 3716 0274 00000000 		.word	.LANCHOR7
 3717 0278 00000000 		.word	.LC0
 3718 027c 00000000 		.word	.LC20
 3719 0280 4C000000 		.word	.LC2
 3720 0284 00000000 		.word	.LANCHOR9
 3721 0288 00000000 		.word	.LANCHOR5
 3722 028c 1C000000 		.word	.LC21
 3723 0290 00000000 		.word	tcp_ticks
 3724 0294 00000000 		.word	.LANCHOR3
 3725 0298 3C000000 		.word	.LC22
 3726 029c 54000000 		.word	.LC23
 3727 02a0 14000000 		.word	ip_data+20
 3728 02a4 00000000 		.word	.LANCHOR8
 3729              	.L313:
 926:Middlewares/Third_Party/LwIP/src/core/tcp_in.c ****           LWIP_DEBUGF(TCP_DEBUG, ("TCP connection established %"U16_F" -> %"U16_F".\n", inseg.tcphd
 3730              		.loc 1 926 11 is_stmt 1 view .LVU1154
 926:Middlewares/Third_Party/LwIP/src/core/tcp_in.c ****           LWIP_DEBUGF(TCP_DEBUG, ("TCP connection established %"U16_F" -> %"U16_F".\n", inseg.tcphd
 3731              		.loc 1 926 22 is_stmt 0 view .LVU1155
 3732 02a8 0423     		movs	r3, #4
 3733 02aa 2375     		strb	r3, [r4, #20]
 927:Middlewares/Third_Party/LwIP/src/core/tcp_in.c **** #if LWIP_CALLBACK_API || TCP_LISTEN_BACKLOG
 3734              		.loc 1 927 128 is_stmt 1 view .LVU1156
 929:Middlewares/Third_Party/LwIP/src/core/tcp_in.c ****             /* listen pcb might be closed by now */
 3735              		.loc 1 929 11 view .LVU1157
 929:Middlewares/Third_Party/LwIP/src/core/tcp_in.c ****             /* listen pcb might be closed by now */
 3736              		.loc 1 929 18 is_stmt 0 view .LVU1158
 3737 02ac E36F     		ldr	r3, [r4, #124]
 929:Middlewares/Third_Party/LwIP/src/core/tcp_in.c ****             /* listen pcb might be closed by now */
 3738              		.loc 1 929 14 view .LVU1159
 3739 02ae 002B     		cmp	r3, #0
 3740 02b0 37D0     		beq	.L282
 936:Middlewares/Third_Party/LwIP/src/core/tcp_in.c **** #endif
 3741              		.loc 1 936 13 is_stmt 1 view .LVU1160
 936:Middlewares/Third_Party/LwIP/src/core/tcp_in.c **** #endif
 3742              		.loc 1 936 13 view .LVU1161
ARM GAS  /tmp/ccYvHRO8.s 			page 123


 3743 02b2 9B69     		ldr	r3, [r3, #24]
 3744 02b4 6BB3     		cbz	r3, .L314
 3745              	.L261:
 936:Middlewares/Third_Party/LwIP/src/core/tcp_in.c **** #endif
 3746              		.loc 1 936 13 discriminator 3 view .LVU1162
 936:Middlewares/Third_Party/LwIP/src/core/tcp_in.c **** #endif
 3747              		.loc 1 936 13 discriminator 3 view .LVU1163
 938:Middlewares/Third_Party/LwIP/src/core/tcp_in.c ****             /* Call the accept function. */
 3748              		.loc 1 938 38 discriminator 3 view .LVU1164
 940:Middlewares/Third_Party/LwIP/src/core/tcp_in.c ****           }
 3749              		.loc 1 940 13 discriminator 3 view .LVU1165
 940:Middlewares/Third_Party/LwIP/src/core/tcp_in.c ****           }
 3750              		.loc 1 940 13 discriminator 3 view .LVU1166
 3751 02b6 E36F     		ldr	r3, [r4, #124]
 3752 02b8 9B69     		ldr	r3, [r3, #24]
 3753 02ba 002B     		cmp	r3, #0
 3754 02bc 39D0     		beq	.L283
 940:Middlewares/Third_Party/LwIP/src/core/tcp_in.c ****           }
 3755              		.loc 1 940 13 discriminator 1 view .LVU1167
 3756 02be 0022     		movs	r2, #0
 3757 02c0 2146     		mov	r1, r4
 3758 02c2 2069     		ldr	r0, [r4, #16]
 3759 02c4 9847     		blx	r3
 3760              	.LVL252:
 940:Middlewares/Third_Party/LwIP/src/core/tcp_in.c ****           }
 3761              		.loc 1 940 13 discriminator 1 view .LVU1168
 942:Middlewares/Third_Party/LwIP/src/core/tcp_in.c ****             /* If the accept function returns with an error, we abort
 3762              		.loc 1 942 11 discriminator 1 view .LVU1169
 942:Middlewares/Third_Party/LwIP/src/core/tcp_in.c ****             /* If the accept function returns with an error, we abort
 3763              		.loc 1 942 14 is_stmt 0 discriminator 1 view .LVU1170
 3764 02c6 0546     		mov	r5, r0
 3765 02c8 68BB     		cbnz	r0, .L260
 953:Middlewares/Third_Party/LwIP/src/core/tcp_in.c **** 
 3766              		.loc 1 953 11 is_stmt 1 view .LVU1171
 3767 02ca 2046     		mov	r0, r4
 3768              	.LVL253:
 953:Middlewares/Third_Party/LwIP/src/core/tcp_in.c **** 
 3769              		.loc 1 953 11 is_stmt 0 view .LVU1172
 3770 02cc FFF7FEFF 		bl	tcp_receive
 3771              	.LVL254:
 956:Middlewares/Third_Party/LwIP/src/core/tcp_in.c ****             recv_acked--;
 3772              		.loc 1 956 11 is_stmt 1 view .LVU1173
 956:Middlewares/Third_Party/LwIP/src/core/tcp_in.c ****             recv_acked--;
 3773              		.loc 1 956 26 is_stmt 0 view .LVU1174
 3774 02d0 9C4B     		ldr	r3, .L333
 3775 02d2 1B88     		ldrh	r3, [r3]
 956:Middlewares/Third_Party/LwIP/src/core/tcp_in.c ****             recv_acked--;
 3776              		.loc 1 956 14 view .LVU1175
 3777 02d4 13B1     		cbz	r3, .L264
 957:Middlewares/Third_Party/LwIP/src/core/tcp_in.c ****           }
 3778              		.loc 1 957 13 is_stmt 1 view .LVU1176
 957:Middlewares/Third_Party/LwIP/src/core/tcp_in.c ****           }
 3779              		.loc 1 957 23 is_stmt 0 view .LVU1177
 3780 02d6 013B     		subs	r3, r3, #1
 3781 02d8 9A4A     		ldr	r2, .L333
 3782 02da 1380     		strh	r3, [r2]	@ movhi
 3783              	.L264:
ARM GAS  /tmp/ccYvHRO8.s 			page 124


 960:Middlewares/Third_Party/LwIP/src/core/tcp_in.c ****           LWIP_DEBUGF(TCP_CWND_DEBUG, ("tcp_process (SYN_RCVD): cwnd %"TCPWNDSIZE_F
 3784              		.loc 1 960 11 is_stmt 1 view .LVU1178
 960:Middlewares/Third_Party/LwIP/src/core/tcp_in.c ****           LWIP_DEBUGF(TCP_CWND_DEBUG, ("tcp_process (SYN_RCVD): cwnd %"TCPWNDSIZE_F
 3785              		.loc 1 960 23 is_stmt 0 view .LVU1179
 3786 02dc 638E     		ldrh	r3, [r4, #50]
 3787 02de 5900     		lsls	r1, r3, #1
 3788 02e0 41F21C12 		movw	r2, #4380
 3789 02e4 8A42     		cmp	r2, r1
 3790 02e6 38BF     		it	cc
 3791 02e8 0A46     		movcc	r2, r1
 3792 02ea B2EB830F 		cmp	r2, r3, lsl #2
 3793 02ee 27D9     		bls	.L265
 960:Middlewares/Third_Party/LwIP/src/core/tcp_in.c ****           LWIP_DEBUGF(TCP_CWND_DEBUG, ("tcp_process (SYN_RCVD): cwnd %"TCPWNDSIZE_F
 3794              		.loc 1 960 23 discriminator 1 view .LVU1180
 3795 02f0 9B00     		lsls	r3, r3, #2
 3796 02f2 9BB2     		uxth	r3, r3
 3797              	.L266:
 960:Middlewares/Third_Party/LwIP/src/core/tcp_in.c ****           LWIP_DEBUGF(TCP_CWND_DEBUG, ("tcp_process (SYN_RCVD): cwnd %"TCPWNDSIZE_F
 3798              		.loc 1 960 21 discriminator 8 view .LVU1181
 3799 02f4 A4F84830 		strh	r3, [r4, #72]	@ movhi
 963:Middlewares/Third_Party/LwIP/src/core/tcp_in.c **** 
 3800              		.loc 1 963 66 is_stmt 1 discriminator 8 view .LVU1182
 965:Middlewares/Third_Party/LwIP/src/core/tcp_in.c ****             tcp_ack_now(pcb);
 3801              		.loc 1 965 11 discriminator 8 view .LVU1183
 965:Middlewares/Third_Party/LwIP/src/core/tcp_in.c ****             tcp_ack_now(pcb);
 3802              		.loc 1 965 26 is_stmt 0 discriminator 8 view .LVU1184
 3803 02f8 934B     		ldr	r3, .L333+4
 3804 02fa 1B78     		ldrb	r3, [r3]	@ zero_extendqisi2
 965:Middlewares/Third_Party/LwIP/src/core/tcp_in.c ****             tcp_ack_now(pcb);
 3805              		.loc 1 965 14 discriminator 8 view .LVU1185
 3806 02fc 13F0200F 		tst	r3, #32
 3807 0300 3FF4AAAE 		beq	.L237
 966:Middlewares/Third_Party/LwIP/src/core/tcp_in.c ****             pcb->state = CLOSE_WAIT;
 3808              		.loc 1 966 13 is_stmt 1 view .LVU1186
 966:Middlewares/Third_Party/LwIP/src/core/tcp_in.c ****             pcb->state = CLOSE_WAIT;
 3809              		.loc 1 966 13 view .LVU1187
 3810 0304 638B     		ldrh	r3, [r4, #26]
 3811 0306 43F00203 		orr	r3, r3, #2
 3812 030a 6383     		strh	r3, [r4, #26]	@ movhi
 966:Middlewares/Third_Party/LwIP/src/core/tcp_in.c ****             pcb->state = CLOSE_WAIT;
 3813              		.loc 1 966 13 view .LVU1188
 967:Middlewares/Third_Party/LwIP/src/core/tcp_in.c ****           }
 3814              		.loc 1 967 13 view .LVU1189
 967:Middlewares/Third_Party/LwIP/src/core/tcp_in.c ****           }
 3815              		.loc 1 967 24 is_stmt 0 view .LVU1190
 3816 030c 0723     		movs	r3, #7
 3817 030e 2375     		strb	r3, [r4, #20]
 3818 0310 A2E6     		b	.L237
 3819              	.LVL255:
 3820              	.L314:
 936:Middlewares/Third_Party/LwIP/src/core/tcp_in.c **** #endif
 3821              		.loc 1 936 13 is_stmt 1 discriminator 1 view .LVU1191
 936:Middlewares/Third_Party/LwIP/src/core/tcp_in.c **** #endif
 3822              		.loc 1 936 13 discriminator 1 view .LVU1192
 3823 0312 8E4B     		ldr	r3, .L333+8
 3824 0314 4FF46A72 		mov	r2, #936
 3825 0318 8D49     		ldr	r1, .L333+12
ARM GAS  /tmp/ccYvHRO8.s 			page 125


 3826 031a 8E48     		ldr	r0, .L333+16
 3827 031c FFF7FEFF 		bl	printf
 3828              	.LVL256:
 3829 0320 C9E7     		b	.L261
 3830              	.L282:
 931:Middlewares/Third_Party/LwIP/src/core/tcp_in.c ****           } else
 3831              		.loc 1 931 17 is_stmt 0 view .LVU1193
 3832 0322 6FF00505 		mvn	r5, #5
 3833              	.LVL257:
 3834              	.L260:
 946:Middlewares/Third_Party/LwIP/src/core/tcp_in.c ****               tcp_abort(pcb);
 3835              		.loc 1 946 13 is_stmt 1 view .LVU1194
 946:Middlewares/Third_Party/LwIP/src/core/tcp_in.c ****               tcp_abort(pcb);
 3836              		.loc 1 946 16 is_stmt 0 view .LVU1195
 3837 0326 15F10D0F 		cmn	r5, #13
 3838 032a 05D1     		bne	.L315
 3839              	.L263:
 949:Middlewares/Third_Party/LwIP/src/core/tcp_in.c ****           }
 3840              		.loc 1 949 13 is_stmt 1 view .LVU1196
 949:Middlewares/Third_Party/LwIP/src/core/tcp_in.c ****           }
 3841              		.loc 1 949 20 is_stmt 0 view .LVU1197
 3842 032c 6FF00C05 		mvn	r5, #12
 3843 0330 92E6     		b	.L237
 3844              	.LVL258:
 3845              	.L283:
 940:Middlewares/Third_Party/LwIP/src/core/tcp_in.c ****           }
 3846              		.loc 1 940 13 view .LVU1198
 3847 0332 6FF00F05 		mvn	r5, #15
 3848 0336 F6E7     		b	.L260
 3849              	.LVL259:
 3850              	.L315:
 947:Middlewares/Third_Party/LwIP/src/core/tcp_in.c ****             }
 3851              		.loc 1 947 15 is_stmt 1 view .LVU1199
 3852 0338 2046     		mov	r0, r4
 3853 033a FFF7FEFF 		bl	tcp_abort
 3854              	.LVL260:
 3855 033e F5E7     		b	.L263
 3856              	.L265:
 960:Middlewares/Third_Party/LwIP/src/core/tcp_in.c ****           LWIP_DEBUGF(TCP_CWND_DEBUG, ("tcp_process (SYN_RCVD): cwnd %"TCPWNDSIZE_F
 3857              		.loc 1 960 23 is_stmt 0 discriminator 2 view .LVU1200
 3858 0340 41F21C12 		movw	r2, #4380
 3859 0344 9142     		cmp	r1, r2
 3860 0346 02D9     		bls	.L284
 960:Middlewares/Third_Party/LwIP/src/core/tcp_in.c ****           LWIP_DEBUGF(TCP_CWND_DEBUG, ("tcp_process (SYN_RCVD): cwnd %"TCPWNDSIZE_F
 3861              		.loc 1 960 23 discriminator 4 view .LVU1201
 3862 0348 5B00     		lsls	r3, r3, #1
 3863 034a 9BB2     		uxth	r3, r3
 3864 034c D2E7     		b	.L266
 3865              	.L284:
 960:Middlewares/Third_Party/LwIP/src/core/tcp_in.c ****           LWIP_DEBUGF(TCP_CWND_DEBUG, ("tcp_process (SYN_RCVD): cwnd %"TCPWNDSIZE_F
 3866              		.loc 1 960 23 view .LVU1202
 3867 034e 41F21C13 		movw	r3, #4380
 3868 0352 CFE7     		b	.L266
 3869              	.LVL261:
 3870              	.L258:
 974:Middlewares/Third_Party/LwIP/src/core/tcp_in.c ****         /* Looks like another copy of the SYN - retransmit our SYN-ACK */
 3871              		.loc 1 974 14 is_stmt 1 view .LVU1203
ARM GAS  /tmp/ccYvHRO8.s 			page 126


 974:Middlewares/Third_Party/LwIP/src/core/tcp_in.c ****         /* Looks like another copy of the SYN - retransmit our SYN-ACK */
 3872              		.loc 1 974 17 is_stmt 0 view .LVU1204
 3873 0354 13F0020F 		tst	r3, #2
 3874 0358 00F00A81 		beq	.L285
 974:Middlewares/Third_Party/LwIP/src/core/tcp_in.c ****         /* Looks like another copy of the SYN - retransmit our SYN-ACK */
 3875              		.loc 1 974 52 discriminator 1 view .LVU1205
 3876 035c 636A     		ldr	r3, [r4, #36]
 974:Middlewares/Third_Party/LwIP/src/core/tcp_in.c ****         /* Looks like another copy of the SYN - retransmit our SYN-ACK */
 3877              		.loc 1 974 62 discriminator 1 view .LVU1206
 3878 035e 013B     		subs	r3, r3, #1
 974:Middlewares/Third_Party/LwIP/src/core/tcp_in.c ****         /* Looks like another copy of the SYN - retransmit our SYN-ACK */
 3879              		.loc 1 974 46 discriminator 1 view .LVU1207
 3880 0360 7D4A     		ldr	r2, .L333+20
 3881 0362 1268     		ldr	r2, [r2]
 974:Middlewares/Third_Party/LwIP/src/core/tcp_in.c ****         /* Looks like another copy of the SYN - retransmit our SYN-ACK */
 3882              		.loc 1 974 36 discriminator 1 view .LVU1208
 3883 0364 9342     		cmp	r3, r2
 3884 0366 01D0     		beq	.L316
1041:Middlewares/Third_Party/LwIP/src/core/tcp_in.c **** }
 3885              		.loc 1 1041 10 view .LVU1209
 3886 0368 0025     		movs	r5, #0
 3887 036a 75E6     		b	.L237
 3888              	.L316:
 976:Middlewares/Third_Party/LwIP/src/core/tcp_in.c ****       }
 3889              		.loc 1 976 9 is_stmt 1 view .LVU1210
 3890 036c 2046     		mov	r0, r4
 3891 036e FFF7FEFF 		bl	tcp_rexmit
 3892              	.LVL262:
1041:Middlewares/Third_Party/LwIP/src/core/tcp_in.c **** }
 3893              		.loc 1 1041 10 is_stmt 0 view .LVU1211
 3894 0372 0025     		movs	r5, #0
 3895 0374 70E6     		b	.L237
 3896              	.L243:
 982:Middlewares/Third_Party/LwIP/src/core/tcp_in.c ****       if (recv_flags & TF_GOT_FIN) { /* passive close */
 3897              		.loc 1 982 7 is_stmt 1 view .LVU1212
 3898 0376 2046     		mov	r0, r4
 3899 0378 FFF7FEFF 		bl	tcp_receive
 3900              	.LVL263:
 983:Middlewares/Third_Party/LwIP/src/core/tcp_in.c ****         tcp_ack_now(pcb);
 3901              		.loc 1 983 7 view .LVU1213
 983:Middlewares/Third_Party/LwIP/src/core/tcp_in.c ****         tcp_ack_now(pcb);
 3902              		.loc 1 983 22 is_stmt 0 view .LVU1214
 3903 037c 724B     		ldr	r3, .L333+4
 3904 037e 1B78     		ldrb	r3, [r3]	@ zero_extendqisi2
 983:Middlewares/Third_Party/LwIP/src/core/tcp_in.c ****         tcp_ack_now(pcb);
 3905              		.loc 1 983 10 view .LVU1215
 3906 0380 13F0200F 		tst	r3, #32
 3907 0384 00F0F680 		beq	.L287
 984:Middlewares/Third_Party/LwIP/src/core/tcp_in.c ****         pcb->state = CLOSE_WAIT;
 3908              		.loc 1 984 9 is_stmt 1 view .LVU1216
 984:Middlewares/Third_Party/LwIP/src/core/tcp_in.c ****         pcb->state = CLOSE_WAIT;
 3909              		.loc 1 984 9 view .LVU1217
 3910 0388 638B     		ldrh	r3, [r4, #26]
 3911 038a 43F00203 		orr	r3, r3, #2
 3912 038e 6383     		strh	r3, [r4, #26]	@ movhi
 984:Middlewares/Third_Party/LwIP/src/core/tcp_in.c ****         pcb->state = CLOSE_WAIT;
 3913              		.loc 1 984 9 view .LVU1218
ARM GAS  /tmp/ccYvHRO8.s 			page 127


 985:Middlewares/Third_Party/LwIP/src/core/tcp_in.c ****       }
 3914              		.loc 1 985 9 view .LVU1219
 985:Middlewares/Third_Party/LwIP/src/core/tcp_in.c ****       }
 3915              		.loc 1 985 20 is_stmt 0 view .LVU1220
 3916 0390 0723     		movs	r3, #7
 3917 0392 2375     		strb	r3, [r4, #20]
1041:Middlewares/Third_Party/LwIP/src/core/tcp_in.c **** }
 3918              		.loc 1 1041 10 view .LVU1221
 3919 0394 0025     		movs	r5, #0
 3920 0396 5FE6     		b	.L237
 3921              	.L245:
 989:Middlewares/Third_Party/LwIP/src/core/tcp_in.c ****       if (recv_flags & TF_GOT_FIN) {
 3922              		.loc 1 989 7 is_stmt 1 view .LVU1222
 3923 0398 2046     		mov	r0, r4
 3924 039a FFF7FEFF 		bl	tcp_receive
 3925              	.LVL264:
 990:Middlewares/Third_Party/LwIP/src/core/tcp_in.c ****         if ((flags & TCP_ACK) && (ackno == pcb->snd_nxt) &&
 3926              		.loc 1 990 7 view .LVU1223
 990:Middlewares/Third_Party/LwIP/src/core/tcp_in.c ****         if ((flags & TCP_ACK) && (ackno == pcb->snd_nxt) &&
 3927              		.loc 1 990 22 is_stmt 0 view .LVU1224
 3928 039e 6A4B     		ldr	r3, .L333+4
 3929 03a0 1B78     		ldrb	r3, [r3]	@ zero_extendqisi2
 990:Middlewares/Third_Party/LwIP/src/core/tcp_in.c ****         if ((flags & TCP_ACK) && (ackno == pcb->snd_nxt) &&
 3930              		.loc 1 990 10 view .LVU1225
 3931 03a2 13F0200F 		tst	r3, #32
 3932 03a6 39D0     		beq	.L267
 991:Middlewares/Third_Party/LwIP/src/core/tcp_in.c ****             pcb->unsent == NULL) {
 3933              		.loc 1 991 9 is_stmt 1 view .LVU1226
 991:Middlewares/Third_Party/LwIP/src/core/tcp_in.c ****             pcb->unsent == NULL) {
 3934              		.loc 1 991 20 is_stmt 0 view .LVU1227
 3935 03a8 6C4B     		ldr	r3, .L333+24
 3936 03aa 1B78     		ldrb	r3, [r3]	@ zero_extendqisi2
 991:Middlewares/Third_Party/LwIP/src/core/tcp_in.c ****             pcb->unsent == NULL) {
 3937              		.loc 1 991 12 view .LVU1228
 3938 03ac 13F0100F 		tst	r3, #16
 3939 03b0 04D0     		beq	.L268
 991:Middlewares/Third_Party/LwIP/src/core/tcp_in.c ****             pcb->unsent == NULL) {
 3940              		.loc 1 991 47 discriminator 1 view .LVU1229
 3941 03b2 226D     		ldr	r2, [r4, #80]
 991:Middlewares/Third_Party/LwIP/src/core/tcp_in.c ****             pcb->unsent == NULL) {
 3942              		.loc 1 991 41 discriminator 1 view .LVU1230
 3943 03b4 6A4B     		ldr	r3, .L333+28
 3944 03b6 1B68     		ldr	r3, [r3]
 991:Middlewares/Third_Party/LwIP/src/core/tcp_in.c ****             pcb->unsent == NULL) {
 3945              		.loc 1 991 31 discriminator 1 view .LVU1231
 3946 03b8 9A42     		cmp	r2, r3
 3947 03ba 07D0     		beq	.L317
 3948              	.L268:
1001:Middlewares/Third_Party/LwIP/src/core/tcp_in.c ****           pcb->state = CLOSING;
 3949              		.loc 1 1001 11 is_stmt 1 view .LVU1232
1001:Middlewares/Third_Party/LwIP/src/core/tcp_in.c ****           pcb->state = CLOSING;
 3950              		.loc 1 1001 11 view .LVU1233
 3951 03bc 638B     		ldrh	r3, [r4, #26]
 3952 03be 43F00203 		orr	r3, r3, #2
 3953 03c2 6383     		strh	r3, [r4, #26]	@ movhi
1001:Middlewares/Third_Party/LwIP/src/core/tcp_in.c ****           pcb->state = CLOSING;
 3954              		.loc 1 1001 11 view .LVU1234
ARM GAS  /tmp/ccYvHRO8.s 			page 128


1002:Middlewares/Third_Party/LwIP/src/core/tcp_in.c ****         }
 3955              		.loc 1 1002 11 view .LVU1235
1002:Middlewares/Third_Party/LwIP/src/core/tcp_in.c ****         }
 3956              		.loc 1 1002 22 is_stmt 0 view .LVU1236
 3957 03c4 0823     		movs	r3, #8
 3958 03c6 2375     		strb	r3, [r4, #20]
1041:Middlewares/Third_Party/LwIP/src/core/tcp_in.c **** }
 3959              		.loc 1 1041 10 view .LVU1237
 3960 03c8 0025     		movs	r5, #0
 3961 03ca 45E6     		b	.L237
 3962              	.L317:
 992:Middlewares/Third_Party/LwIP/src/core/tcp_in.c ****           LWIP_DEBUGF(TCP_DEBUG,
 3963              		.loc 1 992 16 discriminator 2 view .LVU1238
 3964 03cc E36E     		ldr	r3, [r4, #108]
 991:Middlewares/Third_Party/LwIP/src/core/tcp_in.c ****             pcb->unsent == NULL) {
 3965              		.loc 1 991 58 discriminator 2 view .LVU1239
 3966 03ce 002B     		cmp	r3, #0
 3967 03d0 F4D1     		bne	.L268
 994:Middlewares/Third_Party/LwIP/src/core/tcp_in.c ****           tcp_ack_now(pcb);
 3968              		.loc 1 994 124 is_stmt 1 view .LVU1240
 995:Middlewares/Third_Party/LwIP/src/core/tcp_in.c ****           tcp_pcb_purge(pcb);
 3969              		.loc 1 995 11 view .LVU1241
 995:Middlewares/Third_Party/LwIP/src/core/tcp_in.c ****           tcp_pcb_purge(pcb);
 3970              		.loc 1 995 11 view .LVU1242
 3971 03d2 638B     		ldrh	r3, [r4, #26]
 3972 03d4 43F00203 		orr	r3, r3, #2
 3973 03d8 6383     		strh	r3, [r4, #26]	@ movhi
 995:Middlewares/Third_Party/LwIP/src/core/tcp_in.c ****           tcp_pcb_purge(pcb);
 3974              		.loc 1 995 11 view .LVU1243
 996:Middlewares/Third_Party/LwIP/src/core/tcp_in.c ****           TCP_RMV_ACTIVE(pcb);
 3975              		.loc 1 996 11 view .LVU1244
 3976 03da 2046     		mov	r0, r4
 3977 03dc FFF7FEFF 		bl	tcp_pcb_purge
 3978              	.LVL265:
 997:Middlewares/Third_Party/LwIP/src/core/tcp_in.c ****           pcb->state = TIME_WAIT;
 3979              		.loc 1 997 11 view .LVU1245
 997:Middlewares/Third_Party/LwIP/src/core/tcp_in.c ****           pcb->state = TIME_WAIT;
 3980              		.loc 1 997 11 view .LVU1246
 997:Middlewares/Third_Party/LwIP/src/core/tcp_in.c ****           pcb->state = TIME_WAIT;
 3981              		.loc 1 997 11 view .LVU1247
 3982 03e0 604B     		ldr	r3, .L333+32
 3983 03e2 1B68     		ldr	r3, [r3]
 3984 03e4 A342     		cmp	r3, r4
 3985 03e6 05D0     		beq	.L318
 3986              	.L269:
 3987              	.LVL266:
 3988              	.LBB25:
 997:Middlewares/Third_Party/LwIP/src/core/tcp_in.c ****           pcb->state = TIME_WAIT;
 3989              		.loc 1 997 11 discriminator 8 view .LVU1248
 3990 03e8 53B1     		cbz	r3, .L270
 997:Middlewares/Third_Party/LwIP/src/core/tcp_in.c ****           pcb->state = TIME_WAIT;
 3991              		.loc 1 997 11 discriminator 9 view .LVU1249
 3992 03ea DA68     		ldr	r2, [r3, #12]
 3993 03ec A242     		cmp	r2, r4
 3994 03ee 05D0     		beq	.L319
 997:Middlewares/Third_Party/LwIP/src/core/tcp_in.c ****           pcb->state = TIME_WAIT;
 3995              		.loc 1 997 11 is_stmt 0 view .LVU1250
ARM GAS  /tmp/ccYvHRO8.s 			page 129


 3996 03f0 1346     		mov	r3, r2
 3997              	.LVL267:
 997:Middlewares/Third_Party/LwIP/src/core/tcp_in.c ****           pcb->state = TIME_WAIT;
 3998              		.loc 1 997 11 view .LVU1251
 3999 03f2 F9E7     		b	.L269
 4000              	.L318:
 997:Middlewares/Third_Party/LwIP/src/core/tcp_in.c ****           pcb->state = TIME_WAIT;
 4001              		.loc 1 997 11 view .LVU1252
 4002              	.LBE25:
 997:Middlewares/Third_Party/LwIP/src/core/tcp_in.c ****           pcb->state = TIME_WAIT;
 4003              		.loc 1 997 11 is_stmt 1 discriminator 1 view .LVU1253
 4004 03f4 DA68     		ldr	r2, [r3, #12]
 4005 03f6 5B4B     		ldr	r3, .L333+32
 4006 03f8 1A60     		str	r2, [r3]
 4007 03fa 01E0     		b	.L270
 4008              	.LVL268:
 4009              	.L319:
 4010              	.LBB26:
 997:Middlewares/Third_Party/LwIP/src/core/tcp_in.c ****           pcb->state = TIME_WAIT;
 4011              		.loc 1 997 11 discriminator 5 view .LVU1254
 4012 03fc E268     		ldr	r2, [r4, #12]
 4013 03fe DA60     		str	r2, [r3, #12]
 997:Middlewares/Third_Party/LwIP/src/core/tcp_in.c ****           pcb->state = TIME_WAIT;
 4014              		.loc 1 997 11 discriminator 5 view .LVU1255
 4015              	.LVL269:
 4016              	.L270:
 997:Middlewares/Third_Party/LwIP/src/core/tcp_in.c ****           pcb->state = TIME_WAIT;
 4017              		.loc 1 997 11 is_stmt 0 discriminator 5 view .LVU1256
 4018              	.LBE26:
 997:Middlewares/Third_Party/LwIP/src/core/tcp_in.c ****           pcb->state = TIME_WAIT;
 4019              		.loc 1 997 11 is_stmt 1 discriminator 10 view .LVU1257
 4020 0400 0025     		movs	r5, #0
 4021 0402 E560     		str	r5, [r4, #12]
 997:Middlewares/Third_Party/LwIP/src/core/tcp_in.c ****           pcb->state = TIME_WAIT;
 4022              		.loc 1 997 11 discriminator 10 view .LVU1258
 997:Middlewares/Third_Party/LwIP/src/core/tcp_in.c ****           pcb->state = TIME_WAIT;
 4023              		.loc 1 997 11 discriminator 10 view .LVU1259
 4024 0404 584B     		ldr	r3, .L333+36
 4025 0406 0122     		movs	r2, #1
 4026 0408 1A70     		strb	r2, [r3]
 997:Middlewares/Third_Party/LwIP/src/core/tcp_in.c ****           pcb->state = TIME_WAIT;
 4027              		.loc 1 997 11 discriminator 10 view .LVU1260
 998:Middlewares/Third_Party/LwIP/src/core/tcp_in.c ****           TCP_REG(&tcp_tw_pcbs, pcb);
 4028              		.loc 1 998 11 discriminator 10 view .LVU1261
 998:Middlewares/Third_Party/LwIP/src/core/tcp_in.c ****           TCP_REG(&tcp_tw_pcbs, pcb);
 4029              		.loc 1 998 22 is_stmt 0 discriminator 10 view .LVU1262
 4030 040a 0A23     		movs	r3, #10
 4031 040c 2375     		strb	r3, [r4, #20]
 999:Middlewares/Third_Party/LwIP/src/core/tcp_in.c ****         } else {
 4032              		.loc 1 999 11 is_stmt 1 discriminator 10 view .LVU1263
 999:Middlewares/Third_Party/LwIP/src/core/tcp_in.c ****         } else {
 4033              		.loc 1 999 11 discriminator 10 view .LVU1264
 4034 040e 574B     		ldr	r3, .L333+40
 4035 0410 1A68     		ldr	r2, [r3]
 4036 0412 E260     		str	r2, [r4, #12]
 999:Middlewares/Third_Party/LwIP/src/core/tcp_in.c ****         } else {
 4037              		.loc 1 999 11 discriminator 10 view .LVU1265
ARM GAS  /tmp/ccYvHRO8.s 			page 130


 4038 0414 1C60     		str	r4, [r3]
 999:Middlewares/Third_Party/LwIP/src/core/tcp_in.c ****         } else {
 4039              		.loc 1 999 11 discriminator 10 view .LVU1266
 4040 0416 FFF7FEFF 		bl	tcp_timer_needed
 4041              	.LVL270:
 999:Middlewares/Third_Party/LwIP/src/core/tcp_in.c ****         } else {
 4042              		.loc 1 999 11 discriminator 10 view .LVU1267
 4043 041a 1DE6     		b	.L237
 4044              	.L267:
1004:Middlewares/Third_Party/LwIP/src/core/tcp_in.c ****                  pcb->unsent == NULL) {
 4045              		.loc 1 1004 14 view .LVU1268
1004:Middlewares/Third_Party/LwIP/src/core/tcp_in.c ****                  pcb->unsent == NULL) {
 4046              		.loc 1 1004 25 is_stmt 0 view .LVU1269
 4047 041c 4F4B     		ldr	r3, .L333+24
 4048 041e 1B78     		ldrb	r3, [r3]	@ zero_extendqisi2
1004:Middlewares/Third_Party/LwIP/src/core/tcp_in.c ****                  pcb->unsent == NULL) {
 4049              		.loc 1 1004 17 view .LVU1270
 4050 0420 13F0100F 		tst	r3, #16
 4051 0424 00F0A880 		beq	.L289
1004:Middlewares/Third_Party/LwIP/src/core/tcp_in.c ****                  pcb->unsent == NULL) {
 4052              		.loc 1 1004 52 discriminator 1 view .LVU1271
 4053 0428 226D     		ldr	r2, [r4, #80]
1004:Middlewares/Third_Party/LwIP/src/core/tcp_in.c ****                  pcb->unsent == NULL) {
 4054              		.loc 1 1004 46 discriminator 1 view .LVU1272
 4055 042a 4D4B     		ldr	r3, .L333+28
 4056 042c 1B68     		ldr	r3, [r3]
1004:Middlewares/Third_Party/LwIP/src/core/tcp_in.c ****                  pcb->unsent == NULL) {
 4057              		.loc 1 1004 36 discriminator 1 view .LVU1273
 4058 042e 9A42     		cmp	r2, r3
 4059 0430 01D0     		beq	.L320
1041:Middlewares/Third_Party/LwIP/src/core/tcp_in.c **** }
 4060              		.loc 1 1041 10 view .LVU1274
 4061 0432 0025     		movs	r5, #0
 4062 0434 10E6     		b	.L237
 4063              	.L320:
1005:Middlewares/Third_Party/LwIP/src/core/tcp_in.c ****         pcb->state = FIN_WAIT_2;
 4064              		.loc 1 1005 21 discriminator 2 view .LVU1275
 4065 0436 E36E     		ldr	r3, [r4, #108]
1004:Middlewares/Third_Party/LwIP/src/core/tcp_in.c ****                  pcb->unsent == NULL) {
 4066              		.loc 1 1004 63 discriminator 2 view .LVU1276
 4067 0438 0BB1     		cbz	r3, .L321
1041:Middlewares/Third_Party/LwIP/src/core/tcp_in.c **** }
 4068              		.loc 1 1041 10 view .LVU1277
 4069 043a 0025     		movs	r5, #0
 4070 043c 0CE6     		b	.L237
 4071              	.L321:
1006:Middlewares/Third_Party/LwIP/src/core/tcp_in.c ****       }
 4072              		.loc 1 1006 9 is_stmt 1 view .LVU1278
1006:Middlewares/Third_Party/LwIP/src/core/tcp_in.c ****       }
 4073              		.loc 1 1006 20 is_stmt 0 view .LVU1279
 4074 043e 0623     		movs	r3, #6
 4075 0440 2375     		strb	r3, [r4, #20]
1041:Middlewares/Third_Party/LwIP/src/core/tcp_in.c **** }
 4076              		.loc 1 1041 10 view .LVU1280
 4077 0442 0025     		movs	r5, #0
 4078 0444 08E6     		b	.L237
 4079              	.L244:
ARM GAS  /tmp/ccYvHRO8.s 			page 131


1010:Middlewares/Third_Party/LwIP/src/core/tcp_in.c ****       if (recv_flags & TF_GOT_FIN) {
 4080              		.loc 1 1010 7 is_stmt 1 view .LVU1281
 4081 0446 2046     		mov	r0, r4
 4082 0448 FFF7FEFF 		bl	tcp_receive
 4083              	.LVL271:
1011:Middlewares/Third_Party/LwIP/src/core/tcp_in.c ****         LWIP_DEBUGF(TCP_DEBUG, ("TCP connection closed: FIN_WAIT_2 %"U16_F" -> %"U16_F".\n", inseg.
 4084              		.loc 1 1011 7 view .LVU1282
1011:Middlewares/Third_Party/LwIP/src/core/tcp_in.c ****         LWIP_DEBUGF(TCP_DEBUG, ("TCP connection closed: FIN_WAIT_2 %"U16_F" -> %"U16_F".\n", inseg.
 4085              		.loc 1 1011 22 is_stmt 0 view .LVU1283
 4086 044c 3E4B     		ldr	r3, .L333+4
 4087 044e 1B78     		ldrb	r3, [r3]	@ zero_extendqisi2
1011:Middlewares/Third_Party/LwIP/src/core/tcp_in.c ****         LWIP_DEBUGF(TCP_DEBUG, ("TCP connection closed: FIN_WAIT_2 %"U16_F" -> %"U16_F".\n", inseg.
 4088              		.loc 1 1011 10 view .LVU1284
 4089 0450 13F0200F 		tst	r3, #32
 4090 0454 01D1     		bne	.L322
1041:Middlewares/Third_Party/LwIP/src/core/tcp_in.c **** }
 4091              		.loc 1 1041 10 view .LVU1285
 4092 0456 0025     		movs	r5, #0
 4093 0458 FEE5     		b	.L237
 4094              	.L322:
1012:Middlewares/Third_Party/LwIP/src/core/tcp_in.c ****         tcp_ack_now(pcb);
 4095              		.loc 1 1012 133 is_stmt 1 view .LVU1286
1013:Middlewares/Third_Party/LwIP/src/core/tcp_in.c ****         tcp_pcb_purge(pcb);
 4096              		.loc 1 1013 9 view .LVU1287
1013:Middlewares/Third_Party/LwIP/src/core/tcp_in.c ****         tcp_pcb_purge(pcb);
 4097              		.loc 1 1013 9 view .LVU1288
 4098 045a 638B     		ldrh	r3, [r4, #26]
 4099 045c 43F00203 		orr	r3, r3, #2
 4100 0460 6383     		strh	r3, [r4, #26]	@ movhi
1013:Middlewares/Third_Party/LwIP/src/core/tcp_in.c ****         tcp_pcb_purge(pcb);
 4101              		.loc 1 1013 9 view .LVU1289
1014:Middlewares/Third_Party/LwIP/src/core/tcp_in.c ****         TCP_RMV_ACTIVE(pcb);
 4102              		.loc 1 1014 9 view .LVU1290
 4103 0462 2046     		mov	r0, r4
 4104 0464 FFF7FEFF 		bl	tcp_pcb_purge
 4105              	.LVL272:
1015:Middlewares/Third_Party/LwIP/src/core/tcp_in.c ****         pcb->state = TIME_WAIT;
 4106              		.loc 1 1015 9 view .LVU1291
1015:Middlewares/Third_Party/LwIP/src/core/tcp_in.c ****         pcb->state = TIME_WAIT;
 4107              		.loc 1 1015 9 view .LVU1292
1015:Middlewares/Third_Party/LwIP/src/core/tcp_in.c ****         pcb->state = TIME_WAIT;
 4108              		.loc 1 1015 9 view .LVU1293
 4109 0468 3E4B     		ldr	r3, .L333+32
 4110 046a 1B68     		ldr	r3, [r3]
 4111 046c A342     		cmp	r3, r4
 4112 046e 05D0     		beq	.L323
 4113              	.L272:
 4114              	.LVL273:
 4115              	.LBB27:
1015:Middlewares/Third_Party/LwIP/src/core/tcp_in.c ****         pcb->state = TIME_WAIT;
 4116              		.loc 1 1015 9 discriminator 8 view .LVU1294
 4117 0470 53B1     		cbz	r3, .L273
1015:Middlewares/Third_Party/LwIP/src/core/tcp_in.c ****         pcb->state = TIME_WAIT;
 4118              		.loc 1 1015 9 discriminator 9 view .LVU1295
 4119 0472 DA68     		ldr	r2, [r3, #12]
 4120 0474 A242     		cmp	r2, r4
 4121 0476 05D0     		beq	.L324
ARM GAS  /tmp/ccYvHRO8.s 			page 132


1015:Middlewares/Third_Party/LwIP/src/core/tcp_in.c ****         pcb->state = TIME_WAIT;
 4122              		.loc 1 1015 9 is_stmt 0 view .LVU1296
 4123 0478 1346     		mov	r3, r2
 4124              	.LVL274:
1015:Middlewares/Third_Party/LwIP/src/core/tcp_in.c ****         pcb->state = TIME_WAIT;
 4125              		.loc 1 1015 9 view .LVU1297
 4126 047a F9E7     		b	.L272
 4127              	.L323:
1015:Middlewares/Third_Party/LwIP/src/core/tcp_in.c ****         pcb->state = TIME_WAIT;
 4128              		.loc 1 1015 9 view .LVU1298
 4129              	.LBE27:
1015:Middlewares/Third_Party/LwIP/src/core/tcp_in.c ****         pcb->state = TIME_WAIT;
 4130              		.loc 1 1015 9 is_stmt 1 discriminator 1 view .LVU1299
 4131 047c DA68     		ldr	r2, [r3, #12]
 4132 047e 394B     		ldr	r3, .L333+32
 4133 0480 1A60     		str	r2, [r3]
 4134 0482 01E0     		b	.L273
 4135              	.LVL275:
 4136              	.L324:
 4137              	.LBB28:
1015:Middlewares/Third_Party/LwIP/src/core/tcp_in.c ****         pcb->state = TIME_WAIT;
 4138              		.loc 1 1015 9 discriminator 5 view .LVU1300
 4139 0484 E268     		ldr	r2, [r4, #12]
 4140 0486 DA60     		str	r2, [r3, #12]
1015:Middlewares/Third_Party/LwIP/src/core/tcp_in.c ****         pcb->state = TIME_WAIT;
 4141              		.loc 1 1015 9 discriminator 5 view .LVU1301
 4142              	.LVL276:
 4143              	.L273:
1015:Middlewares/Third_Party/LwIP/src/core/tcp_in.c ****         pcb->state = TIME_WAIT;
 4144              		.loc 1 1015 9 is_stmt 0 discriminator 5 view .LVU1302
 4145              	.LBE28:
1015:Middlewares/Third_Party/LwIP/src/core/tcp_in.c ****         pcb->state = TIME_WAIT;
 4146              		.loc 1 1015 9 is_stmt 1 discriminator 10 view .LVU1303
 4147 0488 0025     		movs	r5, #0
 4148 048a E560     		str	r5, [r4, #12]
1015:Middlewares/Third_Party/LwIP/src/core/tcp_in.c ****         pcb->state = TIME_WAIT;
 4149              		.loc 1 1015 9 discriminator 10 view .LVU1304
1015:Middlewares/Third_Party/LwIP/src/core/tcp_in.c ****         pcb->state = TIME_WAIT;
 4150              		.loc 1 1015 9 discriminator 10 view .LVU1305
 4151 048c 364B     		ldr	r3, .L333+36
 4152 048e 0122     		movs	r2, #1
 4153 0490 1A70     		strb	r2, [r3]
1015:Middlewares/Third_Party/LwIP/src/core/tcp_in.c ****         pcb->state = TIME_WAIT;
 4154              		.loc 1 1015 9 discriminator 10 view .LVU1306
1016:Middlewares/Third_Party/LwIP/src/core/tcp_in.c ****         TCP_REG(&tcp_tw_pcbs, pcb);
 4155              		.loc 1 1016 9 discriminator 10 view .LVU1307
1016:Middlewares/Third_Party/LwIP/src/core/tcp_in.c ****         TCP_REG(&tcp_tw_pcbs, pcb);
 4156              		.loc 1 1016 20 is_stmt 0 discriminator 10 view .LVU1308
 4157 0492 0A23     		movs	r3, #10
 4158 0494 2375     		strb	r3, [r4, #20]
1017:Middlewares/Third_Party/LwIP/src/core/tcp_in.c ****       }
 4159              		.loc 1 1017 9 is_stmt 1 discriminator 10 view .LVU1309
1017:Middlewares/Third_Party/LwIP/src/core/tcp_in.c ****       }
 4160              		.loc 1 1017 9 discriminator 10 view .LVU1310
 4161 0496 354B     		ldr	r3, .L333+40
 4162 0498 1A68     		ldr	r2, [r3]
 4163 049a E260     		str	r2, [r4, #12]
ARM GAS  /tmp/ccYvHRO8.s 			page 133


1017:Middlewares/Third_Party/LwIP/src/core/tcp_in.c ****       }
 4164              		.loc 1 1017 9 discriminator 10 view .LVU1311
 4165 049c 1C60     		str	r4, [r3]
1017:Middlewares/Third_Party/LwIP/src/core/tcp_in.c ****       }
 4166              		.loc 1 1017 9 discriminator 10 view .LVU1312
 4167 049e FFF7FEFF 		bl	tcp_timer_needed
 4168              	.LVL277:
 4169 04a2 D9E5     		b	.L237
 4170              	.L242:
1021:Middlewares/Third_Party/LwIP/src/core/tcp_in.c ****       if ((flags & TCP_ACK) && ackno == pcb->snd_nxt && pcb->unsent == NULL) {
 4171              		.loc 1 1021 7 view .LVU1313
 4172 04a4 2046     		mov	r0, r4
 4173 04a6 FFF7FEFF 		bl	tcp_receive
 4174              	.LVL278:
1022:Middlewares/Third_Party/LwIP/src/core/tcp_in.c ****         LWIP_DEBUGF(TCP_DEBUG, ("TCP connection closed: CLOSING %"U16_F" -> %"U16_F".\n", inseg.tcp
 4175              		.loc 1 1022 7 view .LVU1314
1022:Middlewares/Third_Party/LwIP/src/core/tcp_in.c ****         LWIP_DEBUGF(TCP_DEBUG, ("TCP connection closed: CLOSING %"U16_F" -> %"U16_F".\n", inseg.tcp
 4176              		.loc 1 1022 18 is_stmt 0 view .LVU1315
 4177 04aa 2C4B     		ldr	r3, .L333+24
 4178 04ac 1B78     		ldrb	r3, [r3]	@ zero_extendqisi2
1022:Middlewares/Third_Party/LwIP/src/core/tcp_in.c ****         LWIP_DEBUGF(TCP_DEBUG, ("TCP connection closed: CLOSING %"U16_F" -> %"U16_F".\n", inseg.tcp
 4179              		.loc 1 1022 10 view .LVU1316
 4180 04ae 13F0100F 		tst	r3, #16
 4181 04b2 63D0     		beq	.L294
1022:Middlewares/Third_Party/LwIP/src/core/tcp_in.c ****         LWIP_DEBUGF(TCP_DEBUG, ("TCP connection closed: CLOSING %"U16_F" -> %"U16_F".\n", inseg.tcp
 4182              		.loc 1 1022 44 discriminator 1 view .LVU1317
 4183 04b4 226D     		ldr	r2, [r4, #80]
1022:Middlewares/Third_Party/LwIP/src/core/tcp_in.c ****         LWIP_DEBUGF(TCP_DEBUG, ("TCP connection closed: CLOSING %"U16_F" -> %"U16_F".\n", inseg.tcp
 4184              		.loc 1 1022 38 discriminator 1 view .LVU1318
 4185 04b6 2A4B     		ldr	r3, .L333+28
 4186 04b8 1B68     		ldr	r3, [r3]
1022:Middlewares/Third_Party/LwIP/src/core/tcp_in.c ****         LWIP_DEBUGF(TCP_DEBUG, ("TCP connection closed: CLOSING %"U16_F" -> %"U16_F".\n", inseg.tcp
 4187              		.loc 1 1022 29 discriminator 1 view .LVU1319
 4188 04ba 9A42     		cmp	r2, r3
 4189 04bc 01D0     		beq	.L325
1041:Middlewares/Third_Party/LwIP/src/core/tcp_in.c **** }
 4190              		.loc 1 1041 10 view .LVU1320
 4191 04be 0025     		movs	r5, #0
 4192 04c0 CAE5     		b	.L237
 4193              	.L325:
1022:Middlewares/Third_Party/LwIP/src/core/tcp_in.c ****         LWIP_DEBUGF(TCP_DEBUG, ("TCP connection closed: CLOSING %"U16_F" -> %"U16_F".\n", inseg.tcp
 4194              		.loc 1 1022 60 discriminator 2 view .LVU1321
 4195 04c2 E36E     		ldr	r3, [r4, #108]
1022:Middlewares/Third_Party/LwIP/src/core/tcp_in.c ****         LWIP_DEBUGF(TCP_DEBUG, ("TCP connection closed: CLOSING %"U16_F" -> %"U16_F".\n", inseg.tcp
 4196              		.loc 1 1022 54 discriminator 2 view .LVU1322
 4197 04c4 0BB1     		cbz	r3, .L326
1041:Middlewares/Third_Party/LwIP/src/core/tcp_in.c **** }
 4198              		.loc 1 1041 10 view .LVU1323
 4199 04c6 0025     		movs	r5, #0
 4200 04c8 C6E5     		b	.L237
 4201              	.L326:
1023:Middlewares/Third_Party/LwIP/src/core/tcp_in.c ****         tcp_pcb_purge(pcb);
 4202              		.loc 1 1023 130 is_stmt 1 view .LVU1324
1024:Middlewares/Third_Party/LwIP/src/core/tcp_in.c ****         TCP_RMV_ACTIVE(pcb);
 4203              		.loc 1 1024 9 view .LVU1325
 4204 04ca 2046     		mov	r0, r4
 4205 04cc FFF7FEFF 		bl	tcp_pcb_purge
ARM GAS  /tmp/ccYvHRO8.s 			page 134


 4206              	.LVL279:
1025:Middlewares/Third_Party/LwIP/src/core/tcp_in.c ****         pcb->state = TIME_WAIT;
 4207              		.loc 1 1025 9 view .LVU1326
1025:Middlewares/Third_Party/LwIP/src/core/tcp_in.c ****         pcb->state = TIME_WAIT;
 4208              		.loc 1 1025 9 view .LVU1327
1025:Middlewares/Third_Party/LwIP/src/core/tcp_in.c ****         pcb->state = TIME_WAIT;
 4209              		.loc 1 1025 9 view .LVU1328
 4210 04d0 244B     		ldr	r3, .L333+32
 4211 04d2 1B68     		ldr	r3, [r3]
 4212 04d4 A342     		cmp	r3, r4
 4213 04d6 05D0     		beq	.L327
 4214              	.L275:
 4215              	.LVL280:
 4216              	.LBB29:
1025:Middlewares/Third_Party/LwIP/src/core/tcp_in.c ****         pcb->state = TIME_WAIT;
 4217              		.loc 1 1025 9 discriminator 8 view .LVU1329
 4218 04d8 53B1     		cbz	r3, .L276
1025:Middlewares/Third_Party/LwIP/src/core/tcp_in.c ****         pcb->state = TIME_WAIT;
 4219              		.loc 1 1025 9 discriminator 9 view .LVU1330
 4220 04da DA68     		ldr	r2, [r3, #12]
 4221 04dc A242     		cmp	r2, r4
 4222 04de 05D0     		beq	.L328
1025:Middlewares/Third_Party/LwIP/src/core/tcp_in.c ****         pcb->state = TIME_WAIT;
 4223              		.loc 1 1025 9 is_stmt 0 view .LVU1331
 4224 04e0 1346     		mov	r3, r2
 4225              	.LVL281:
1025:Middlewares/Third_Party/LwIP/src/core/tcp_in.c ****         pcb->state = TIME_WAIT;
 4226              		.loc 1 1025 9 view .LVU1332
 4227 04e2 F9E7     		b	.L275
 4228              	.L327:
1025:Middlewares/Third_Party/LwIP/src/core/tcp_in.c ****         pcb->state = TIME_WAIT;
 4229              		.loc 1 1025 9 view .LVU1333
 4230              	.LBE29:
1025:Middlewares/Third_Party/LwIP/src/core/tcp_in.c ****         pcb->state = TIME_WAIT;
 4231              		.loc 1 1025 9 is_stmt 1 discriminator 1 view .LVU1334
 4232 04e4 DA68     		ldr	r2, [r3, #12]
 4233 04e6 1F4B     		ldr	r3, .L333+32
 4234 04e8 1A60     		str	r2, [r3]
 4235 04ea 01E0     		b	.L276
 4236              	.LVL282:
 4237              	.L328:
 4238              	.LBB30:
1025:Middlewares/Third_Party/LwIP/src/core/tcp_in.c ****         pcb->state = TIME_WAIT;
 4239              		.loc 1 1025 9 discriminator 5 view .LVU1335
 4240 04ec E268     		ldr	r2, [r4, #12]
 4241 04ee DA60     		str	r2, [r3, #12]
1025:Middlewares/Third_Party/LwIP/src/core/tcp_in.c ****         pcb->state = TIME_WAIT;
 4242              		.loc 1 1025 9 discriminator 5 view .LVU1336
 4243              	.LVL283:
 4244              	.L276:
1025:Middlewares/Third_Party/LwIP/src/core/tcp_in.c ****         pcb->state = TIME_WAIT;
 4245              		.loc 1 1025 9 is_stmt 0 discriminator 5 view .LVU1337
 4246              	.LBE30:
1025:Middlewares/Third_Party/LwIP/src/core/tcp_in.c ****         pcb->state = TIME_WAIT;
 4247              		.loc 1 1025 9 is_stmt 1 discriminator 10 view .LVU1338
 4248 04f0 0025     		movs	r5, #0
 4249 04f2 E560     		str	r5, [r4, #12]
ARM GAS  /tmp/ccYvHRO8.s 			page 135


1025:Middlewares/Third_Party/LwIP/src/core/tcp_in.c ****         pcb->state = TIME_WAIT;
 4250              		.loc 1 1025 9 discriminator 10 view .LVU1339
1025:Middlewares/Third_Party/LwIP/src/core/tcp_in.c ****         pcb->state = TIME_WAIT;
 4251              		.loc 1 1025 9 discriminator 10 view .LVU1340
 4252 04f4 1C4B     		ldr	r3, .L333+36
 4253 04f6 0122     		movs	r2, #1
 4254 04f8 1A70     		strb	r2, [r3]
1025:Middlewares/Third_Party/LwIP/src/core/tcp_in.c ****         pcb->state = TIME_WAIT;
 4255              		.loc 1 1025 9 discriminator 10 view .LVU1341
1026:Middlewares/Third_Party/LwIP/src/core/tcp_in.c ****         TCP_REG(&tcp_tw_pcbs, pcb);
 4256              		.loc 1 1026 9 discriminator 10 view .LVU1342
1026:Middlewares/Third_Party/LwIP/src/core/tcp_in.c ****         TCP_REG(&tcp_tw_pcbs, pcb);
 4257              		.loc 1 1026 20 is_stmt 0 discriminator 10 view .LVU1343
 4258 04fa 0A23     		movs	r3, #10
 4259 04fc 2375     		strb	r3, [r4, #20]
1027:Middlewares/Third_Party/LwIP/src/core/tcp_in.c ****       }
 4260              		.loc 1 1027 9 is_stmt 1 discriminator 10 view .LVU1344
1027:Middlewares/Third_Party/LwIP/src/core/tcp_in.c ****       }
 4261              		.loc 1 1027 9 discriminator 10 view .LVU1345
 4262 04fe 1B4B     		ldr	r3, .L333+40
 4263 0500 1A68     		ldr	r2, [r3]
 4264 0502 E260     		str	r2, [r4, #12]
1027:Middlewares/Third_Party/LwIP/src/core/tcp_in.c ****       }
 4265              		.loc 1 1027 9 discriminator 10 view .LVU1346
 4266 0504 1C60     		str	r4, [r3]
1027:Middlewares/Third_Party/LwIP/src/core/tcp_in.c ****       }
 4267              		.loc 1 1027 9 discriminator 10 view .LVU1347
 4268 0506 FFF7FEFF 		bl	tcp_timer_needed
 4269              	.LVL284:
 4270 050a A5E5     		b	.L237
 4271              	.L240:
1031:Middlewares/Third_Party/LwIP/src/core/tcp_in.c ****       if ((flags & TCP_ACK) && ackno == pcb->snd_nxt && pcb->unsent == NULL) {
 4272              		.loc 1 1031 7 view .LVU1348
 4273 050c 2046     		mov	r0, r4
 4274 050e FFF7FEFF 		bl	tcp_receive
 4275              	.LVL285:
1032:Middlewares/Third_Party/LwIP/src/core/tcp_in.c ****         LWIP_DEBUGF(TCP_DEBUG, ("TCP connection closed: LAST_ACK %"U16_F" -> %"U16_F".\n", inseg.tc
 4276              		.loc 1 1032 7 view .LVU1349
1032:Middlewares/Third_Party/LwIP/src/core/tcp_in.c ****         LWIP_DEBUGF(TCP_DEBUG, ("TCP connection closed: LAST_ACK %"U16_F" -> %"U16_F".\n", inseg.tc
 4277              		.loc 1 1032 18 is_stmt 0 view .LVU1350
 4278 0512 124B     		ldr	r3, .L333+24
 4279 0514 1B78     		ldrb	r3, [r3]	@ zero_extendqisi2
1032:Middlewares/Third_Party/LwIP/src/core/tcp_in.c ****         LWIP_DEBUGF(TCP_DEBUG, ("TCP connection closed: LAST_ACK %"U16_F" -> %"U16_F".\n", inseg.tc
 4280              		.loc 1 1032 10 view .LVU1351
 4281 0516 13F0100F 		tst	r3, #16
 4282 051a 31D0     		beq	.L298
1032:Middlewares/Third_Party/LwIP/src/core/tcp_in.c ****         LWIP_DEBUGF(TCP_DEBUG, ("TCP connection closed: LAST_ACK %"U16_F" -> %"U16_F".\n", inseg.tc
 4283              		.loc 1 1032 44 discriminator 1 view .LVU1352
 4284 051c 226D     		ldr	r2, [r4, #80]
1032:Middlewares/Third_Party/LwIP/src/core/tcp_in.c ****         LWIP_DEBUGF(TCP_DEBUG, ("TCP connection closed: LAST_ACK %"U16_F" -> %"U16_F".\n", inseg.tc
 4285              		.loc 1 1032 38 discriminator 1 view .LVU1353
 4286 051e 104B     		ldr	r3, .L333+28
 4287 0520 1B68     		ldr	r3, [r3]
1032:Middlewares/Third_Party/LwIP/src/core/tcp_in.c ****         LWIP_DEBUGF(TCP_DEBUG, ("TCP connection closed: LAST_ACK %"U16_F" -> %"U16_F".\n", inseg.tc
 4288              		.loc 1 1032 29 discriminator 1 view .LVU1354
 4289 0522 9A42     		cmp	r2, r3
 4290 0524 01D0     		beq	.L329
ARM GAS  /tmp/ccYvHRO8.s 			page 136


1041:Middlewares/Third_Party/LwIP/src/core/tcp_in.c **** }
 4291              		.loc 1 1041 10 view .LVU1355
 4292 0526 0025     		movs	r5, #0
 4293 0528 96E5     		b	.L237
 4294              	.L329:
1032:Middlewares/Third_Party/LwIP/src/core/tcp_in.c ****         LWIP_DEBUGF(TCP_DEBUG, ("TCP connection closed: LAST_ACK %"U16_F" -> %"U16_F".\n", inseg.tc
 4295              		.loc 1 1032 60 discriminator 2 view .LVU1356
 4296 052a E36E     		ldr	r3, [r4, #108]
1032:Middlewares/Third_Party/LwIP/src/core/tcp_in.c ****         LWIP_DEBUGF(TCP_DEBUG, ("TCP connection closed: LAST_ACK %"U16_F" -> %"U16_F".\n", inseg.tc
 4297              		.loc 1 1032 54 discriminator 2 view .LVU1357
 4298 052c 0BB1     		cbz	r3, .L330
1041:Middlewares/Third_Party/LwIP/src/core/tcp_in.c **** }
 4299              		.loc 1 1041 10 view .LVU1358
 4300 052e 0025     		movs	r5, #0
 4301 0530 92E5     		b	.L237
 4302              	.L330:
1033:Middlewares/Third_Party/LwIP/src/core/tcp_in.c ****         /* bugfix #21699: don't set pcb->state to CLOSED here or we risk leaking segments */
 4303              		.loc 1 1033 131 is_stmt 1 view .LVU1359
1035:Middlewares/Third_Party/LwIP/src/core/tcp_in.c ****       }
 4304              		.loc 1 1035 9 view .LVU1360
1035:Middlewares/Third_Party/LwIP/src/core/tcp_in.c ****       }
 4305              		.loc 1 1035 20 is_stmt 0 view .LVU1361
 4306 0532 054A     		ldr	r2, .L333+4
 4307 0534 1378     		ldrb	r3, [r2]	@ zero_extendqisi2
 4308 0536 43F01003 		orr	r3, r3, #16
 4309 053a 1370     		strb	r3, [r2]
1041:Middlewares/Third_Party/LwIP/src/core/tcp_in.c **** }
 4310              		.loc 1 1041 10 view .LVU1362
 4311 053c 0025     		movs	r5, #0
 4312 053e 8BE5     		b	.L237
 4313              	.L278:
 853:Middlewares/Third_Party/LwIP/src/core/tcp_in.c ****     case SYN_SENT:
 4314              		.loc 1 853 3 view .LVU1363
 4315 0540 0025     		movs	r5, #0
 4316 0542 89E5     		b	.L237
 4317              	.L334:
 4318              		.align	2
 4319              	.L333:
 4320 0544 00000000 		.word	.LANCHOR10
 4321 0548 00000000 		.word	.LANCHOR5
 4322 054c 00000000 		.word	.LC0
 4323 0550 68000000 		.word	.LC24
 4324 0554 4C000000 		.word	.LC2
 4325 0558 00000000 		.word	.LANCHOR7
 4326 055c 00000000 		.word	.LANCHOR6
 4327 0560 00000000 		.word	.LANCHOR9
 4328 0564 00000000 		.word	tcp_active_pcbs
 4329 0568 00000000 		.word	tcp_active_pcbs_changed
 4330 056c 00000000 		.word	tcp_tw_pcbs
 4331              	.L285:
1041:Middlewares/Third_Party/LwIP/src/core/tcp_in.c **** }
 4332              		.loc 1 1041 10 view .LVU1364
 4333 0570 0025     		movs	r5, #0
 4334 0572 71E5     		b	.L237
 4335              	.L287:
1041:Middlewares/Third_Party/LwIP/src/core/tcp_in.c **** }
 4336              		.loc 1 1041 10 view .LVU1365
ARM GAS  /tmp/ccYvHRO8.s 			page 137


 4337 0574 0025     		movs	r5, #0
 4338 0576 6FE5     		b	.L237
 4339              	.L289:
1041:Middlewares/Third_Party/LwIP/src/core/tcp_in.c **** }
 4340              		.loc 1 1041 10 view .LVU1366
 4341 0578 0025     		movs	r5, #0
 4342 057a 6DE5     		b	.L237
 4343              	.L294:
1041:Middlewares/Third_Party/LwIP/src/core/tcp_in.c **** }
 4344              		.loc 1 1041 10 view .LVU1367
 4345 057c 0025     		movs	r5, #0
 4346 057e 6BE5     		b	.L237
 4347              	.L298:
1041:Middlewares/Third_Party/LwIP/src/core/tcp_in.c **** }
 4348              		.loc 1 1041 10 view .LVU1368
 4349 0580 0025     		movs	r5, #0
 4350 0582 69E5     		b	.L237
 4351              		.cfi_endproc
 4352              	.LFE173:
 4354              		.section	.rodata.tcp_input.str1.4,"aMS",%progbits,1
 4355              		.align	2
 4356              	.LC25:
 4357 0000 7463705F 		.ascii	"tcp_input: invalid pbuf\000"
 4357      696E7075 
 4357      743A2069 
 4357      6E76616C 
 4357      69642070 
 4358              		.align	2
 4359              	.LC26:
 4360 0018 702D3E6E 		.ascii	"p->next != NULL\000"
 4360      65787420 
 4360      213D204E 
 4360      554C4C00 
 4361              		.align	2
 4362              	.LC27:
 4363 0028 702D3E6C 		.ascii	"p->len == 0\000"
 4363      656E203D 
 4363      3D203000 
 4364              		.align	2
 4365              	.LC28:
 4366 0034 702D3E74 		.ascii	"p->tot_len == p->next->tot_len\000"
 4366      6F745F6C 
 4366      656E203D 
 4366      3D20702D 
 4366      3E6E6578 
 4367 0053 00       		.align	2
 4368              	.LC29:
 4369 0054 7463705F 		.ascii	"tcp_input: active pcb->state != CLOSED\000"
 4369      696E7075 
 4369      743A2061 
 4369      63746976 
 4369      65207063 
 4370 007b 00       		.align	2
 4371              	.LC30:
 4372 007c 7463705F 		.ascii	"tcp_input: active pcb->state != TIME-WAIT\000"
 4372      696E7075 
 4372      743A2061 
ARM GAS  /tmp/ccYvHRO8.s 			page 138


 4372      63746976 
 4372      65207063 
 4373 00a6 0000     		.align	2
 4374              	.LC31:
 4375 00a8 7463705F 		.ascii	"tcp_input: active pcb->state != LISTEN\000"
 4375      696E7075 
 4375      743A2061 
 4375      63746976 
 4375      65207063 
 4376 00cf 00       		.align	2
 4377              	.LC32:
 4378 00d0 7463705F 		.ascii	"tcp_input: pcb->next != pcb (before cache)\000"
 4378      696E7075 
 4378      743A2070 
 4378      63622D3E 
 4378      6E657874 
 4379 00fb 00       		.align	2
 4380              	.LC33:
 4381 00fc 7463705F 		.ascii	"tcp_input: pcb->next != pcb (after cache)\000"
 4381      696E7075 
 4381      743A2070 
 4381      63622D3E 
 4381      6E657874 
 4382 0126 0000     		.align	2
 4383              	.LC34:
 4384 0128 7463705F 		.ascii	"tcp_input: TIME-WAIT pcb->state == TIME-WAIT\000"
 4384      696E7075 
 4384      743A2054 
 4384      494D452D 
 4384      57414954 
 4385 0155 000000   		.align	2
 4386              	.LC35:
 4387 0158 7063622D 		.ascii	"pcb->refused_data == NULL\000"
 4387      3E726566 
 4387      75736564 
 4387      5F646174 
 4387      61203D3D 
 4388              		.section	.text.tcp_input,"ax",%progbits
 4389              		.align	1
 4390              		.global	tcp_input
 4391              		.syntax unified
 4392              		.thumb
 4393              		.thumb_func
 4394              		.fpu fpv5-d16
 4396              	tcp_input:
 4397              	.LVL286:
 4398              	.LFB169:
 119:Middlewares/Third_Party/LwIP/src/core/tcp_in.c ****   struct tcp_pcb *pcb, *prev;
 4399              		.loc 1 119 1 is_stmt 1 view -0
 4400              		.cfi_startproc
 4401              		@ args = 0, pretend = 0, frame = 0
 4402              		@ frame_needed = 0, uses_anonymous_args = 0
 119:Middlewares/Third_Party/LwIP/src/core/tcp_in.c ****   struct tcp_pcb *pcb, *prev;
 4403              		.loc 1 119 1 is_stmt 0 view .LVU1370
 4404 0000 F0B5     		push	{r4, r5, r6, r7, lr}
 4405              	.LCFI19:
 4406              		.cfi_def_cfa_offset 20
ARM GAS  /tmp/ccYvHRO8.s 			page 139


 4407              		.cfi_offset 4, -20
 4408              		.cfi_offset 5, -16
 4409              		.cfi_offset 6, -12
 4410              		.cfi_offset 7, -8
 4411              		.cfi_offset 14, -4
 4412 0002 85B0     		sub	sp, sp, #20
 4413              	.LCFI20:
 4414              		.cfi_def_cfa_offset 40
 120:Middlewares/Third_Party/LwIP/src/core/tcp_in.c ****   struct tcp_pcb_listen *lpcb;
 4415              		.loc 1 120 3 is_stmt 1 view .LVU1371
 121:Middlewares/Third_Party/LwIP/src/core/tcp_in.c **** #if SO_REUSE
 4416              		.loc 1 121 3 view .LVU1372
 126:Middlewares/Third_Party/LwIP/src/core/tcp_in.c ****   err_t err;
 4417              		.loc 1 126 3 view .LVU1373
 127:Middlewares/Third_Party/LwIP/src/core/tcp_in.c **** 
 4418              		.loc 1 127 3 view .LVU1374
 129:Middlewares/Third_Party/LwIP/src/core/tcp_in.c ****   LWIP_ASSERT_CORE_LOCKED();
 4419              		.loc 1 129 3 view .LVU1375
 130:Middlewares/Third_Party/LwIP/src/core/tcp_in.c ****   LWIP_ASSERT("tcp_input: invalid pbuf", p != NULL);
 4420              		.loc 1 130 28 view .LVU1376
 131:Middlewares/Third_Party/LwIP/src/core/tcp_in.c **** 
 4421              		.loc 1 131 3 view .LVU1377
 131:Middlewares/Third_Party/LwIP/src/core/tcp_in.c **** 
 4422              		.loc 1 131 3 view .LVU1378
 4423 0004 0546     		mov	r5, r0
 4424 0006 50B1     		cbz	r0, .L386
 4425              	.LVL287:
 4426              	.L336:
 131:Middlewares/Third_Party/LwIP/src/core/tcp_in.c **** 
 4427              		.loc 1 131 3 discriminator 3 view .LVU1379
 131:Middlewares/Third_Party/LwIP/src/core/tcp_in.c **** 
 4428              		.loc 1 131 3 discriminator 3 view .LVU1380
 133:Middlewares/Third_Party/LwIP/src/core/tcp_in.c **** 
 4429              		.loc 1 133 13 discriminator 3 view .LVU1381
 135:Middlewares/Third_Party/LwIP/src/core/tcp_in.c ****   MIB2_STATS_INC(mib2.tcpinsegs);
 4430              		.loc 1 135 26 discriminator 3 view .LVU1382
 136:Middlewares/Third_Party/LwIP/src/core/tcp_in.c **** 
 4431              		.loc 1 136 33 discriminator 3 view .LVU1383
 138:Middlewares/Third_Party/LwIP/src/core/tcp_in.c **** 
 4432              		.loc 1 138 3 discriminator 3 view .LVU1384
 138:Middlewares/Third_Party/LwIP/src/core/tcp_in.c **** 
 4433              		.loc 1 138 31 is_stmt 0 discriminator 3 view .LVU1385
 4434 0008 6A68     		ldr	r2, [r5, #4]
 138:Middlewares/Third_Party/LwIP/src/core/tcp_in.c **** 
 4435              		.loc 1 138 10 discriminator 3 view .LVU1386
 4436 000a 724B     		ldr	r3, .L404
 4437 000c 1A60     		str	r2, [r3]
 145:Middlewares/Third_Party/LwIP/src/core/tcp_in.c ****     /* drop short packets */
 4438              		.loc 1 145 3 is_stmt 1 discriminator 3 view .LVU1387
 145:Middlewares/Third_Party/LwIP/src/core/tcp_in.c ****     /* drop short packets */
 4439              		.loc 1 145 8 is_stmt 0 discriminator 3 view .LVU1388
 4440 000e 6B89     		ldrh	r3, [r5, #10]
 145:Middlewares/Third_Party/LwIP/src/core/tcp_in.c ****     /* drop short packets */
 4441              		.loc 1 145 6 discriminator 3 view .LVU1389
 4442 0010 132B     		cmp	r3, #19
 4443 0012 0BD8     		bhi	.L387
 4444              	.L337:
ARM GAS  /tmp/ccYvHRO8.s 			page 140


 589:Middlewares/Third_Party/LwIP/src/core/tcp_in.c ****   MIB2_STATS_INC(mib2.tcpinerrs);
 4445              		.loc 1 589 26 is_stmt 1 view .LVU1390
 590:Middlewares/Third_Party/LwIP/src/core/tcp_in.c ****   pbuf_free(p);
 4446              		.loc 1 590 33 view .LVU1391
 591:Middlewares/Third_Party/LwIP/src/core/tcp_in.c **** }
 4447              		.loc 1 591 3 view .LVU1392
 4448 0014 2846     		mov	r0, r5
 4449 0016 FFF7FEFF 		bl	pbuf_free
 4450              	.LVL288:
 4451              	.L335:
 592:Middlewares/Third_Party/LwIP/src/core/tcp_in.c **** 
 4452              		.loc 1 592 1 is_stmt 0 view .LVU1393
 4453 001a 05B0     		add	sp, sp, #20
 4454              	.LCFI21:
 4455              		.cfi_remember_state
 4456              		.cfi_def_cfa_offset 20
 4457              		@ sp needed
 4458 001c F0BD     		pop	{r4, r5, r6, r7, pc}
 4459              	.LVL289:
 4460              	.L386:
 4461              	.LCFI22:
 4462              		.cfi_restore_state
 131:Middlewares/Third_Party/LwIP/src/core/tcp_in.c **** 
 4463              		.loc 1 131 3 is_stmt 1 discriminator 1 view .LVU1394
 131:Middlewares/Third_Party/LwIP/src/core/tcp_in.c **** 
 4464              		.loc 1 131 3 discriminator 1 view .LVU1395
 4465 001e 6E4B     		ldr	r3, .L404+4
 4466 0020 8322     		movs	r2, #131
 4467 0022 6E49     		ldr	r1, .L404+8
 4468              	.LVL290:
 131:Middlewares/Third_Party/LwIP/src/core/tcp_in.c **** 
 4469              		.loc 1 131 3 is_stmt 0 discriminator 1 view .LVU1396
 4470 0024 6E48     		ldr	r0, .L404+12
 4471              	.LVL291:
 131:Middlewares/Third_Party/LwIP/src/core/tcp_in.c **** 
 4472              		.loc 1 131 3 discriminator 1 view .LVU1397
 4473 0026 FFF7FEFF 		bl	printf
 4474              	.LVL292:
 4475 002a EDE7     		b	.L336
 4476              	.L387:
 153:Middlewares/Third_Party/LwIP/src/core/tcp_in.c ****       ip_addr_ismulticast(ip_current_dest_addr())) {
 4477              		.loc 1 153 3 is_stmt 1 view .LVU1398
 153:Middlewares/Third_Party/LwIP/src/core/tcp_in.c ****       ip_addr_ismulticast(ip_current_dest_addr())) {
 4478              		.loc 1 153 7 is_stmt 0 view .LVU1399
 4479 002c 6D4B     		ldr	r3, .L404+16
 4480 002e 1968     		ldr	r1, [r3]
 4481 0030 5869     		ldr	r0, [r3, #20]
 4482 0032 FFF7FEFF 		bl	ip4_addr_isbroadcast_u32
 4483              	.LVL293:
 153:Middlewares/Third_Party/LwIP/src/core/tcp_in.c ****       ip_addr_ismulticast(ip_current_dest_addr())) {
 4484              		.loc 1 153 6 view .LVU1400
 4485 0036 0028     		cmp	r0, #0
 4486 0038 ECD1     		bne	.L337
 154:Middlewares/Third_Party/LwIP/src/core/tcp_in.c ****     TCP_STATS_INC(tcp.proterr);
 4487              		.loc 1 154 7 discriminator 1 view .LVU1401
 4488 003a 6A4B     		ldr	r3, .L404+16
 4489 003c 5B69     		ldr	r3, [r3, #20]
ARM GAS  /tmp/ccYvHRO8.s 			page 141


 4490 003e 03F0F003 		and	r3, r3, #240
 153:Middlewares/Third_Party/LwIP/src/core/tcp_in.c ****       ip_addr_ismulticast(ip_current_dest_addr())) {
 4491              		.loc 1 153 71 discriminator 1 view .LVU1402
 4492 0042 E02B     		cmp	r3, #224
 4493 0044 E6D0     		beq	.L337
 175:Middlewares/Third_Party/LwIP/src/core/tcp_in.c ****   if ((hdrlen_bytes < TCP_HLEN) || (hdrlen_bytes > p->tot_len)) {
 4494              		.loc 1 175 3 is_stmt 1 view .LVU1403
 175:Middlewares/Third_Party/LwIP/src/core/tcp_in.c ****   if ((hdrlen_bytes < TCP_HLEN) || (hdrlen_bytes > p->tot_len)) {
 4495              		.loc 1 175 18 is_stmt 0 view .LVU1404
 4496 0046 634B     		ldr	r3, .L404
 4497 0048 1B68     		ldr	r3, [r3]
 4498 004a 9889     		ldrh	r0, [r3, #12]	@ unaligned
 4499 004c FFF7FEFF 		bl	lwip_htons
 4500              	.LVL294:
 4501 0050 C0F30731 		ubfx	r1, r0, #12, #8
 175:Middlewares/Third_Party/LwIP/src/core/tcp_in.c ****   if ((hdrlen_bytes < TCP_HLEN) || (hdrlen_bytes > p->tot_len)) {
 4502              		.loc 1 175 16 view .LVU1405
 4503 0054 8900     		lsls	r1, r1, #2
 4504 0056 C9B2     		uxtb	r1, r1
 4505              	.LVL295:
 176:Middlewares/Third_Party/LwIP/src/core/tcp_in.c ****     LWIP_DEBUGF(TCP_INPUT_DEBUG, ("tcp_input: invalid header length (%"U16_F")\n", (u16_t)hdrlen_by
 4506              		.loc 1 176 3 is_stmt 1 view .LVU1406
 176:Middlewares/Third_Party/LwIP/src/core/tcp_in.c ****     LWIP_DEBUGF(TCP_INPUT_DEBUG, ("tcp_input: invalid header length (%"U16_F")\n", (u16_t)hdrlen_by
 4507              		.loc 1 176 6 is_stmt 0 view .LVU1407
 4508 0058 1329     		cmp	r1, #19
 4509 005a DBD9     		bls	.L337
 176:Middlewares/Third_Party/LwIP/src/core/tcp_in.c ****     LWIP_DEBUGF(TCP_INPUT_DEBUG, ("tcp_input: invalid header length (%"U16_F")\n", (u16_t)hdrlen_by
 4510              		.loc 1 176 50 discriminator 1 view .LVU1408
 4511 005c 8BB2     		uxth	r3, r1
 176:Middlewares/Third_Party/LwIP/src/core/tcp_in.c ****     LWIP_DEBUGF(TCP_INPUT_DEBUG, ("tcp_input: invalid header length (%"U16_F")\n", (u16_t)hdrlen_by
 4512              		.loc 1 176 53 discriminator 1 view .LVU1409
 4513 005e 2A89     		ldrh	r2, [r5, #8]
 176:Middlewares/Third_Party/LwIP/src/core/tcp_in.c ****     LWIP_DEBUGF(TCP_INPUT_DEBUG, ("tcp_input: invalid header length (%"U16_F")\n", (u16_t)hdrlen_by
 4514              		.loc 1 176 33 discriminator 1 view .LVU1410
 4515 0060 9342     		cmp	r3, r2
 4516 0062 D7D8     		bhi	.L337
 184:Middlewares/Third_Party/LwIP/src/core/tcp_in.c ****   tcphdr_opt2 = NULL;
 4517              		.loc 1 184 3 is_stmt 1 view .LVU1411
 184:Middlewares/Third_Party/LwIP/src/core/tcp_in.c ****   tcphdr_opt2 = NULL;
 4518              		.loc 1 184 19 is_stmt 0 view .LVU1412
 4519 0064 A3F11402 		sub	r2, r3, #20
 4520 0068 92B2     		uxth	r2, r2
 184:Middlewares/Third_Party/LwIP/src/core/tcp_in.c ****   tcphdr_opt2 = NULL;
 4521              		.loc 1 184 17 view .LVU1413
 4522 006a 5F48     		ldr	r0, .L404+20
 4523 006c 0280     		strh	r2, [r0]	@ movhi
 185:Middlewares/Third_Party/LwIP/src/core/tcp_in.c ****   if (p->len >= hdrlen_bytes) {
 4524              		.loc 1 185 3 is_stmt 1 view .LVU1414
 185:Middlewares/Third_Party/LwIP/src/core/tcp_in.c ****   if (p->len >= hdrlen_bytes) {
 4525              		.loc 1 185 15 is_stmt 0 view .LVU1415
 4526 006e 5F48     		ldr	r0, .L404+24
 4527 0070 0024     		movs	r4, #0
 4528 0072 0460     		str	r4, [r0]
 186:Middlewares/Third_Party/LwIP/src/core/tcp_in.c ****     /* all options are in the first pbuf */
 4529              		.loc 1 186 3 is_stmt 1 view .LVU1416
 186:Middlewares/Third_Party/LwIP/src/core/tcp_in.c ****     /* all options are in the first pbuf */
 4530              		.loc 1 186 8 is_stmt 0 view .LVU1417
ARM GAS  /tmp/ccYvHRO8.s 			page 142


 4531 0074 6889     		ldrh	r0, [r5, #10]
 186:Middlewares/Third_Party/LwIP/src/core/tcp_in.c ****     /* all options are in the first pbuf */
 4532              		.loc 1 186 6 view .LVU1418
 4533 0076 8342     		cmp	r3, r0
 4534 0078 2ED9     		bls	.L388
 4535              	.LBB31:
 191:Middlewares/Third_Party/LwIP/src/core/tcp_in.c ****     /* TCP header fits into first pbuf, options don't - data is in the next pbuf */
 4536              		.loc 1 191 5 is_stmt 1 view .LVU1419
 194:Middlewares/Third_Party/LwIP/src/core/tcp_in.c **** 
 4537              		.loc 1 194 5 view .LVU1420
 194:Middlewares/Third_Party/LwIP/src/core/tcp_in.c **** 
 4538              		.loc 1 194 5 view .LVU1421
 4539 007a 2B68     		ldr	r3, [r5]
 4540 007c 002B     		cmp	r3, #0
 4541 007e 67D0     		beq	.L389
 4542              	.LVL296:
 4543              	.L340:
 194:Middlewares/Third_Party/LwIP/src/core/tcp_in.c **** 
 4544              		.loc 1 194 5 discriminator 3 view .LVU1422
 194:Middlewares/Third_Party/LwIP/src/core/tcp_in.c **** 
 4545              		.loc 1 194 5 discriminator 3 view .LVU1423
 197:Middlewares/Third_Party/LwIP/src/core/tcp_in.c **** 
 4546              		.loc 1 197 5 discriminator 3 view .LVU1424
 4547 0080 1421     		movs	r1, #20
 4548 0082 2846     		mov	r0, r5
 4549 0084 FFF7FEFF 		bl	pbuf_remove_header
 4550              	.LVL297:
 200:Middlewares/Third_Party/LwIP/src/core/tcp_in.c ****     opt2len = (u16_t)(tcphdr_optlen - tcphdr_opt1len);
 4551              		.loc 1 200 5 discriminator 3 view .LVU1425
 200:Middlewares/Third_Party/LwIP/src/core/tcp_in.c ****     opt2len = (u16_t)(tcphdr_optlen - tcphdr_opt1len);
 4552              		.loc 1 200 23 is_stmt 0 discriminator 3 view .LVU1426
 4553 0088 6C89     		ldrh	r4, [r5, #10]
 200:Middlewares/Third_Party/LwIP/src/core/tcp_in.c ****     opt2len = (u16_t)(tcphdr_optlen - tcphdr_opt1len);
 4554              		.loc 1 200 20 discriminator 3 view .LVU1427
 4555 008a 594B     		ldr	r3, .L404+28
 4556 008c 1C80     		strh	r4, [r3]	@ movhi
 201:Middlewares/Third_Party/LwIP/src/core/tcp_in.c **** 
 4557              		.loc 1 201 5 is_stmt 1 discriminator 3 view .LVU1428
 201:Middlewares/Third_Party/LwIP/src/core/tcp_in.c **** 
 4558              		.loc 1 201 15 is_stmt 0 discriminator 3 view .LVU1429
 4559 008e 564B     		ldr	r3, .L404+20
 4560 0090 1F88     		ldrh	r7, [r3]
 201:Middlewares/Third_Party/LwIP/src/core/tcp_in.c **** 
 4561              		.loc 1 201 13 discriminator 3 view .LVU1430
 4562 0092 3E1B     		subs	r6, r7, r4
 4563 0094 B6B2     		uxth	r6, r6
 4564              	.LVL298:
 205:Middlewares/Third_Party/LwIP/src/core/tcp_in.c **** 
 4565              		.loc 1 205 5 is_stmt 1 discriminator 3 view .LVU1431
 4566 0096 2146     		mov	r1, r4
 4567 0098 2846     		mov	r0, r5
 4568 009a FFF7FEFF 		bl	pbuf_remove_header
 4569              	.LVL299:
 208:Middlewares/Third_Party/LwIP/src/core/tcp_in.c ****       /* drop short packets */
 4570              		.loc 1 208 5 discriminator 3 view .LVU1432
 208:Middlewares/Third_Party/LwIP/src/core/tcp_in.c ****       /* drop short packets */
 4571              		.loc 1 208 20 is_stmt 0 discriminator 3 view .LVU1433
ARM GAS  /tmp/ccYvHRO8.s 			page 143


 4572 009e 2868     		ldr	r0, [r5]
 208:Middlewares/Third_Party/LwIP/src/core/tcp_in.c ****       /* drop short packets */
 4573              		.loc 1 208 26 discriminator 3 view .LVU1434
 4574 00a0 4389     		ldrh	r3, [r0, #10]
 208:Middlewares/Third_Party/LwIP/src/core/tcp_in.c ****       /* drop short packets */
 4575              		.loc 1 208 8 discriminator 3 view .LVU1435
 4576 00a2 B342     		cmp	r3, r6
 4577 00a4 B6D3     		bcc	.L337
 216:Middlewares/Third_Party/LwIP/src/core/tcp_in.c **** 
 4578              		.loc 1 216 5 is_stmt 1 view .LVU1436
 216:Middlewares/Third_Party/LwIP/src/core/tcp_in.c **** 
 4579              		.loc 1 216 34 is_stmt 0 view .LVU1437
 4580 00a6 4268     		ldr	r2, [r0, #4]
 216:Middlewares/Third_Party/LwIP/src/core/tcp_in.c **** 
 4581              		.loc 1 216 17 view .LVU1438
 4582 00a8 504B     		ldr	r3, .L404+24
 4583 00aa 1A60     		str	r2, [r3]
 220:Middlewares/Third_Party/LwIP/src/core/tcp_in.c ****     p->tot_len = (u16_t)(p->tot_len - opt2len);
 4584              		.loc 1 220 5 is_stmt 1 view .LVU1439
 4585 00ac 3146     		mov	r1, r6
 4586 00ae FFF7FEFF 		bl	pbuf_remove_header
 4587              	.LVL300:
 221:Middlewares/Third_Party/LwIP/src/core/tcp_in.c **** 
 4588              		.loc 1 221 5 view .LVU1440
 221:Middlewares/Third_Party/LwIP/src/core/tcp_in.c **** 
 4589              		.loc 1 221 27 is_stmt 0 view .LVU1441
 4590 00b2 2B89     		ldrh	r3, [r5, #8]
 221:Middlewares/Third_Party/LwIP/src/core/tcp_in.c **** 
 4591              		.loc 1 221 18 view .LVU1442
 4592 00b4 E41B     		subs	r4, r4, r7
 4593 00b6 1C44     		add	r4, r4, r3
 221:Middlewares/Third_Party/LwIP/src/core/tcp_in.c **** 
 4594              		.loc 1 221 16 view .LVU1443
 4595 00b8 2C81     		strh	r4, [r5, #8]	@ movhi
 223:Middlewares/Third_Party/LwIP/src/core/tcp_in.c ****     LWIP_ASSERT("p->tot_len == p->next->tot_len", p->tot_len == p->next->tot_len);
 4596              		.loc 1 223 5 is_stmt 1 view .LVU1444
 223:Middlewares/Third_Party/LwIP/src/core/tcp_in.c ****     LWIP_ASSERT("p->tot_len == p->next->tot_len", p->tot_len == p->next->tot_len);
 4597              		.loc 1 223 5 view .LVU1445
 4598 00ba 6B89     		ldrh	r3, [r5, #10]
 4599 00bc 002B     		cmp	r3, #0
 4600 00be 4ED1     		bne	.L390
 4601              	.L341:
 223:Middlewares/Third_Party/LwIP/src/core/tcp_in.c ****     LWIP_ASSERT("p->tot_len == p->next->tot_len", p->tot_len == p->next->tot_len);
 4602              		.loc 1 223 5 discriminator 3 view .LVU1446
 223:Middlewares/Third_Party/LwIP/src/core/tcp_in.c ****     LWIP_ASSERT("p->tot_len == p->next->tot_len", p->tot_len == p->next->tot_len);
 4603              		.loc 1 223 5 discriminator 3 view .LVU1447
 224:Middlewares/Third_Party/LwIP/src/core/tcp_in.c ****   }
 4604              		.loc 1 224 5 discriminator 3 view .LVU1448
 224:Middlewares/Third_Party/LwIP/src/core/tcp_in.c ****   }
 4605              		.loc 1 224 5 discriminator 3 view .LVU1449
 4606 00c0 2A89     		ldrh	r2, [r5, #8]
 4607 00c2 2B68     		ldr	r3, [r5]
 4608 00c4 1B89     		ldrh	r3, [r3, #8]
 4609 00c6 9A42     		cmp	r2, r3
 4610 00c8 0BD0     		beq	.L339
 224:Middlewares/Third_Party/LwIP/src/core/tcp_in.c ****   }
 4611              		.loc 1 224 5 discriminator 1 view .LVU1450
ARM GAS  /tmp/ccYvHRO8.s 			page 144


 224:Middlewares/Third_Party/LwIP/src/core/tcp_in.c ****   }
 4612              		.loc 1 224 5 discriminator 1 view .LVU1451
 4613 00ca 434B     		ldr	r3, .L404+4
 4614 00cc E022     		movs	r2, #224
 4615 00ce 4949     		ldr	r1, .L404+32
 4616 00d0 4348     		ldr	r0, .L404+12
 4617 00d2 FFF7FEFF 		bl	printf
 4618              	.LVL301:
 4619 00d6 04E0     		b	.L339
 4620              	.LVL302:
 4621              	.L388:
 224:Middlewares/Third_Party/LwIP/src/core/tcp_in.c ****   }
 4622              		.loc 1 224 5 is_stmt 0 discriminator 1 view .LVU1452
 4623              	.LBE31:
 188:Middlewares/Third_Party/LwIP/src/core/tcp_in.c ****     pbuf_remove_header(p, hdrlen_bytes); /* cannot fail */
 4624              		.loc 1 188 5 is_stmt 1 view .LVU1453
 188:Middlewares/Third_Party/LwIP/src/core/tcp_in.c ****     pbuf_remove_header(p, hdrlen_bytes); /* cannot fail */
 4625              		.loc 1 188 20 is_stmt 0 view .LVU1454
 4626 00d8 454B     		ldr	r3, .L404+28
 4627 00da 1A80     		strh	r2, [r3]	@ movhi
 189:Middlewares/Third_Party/LwIP/src/core/tcp_in.c ****   } else {
 4628              		.loc 1 189 5 is_stmt 1 view .LVU1455
 4629 00dc 2846     		mov	r0, r5
 4630 00de FFF7FEFF 		bl	pbuf_remove_header
 4631              	.LVL303:
 4632              	.L339:
 4633              	.LBB32:
 224:Middlewares/Third_Party/LwIP/src/core/tcp_in.c ****   }
 4634              		.loc 1 224 5 discriminator 3 view .LVU1456
 224:Middlewares/Third_Party/LwIP/src/core/tcp_in.c ****   }
 4635              		.loc 1 224 5 discriminator 3 view .LVU1457
 4636              	.LBE32:
 228:Middlewares/Third_Party/LwIP/src/core/tcp_in.c ****   tcphdr->dest = lwip_ntohs(tcphdr->dest);
 4637              		.loc 1 228 3 discriminator 3 view .LVU1458
 228:Middlewares/Third_Party/LwIP/src/core/tcp_in.c ****   tcphdr->dest = lwip_ntohs(tcphdr->dest);
 4638              		.loc 1 228 17 is_stmt 0 discriminator 3 view .LVU1459
 4639 00e2 3C4C     		ldr	r4, .L404
 4640 00e4 2668     		ldr	r6, [r4]
 4641 00e6 3088     		ldrh	r0, [r6]	@ unaligned
 4642 00e8 FFF7FEFF 		bl	lwip_htons
 4643              	.LVL304:
 228:Middlewares/Third_Party/LwIP/src/core/tcp_in.c ****   tcphdr->dest = lwip_ntohs(tcphdr->dest);
 4644              		.loc 1 228 15 discriminator 3 view .LVU1460
 4645 00ec 3080     		strh	r0, [r6]	@ unaligned
 229:Middlewares/Third_Party/LwIP/src/core/tcp_in.c ****   seqno = tcphdr->seqno = lwip_ntohl(tcphdr->seqno);
 4646              		.loc 1 229 3 is_stmt 1 discriminator 3 view .LVU1461
 229:Middlewares/Third_Party/LwIP/src/core/tcp_in.c ****   seqno = tcphdr->seqno = lwip_ntohl(tcphdr->seqno);
 4647              		.loc 1 229 18 is_stmt 0 discriminator 3 view .LVU1462
 4648 00ee 2668     		ldr	r6, [r4]
 4649 00f0 7088     		ldrh	r0, [r6, #2]	@ unaligned
 4650 00f2 FFF7FEFF 		bl	lwip_htons
 4651              	.LVL305:
 229:Middlewares/Third_Party/LwIP/src/core/tcp_in.c ****   seqno = tcphdr->seqno = lwip_ntohl(tcphdr->seqno);
 4652              		.loc 1 229 16 discriminator 3 view .LVU1463
 4653 00f6 7080     		strh	r0, [r6, #2]	@ unaligned
 230:Middlewares/Third_Party/LwIP/src/core/tcp_in.c ****   ackno = tcphdr->ackno = lwip_ntohl(tcphdr->ackno);
 4654              		.loc 1 230 3 is_stmt 1 discriminator 3 view .LVU1464
ARM GAS  /tmp/ccYvHRO8.s 			page 145


 230:Middlewares/Third_Party/LwIP/src/core/tcp_in.c ****   ackno = tcphdr->ackno = lwip_ntohl(tcphdr->ackno);
 4655              		.loc 1 230 27 is_stmt 0 discriminator 3 view .LVU1465
 4656 00f8 2668     		ldr	r6, [r4]
 4657 00fa 7068     		ldr	r0, [r6, #4]	@ unaligned
 4658 00fc FFF7FEFF 		bl	lwip_htonl
 4659              	.LVL306:
 230:Middlewares/Third_Party/LwIP/src/core/tcp_in.c ****   ackno = tcphdr->ackno = lwip_ntohl(tcphdr->ackno);
 4660              		.loc 1 230 25 discriminator 3 view .LVU1466
 4661 0100 7060     		str	r0, [r6, #4]	@ unaligned
 230:Middlewares/Third_Party/LwIP/src/core/tcp_in.c ****   ackno = tcphdr->ackno = lwip_ntohl(tcphdr->ackno);
 4662              		.loc 1 230 9 discriminator 3 view .LVU1467
 4663 0102 3D4B     		ldr	r3, .L404+36
 4664 0104 1860     		str	r0, [r3]
 231:Middlewares/Third_Party/LwIP/src/core/tcp_in.c ****   tcphdr->wnd = lwip_ntohs(tcphdr->wnd);
 4665              		.loc 1 231 3 is_stmt 1 discriminator 3 view .LVU1468
 231:Middlewares/Third_Party/LwIP/src/core/tcp_in.c ****   tcphdr->wnd = lwip_ntohs(tcphdr->wnd);
 4666              		.loc 1 231 27 is_stmt 0 discriminator 3 view .LVU1469
 4667 0106 2668     		ldr	r6, [r4]
 4668 0108 B068     		ldr	r0, [r6, #8]	@ unaligned
 4669 010a FFF7FEFF 		bl	lwip_htonl
 4670              	.LVL307:
 231:Middlewares/Third_Party/LwIP/src/core/tcp_in.c ****   tcphdr->wnd = lwip_ntohs(tcphdr->wnd);
 4671              		.loc 1 231 25 discriminator 3 view .LVU1470
 4672 010e B060     		str	r0, [r6, #8]	@ unaligned
 231:Middlewares/Third_Party/LwIP/src/core/tcp_in.c ****   tcphdr->wnd = lwip_ntohs(tcphdr->wnd);
 4673              		.loc 1 231 9 discriminator 3 view .LVU1471
 4674 0110 3A4B     		ldr	r3, .L404+40
 4675 0112 1860     		str	r0, [r3]
 232:Middlewares/Third_Party/LwIP/src/core/tcp_in.c **** 
 4676              		.loc 1 232 3 is_stmt 1 discriminator 3 view .LVU1472
 232:Middlewares/Third_Party/LwIP/src/core/tcp_in.c **** 
 4677              		.loc 1 232 17 is_stmt 0 discriminator 3 view .LVU1473
 4678 0114 2668     		ldr	r6, [r4]
 4679 0116 F089     		ldrh	r0, [r6, #14]	@ unaligned
 4680 0118 FFF7FEFF 		bl	lwip_htons
 4681              	.LVL308:
 232:Middlewares/Third_Party/LwIP/src/core/tcp_in.c **** 
 4682              		.loc 1 232 15 discriminator 3 view .LVU1474
 4683 011c F081     		strh	r0, [r6, #14]	@ unaligned
 234:Middlewares/Third_Party/LwIP/src/core/tcp_in.c ****   tcplen = p->tot_len;
 4684              		.loc 1 234 3 is_stmt 1 discriminator 3 view .LVU1475
 234:Middlewares/Third_Party/LwIP/src/core/tcp_in.c ****   tcplen = p->tot_len;
 4685              		.loc 1 234 11 is_stmt 0 discriminator 3 view .LVU1476
 4686 011e 2368     		ldr	r3, [r4]
 4687 0120 9889     		ldrh	r0, [r3, #12]	@ unaligned
 4688 0122 FFF7FEFF 		bl	lwip_htons
 4689              	.LVL309:
 4690 0126 00F03F00 		and	r0, r0, #63
 234:Middlewares/Third_Party/LwIP/src/core/tcp_in.c ****   tcplen = p->tot_len;
 4691              		.loc 1 234 9 discriminator 3 view .LVU1477
 4692 012a 354B     		ldr	r3, .L404+44
 4693 012c 1870     		strb	r0, [r3]
 235:Middlewares/Third_Party/LwIP/src/core/tcp_in.c ****   if (flags & (TCP_FIN | TCP_SYN)) {
 4694              		.loc 1 235 3 is_stmt 1 discriminator 3 view .LVU1478
 235:Middlewares/Third_Party/LwIP/src/core/tcp_in.c ****   if (flags & (TCP_FIN | TCP_SYN)) {
 4695              		.loc 1 235 13 is_stmt 0 discriminator 3 view .LVU1479
 4696 012e 2B89     		ldrh	r3, [r5, #8]
ARM GAS  /tmp/ccYvHRO8.s 			page 146


 235:Middlewares/Third_Party/LwIP/src/core/tcp_in.c ****   if (flags & (TCP_FIN | TCP_SYN)) {
 4697              		.loc 1 235 10 discriminator 3 view .LVU1480
 4698 0130 344A     		ldr	r2, .L404+48
 4699 0132 1380     		strh	r3, [r2]	@ movhi
 236:Middlewares/Third_Party/LwIP/src/core/tcp_in.c ****     tcplen++;
 4700              		.loc 1 236 3 is_stmt 1 discriminator 3 view .LVU1481
 236:Middlewares/Third_Party/LwIP/src/core/tcp_in.c ****     tcplen++;
 4701              		.loc 1 236 6 is_stmt 0 discriminator 3 view .LVU1482
 4702 0134 10F0030F 		tst	r0, #3
 4703 0138 06D0     		beq	.L342
 237:Middlewares/Third_Party/LwIP/src/core/tcp_in.c ****     if (tcplen < p->tot_len) {
 4704              		.loc 1 237 5 is_stmt 1 view .LVU1483
 237:Middlewares/Third_Party/LwIP/src/core/tcp_in.c ****     if (tcplen < p->tot_len) {
 4705              		.loc 1 237 11 is_stmt 0 view .LVU1484
 4706 013a 5A1C     		adds	r2, r3, #1
 4707 013c 92B2     		uxth	r2, r2
 4708 013e 3149     		ldr	r1, .L404+48
 4709 0140 0A80     		strh	r2, [r1]	@ movhi
 238:Middlewares/Third_Party/LwIP/src/core/tcp_in.c ****       /* u16_t overflow, cannot handle this */
 4710              		.loc 1 238 5 is_stmt 1 view .LVU1485
 238:Middlewares/Third_Party/LwIP/src/core/tcp_in.c ****       /* u16_t overflow, cannot handle this */
 4711              		.loc 1 238 8 is_stmt 0 view .LVU1486
 4712 0142 9342     		cmp	r3, r2
 4713 0144 3FF666AF 		bhi	.L337
 4714              	.L342:
 248:Middlewares/Third_Party/LwIP/src/core/tcp_in.c **** 
 4715              		.loc 1 248 3 is_stmt 1 view .LVU1487
 4716              	.LVL310:
 250:Middlewares/Third_Party/LwIP/src/core/tcp_in.c ****     LWIP_ASSERT("tcp_input: active pcb->state != CLOSED", pcb->state != CLOSED);
 4717              		.loc 1 250 3 view .LVU1488
 250:Middlewares/Third_Party/LwIP/src/core/tcp_in.c ****     LWIP_ASSERT("tcp_input: active pcb->state != CLOSED", pcb->state != CLOSED);
 4718              		.loc 1 250 12 is_stmt 0 view .LVU1489
 4719 0148 2F4B     		ldr	r3, .L404+52
 4720 014a 1C68     		ldr	r4, [r3]
 4721              	.LVL311:
 248:Middlewares/Third_Party/LwIP/src/core/tcp_in.c **** 
 4722              		.loc 1 248 8 view .LVU1490
 4723 014c 0026     		movs	r6, #0
 250:Middlewares/Third_Party/LwIP/src/core/tcp_in.c ****     LWIP_ASSERT("tcp_input: active pcb->state != CLOSED", pcb->state != CLOSED);
 4724              		.loc 1 250 3 view .LVU1491
 4725 014e 2AE0     		b	.L343
 4726              	.LVL312:
 4727              	.L389:
 4728              	.LBB33:
 194:Middlewares/Third_Party/LwIP/src/core/tcp_in.c **** 
 4729              		.loc 1 194 5 is_stmt 1 discriminator 1 view .LVU1492
 194:Middlewares/Third_Party/LwIP/src/core/tcp_in.c **** 
 4730              		.loc 1 194 5 discriminator 1 view .LVU1493
 4731 0150 214B     		ldr	r3, .L404+4
 4732 0152 C222     		movs	r2, #194
 4733 0154 2D49     		ldr	r1, .L404+56
 4734              	.LVL313:
 194:Middlewares/Third_Party/LwIP/src/core/tcp_in.c **** 
 4735              		.loc 1 194 5 is_stmt 0 discriminator 1 view .LVU1494
 4736 0156 2248     		ldr	r0, .L404+12
 4737 0158 FFF7FEFF 		bl	printf
 4738              	.LVL314:
ARM GAS  /tmp/ccYvHRO8.s 			page 147


 4739 015c 90E7     		b	.L340
 4740              	.LVL315:
 4741              	.L390:
 223:Middlewares/Third_Party/LwIP/src/core/tcp_in.c ****     LWIP_ASSERT("p->tot_len == p->next->tot_len", p->tot_len == p->next->tot_len);
 4742              		.loc 1 223 5 is_stmt 1 discriminator 1 view .LVU1495
 223:Middlewares/Third_Party/LwIP/src/core/tcp_in.c ****     LWIP_ASSERT("p->tot_len == p->next->tot_len", p->tot_len == p->next->tot_len);
 4743              		.loc 1 223 5 discriminator 1 view .LVU1496
 4744 015e 1E4B     		ldr	r3, .L404+4
 4745 0160 DF22     		movs	r2, #223
 4746 0162 2B49     		ldr	r1, .L404+60
 4747 0164 1E48     		ldr	r0, .L404+12
 4748 0166 FFF7FEFF 		bl	printf
 4749              	.LVL316:
 4750 016a A9E7     		b	.L341
 4751              	.LVL317:
 4752              	.L392:
 223:Middlewares/Third_Party/LwIP/src/core/tcp_in.c ****     LWIP_ASSERT("p->tot_len == p->next->tot_len", p->tot_len == p->next->tot_len);
 4753              		.loc 1 223 5 is_stmt 0 discriminator 1 view .LVU1497
 4754              	.LBE33:
 251:Middlewares/Third_Party/LwIP/src/core/tcp_in.c ****     LWIP_ASSERT("tcp_input: active pcb->state != TIME-WAIT", pcb->state != TIME_WAIT);
 4755              		.loc 1 251 5 is_stmt 1 discriminator 1 view .LVU1498
 251:Middlewares/Third_Party/LwIP/src/core/tcp_in.c ****     LWIP_ASSERT("tcp_input: active pcb->state != TIME-WAIT", pcb->state != TIME_WAIT);
 4756              		.loc 1 251 5 discriminator 1 view .LVU1499
 4757 016c 1A4B     		ldr	r3, .L404+4
 4758 016e FB22     		movs	r2, #251
 4759 0170 2849     		ldr	r1, .L404+64
 4760 0172 1B48     		ldr	r0, .L404+12
 4761 0174 FFF7FEFF 		bl	printf
 4762              	.LVL318:
 4763 0178 1AE0     		b	.L344
 4764              	.L393:
 252:Middlewares/Third_Party/LwIP/src/core/tcp_in.c ****     LWIP_ASSERT("tcp_input: active pcb->state != LISTEN", pcb->state != LISTEN);
 4765              		.loc 1 252 5 discriminator 1 view .LVU1500
 252:Middlewares/Third_Party/LwIP/src/core/tcp_in.c ****     LWIP_ASSERT("tcp_input: active pcb->state != LISTEN", pcb->state != LISTEN);
 4766              		.loc 1 252 5 discriminator 1 view .LVU1501
 4767 017a 174B     		ldr	r3, .L404+4
 4768 017c FC22     		movs	r2, #252
 4769 017e 2649     		ldr	r1, .L404+68
 4770 0180 1748     		ldr	r0, .L404+12
 4771 0182 FFF7FEFF 		bl	printf
 4772              	.LVL319:
 4773 0186 16E0     		b	.L345
 4774              	.L394:
 253:Middlewares/Third_Party/LwIP/src/core/tcp_in.c **** 
 4775              		.loc 1 253 5 discriminator 1 view .LVU1502
 253:Middlewares/Third_Party/LwIP/src/core/tcp_in.c **** 
 4776              		.loc 1 253 5 discriminator 1 view .LVU1503
 4777 0188 134B     		ldr	r3, .L404+4
 4778 018a FD22     		movs	r2, #253
 4779 018c 2349     		ldr	r1, .L404+72
 4780 018e 1448     		ldr	r0, .L404+12
 4781 0190 FFF7FEFF 		bl	printf
 4782              	.LVL320:
 4783 0194 12E0     		b	.L346
 4784              	.L347:
 262:Middlewares/Third_Party/LwIP/src/core/tcp_in.c ****         pcb->local_port == tcphdr->dest &&
 4785              		.loc 1 262 5 view .LVU1504
ARM GAS  /tmp/ccYvHRO8.s 			page 148


 262:Middlewares/Third_Party/LwIP/src/core/tcp_in.c ****         pcb->local_port == tcphdr->dest &&
 4786              		.loc 1 262 12 is_stmt 0 view .LVU1505
 4787 0196 218B     		ldrh	r1, [r4, #24]
 262:Middlewares/Third_Party/LwIP/src/core/tcp_in.c ****         pcb->local_port == tcphdr->dest &&
 4788              		.loc 1 262 35 view .LVU1506
 4789 0198 0E4B     		ldr	r3, .L404
 4790 019a 1B68     		ldr	r3, [r3]
 4791 019c 1A88     		ldrh	r2, [r3]	@ unaligned
 262:Middlewares/Third_Party/LwIP/src/core/tcp_in.c ****         pcb->local_port == tcphdr->dest &&
 4792              		.loc 1 262 8 view .LVU1507
 4793 019e 9142     		cmp	r1, r2
 4794 01a0 3ED0     		beq	.L391
 4795              	.L348:
 4796              	.LVL321:
 250:Middlewares/Third_Party/LwIP/src/core/tcp_in.c ****     LWIP_ASSERT("tcp_input: active pcb->state != CLOSED", pcb->state != CLOSED);
 4797              		.loc 1 250 44 is_stmt 1 discriminator 2 view .LVU1508
 250:Middlewares/Third_Party/LwIP/src/core/tcp_in.c ****     LWIP_ASSERT("tcp_input: active pcb->state != CLOSED", pcb->state != CLOSED);
 4798              		.loc 1 250 48 is_stmt 0 discriminator 2 view .LVU1509
 4799 01a2 2646     		mov	r6, r4
 4800 01a4 E468     		ldr	r4, [r4, #12]
 4801              	.LVL322:
 4802              	.L343:
 250:Middlewares/Third_Party/LwIP/src/core/tcp_in.c ****     LWIP_ASSERT("tcp_input: active pcb->state != CLOSED", pcb->state != CLOSED);
 4803              		.loc 1 250 31 is_stmt 1 discriminator 1 view .LVU1510
 250:Middlewares/Third_Party/LwIP/src/core/tcp_in.c ****     LWIP_ASSERT("tcp_input: active pcb->state != CLOSED", pcb->state != CLOSED);
 4804              		.loc 1 250 3 is_stmt 0 discriminator 1 view .LVU1511
 4805 01a6 002C     		cmp	r4, #0
 4806 01a8 55D0     		beq	.L351
 251:Middlewares/Third_Party/LwIP/src/core/tcp_in.c ****     LWIP_ASSERT("tcp_input: active pcb->state != TIME-WAIT", pcb->state != TIME_WAIT);
 4807              		.loc 1 251 5 is_stmt 1 view .LVU1512
 251:Middlewares/Third_Party/LwIP/src/core/tcp_in.c ****     LWIP_ASSERT("tcp_input: active pcb->state != TIME-WAIT", pcb->state != TIME_WAIT);
 4808              		.loc 1 251 5 view .LVU1513
 4809 01aa 237D     		ldrb	r3, [r4, #20]	@ zero_extendqisi2
 4810 01ac 002B     		cmp	r3, #0
 4811 01ae DDD0     		beq	.L392
 4812              	.L344:
 251:Middlewares/Third_Party/LwIP/src/core/tcp_in.c ****     LWIP_ASSERT("tcp_input: active pcb->state != TIME-WAIT", pcb->state != TIME_WAIT);
 4813              		.loc 1 251 5 discriminator 3 view .LVU1514
 251:Middlewares/Third_Party/LwIP/src/core/tcp_in.c ****     LWIP_ASSERT("tcp_input: active pcb->state != TIME-WAIT", pcb->state != TIME_WAIT);
 4814              		.loc 1 251 5 discriminator 3 view .LVU1515
 252:Middlewares/Third_Party/LwIP/src/core/tcp_in.c ****     LWIP_ASSERT("tcp_input: active pcb->state != LISTEN", pcb->state != LISTEN);
 4815              		.loc 1 252 5 discriminator 3 view .LVU1516
 252:Middlewares/Third_Party/LwIP/src/core/tcp_in.c ****     LWIP_ASSERT("tcp_input: active pcb->state != LISTEN", pcb->state != LISTEN);
 4816              		.loc 1 252 5 discriminator 3 view .LVU1517
 4817 01b0 237D     		ldrb	r3, [r4, #20]	@ zero_extendqisi2
 4818 01b2 0A2B     		cmp	r3, #10
 4819 01b4 E1D0     		beq	.L393
 4820              	.L345:
 252:Middlewares/Third_Party/LwIP/src/core/tcp_in.c ****     LWIP_ASSERT("tcp_input: active pcb->state != LISTEN", pcb->state != LISTEN);
 4821              		.loc 1 252 5 discriminator 3 view .LVU1518
 252:Middlewares/Third_Party/LwIP/src/core/tcp_in.c ****     LWIP_ASSERT("tcp_input: active pcb->state != LISTEN", pcb->state != LISTEN);
 4822              		.loc 1 252 5 discriminator 3 view .LVU1519
 253:Middlewares/Third_Party/LwIP/src/core/tcp_in.c **** 
 4823              		.loc 1 253 5 discriminator 3 view .LVU1520
 253:Middlewares/Third_Party/LwIP/src/core/tcp_in.c **** 
 4824              		.loc 1 253 5 discriminator 3 view .LVU1521
 4825 01b6 237D     		ldrb	r3, [r4, #20]	@ zero_extendqisi2
ARM GAS  /tmp/ccYvHRO8.s 			page 149


 4826 01b8 012B     		cmp	r3, #1
 4827 01ba E5D0     		beq	.L394
 4828              	.L346:
 253:Middlewares/Third_Party/LwIP/src/core/tcp_in.c **** 
 4829              		.loc 1 253 5 discriminator 3 view .LVU1522
 253:Middlewares/Third_Party/LwIP/src/core/tcp_in.c **** 
 4830              		.loc 1 253 5 discriminator 3 view .LVU1523
 256:Middlewares/Third_Party/LwIP/src/core/tcp_in.c ****         (pcb->netif_idx != netif_get_index(ip_data.current_input_netif))) {
 4831              		.loc 1 256 5 discriminator 3 view .LVU1524
 256:Middlewares/Third_Party/LwIP/src/core/tcp_in.c ****         (pcb->netif_idx != netif_get_index(ip_data.current_input_netif))) {
 4832              		.loc 1 256 13 is_stmt 0 discriminator 3 view .LVU1525
 4833 01bc 227A     		ldrb	r2, [r4, #8]	@ zero_extendqisi2
 256:Middlewares/Third_Party/LwIP/src/core/tcp_in.c ****         (pcb->netif_idx != netif_get_index(ip_data.current_input_netif))) {
 4834              		.loc 1 256 8 discriminator 3 view .LVU1526
 4835 01be 002A     		cmp	r2, #0
 4836 01c0 E9D0     		beq	.L347
 257:Middlewares/Third_Party/LwIP/src/core/tcp_in.c ****       prev = pcb;
 4837              		.loc 1 257 28 discriminator 1 view .LVU1527
 4838 01c2 084B     		ldr	r3, .L404+16
 4839 01c4 5B68     		ldr	r3, [r3, #4]
 4840 01c6 93F83030 		ldrb	r3, [r3, #48]	@ zero_extendqisi2
 4841 01ca 0133     		adds	r3, r3, #1
 4842 01cc DBB2     		uxtb	r3, r3
 256:Middlewares/Third_Party/LwIP/src/core/tcp_in.c ****         (pcb->netif_idx != netif_get_index(ip_data.current_input_netif))) {
 4843              		.loc 1 256 44 discriminator 1 view .LVU1528
 4844 01ce 9A42     		cmp	r2, r3
 4845 01d0 E1D0     		beq	.L347
 4846 01d2 E6E7     		b	.L348
 4847              	.L405:
 4848              		.align	2
 4849              	.L404:
 4850 01d4 00000000 		.word	.LANCHOR3
 4851 01d8 00000000 		.word	.LC0
 4852 01dc 00000000 		.word	.LC25
 4853 01e0 4C000000 		.word	.LC2
 4854 01e4 00000000 		.word	ip_data
 4855 01e8 00000000 		.word	.LANCHOR4
 4856 01ec 00000000 		.word	.LANCHOR1
 4857 01f0 00000000 		.word	.LANCHOR2
 4858 01f4 34000000 		.word	.LC28
 4859 01f8 00000000 		.word	.LANCHOR7
 4860 01fc 00000000 		.word	.LANCHOR9
 4861 0200 00000000 		.word	.LANCHOR6
 4862 0204 00000000 		.word	.LANCHOR8
 4863 0208 00000000 		.word	tcp_active_pcbs
 4864 020c 18000000 		.word	.LC26
 4865 0210 28000000 		.word	.LC27
 4866 0214 54000000 		.word	.LC29
 4867 0218 7C000000 		.word	.LC30
 4868 021c A8000000 		.word	.LC31
 4869              	.L391:
 263:Middlewares/Third_Party/LwIP/src/core/tcp_in.c ****         ip_addr_cmp(&pcb->remote_ip, ip_current_src_addr()) &&
 4870              		.loc 1 263 12 discriminator 1 view .LVU1529
 4871 0220 E28A     		ldrh	r2, [r4, #22]
 263:Middlewares/Third_Party/LwIP/src/core/tcp_in.c ****         ip_addr_cmp(&pcb->remote_ip, ip_current_src_addr()) &&
 4872              		.loc 1 263 34 discriminator 1 view .LVU1530
 4873 0222 5B88     		ldrh	r3, [r3, #2]	@ unaligned
ARM GAS  /tmp/ccYvHRO8.s 			page 150


 262:Middlewares/Third_Party/LwIP/src/core/tcp_in.c ****         pcb->local_port == tcphdr->dest &&
 4874              		.loc 1 262 41 discriminator 1 view .LVU1531
 4875 0224 9A42     		cmp	r2, r3
 4876 0226 BCD1     		bne	.L348
 264:Middlewares/Third_Party/LwIP/src/core/tcp_in.c ****         ip_addr_cmp(&pcb->local_ip, ip_current_dest_addr())) {
 4877              		.loc 1 264 9 view .LVU1532
 4878 0228 6268     		ldr	r2, [r4, #4]
 4879 022a 774B     		ldr	r3, .L406
 4880 022c 1B69     		ldr	r3, [r3, #16]
 263:Middlewares/Third_Party/LwIP/src/core/tcp_in.c ****         ip_addr_cmp(&pcb->remote_ip, ip_current_src_addr()) &&
 4881              		.loc 1 263 41 view .LVU1533
 4882 022e 9A42     		cmp	r2, r3
 4883 0230 B7D1     		bne	.L348
 265:Middlewares/Third_Party/LwIP/src/core/tcp_in.c ****       /* Move this PCB to the front of the list so that subsequent
 4884              		.loc 1 265 9 view .LVU1534
 4885 0232 2268     		ldr	r2, [r4]
 4886 0234 744B     		ldr	r3, .L406
 4887 0236 5B69     		ldr	r3, [r3, #20]
 264:Middlewares/Third_Party/LwIP/src/core/tcp_in.c ****         ip_addr_cmp(&pcb->local_ip, ip_current_dest_addr())) {
 4888              		.loc 1 264 61 view .LVU1535
 4889 0238 9A42     		cmp	r2, r3
 4890 023a B2D1     		bne	.L348
 269:Middlewares/Third_Party/LwIP/src/core/tcp_in.c ****       if (prev != NULL) {
 4891              		.loc 1 269 7 is_stmt 1 view .LVU1536
 269:Middlewares/Third_Party/LwIP/src/core/tcp_in.c ****       if (prev != NULL) {
 4892              		.loc 1 269 7 view .LVU1537
 4893 023c E368     		ldr	r3, [r4, #12]
 4894 023e A342     		cmp	r3, r4
 4895 0240 62D0     		beq	.L395
 4896              	.L349:
 269:Middlewares/Third_Party/LwIP/src/core/tcp_in.c ****       if (prev != NULL) {
 4897              		.loc 1 269 7 discriminator 3 view .LVU1538
 269:Middlewares/Third_Party/LwIP/src/core/tcp_in.c ****       if (prev != NULL) {
 4898              		.loc 1 269 7 discriminator 3 view .LVU1539
 270:Middlewares/Third_Party/LwIP/src/core/tcp_in.c ****         prev->next = pcb->next;
 4899              		.loc 1 270 7 discriminator 3 view .LVU1540
 270:Middlewares/Third_Party/LwIP/src/core/tcp_in.c ****         prev->next = pcb->next;
 4900              		.loc 1 270 10 is_stmt 0 discriminator 3 view .LVU1541
 4901 0242 2EB1     		cbz	r6, .L350
 271:Middlewares/Third_Party/LwIP/src/core/tcp_in.c ****         pcb->next = tcp_active_pcbs;
 4902              		.loc 1 271 9 is_stmt 1 view .LVU1542
 271:Middlewares/Third_Party/LwIP/src/core/tcp_in.c ****         pcb->next = tcp_active_pcbs;
 4903              		.loc 1 271 25 is_stmt 0 view .LVU1543
 4904 0244 E368     		ldr	r3, [r4, #12]
 271:Middlewares/Third_Party/LwIP/src/core/tcp_in.c ****         pcb->next = tcp_active_pcbs;
 4905              		.loc 1 271 20 view .LVU1544
 4906 0246 F360     		str	r3, [r6, #12]
 272:Middlewares/Third_Party/LwIP/src/core/tcp_in.c ****         tcp_active_pcbs = pcb;
 4907              		.loc 1 272 9 is_stmt 1 view .LVU1545
 272:Middlewares/Third_Party/LwIP/src/core/tcp_in.c ****         tcp_active_pcbs = pcb;
 4908              		.loc 1 272 19 is_stmt 0 view .LVU1546
 4909 0248 704B     		ldr	r3, .L406+4
 4910 024a 1A68     		ldr	r2, [r3]
 4911 024c E260     		str	r2, [r4, #12]
 273:Middlewares/Third_Party/LwIP/src/core/tcp_in.c ****       } else {
 4912              		.loc 1 273 9 is_stmt 1 view .LVU1547
 273:Middlewares/Third_Party/LwIP/src/core/tcp_in.c ****       } else {
ARM GAS  /tmp/ccYvHRO8.s 			page 151


 4913              		.loc 1 273 25 is_stmt 0 view .LVU1548
 4914 024e 1C60     		str	r4, [r3]
 4915              	.L350:
 275:Middlewares/Third_Party/LwIP/src/core/tcp_in.c ****       }
 4916              		.loc 1 275 36 is_stmt 1 view .LVU1549
 277:Middlewares/Third_Party/LwIP/src/core/tcp_in.c ****       break;
 4917              		.loc 1 277 7 view .LVU1550
 277:Middlewares/Third_Party/LwIP/src/core/tcp_in.c ****       break;
 4918              		.loc 1 277 7 view .LVU1551
 4919 0250 E368     		ldr	r3, [r4, #12]
 4920 0252 A342     		cmp	r3, r4
 4921 0254 60D0     		beq	.L396
 4922              	.L351:
 283:Middlewares/Third_Party/LwIP/src/core/tcp_in.c ****     /* If it did not go to an active connection, we check the connections
 4923              		.loc 1 283 3 view .LVU1552
 283:Middlewares/Third_Party/LwIP/src/core/tcp_in.c ****     /* If it did not go to an active connection, we check the connections
 4924              		.loc 1 283 6 is_stmt 0 view .LVU1553
 4925 0256 002C     		cmp	r4, #0
 4926 0258 66D0     		beq	.L397
 4927              	.LVL323:
 4928              	.L353:
 401:Middlewares/Third_Party/LwIP/src/core/tcp_in.c ****     /* The incoming segment belongs to a connection. */
 4929              		.loc 1 401 3 is_stmt 1 view .LVU1554
 401:Middlewares/Third_Party/LwIP/src/core/tcp_in.c ****     /* The incoming segment belongs to a connection. */
 4930              		.loc 1 401 6 is_stmt 0 view .LVU1555
 4931 025a 002C     		cmp	r4, #0
 4932 025c 00F06981 		beq	.L366
 408:Middlewares/Third_Party/LwIP/src/core/tcp_in.c ****     inseg.len = p->tot_len;
 4933              		.loc 1 408 5 is_stmt 1 view .LVU1556
 408:Middlewares/Third_Party/LwIP/src/core/tcp_in.c ****     inseg.len = p->tot_len;
 4934              		.loc 1 408 16 is_stmt 0 view .LVU1557
 4935 0260 6B4A     		ldr	r2, .L406+8
 4936 0262 0023     		movs	r3, #0
 4937 0264 1360     		str	r3, [r2]
 409:Middlewares/Third_Party/LwIP/src/core/tcp_in.c ****     inseg.p = p;
 4938              		.loc 1 409 5 is_stmt 1 view .LVU1558
 409:Middlewares/Third_Party/LwIP/src/core/tcp_in.c ****     inseg.p = p;
 4939              		.loc 1 409 18 is_stmt 0 view .LVU1559
 4940 0266 2989     		ldrh	r1, [r5, #8]
 409:Middlewares/Third_Party/LwIP/src/core/tcp_in.c ****     inseg.p = p;
 4941              		.loc 1 409 15 view .LVU1560
 4942 0268 1181     		strh	r1, [r2, #8]	@ movhi
 410:Middlewares/Third_Party/LwIP/src/core/tcp_in.c ****     inseg.tcphdr = tcphdr;
 4943              		.loc 1 410 5 is_stmt 1 view .LVU1561
 410:Middlewares/Third_Party/LwIP/src/core/tcp_in.c ****     inseg.tcphdr = tcphdr;
 4944              		.loc 1 410 13 is_stmt 0 view .LVU1562
 4945 026a 5560     		str	r5, [r2, #4]
 411:Middlewares/Third_Party/LwIP/src/core/tcp_in.c **** 
 4946              		.loc 1 411 5 is_stmt 1 view .LVU1563
 411:Middlewares/Third_Party/LwIP/src/core/tcp_in.c **** 
 4947              		.loc 1 411 18 is_stmt 0 view .LVU1564
 4948 026c 6949     		ldr	r1, .L406+12
 4949 026e 0968     		ldr	r1, [r1]
 4950 0270 D160     		str	r1, [r2, #12]
 413:Middlewares/Third_Party/LwIP/src/core/tcp_in.c ****     recv_flags = 0;
 4951              		.loc 1 413 5 is_stmt 1 view .LVU1565
 413:Middlewares/Third_Party/LwIP/src/core/tcp_in.c ****     recv_flags = 0;
ARM GAS  /tmp/ccYvHRO8.s 			page 152


 4952              		.loc 1 413 15 is_stmt 0 view .LVU1566
 4953 0272 694A     		ldr	r2, .L406+16
 4954 0274 1360     		str	r3, [r2]
 414:Middlewares/Third_Party/LwIP/src/core/tcp_in.c ****     recv_acked = 0;
 4955              		.loc 1 414 5 is_stmt 1 view .LVU1567
 414:Middlewares/Third_Party/LwIP/src/core/tcp_in.c ****     recv_acked = 0;
 4956              		.loc 1 414 16 is_stmt 0 view .LVU1568
 4957 0276 694A     		ldr	r2, .L406+20
 4958 0278 1370     		strb	r3, [r2]
 415:Middlewares/Third_Party/LwIP/src/core/tcp_in.c **** 
 4959              		.loc 1 415 5 is_stmt 1 view .LVU1569
 415:Middlewares/Third_Party/LwIP/src/core/tcp_in.c **** 
 4960              		.loc 1 415 16 is_stmt 0 view .LVU1570
 4961 027a 694A     		ldr	r2, .L406+24
 4962 027c 1380     		strh	r3, [r2]	@ movhi
 417:Middlewares/Third_Party/LwIP/src/core/tcp_in.c ****       p->flags |= PBUF_FLAG_PUSH;
 4963              		.loc 1 417 5 is_stmt 1 view .LVU1571
 417:Middlewares/Third_Party/LwIP/src/core/tcp_in.c ****       p->flags |= PBUF_FLAG_PUSH;
 4964              		.loc 1 417 15 is_stmt 0 view .LVU1572
 4965 027e 694B     		ldr	r3, .L406+28
 4966 0280 1B78     		ldrb	r3, [r3]	@ zero_extendqisi2
 417:Middlewares/Third_Party/LwIP/src/core/tcp_in.c ****       p->flags |= PBUF_FLAG_PUSH;
 4967              		.loc 1 417 8 view .LVU1573
 4968 0282 13F0080F 		tst	r3, #8
 4969 0286 03D0     		beq	.L367
 418:Middlewares/Third_Party/LwIP/src/core/tcp_in.c ****     }
 4970              		.loc 1 418 7 is_stmt 1 view .LVU1574
 418:Middlewares/Third_Party/LwIP/src/core/tcp_in.c ****     }
 4971              		.loc 1 418 16 is_stmt 0 view .LVU1575
 4972 0288 6B7B     		ldrb	r3, [r5, #13]	@ zero_extendqisi2
 4973 028a 43F00103 		orr	r3, r3, #1
 4974 028e 6B73     		strb	r3, [r5, #13]
 4975              	.L367:
 422:Middlewares/Third_Party/LwIP/src/core/tcp_in.c ****       if ((tcp_process_refused_data(pcb) == ERR_ABRT) ||
 4976              		.loc 1 422 5 is_stmt 1 view .LVU1576
 422:Middlewares/Third_Party/LwIP/src/core/tcp_in.c ****       if ((tcp_process_refused_data(pcb) == ERR_ABRT) ||
 4977              		.loc 1 422 12 is_stmt 0 view .LVU1577
 4978 0290 A36F     		ldr	r3, [r4, #120]
 422:Middlewares/Third_Party/LwIP/src/core/tcp_in.c ****       if ((tcp_process_refused_data(pcb) == ERR_ABRT) ||
 4979              		.loc 1 422 8 view .LVU1578
 4980 0292 6BB1     		cbz	r3, .L368
 423:Middlewares/Third_Party/LwIP/src/core/tcp_in.c ****           ((pcb->refused_data != NULL) && (tcplen > 0))) {
 4981              		.loc 1 423 7 is_stmt 1 view .LVU1579
 423:Middlewares/Third_Party/LwIP/src/core/tcp_in.c ****           ((pcb->refused_data != NULL) && (tcplen > 0))) {
 4982              		.loc 1 423 12 is_stmt 0 view .LVU1580
 4983 0294 2046     		mov	r0, r4
 4984 0296 FFF7FEFF 		bl	tcp_process_refused_data
 4985              	.LVL324:
 423:Middlewares/Third_Party/LwIP/src/core/tcp_in.c ****           ((pcb->refused_data != NULL) && (tcplen > 0))) {
 4986              		.loc 1 423 10 view .LVU1581
 4987 029a 10F10D0F 		cmn	r0, #13
 4988 029e 00F0AB80 		beq	.L369
 424:Middlewares/Third_Party/LwIP/src/core/tcp_in.c ****         /* pcb has been aborted or refused data is still refused and the new
 4989              		.loc 1 424 16 discriminator 1 view .LVU1582
 4990 02a2 A36F     		ldr	r3, [r4, #120]
 423:Middlewares/Third_Party/LwIP/src/core/tcp_in.c ****           ((pcb->refused_data != NULL) && (tcplen > 0))) {
 4991              		.loc 1 423 55 discriminator 1 view .LVU1583
ARM GAS  /tmp/ccYvHRO8.s 			page 153


 4992 02a4 23B1     		cbz	r3, .L368
 424:Middlewares/Third_Party/LwIP/src/core/tcp_in.c ****         /* pcb has been aborted or refused data is still refused and the new
 4993              		.loc 1 424 51 view .LVU1584
 4994 02a6 604B     		ldr	r3, .L406+32
 4995 02a8 1B88     		ldrh	r3, [r3]
 424:Middlewares/Third_Party/LwIP/src/core/tcp_in.c ****         /* pcb has been aborted or refused data is still refused and the new
 4996              		.loc 1 424 40 view .LVU1585
 4997 02aa 002B     		cmp	r3, #0
 4998 02ac 40F0A480 		bne	.L369
 4999              	.L368:
 437:Middlewares/Third_Party/LwIP/src/core/tcp_in.c ****     err = tcp_process(pcb);
 5000              		.loc 1 437 5 is_stmt 1 view .LVU1586
 437:Middlewares/Third_Party/LwIP/src/core/tcp_in.c ****     err = tcp_process(pcb);
 5001              		.loc 1 437 19 is_stmt 0 view .LVU1587
 5002 02b0 5E4B     		ldr	r3, .L406+36
 5003 02b2 1C60     		str	r4, [r3]
 438:Middlewares/Third_Party/LwIP/src/core/tcp_in.c ****     /* A return value of ERR_ABRT means that tcp_abort() was called
 5004              		.loc 1 438 5 is_stmt 1 view .LVU1588
 438:Middlewares/Third_Party/LwIP/src/core/tcp_in.c ****     /* A return value of ERR_ABRT means that tcp_abort() was called
 5005              		.loc 1 438 11 is_stmt 0 view .LVU1589
 5006 02b4 2046     		mov	r0, r4
 5007 02b6 FFF7FEFF 		bl	tcp_process
 5008              	.LVL325:
 441:Middlewares/Third_Party/LwIP/src/core/tcp_in.c ****       if (recv_flags & TF_RESET) {
 5009              		.loc 1 441 5 is_stmt 1 view .LVU1590
 441:Middlewares/Third_Party/LwIP/src/core/tcp_in.c ****       if (recv_flags & TF_RESET) {
 5010              		.loc 1 441 8 is_stmt 0 view .LVU1591
 5011 02ba 10F10D0F 		cmn	r0, #13
 5012 02be 13D0     		beq	.L371
 442:Middlewares/Third_Party/LwIP/src/core/tcp_in.c ****         /* TF_RESET means that the connection was reset by the other
 5013              		.loc 1 442 7 is_stmt 1 view .LVU1592
 442:Middlewares/Third_Party/LwIP/src/core/tcp_in.c ****         /* TF_RESET means that the connection was reset by the other
 5014              		.loc 1 442 22 is_stmt 0 view .LVU1593
 5015 02c0 564B     		ldr	r3, .L406+20
 5016 02c2 1B78     		ldrb	r3, [r3]	@ zero_extendqisi2
 442:Middlewares/Third_Party/LwIP/src/core/tcp_in.c ****         /* TF_RESET means that the connection was reset by the other
 5017              		.loc 1 442 10 view .LVU1594
 5018 02c4 13F0080F 		tst	r3, #8
 5019 02c8 00F0C080 		beq	.L372
 447:Middlewares/Third_Party/LwIP/src/core/tcp_in.c ****         tcp_pcb_remove(&tcp_active_pcbs, pcb);
 5020              		.loc 1 447 9 is_stmt 1 view .LVU1595
 447:Middlewares/Third_Party/LwIP/src/core/tcp_in.c ****         tcp_pcb_remove(&tcp_active_pcbs, pcb);
 5021              		.loc 1 447 9 view .LVU1596
 447:Middlewares/Third_Party/LwIP/src/core/tcp_in.c ****         tcp_pcb_remove(&tcp_active_pcbs, pcb);
 5022              		.loc 1 447 9 view .LVU1597
 5023 02cc D4F89030 		ldr	r3, [r4, #144]
 5024 02d0 1BB1     		cbz	r3, .L373
 447:Middlewares/Third_Party/LwIP/src/core/tcp_in.c ****         tcp_pcb_remove(&tcp_active_pcbs, pcb);
 5025              		.loc 1 447 9 discriminator 1 view .LVU1598
 5026 02d2 6FF00D01 		mvn	r1, #13
 5027 02d6 2069     		ldr	r0, [r4, #16]
 5028              	.LVL326:
 447:Middlewares/Third_Party/LwIP/src/core/tcp_in.c ****         tcp_pcb_remove(&tcp_active_pcbs, pcb);
 5029              		.loc 1 447 9 is_stmt 0 discriminator 1 view .LVU1599
 5030 02d8 9847     		blx	r3
 5031              	.LVL327:
 5032              	.L373:
ARM GAS  /tmp/ccYvHRO8.s 			page 154


 447:Middlewares/Third_Party/LwIP/src/core/tcp_in.c ****         tcp_pcb_remove(&tcp_active_pcbs, pcb);
 5033              		.loc 1 447 9 is_stmt 1 discriminator 3 view .LVU1600
 448:Middlewares/Third_Party/LwIP/src/core/tcp_in.c ****         tcp_free(pcb);
 5034              		.loc 1 448 9 discriminator 3 view .LVU1601
 5035 02da 2146     		mov	r1, r4
 5036 02dc 4B48     		ldr	r0, .L406+4
 5037 02de FFF7FEFF 		bl	tcp_pcb_remove
 5038              	.LVL328:
 449:Middlewares/Third_Party/LwIP/src/core/tcp_in.c ****       } else {
 5039              		.loc 1 449 9 discriminator 3 view .LVU1602
 5040 02e2 2046     		mov	r0, r4
 5041 02e4 FFF7FEFF 		bl	tcp_free
 5042              	.LVL329:
 5043              	.L371:
 564:Middlewares/Third_Party/LwIP/src/core/tcp_in.c ****     recv_data = NULL;
 5044              		.loc 1 564 5 view .LVU1603
 564:Middlewares/Third_Party/LwIP/src/core/tcp_in.c ****     recv_data = NULL;
 5045              		.loc 1 564 19 is_stmt 0 view .LVU1604
 5046 02e8 0023     		movs	r3, #0
 5047 02ea 504A     		ldr	r2, .L406+36
 5048 02ec 1360     		str	r3, [r2]
 565:Middlewares/Third_Party/LwIP/src/core/tcp_in.c **** 
 5049              		.loc 1 565 5 is_stmt 1 view .LVU1605
 565:Middlewares/Third_Party/LwIP/src/core/tcp_in.c **** 
 5050              		.loc 1 565 15 is_stmt 0 view .LVU1606
 5051 02ee 4A4A     		ldr	r2, .L406+16
 5052 02f0 1360     		str	r3, [r2]
 568:Middlewares/Third_Party/LwIP/src/core/tcp_in.c ****       pbuf_free(inseg.p);
 5053              		.loc 1 568 5 is_stmt 1 view .LVU1607
 568:Middlewares/Third_Party/LwIP/src/core/tcp_in.c ****       pbuf_free(inseg.p);
 5054              		.loc 1 568 14 is_stmt 0 view .LVU1608
 5055 02f2 474B     		ldr	r3, .L406+8
 5056 02f4 5868     		ldr	r0, [r3, #4]
 568:Middlewares/Third_Party/LwIP/src/core/tcp_in.c ****       pbuf_free(inseg.p);
 5057              		.loc 1 568 8 view .LVU1609
 5058 02f6 0028     		cmp	r0, #0
 5059 02f8 3FF48FAE 		beq	.L335
 569:Middlewares/Third_Party/LwIP/src/core/tcp_in.c ****       inseg.p = NULL;
 5060              		.loc 1 569 7 is_stmt 1 view .LVU1610
 5061 02fc FFF7FEFF 		bl	pbuf_free
 5062              	.LVL330:
 570:Middlewares/Third_Party/LwIP/src/core/tcp_in.c ****     }
 5063              		.loc 1 570 7 view .LVU1611
 570:Middlewares/Third_Party/LwIP/src/core/tcp_in.c ****     }
 5064              		.loc 1 570 15 is_stmt 0 view .LVU1612
 5065 0300 434B     		ldr	r3, .L406+8
 5066 0302 0022     		movs	r2, #0
 5067 0304 5A60     		str	r2, [r3, #4]
 5068 0306 88E6     		b	.L335
 5069              	.LVL331:
 5070              	.L395:
 269:Middlewares/Third_Party/LwIP/src/core/tcp_in.c ****       if (prev != NULL) {
 5071              		.loc 1 269 7 is_stmt 1 discriminator 1 view .LVU1613
 269:Middlewares/Third_Party/LwIP/src/core/tcp_in.c ****       if (prev != NULL) {
 5072              		.loc 1 269 7 discriminator 1 view .LVU1614
 5073 0308 494B     		ldr	r3, .L406+40
 5074 030a 40F20D12 		movw	r2, #269
ARM GAS  /tmp/ccYvHRO8.s 			page 155


 5075 030e 4949     		ldr	r1, .L406+44
 5076 0310 4948     		ldr	r0, .L406+48
 5077 0312 FFF7FEFF 		bl	printf
 5078              	.LVL332:
 5079 0316 94E7     		b	.L349
 5080              	.L396:
 277:Middlewares/Third_Party/LwIP/src/core/tcp_in.c ****       break;
 5081              		.loc 1 277 7 discriminator 1 view .LVU1615
 277:Middlewares/Third_Party/LwIP/src/core/tcp_in.c ****       break;
 5082              		.loc 1 277 7 discriminator 1 view .LVU1616
 5083 0318 454B     		ldr	r3, .L406+40
 5084 031a 40F21512 		movw	r2, #277
 5085 031e 4749     		ldr	r1, .L406+52
 5086 0320 4548     		ldr	r0, .L406+48
 5087 0322 FFF7FEFF 		bl	printf
 5088              	.LVL333:
 5089 0326 96E7     		b	.L351
 5090              	.L397:
 286:Middlewares/Third_Party/LwIP/src/core/tcp_in.c ****       LWIP_ASSERT("tcp_input: TIME-WAIT pcb->state == TIME-WAIT", pcb->state == TIME_WAIT);
 5091              		.loc 1 286 5 view .LVU1617
 286:Middlewares/Third_Party/LwIP/src/core/tcp_in.c ****       LWIP_ASSERT("tcp_input: TIME-WAIT pcb->state == TIME-WAIT", pcb->state == TIME_WAIT);
 5092              		.loc 1 286 14 is_stmt 0 view .LVU1618
 5093 0328 454B     		ldr	r3, .L406+56
 5094 032a 1C68     		ldr	r4, [r3]
 5095              	.LVL334:
 286:Middlewares/Third_Party/LwIP/src/core/tcp_in.c ****       LWIP_ASSERT("tcp_input: TIME-WAIT pcb->state == TIME-WAIT", pcb->state == TIME_WAIT);
 5096              		.loc 1 286 5 view .LVU1619
 5097 032c 0EE0     		b	.L354
 5098              	.L400:
 287:Middlewares/Third_Party/LwIP/src/core/tcp_in.c **** 
 5099              		.loc 1 287 7 is_stmt 1 discriminator 1 view .LVU1620
 287:Middlewares/Third_Party/LwIP/src/core/tcp_in.c **** 
 5100              		.loc 1 287 7 discriminator 1 view .LVU1621
 5101 032e 404B     		ldr	r3, .L406+40
 5102 0330 40F21F12 		movw	r2, #287
 5103 0334 4349     		ldr	r1, .L406+60
 5104 0336 4048     		ldr	r0, .L406+48
 5105 0338 FFF7FEFF 		bl	printf
 5106              	.LVL335:
 5107 033c 0AE0     		b	.L355
 5108              	.L356:
 295:Middlewares/Third_Party/LwIP/src/core/tcp_in.c ****           pcb->local_port == tcphdr->dest &&
 5109              		.loc 1 295 7 view .LVU1622
 295:Middlewares/Third_Party/LwIP/src/core/tcp_in.c ****           pcb->local_port == tcphdr->dest &&
 5110              		.loc 1 295 14 is_stmt 0 view .LVU1623
 5111 033e 218B     		ldrh	r1, [r4, #24]
 295:Middlewares/Third_Party/LwIP/src/core/tcp_in.c ****           pcb->local_port == tcphdr->dest &&
 5112              		.loc 1 295 37 view .LVU1624
 5113 0340 344B     		ldr	r3, .L406+12
 5114 0342 1B68     		ldr	r3, [r3]
 5115 0344 1A88     		ldrh	r2, [r3]	@ unaligned
 295:Middlewares/Third_Party/LwIP/src/core/tcp_in.c ****           pcb->local_port == tcphdr->dest &&
 5116              		.loc 1 295 10 view .LVU1625
 5117 0346 9142     		cmp	r1, r2
 5118 0348 10D0     		beq	.L398
 5119              	.L357:
 286:Middlewares/Third_Party/LwIP/src/core/tcp_in.c ****       LWIP_ASSERT("tcp_input: TIME-WAIT pcb->state == TIME-WAIT", pcb->state == TIME_WAIT);
ARM GAS  /tmp/ccYvHRO8.s 			page 156


 5120              		.loc 1 286 42 is_stmt 1 discriminator 2 view .LVU1626
 286:Middlewares/Third_Party/LwIP/src/core/tcp_in.c ****       LWIP_ASSERT("tcp_input: TIME-WAIT pcb->state == TIME-WAIT", pcb->state == TIME_WAIT);
 5121              		.loc 1 286 46 is_stmt 0 discriminator 2 view .LVU1627
 5122 034a E468     		ldr	r4, [r4, #12]
 5123              	.LVL336:
 5124              	.L354:
 286:Middlewares/Third_Party/LwIP/src/core/tcp_in.c ****       LWIP_ASSERT("tcp_input: TIME-WAIT pcb->state == TIME-WAIT", pcb->state == TIME_WAIT);
 5125              		.loc 1 286 29 is_stmt 1 discriminator 1 view .LVU1628
 286:Middlewares/Third_Party/LwIP/src/core/tcp_in.c ****       LWIP_ASSERT("tcp_input: TIME-WAIT pcb->state == TIME-WAIT", pcb->state == TIME_WAIT);
 5126              		.loc 1 286 5 is_stmt 0 discriminator 1 view .LVU1629
 5127 034c 1CB3     		cbz	r4, .L399
 287:Middlewares/Third_Party/LwIP/src/core/tcp_in.c **** 
 5128              		.loc 1 287 7 is_stmt 1 view .LVU1630
 287:Middlewares/Third_Party/LwIP/src/core/tcp_in.c **** 
 5129              		.loc 1 287 7 view .LVU1631
 5130 034e 237D     		ldrb	r3, [r4, #20]	@ zero_extendqisi2
 5131 0350 0A2B     		cmp	r3, #10
 5132 0352 ECD1     		bne	.L400
 5133              	.L355:
 287:Middlewares/Third_Party/LwIP/src/core/tcp_in.c **** 
 5134              		.loc 1 287 7 discriminator 3 view .LVU1632
 287:Middlewares/Third_Party/LwIP/src/core/tcp_in.c **** 
 5135              		.loc 1 287 7 discriminator 3 view .LVU1633
 290:Middlewares/Third_Party/LwIP/src/core/tcp_in.c ****           (pcb->netif_idx != netif_get_index(ip_data.current_input_netif))) {
 5136              		.loc 1 290 7 discriminator 3 view .LVU1634
 290:Middlewares/Third_Party/LwIP/src/core/tcp_in.c ****           (pcb->netif_idx != netif_get_index(ip_data.current_input_netif))) {
 5137              		.loc 1 290 15 is_stmt 0 discriminator 3 view .LVU1635
 5138 0354 227A     		ldrb	r2, [r4, #8]	@ zero_extendqisi2
 290:Middlewares/Third_Party/LwIP/src/core/tcp_in.c ****           (pcb->netif_idx != netif_get_index(ip_data.current_input_netif))) {
 5139              		.loc 1 290 10 discriminator 3 view .LVU1636
 5140 0356 002A     		cmp	r2, #0
 5141 0358 F1D0     		beq	.L356
 291:Middlewares/Third_Party/LwIP/src/core/tcp_in.c ****         continue;
 5142              		.loc 1 291 30 discriminator 1 view .LVU1637
 5143 035a 2B4B     		ldr	r3, .L406
 5144 035c 5B68     		ldr	r3, [r3, #4]
 5145 035e 93F83030 		ldrb	r3, [r3, #48]	@ zero_extendqisi2
 5146 0362 0133     		adds	r3, r3, #1
 5147 0364 DBB2     		uxtb	r3, r3
 290:Middlewares/Third_Party/LwIP/src/core/tcp_in.c ****           (pcb->netif_idx != netif_get_index(ip_data.current_input_netif))) {
 5148              		.loc 1 290 46 discriminator 1 view .LVU1638
 5149 0366 9A42     		cmp	r2, r3
 5150 0368 E9D0     		beq	.L356
 5151 036a EEE7     		b	.L357
 5152              	.L398:
 296:Middlewares/Third_Party/LwIP/src/core/tcp_in.c ****           ip_addr_cmp(&pcb->remote_ip, ip_current_src_addr()) &&
 5153              		.loc 1 296 14 discriminator 1 view .LVU1639
 5154 036c E28A     		ldrh	r2, [r4, #22]
 296:Middlewares/Third_Party/LwIP/src/core/tcp_in.c ****           ip_addr_cmp(&pcb->remote_ip, ip_current_src_addr()) &&
 5155              		.loc 1 296 36 discriminator 1 view .LVU1640
 5156 036e 5B88     		ldrh	r3, [r3, #2]	@ unaligned
 295:Middlewares/Third_Party/LwIP/src/core/tcp_in.c ****           pcb->local_port == tcphdr->dest &&
 5157              		.loc 1 295 43 discriminator 1 view .LVU1641
 5158 0370 9A42     		cmp	r2, r3
 5159 0372 EAD1     		bne	.L357
 297:Middlewares/Third_Party/LwIP/src/core/tcp_in.c ****           ip_addr_cmp(&pcb->local_ip, ip_current_dest_addr())) {
 5160              		.loc 1 297 11 view .LVU1642
ARM GAS  /tmp/ccYvHRO8.s 			page 157


 5161 0374 6268     		ldr	r2, [r4, #4]
 5162 0376 244B     		ldr	r3, .L406
 5163 0378 1B69     		ldr	r3, [r3, #16]
 296:Middlewares/Third_Party/LwIP/src/core/tcp_in.c ****           ip_addr_cmp(&pcb->remote_ip, ip_current_src_addr()) &&
 5164              		.loc 1 296 43 view .LVU1643
 5165 037a 9A42     		cmp	r2, r3
 5166 037c E5D1     		bne	.L357
 298:Middlewares/Third_Party/LwIP/src/core/tcp_in.c ****         /* We don't really care enough to move this PCB to the front
 5167              		.loc 1 298 11 view .LVU1644
 5168 037e 2268     		ldr	r2, [r4]
 5169 0380 214B     		ldr	r3, .L406
 5170 0382 5B69     		ldr	r3, [r3, #20]
 297:Middlewares/Third_Party/LwIP/src/core/tcp_in.c ****           ip_addr_cmp(&pcb->local_ip, ip_current_dest_addr())) {
 5171              		.loc 1 297 63 view .LVU1645
 5172 0384 9A42     		cmp	r2, r3
 5173 0386 E0D1     		bne	.L357
 302:Middlewares/Third_Party/LwIP/src/core/tcp_in.c **** #ifdef LWIP_HOOK_TCP_INPACKET_PCB
 5174              		.loc 1 302 91 is_stmt 1 view .LVU1646
 308:Middlewares/Third_Party/LwIP/src/core/tcp_in.c ****         }
 5175              		.loc 1 308 11 view .LVU1647
 5176 0388 2046     		mov	r0, r4
 5177 038a FFF7FEFF 		bl	tcp_timewait_input
 5178              	.LVL337:
 310:Middlewares/Third_Party/LwIP/src/core/tcp_in.c ****         return;
 5179              		.loc 1 310 9 view .LVU1648
 5180 038e 2846     		mov	r0, r5
 5181 0390 FFF7FEFF 		bl	pbuf_free
 5182              	.LVL338:
 311:Middlewares/Third_Party/LwIP/src/core/tcp_in.c ****       }
 5183              		.loc 1 311 9 view .LVU1649
 5184 0394 41E6     		b	.L335
 5185              	.L399:
 317:Middlewares/Third_Party/LwIP/src/core/tcp_in.c ****     for (lpcb = tcp_listen_pcbs.listen_pcbs; lpcb != NULL; lpcb = lpcb->next) {
 5186              		.loc 1 317 5 view .LVU1650
 5187              	.LVL339:
 318:Middlewares/Third_Party/LwIP/src/core/tcp_in.c ****       /* check if PCB is bound to specific netif */
 5188              		.loc 1 318 5 view .LVU1651
 318:Middlewares/Third_Party/LwIP/src/core/tcp_in.c ****       /* check if PCB is bound to specific netif */
 5189              		.loc 1 318 15 is_stmt 0 view .LVU1652
 5190 0396 2C4B     		ldr	r3, .L406+64
 5191 0398 1E68     		ldr	r6, [r3]
 5192              	.LVL340:
 318:Middlewares/Third_Party/LwIP/src/core/tcp_in.c ****       /* check if PCB is bound to specific netif */
 5193              		.loc 1 318 15 view .LVU1653
 5194 039a 3046     		mov	r0, r6
 317:Middlewares/Third_Party/LwIP/src/core/tcp_in.c ****     for (lpcb = tcp_listen_pcbs.listen_pcbs; lpcb != NULL; lpcb = lpcb->next) {
 5195              		.loc 1 317 10 view .LVU1654
 5196 039c 2146     		mov	r1, r4
 318:Middlewares/Third_Party/LwIP/src/core/tcp_in.c ****       /* check if PCB is bound to specific netif */
 5197              		.loc 1 318 5 view .LVU1655
 5198 039e 07E0     		b	.L360
 5199              	.LVL341:
 5200              	.L361:
 326:Middlewares/Third_Party/LwIP/src/core/tcp_in.c ****         if (IP_IS_ANY_TYPE_VAL(lpcb->local_ip)) {
 5201              		.loc 1 326 7 is_stmt 1 view .LVU1656
 326:Middlewares/Third_Party/LwIP/src/core/tcp_in.c ****         if (IP_IS_ANY_TYPE_VAL(lpcb->local_ip)) {
 5202              		.loc 1 326 15 is_stmt 0 view .LVU1657
ARM GAS  /tmp/ccYvHRO8.s 			page 158


 5203 03a0 C28A     		ldrh	r2, [r0, #22]
 326:Middlewares/Third_Party/LwIP/src/core/tcp_in.c ****         if (IP_IS_ANY_TYPE_VAL(lpcb->local_ip)) {
 5204              		.loc 1 326 37 view .LVU1658
 5205 03a2 1C4B     		ldr	r3, .L406+12
 5206 03a4 1B68     		ldr	r3, [r3]
 5207 03a6 5B88     		ldrh	r3, [r3, #2]	@ unaligned
 326:Middlewares/Third_Party/LwIP/src/core/tcp_in.c ****         if (IP_IS_ANY_TYPE_VAL(lpcb->local_ip)) {
 5208              		.loc 1 326 10 view .LVU1659
 5209 03a8 9A42     		cmp	r2, r3
 5210 03aa 0ED0     		beq	.L401
 5211              	.L362:
 5212              	.LVL342:
 318:Middlewares/Third_Party/LwIP/src/core/tcp_in.c ****       /* check if PCB is bound to specific netif */
 5213              		.loc 1 318 60 is_stmt 1 discriminator 2 view .LVU1660
 318:Middlewares/Third_Party/LwIP/src/core/tcp_in.c ****       /* check if PCB is bound to specific netif */
 5214              		.loc 1 318 65 is_stmt 0 discriminator 2 view .LVU1661
 5215 03ac 0146     		mov	r1, r0
 5216 03ae C068     		ldr	r0, [r0, #12]
 5217              	.LVL343:
 5218              	.L360:
 318:Middlewares/Third_Party/LwIP/src/core/tcp_in.c ****       /* check if PCB is bound to specific netif */
 5219              		.loc 1 318 46 is_stmt 1 discriminator 1 view .LVU1662
 318:Middlewares/Third_Party/LwIP/src/core/tcp_in.c ****       /* check if PCB is bound to specific netif */
 5220              		.loc 1 318 5 is_stmt 0 discriminator 1 view .LVU1663
 5221 03b0 98B1     		cbz	r0, .L363
 320:Middlewares/Third_Party/LwIP/src/core/tcp_in.c ****           (lpcb->netif_idx != netif_get_index(ip_data.current_input_netif))) {
 5222              		.loc 1 320 7 is_stmt 1 view .LVU1664
 320:Middlewares/Third_Party/LwIP/src/core/tcp_in.c ****           (lpcb->netif_idx != netif_get_index(ip_data.current_input_netif))) {
 5223              		.loc 1 320 16 is_stmt 0 view .LVU1665
 5224 03b2 027A     		ldrb	r2, [r0, #8]	@ zero_extendqisi2
 320:Middlewares/Third_Party/LwIP/src/core/tcp_in.c ****           (lpcb->netif_idx != netif_get_index(ip_data.current_input_netif))) {
 5225              		.loc 1 320 10 view .LVU1666
 5226 03b4 002A     		cmp	r2, #0
 5227 03b6 F3D0     		beq	.L361
 321:Middlewares/Third_Party/LwIP/src/core/tcp_in.c ****         prev = (struct tcp_pcb *)lpcb;
 5228              		.loc 1 321 31 discriminator 1 view .LVU1667
 5229 03b8 134B     		ldr	r3, .L406
 5230 03ba 5B68     		ldr	r3, [r3, #4]
 5231 03bc 93F83030 		ldrb	r3, [r3, #48]	@ zero_extendqisi2
 5232 03c0 0133     		adds	r3, r3, #1
 5233 03c2 DBB2     		uxtb	r3, r3
 320:Middlewares/Third_Party/LwIP/src/core/tcp_in.c ****           (lpcb->netif_idx != netif_get_index(ip_data.current_input_netif))) {
 5234              		.loc 1 320 47 discriminator 1 view .LVU1668
 5235 03c4 9A42     		cmp	r2, r3
 5236 03c6 EBD0     		beq	.L361
 5237 03c8 F0E7     		b	.L362
 5238              	.L401:
 327:Middlewares/Third_Party/LwIP/src/core/tcp_in.c ****           /* found an ANY TYPE (IPv4/IPv6) match */
 5239              		.loc 1 327 9 is_stmt 1 view .LVU1669
 335:Middlewares/Third_Party/LwIP/src/core/tcp_in.c ****           if (ip_addr_cmp(&lpcb->local_ip, ip_current_dest_addr())) {
 5240              		.loc 1 335 16 view .LVU1670
 336:Middlewares/Third_Party/LwIP/src/core/tcp_in.c ****             /* found an exact match */
 5241              		.loc 1 336 11 view .LVU1671
 336:Middlewares/Third_Party/LwIP/src/core/tcp_in.c ****             /* found an exact match */
 5242              		.loc 1 336 15 is_stmt 0 view .LVU1672
 5243 03ca 0368     		ldr	r3, [r0]
 5244 03cc 0E4A     		ldr	r2, .L406
ARM GAS  /tmp/ccYvHRO8.s 			page 159


 5245 03ce 5269     		ldr	r2, [r2, #20]
 336:Middlewares/Third_Party/LwIP/src/core/tcp_in.c ****             /* found an exact match */
 5246              		.loc 1 336 14 view .LVU1673
 5247 03d0 9342     		cmp	r3, r2
 5248 03d2 02D0     		beq	.L363
 339:Middlewares/Third_Party/LwIP/src/core/tcp_in.c ****             /* found an ANY-match */
 5249              		.loc 1 339 18 is_stmt 1 view .LVU1674
 339:Middlewares/Third_Party/LwIP/src/core/tcp_in.c ****             /* found an ANY-match */
 5250              		.loc 1 339 21 is_stmt 0 view .LVU1675
 5251 03d4 08B1     		cbz	r0, .L363
 339:Middlewares/Third_Party/LwIP/src/core/tcp_in.c ****             /* found an ANY-match */
 5252              		.loc 1 339 22 discriminator 1 view .LVU1676
 5253 03d6 002B     		cmp	r3, #0
 5254 03d8 E8D1     		bne	.L362
 5255              	.L363:
 360:Middlewares/Third_Party/LwIP/src/core/tcp_in.c ****       /* Move this PCB to the front of the list so that subsequent
 5256              		.loc 1 360 5 is_stmt 1 view .LVU1677
 360:Middlewares/Third_Party/LwIP/src/core/tcp_in.c ****       /* Move this PCB to the front of the list so that subsequent
 5257              		.loc 1 360 8 is_stmt 0 view .LVU1678
 5258 03da 0028     		cmp	r0, #0
 5259 03dc 3FF43DAF 		beq	.L353
 364:Middlewares/Third_Party/LwIP/src/core/tcp_in.c ****         ((struct tcp_pcb_listen *)prev)->next = lpcb->next;
 5260              		.loc 1 364 7 is_stmt 1 view .LVU1679
 364:Middlewares/Third_Party/LwIP/src/core/tcp_in.c ****         ((struct tcp_pcb_listen *)prev)->next = lpcb->next;
 5261              		.loc 1 364 10 is_stmt 0 view .LVU1680
 5262 03e0 21B1     		cbz	r1, .L365
 365:Middlewares/Third_Party/LwIP/src/core/tcp_in.c ****         /* our successor is the remainder of the listening list */
 5263              		.loc 1 365 9 is_stmt 1 view .LVU1681
 365:Middlewares/Third_Party/LwIP/src/core/tcp_in.c ****         /* our successor is the remainder of the listening list */
 5264              		.loc 1 365 53 is_stmt 0 view .LVU1682
 5265 03e2 C368     		ldr	r3, [r0, #12]
 365:Middlewares/Third_Party/LwIP/src/core/tcp_in.c ****         /* our successor is the remainder of the listening list */
 5266              		.loc 1 365 47 view .LVU1683
 5267 03e4 CB60     		str	r3, [r1, #12]
 367:Middlewares/Third_Party/LwIP/src/core/tcp_in.c ****         /* put this listening pcb at the head of the listening list */
 5268              		.loc 1 367 9 is_stmt 1 view .LVU1684
 367:Middlewares/Third_Party/LwIP/src/core/tcp_in.c ****         /* put this listening pcb at the head of the listening list */
 5269              		.loc 1 367 20 is_stmt 0 view .LVU1685
 5270 03e6 C660     		str	r6, [r0, #12]
 369:Middlewares/Third_Party/LwIP/src/core/tcp_in.c ****       } else {
 5271              		.loc 1 369 9 is_stmt 1 view .LVU1686
 369:Middlewares/Third_Party/LwIP/src/core/tcp_in.c ****       } else {
 5272              		.loc 1 369 37 is_stmt 0 view .LVU1687
 5273 03e8 174B     		ldr	r3, .L406+64
 5274 03ea 1860     		str	r0, [r3]
 5275              	.L365:
 371:Middlewares/Third_Party/LwIP/src/core/tcp_in.c ****       }
 5276              		.loc 1 371 36 is_stmt 1 view .LVU1688
 374:Middlewares/Third_Party/LwIP/src/core/tcp_in.c **** #ifdef LWIP_HOOK_TCP_INPACKET_PCB
 5277              		.loc 1 374 86 view .LVU1689
 380:Middlewares/Third_Party/LwIP/src/core/tcp_in.c ****       }
 5278              		.loc 1 380 9 view .LVU1690
 5279 03ec FFF7FEFF 		bl	tcp_listen_input
 5280              	.LVL344:
 382:Middlewares/Third_Party/LwIP/src/core/tcp_in.c ****       return;
 5281              		.loc 1 382 7 view .LVU1691
 5282 03f0 2846     		mov	r0, r5
ARM GAS  /tmp/ccYvHRO8.s 			page 160


 5283 03f2 FFF7FEFF 		bl	pbuf_free
 5284              	.LVL345:
 383:Middlewares/Third_Party/LwIP/src/core/tcp_in.c ****     }
 5285              		.loc 1 383 7 view .LVU1692
 5286 03f6 10E6     		b	.L335
 5287              	.L369:
 427:Middlewares/Third_Party/LwIP/src/core/tcp_in.c ****           /* this is a zero-window probe, we respond to it with current RCV.NXT
 5288              		.loc 1 427 9 view .LVU1693
 427:Middlewares/Third_Party/LwIP/src/core/tcp_in.c ****           /* this is a zero-window probe, we respond to it with current RCV.NXT
 5289              		.loc 1 427 16 is_stmt 0 view .LVU1694
 5290 03f8 638D     		ldrh	r3, [r4, #42]
 427:Middlewares/Third_Party/LwIP/src/core/tcp_in.c ****           /* this is a zero-window probe, we respond to it with current RCV.NXT
 5291              		.loc 1 427 12 view .LVU1695
 5292 03fa 002B     		cmp	r3, #0
 5293 03fc 7FF474AF 		bne	.L371
 430:Middlewares/Third_Party/LwIP/src/core/tcp_in.c ****         }
 5294              		.loc 1 430 11 is_stmt 1 view .LVU1696
 5295 0400 2046     		mov	r0, r4
 5296 0402 FFF7FEFF 		bl	tcp_send_empty_ack
 5297              	.LVL346:
 432:Middlewares/Third_Party/LwIP/src/core/tcp_in.c ****         MIB2_STATS_INC(mib2.tcpinerrs);
 5298              		.loc 1 432 32 view .LVU1697
 433:Middlewares/Third_Party/LwIP/src/core/tcp_in.c ****         goto aborted;
 5299              		.loc 1 433 39 view .LVU1698
 434:Middlewares/Third_Party/LwIP/src/core/tcp_in.c ****       }
 5300              		.loc 1 434 9 view .LVU1699
 5301 0406 6FE7     		b	.L371
 5302              	.L407:
 5303              		.align	2
 5304              	.L406:
 5305 0408 00000000 		.word	ip_data
 5306 040c 00000000 		.word	tcp_active_pcbs
 5307 0410 00000000 		.word	.LANCHOR11
 5308 0414 00000000 		.word	.LANCHOR3
 5309 0418 00000000 		.word	.LANCHOR12
 5310 041c 00000000 		.word	.LANCHOR5
 5311 0420 00000000 		.word	.LANCHOR10
 5312 0424 00000000 		.word	.LANCHOR6
 5313 0428 00000000 		.word	.LANCHOR8
 5314 042c 00000000 		.word	.LANCHOR13
 5315 0430 00000000 		.word	.LC0
 5316 0434 D0000000 		.word	.LC32
 5317 0438 4C000000 		.word	.LC2
 5318 043c FC000000 		.word	.LC33
 5319 0440 00000000 		.word	tcp_tw_pcbs
 5320 0444 28010000 		.word	.LC34
 5321 0448 00000000 		.word	tcp_listen_pcbs
 5322              	.LVL347:
 5323              	.L372:
 451:Middlewares/Third_Party/LwIP/src/core/tcp_in.c ****         /* If the application has registered a "sent" function to be
 5324              		.loc 1 451 9 view .LVU1700
 455:Middlewares/Third_Party/LwIP/src/core/tcp_in.c ****           u16_t acked16;
 5325              		.loc 1 455 9 view .LVU1701
 455:Middlewares/Third_Party/LwIP/src/core/tcp_in.c ****           u16_t acked16;
 5326              		.loc 1 455 24 is_stmt 0 view .LVU1702
 5327 044c 494B     		ldr	r3, .L408
 5328 044e 1A88     		ldrh	r2, [r3]
ARM GAS  /tmp/ccYvHRO8.s 			page 161


 455:Middlewares/Third_Party/LwIP/src/core/tcp_in.c ****           u16_t acked16;
 5329              		.loc 1 455 12 view .LVU1703
 5330 0450 62B1     		cbz	r2, .L374
 5331              	.LBB34:
 456:Middlewares/Third_Party/LwIP/src/core/tcp_in.c **** #if LWIP_WND_SCALE
 5332              		.loc 1 456 11 is_stmt 1 view .LVU1704
 466:Middlewares/Third_Party/LwIP/src/core/tcp_in.c **** #endif
 5333              		.loc 1 466 13 view .LVU1705
 5334              	.LVL348:
 468:Middlewares/Third_Party/LwIP/src/core/tcp_in.c ****             if (err == ERR_ABRT) {
 5335              		.loc 1 468 13 view .LVU1706
 468:Middlewares/Third_Party/LwIP/src/core/tcp_in.c ****             if (err == ERR_ABRT) {
 5336              		.loc 1 468 13 view .LVU1707
 5337 0452 D4F88030 		ldr	r3, [r4, #128]
 5338 0456 33B1     		cbz	r3, .L375
 468:Middlewares/Third_Party/LwIP/src/core/tcp_in.c ****             if (err == ERR_ABRT) {
 5339              		.loc 1 468 13 discriminator 1 view .LVU1708
 5340 0458 2146     		mov	r1, r4
 5341 045a 2069     		ldr	r0, [r4, #16]
 5342 045c 9847     		blx	r3
 5343              	.LVL349:
 468:Middlewares/Third_Party/LwIP/src/core/tcp_in.c ****             if (err == ERR_ABRT) {
 5344              		.loc 1 468 13 discriminator 1 view .LVU1709
 469:Middlewares/Third_Party/LwIP/src/core/tcp_in.c ****               goto aborted;
 5345              		.loc 1 469 13 discriminator 1 view .LVU1710
 469:Middlewares/Third_Party/LwIP/src/core/tcp_in.c ****               goto aborted;
 5346              		.loc 1 469 16 is_stmt 0 discriminator 1 view .LVU1711
 5347 045e 10F10D0F 		cmn	r0, #13
 5348 0462 3FF441AF 		beq	.L371
 5349              	.LVL350:
 5350              	.L375:
 473:Middlewares/Third_Party/LwIP/src/core/tcp_in.c ****         }
 5351              		.loc 1 473 11 is_stmt 1 view .LVU1712
 473:Middlewares/Third_Party/LwIP/src/core/tcp_in.c ****         }
 5352              		.loc 1 473 22 is_stmt 0 view .LVU1713
 5353 0466 434B     		ldr	r3, .L408
 5354 0468 0022     		movs	r2, #0
 5355 046a 1A80     		strh	r2, [r3]	@ movhi
 5356              	.L374:
 473:Middlewares/Third_Party/LwIP/src/core/tcp_in.c ****         }
 5357              		.loc 1 473 22 view .LVU1714
 5358              	.LBE34:
 475:Middlewares/Third_Party/LwIP/src/core/tcp_in.c ****           goto aborted;
 5359              		.loc 1 475 9 is_stmt 1 view .LVU1715
 475:Middlewares/Third_Party/LwIP/src/core/tcp_in.c ****           goto aborted;
 5360              		.loc 1 475 13 is_stmt 0 view .LVU1716
 5361 046c 2046     		mov	r0, r4
 5362 046e FFF7FEFF 		bl	tcp_input_delayed_close
 5363              	.LVL351:
 475:Middlewares/Third_Party/LwIP/src/core/tcp_in.c ****           goto aborted;
 5364              		.loc 1 475 12 view .LVU1717
 5365 0472 0028     		cmp	r0, #0
 5366 0474 7FF438AF 		bne	.L371
 483:Middlewares/Third_Party/LwIP/src/core/tcp_in.c **** #endif /* TCP_QUEUE_OOSEQ && LWIP_WND_SCALE */
 5367              		.loc 1 483 9 is_stmt 1 view .LVU1718
 483:Middlewares/Third_Party/LwIP/src/core/tcp_in.c **** #endif /* TCP_QUEUE_OOSEQ && LWIP_WND_SCALE */
 5368              		.loc 1 483 23 is_stmt 0 view .LVU1719
ARM GAS  /tmp/ccYvHRO8.s 			page 162


 5369 0478 3F4B     		ldr	r3, .L408+4
 5370 047a 1B68     		ldr	r3, [r3]
 483:Middlewares/Third_Party/LwIP/src/core/tcp_in.c **** #endif /* TCP_QUEUE_OOSEQ && LWIP_WND_SCALE */
 5371              		.loc 1 483 12 view .LVU1720
 5372 047c EBB1     		cbz	r3, .L376
 486:Middlewares/Third_Party/LwIP/src/core/tcp_in.c ****           if (pcb->flags & TF_RXCLOSED) {
 5373              		.loc 1 486 11 is_stmt 1 view .LVU1721
 486:Middlewares/Third_Party/LwIP/src/core/tcp_in.c ****           if (pcb->flags & TF_RXCLOSED) {
 5374              		.loc 1 486 11 view .LVU1722
 5375 047e A36F     		ldr	r3, [r4, #120]
 5376 0480 33B1     		cbz	r3, .L377
 486:Middlewares/Third_Party/LwIP/src/core/tcp_in.c ****           if (pcb->flags & TF_RXCLOSED) {
 5377              		.loc 1 486 11 discriminator 1 view .LVU1723
 486:Middlewares/Third_Party/LwIP/src/core/tcp_in.c ****           if (pcb->flags & TF_RXCLOSED) {
 5378              		.loc 1 486 11 discriminator 1 view .LVU1724
 5379 0482 3E4B     		ldr	r3, .L408+8
 5380 0484 4FF4F372 		mov	r2, #486
 5381 0488 3D49     		ldr	r1, .L408+12
 5382 048a 3E48     		ldr	r0, .L408+16
 5383 048c FFF7FEFF 		bl	printf
 5384              	.LVL352:
 5385              	.L377:
 486:Middlewares/Third_Party/LwIP/src/core/tcp_in.c ****           if (pcb->flags & TF_RXCLOSED) {
 5386              		.loc 1 486 11 discriminator 3 view .LVU1725
 486:Middlewares/Third_Party/LwIP/src/core/tcp_in.c ****           if (pcb->flags & TF_RXCLOSED) {
 5387              		.loc 1 486 11 discriminator 3 view .LVU1726
 487:Middlewares/Third_Party/LwIP/src/core/tcp_in.c ****             /* received data although already closed -> abort (send RST) to
 5388              		.loc 1 487 11 discriminator 3 view .LVU1727
 487:Middlewares/Third_Party/LwIP/src/core/tcp_in.c ****             /* received data although already closed -> abort (send RST) to
 5389              		.loc 1 487 18 is_stmt 0 discriminator 3 view .LVU1728
 5390 0490 638B     		ldrh	r3, [r4, #26]
 487:Middlewares/Third_Party/LwIP/src/core/tcp_in.c ****             /* received data although already closed -> abort (send RST) to
 5391              		.loc 1 487 14 discriminator 3 view .LVU1729
 5392 0492 13F0100F 		tst	r3, #16
 5393 0496 28D1     		bne	.L402
 501:Middlewares/Third_Party/LwIP/src/core/tcp_in.c ****           if (err == ERR_ABRT) {
 5394              		.loc 1 501 11 is_stmt 1 view .LVU1730
 501:Middlewares/Third_Party/LwIP/src/core/tcp_in.c ****           if (err == ERR_ABRT) {
 5395              		.loc 1 501 11 view .LVU1731
 5396 0498 D4F88450 		ldr	r5, [r4, #132]
 5397              	.LVL353:
 501:Middlewares/Third_Party/LwIP/src/core/tcp_in.c ****           if (err == ERR_ABRT) {
 5398              		.loc 1 501 11 is_stmt 0 view .LVU1732
 5399 049c 6DB3     		cbz	r5, .L379
 501:Middlewares/Third_Party/LwIP/src/core/tcp_in.c ****           if (err == ERR_ABRT) {
 5400              		.loc 1 501 11 is_stmt 1 discriminator 1 view .LVU1733
 5401 049e 0023     		movs	r3, #0
 5402 04a0 354A     		ldr	r2, .L408+4
 5403 04a2 1268     		ldr	r2, [r2]
 5404 04a4 2146     		mov	r1, r4
 5405 04a6 2069     		ldr	r0, [r4, #16]
 5406 04a8 A847     		blx	r5
 5407              	.LVL354:
 5408              	.L380:
 501:Middlewares/Third_Party/LwIP/src/core/tcp_in.c ****           if (err == ERR_ABRT) {
 5409              		.loc 1 501 11 discriminator 4 view .LVU1734
 502:Middlewares/Third_Party/LwIP/src/core/tcp_in.c **** #if TCP_QUEUE_OOSEQ && LWIP_WND_SCALE
ARM GAS  /tmp/ccYvHRO8.s 			page 163


 5410              		.loc 1 502 11 discriminator 4 view .LVU1735
 502:Middlewares/Third_Party/LwIP/src/core/tcp_in.c **** #if TCP_QUEUE_OOSEQ && LWIP_WND_SCALE
 5411              		.loc 1 502 14 is_stmt 0 discriminator 4 view .LVU1736
 5412 04aa 10F10D0F 		cmn	r0, #13
 5413 04ae 3FF41BAF 		beq	.L371
 512:Middlewares/Third_Party/LwIP/src/core/tcp_in.c **** #if TCP_QUEUE_OOSEQ && LWIP_WND_SCALE
 5414              		.loc 1 512 11 is_stmt 1 view .LVU1737
 512:Middlewares/Third_Party/LwIP/src/core/tcp_in.c **** #if TCP_QUEUE_OOSEQ && LWIP_WND_SCALE
 5415              		.loc 1 512 14 is_stmt 0 view .LVU1738
 5416 04b2 10B1     		cbz	r0, .L376
 518:Middlewares/Third_Party/LwIP/src/core/tcp_in.c ****             LWIP_DEBUGF(TCP_INPUT_DEBUG, ("tcp_input: keep incoming packet, because pcb is \"full\"
 5417              		.loc 1 518 13 is_stmt 1 view .LVU1739
 518:Middlewares/Third_Party/LwIP/src/core/tcp_in.c ****             LWIP_DEBUGF(TCP_INPUT_DEBUG, ("tcp_input: keep incoming packet, because pcb is \"full\"
 5418              		.loc 1 518 31 is_stmt 0 view .LVU1740
 5419 04b4 304B     		ldr	r3, .L408+4
 5420 04b6 1B68     		ldr	r3, [r3]
 5421 04b8 A367     		str	r3, [r4, #120]
 5422              	.LVL355:
 5423              	.L376:
 519:Middlewares/Third_Party/LwIP/src/core/tcp_in.c **** #if TCP_QUEUE_OOSEQ && LWIP_WND_SCALE
 5424              		.loc 1 519 105 is_stmt 1 view .LVU1741
 531:Middlewares/Third_Party/LwIP/src/core/tcp_in.c ****           if (pcb->refused_data != NULL) {
 5425              		.loc 1 531 9 view .LVU1742
 531:Middlewares/Third_Party/LwIP/src/core/tcp_in.c ****           if (pcb->refused_data != NULL) {
 5426              		.loc 1 531 24 is_stmt 0 view .LVU1743
 5427 04ba 334B     		ldr	r3, .L408+20
 5428 04bc 1B78     		ldrb	r3, [r3]	@ zero_extendqisi2
 531:Middlewares/Third_Party/LwIP/src/core/tcp_in.c ****           if (pcb->refused_data != NULL) {
 5429              		.loc 1 531 12 view .LVU1744
 5430 04be 13F0200F 		tst	r3, #32
 5431 04c2 05D0     		beq	.L381
 532:Middlewares/Third_Party/LwIP/src/core/tcp_in.c ****             /* Delay this if we have refused data. */
 5432              		.loc 1 532 11 is_stmt 1 view .LVU1745
 532:Middlewares/Third_Party/LwIP/src/core/tcp_in.c ****             /* Delay this if we have refused data. */
 5433              		.loc 1 532 18 is_stmt 0 view .LVU1746
 5434 04c4 A36F     		ldr	r3, [r4, #120]
 532:Middlewares/Third_Party/LwIP/src/core/tcp_in.c ****             /* Delay this if we have refused data. */
 5435              		.loc 1 532 14 view .LVU1747
 5436 04c6 03B3     		cbz	r3, .L382
 534:Middlewares/Third_Party/LwIP/src/core/tcp_in.c ****           } else {
 5437              		.loc 1 534 13 is_stmt 1 view .LVU1748
 534:Middlewares/Third_Party/LwIP/src/core/tcp_in.c ****           } else {
 5438              		.loc 1 534 38 is_stmt 0 view .LVU1749
 5439 04c8 5A7B     		ldrb	r2, [r3, #13]	@ zero_extendqisi2
 5440 04ca 42F02002 		orr	r2, r2, #32
 5441 04ce 5A73     		strb	r2, [r3, #13]
 5442              	.L381:
 548:Middlewares/Third_Party/LwIP/src/core/tcp_in.c ****         if (tcp_input_delayed_close(pcb)) {
 5443              		.loc 1 548 9 is_stmt 1 view .LVU1750
 548:Middlewares/Third_Party/LwIP/src/core/tcp_in.c ****         if (tcp_input_delayed_close(pcb)) {
 5444              		.loc 1 548 23 is_stmt 0 view .LVU1751
 5445 04d0 2E4B     		ldr	r3, .L408+24
 5446 04d2 0022     		movs	r2, #0
 5447 04d4 1A60     		str	r2, [r3]
 549:Middlewares/Third_Party/LwIP/src/core/tcp_in.c ****           goto aborted;
 5448              		.loc 1 549 9 is_stmt 1 view .LVU1752
 549:Middlewares/Third_Party/LwIP/src/core/tcp_in.c ****           goto aborted;
ARM GAS  /tmp/ccYvHRO8.s 			page 164


 5449              		.loc 1 549 13 is_stmt 0 view .LVU1753
 5450 04d6 2046     		mov	r0, r4
 5451 04d8 FFF7FEFF 		bl	tcp_input_delayed_close
 5452              	.LVL356:
 549:Middlewares/Third_Party/LwIP/src/core/tcp_in.c ****           goto aborted;
 5453              		.loc 1 549 12 view .LVU1754
 5454 04dc 0028     		cmp	r0, #0
 5455 04de 7FF403AF 		bne	.L371
 553:Middlewares/Third_Party/LwIP/src/core/tcp_in.c **** #if TCP_INPUT_DEBUG
 5456              		.loc 1 553 9 is_stmt 1 view .LVU1755
 5457 04e2 2046     		mov	r0, r4
 5458 04e4 FFF7FEFF 		bl	tcp_output
 5459              	.LVL357:
 5460 04e8 FEE6     		b	.L371
 5461              	.LVL358:
 5462              	.L402:
 490:Middlewares/Third_Party/LwIP/src/core/tcp_in.c **** #if TCP_QUEUE_OOSEQ && LWIP_WND_SCALE
 5463              		.loc 1 490 13 view .LVU1756
 5464 04ea 234B     		ldr	r3, .L408+4
 5465 04ec 1868     		ldr	r0, [r3]
 5466 04ee FFF7FEFF 		bl	pbuf_free
 5467              	.LVL359:
 496:Middlewares/Third_Party/LwIP/src/core/tcp_in.c ****             goto aborted;
 5468              		.loc 1 496 13 view .LVU1757
 5469 04f2 2046     		mov	r0, r4
 5470 04f4 FFF7FEFF 		bl	tcp_abort
 5471              	.LVL360:
 497:Middlewares/Third_Party/LwIP/src/core/tcp_in.c ****           }
 5472              		.loc 1 497 13 view .LVU1758
 5473 04f8 F6E6     		b	.L371
 5474              	.LVL361:
 5475              	.L379:
 501:Middlewares/Third_Party/LwIP/src/core/tcp_in.c ****           if (err == ERR_ABRT) {
 5476              		.loc 1 501 11 discriminator 2 view .LVU1759
 5477 04fa 0023     		movs	r3, #0
 5478 04fc 1E4A     		ldr	r2, .L408+4
 5479 04fe 1268     		ldr	r2, [r2]
 5480 0500 2146     		mov	r1, r4
 5481 0502 1846     		mov	r0, r3
 5482 0504 FFF7FEFF 		bl	tcp_recv_null
 5483              	.LVL362:
 501:Middlewares/Third_Party/LwIP/src/core/tcp_in.c ****           if (err == ERR_ABRT) {
 5484              		.loc 1 501 11 is_stmt 0 discriminator 2 view .LVU1760
 5485 0508 CFE7     		b	.L380
 5486              	.LVL363:
 5487              	.L382:
 538:Middlewares/Third_Party/LwIP/src/core/tcp_in.c ****               pcb->rcv_wnd++;
 5488              		.loc 1 538 13 is_stmt 1 view .LVU1761
 538:Middlewares/Third_Party/LwIP/src/core/tcp_in.c ****               pcb->rcv_wnd++;
 5489              		.loc 1 538 20 is_stmt 0 view .LVU1762
 5490 050a 238D     		ldrh	r3, [r4, #40]
 538:Middlewares/Third_Party/LwIP/src/core/tcp_in.c ****               pcb->rcv_wnd++;
 5491              		.loc 1 538 16 view .LVU1763
 5492 050c 41F2D062 		movw	r2, #5840
 5493 0510 9342     		cmp	r3, r2
 5494 0512 01D0     		beq	.L383
 539:Middlewares/Third_Party/LwIP/src/core/tcp_in.c ****             }
ARM GAS  /tmp/ccYvHRO8.s 			page 165


 5495              		.loc 1 539 15 is_stmt 1 view .LVU1764
 539:Middlewares/Third_Party/LwIP/src/core/tcp_in.c ****             }
 5496              		.loc 1 539 27 is_stmt 0 view .LVU1765
 5497 0514 0133     		adds	r3, r3, #1
 5498 0516 2385     		strh	r3, [r4, #40]	@ movhi
 5499              	.L383:
 541:Middlewares/Third_Party/LwIP/src/core/tcp_in.c ****             if (err == ERR_ABRT) {
 5500              		.loc 1 541 13 is_stmt 1 view .LVU1766
 541:Middlewares/Third_Party/LwIP/src/core/tcp_in.c ****             if (err == ERR_ABRT) {
 5501              		.loc 1 541 13 view .LVU1767
 5502 0518 D4F88450 		ldr	r5, [r4, #132]
 5503 051c 002D     		cmp	r5, #0
 5504 051e D7D0     		beq	.L381
 541:Middlewares/Third_Party/LwIP/src/core/tcp_in.c ****             if (err == ERR_ABRT) {
 5505              		.loc 1 541 13 discriminator 1 view .LVU1768
 5506 0520 0023     		movs	r3, #0
 5507 0522 1A46     		mov	r2, r3
 5508 0524 2146     		mov	r1, r4
 5509 0526 2069     		ldr	r0, [r4, #16]
 5510 0528 A847     		blx	r5
 5511              	.LVL364:
 541:Middlewares/Third_Party/LwIP/src/core/tcp_in.c ****             if (err == ERR_ABRT) {
 5512              		.loc 1 541 13 discriminator 1 view .LVU1769
 542:Middlewares/Third_Party/LwIP/src/core/tcp_in.c ****               goto aborted;
 5513              		.loc 1 542 13 discriminator 1 view .LVU1770
 542:Middlewares/Third_Party/LwIP/src/core/tcp_in.c ****               goto aborted;
 5514              		.loc 1 542 16 is_stmt 0 discriminator 1 view .LVU1771
 5515 052a 10F10D0F 		cmn	r0, #13
 5516 052e CFD1     		bne	.L381
 5517 0530 DAE6     		b	.L371
 5518              	.LVL365:
 5519              	.L366:
 575:Middlewares/Third_Party/LwIP/src/core/tcp_in.c ****     if (!(TCPH_FLAGS(tcphdr) & TCP_RST)) {
 5520              		.loc 1 575 80 is_stmt 1 view .LVU1772
 576:Middlewares/Third_Party/LwIP/src/core/tcp_in.c ****       TCP_STATS_INC(tcp.proterr);
 5521              		.loc 1 576 5 view .LVU1773
 576:Middlewares/Third_Party/LwIP/src/core/tcp_in.c ****       TCP_STATS_INC(tcp.proterr);
 5522              		.loc 1 576 11 is_stmt 0 view .LVU1774
 5523 0532 174B     		ldr	r3, .L408+28
 5524 0534 1B68     		ldr	r3, [r3]
 5525 0536 9889     		ldrh	r0, [r3, #12]	@ unaligned
 5526 0538 FFF7FEFF 		bl	lwip_htons
 5527              	.LVL366:
 576:Middlewares/Third_Party/LwIP/src/core/tcp_in.c ****       TCP_STATS_INC(tcp.proterr);
 5528              		.loc 1 576 8 view .LVU1775
 5529 053c 10F0040F 		tst	r0, #4
 5530 0540 03D0     		beq	.L403
 5531              	.LVL367:
 5532              	.L384:
 582:Middlewares/Third_Party/LwIP/src/core/tcp_in.c ****   }
 5533              		.loc 1 582 5 is_stmt 1 view .LVU1776
 5534 0542 2846     		mov	r0, r5
 5535 0544 FFF7FEFF 		bl	pbuf_free
 5536              	.LVL368:
 5537 0548 67E5     		b	.L335
 5538              	.LVL369:
 5539              	.L403:
ARM GAS  /tmp/ccYvHRO8.s 			page 166


 577:Middlewares/Third_Party/LwIP/src/core/tcp_in.c ****       TCP_STATS_INC(tcp.drop);
 5540              		.loc 1 577 33 view .LVU1777
 578:Middlewares/Third_Party/LwIP/src/core/tcp_in.c ****       tcp_rst(NULL, ackno, seqno + tcplen, ip_current_dest_addr(),
 5541              		.loc 1 578 30 view .LVU1778
 579:Middlewares/Third_Party/LwIP/src/core/tcp_in.c ****               ip_current_src_addr(), tcphdr->dest, tcphdr->src);
 5542              		.loc 1 579 7 view .LVU1779
 580:Middlewares/Third_Party/LwIP/src/core/tcp_in.c ****     }
 5543              		.loc 1 580 44 is_stmt 0 view .LVU1780
 5544 054a 114B     		ldr	r3, .L408+28
 5545 054c 1968     		ldr	r1, [r3]
 579:Middlewares/Third_Party/LwIP/src/core/tcp_in.c ****               ip_current_src_addr(), tcphdr->dest, tcphdr->src);
 5546              		.loc 1 579 7 view .LVU1781
 5547 054e 114B     		ldr	r3, .L408+32
 5548 0550 114A     		ldr	r2, .L408+36
 5549 0552 1088     		ldrh	r0, [r2]
 5550 0554 114A     		ldr	r2, .L408+40
 5551 0556 1268     		ldr	r2, [r2]
 5552 0558 0C88     		ldrh	r4, [r1]	@ unaligned
 5553              	.LVL370:
 579:Middlewares/Third_Party/LwIP/src/core/tcp_in.c ****               ip_current_src_addr(), tcphdr->dest, tcphdr->src);
 5554              		.loc 1 579 7 view .LVU1782
 5555 055a 0294     		str	r4, [sp, #8]
 5556 055c 4988     		ldrh	r1, [r1, #2]	@ unaligned
 5557 055e 0191     		str	r1, [sp, #4]
 5558 0560 191F     		subs	r1, r3, #4
 5559 0562 0091     		str	r1, [sp]
 5560 0564 0244     		add	r2, r2, r0
 5561 0566 0E49     		ldr	r1, .L408+44
 5562 0568 0968     		ldr	r1, [r1]
 5563 056a 0020     		movs	r0, #0
 5564 056c FFF7FEFF 		bl	tcp_rst
 5565              	.LVL371:
 5566 0570 E7E7     		b	.L384
 5567              	.L409:
 5568 0572 00BF     		.align	2
 5569              	.L408:
 5570 0574 00000000 		.word	.LANCHOR10
 5571 0578 00000000 		.word	.LANCHOR12
 5572 057c 00000000 		.word	.LC0
 5573 0580 58010000 		.word	.LC35
 5574 0584 4C000000 		.word	.LC2
 5575 0588 00000000 		.word	.LANCHOR5
 5576 058c 00000000 		.word	.LANCHOR13
 5577 0590 00000000 		.word	.LANCHOR3
 5578 0594 14000000 		.word	ip_data+20
 5579 0598 00000000 		.word	.LANCHOR8
 5580 059c 00000000 		.word	.LANCHOR7
 5581 05a0 00000000 		.word	.LANCHOR9
 5582              		.cfi_endproc
 5583              	.LFE169:
 5585              		.section	.text.tcp_trigger_input_pcb_close,"ax",%progbits
 5586              		.align	1
 5587              		.global	tcp_trigger_input_pcb_close
 5588              		.syntax unified
 5589              		.thumb
 5590              		.thumb_func
 5591              		.fpu fpv5-d16
ARM GAS  /tmp/ccYvHRO8.s 			page 167


 5593              	tcp_trigger_input_pcb_close:
 5594              	.LFB179:
2027:Middlewares/Third_Party/LwIP/src/core/tcp_in.c **** 
2028:Middlewares/Third_Party/LwIP/src/core/tcp_in.c **** void
2029:Middlewares/Third_Party/LwIP/src/core/tcp_in.c **** tcp_trigger_input_pcb_close(void)
2030:Middlewares/Third_Party/LwIP/src/core/tcp_in.c **** {
 5595              		.loc 1 2030 1 is_stmt 1 view -0
 5596              		.cfi_startproc
 5597              		@ args = 0, pretend = 0, frame = 0
 5598              		@ frame_needed = 0, uses_anonymous_args = 0
 5599              		@ link register save eliminated.
2031:Middlewares/Third_Party/LwIP/src/core/tcp_in.c ****   recv_flags |= TF_CLOSED;
 5600              		.loc 1 2031 3 view .LVU1784
 5601              		.loc 1 2031 14 is_stmt 0 view .LVU1785
 5602 0000 024A     		ldr	r2, .L411
 5603 0002 1378     		ldrb	r3, [r2]	@ zero_extendqisi2
 5604 0004 43F01003 		orr	r3, r3, #16
 5605 0008 1370     		strb	r3, [r2]
2032:Middlewares/Third_Party/LwIP/src/core/tcp_in.c **** }
 5606              		.loc 1 2032 1 view .LVU1786
 5607 000a 7047     		bx	lr
 5608              	.L412:
 5609              		.align	2
 5610              	.L411:
 5611 000c 00000000 		.word	.LANCHOR5
 5612              		.cfi_endproc
 5613              	.LFE179:
 5615              		.global	tcp_input_pcb
 5616              		.section	.bss.ackno,"aw",%nobits
 5617              		.align	2
 5618              		.set	.LANCHOR9,. + 0
 5621              	ackno:
 5622 0000 00000000 		.space	4
 5623              		.section	.bss.flags,"aw",%nobits
 5624              		.set	.LANCHOR6,. + 0
 5627              	flags:
 5628 0000 00       		.space	1
 5629              		.section	.bss.inseg,"aw",%nobits
 5630              		.align	2
 5631              		.set	.LANCHOR11,. + 0
 5634              	inseg:
 5635 0000 00000000 		.space	16
 5635      00000000 
 5635      00000000 
 5635      00000000 
 5636              		.section	.bss.recv_acked,"aw",%nobits
 5637              		.align	1
 5638              		.set	.LANCHOR10,. + 0
 5641              	recv_acked:
 5642 0000 0000     		.space	2
 5643              		.section	.bss.recv_data,"aw",%nobits
 5644              		.align	2
 5645              		.set	.LANCHOR12,. + 0
 5648              	recv_data:
 5649 0000 00000000 		.space	4
 5650              		.section	.bss.recv_flags,"aw",%nobits
 5651              		.set	.LANCHOR5,. + 0
ARM GAS  /tmp/ccYvHRO8.s 			page 168


 5654              	recv_flags:
 5655 0000 00       		.space	1
 5656              		.section	.bss.seqno,"aw",%nobits
 5657              		.align	2
 5658              		.set	.LANCHOR7,. + 0
 5661              	seqno:
 5662 0000 00000000 		.space	4
 5663              		.section	.bss.tcp_input_pcb,"aw",%nobits
 5664              		.align	2
 5665              		.set	.LANCHOR13,. + 0
 5668              	tcp_input_pcb:
 5669 0000 00000000 		.space	4
 5670              		.section	.bss.tcp_optidx,"aw",%nobits
 5671              		.align	1
 5672              		.set	.LANCHOR0,. + 0
 5675              	tcp_optidx:
 5676 0000 0000     		.space	2
 5677              		.section	.bss.tcphdr,"aw",%nobits
 5678              		.align	2
 5679              		.set	.LANCHOR3,. + 0
 5682              	tcphdr:
 5683 0000 00000000 		.space	4
 5684              		.section	.bss.tcphdr_opt1len,"aw",%nobits
 5685              		.align	1
 5686              		.set	.LANCHOR2,. + 0
 5689              	tcphdr_opt1len:
 5690 0000 0000     		.space	2
 5691              		.section	.bss.tcphdr_opt2,"aw",%nobits
 5692              		.align	2
 5693              		.set	.LANCHOR1,. + 0
 5696              	tcphdr_opt2:
 5697 0000 00000000 		.space	4
 5698              		.section	.bss.tcphdr_optlen,"aw",%nobits
 5699              		.align	1
 5700              		.set	.LANCHOR4,. + 0
 5703              	tcphdr_optlen:
 5704 0000 0000     		.space	2
 5705              		.section	.bss.tcplen,"aw",%nobits
 5706              		.align	1
 5707              		.set	.LANCHOR8,. + 0
 5710              	tcplen:
 5711 0000 0000     		.space	2
 5712              		.text
 5713              	.Letext0:
 5714              		.file 2 "/usr/lib/gcc/arm-none-eabi/10.3.1/include/stdint.h"
 5715              		.file 3 "Middlewares/Third_Party/LwIP/src/include/lwip/arch.h"
 5716              		.file 4 "Middlewares/Third_Party/LwIP/src/include/lwip/tcpbase.h"
 5717              		.file 5 "Middlewares/Third_Party/LwIP/src/include/lwip/err.h"
 5718              		.file 6 "Middlewares/Third_Party/LwIP/src/include/lwip/pbuf.h"
 5719              		.file 7 "Middlewares/Third_Party/LwIP/src/include/lwip/ip4_addr.h"
 5720              		.file 8 "Middlewares/Third_Party/LwIP/src/include/lwip/ip_addr.h"
 5721              		.file 9 "Middlewares/Third_Party/LwIP/src/include/lwip/memp.h"
 5722              		.file 10 "Middlewares/Third_Party/LwIP/src/include/lwip/netif.h"
 5723              		.file 11 "Middlewares/Third_Party/LwIP/src/include/lwip/prot/ip4.h"
 5724              		.file 12 "Middlewares/Third_Party/LwIP/src/include/lwip/ip.h"
 5725              		.file 13 "Middlewares/Third_Party/LwIP/src/include/lwip/tcp.h"
 5726              		.file 14 "Middlewares/Third_Party/LwIP/src/include/lwip/priv/tcp_priv.h"
ARM GAS  /tmp/ccYvHRO8.s 			page 169


 5727              		.file 15 "Middlewares/Third_Party/LwIP/src/include/lwip/prot/tcp.h"
 5728              		.file 16 "/usr/include/newlib/stdio.h"
 5729              		.file 17 "Middlewares/Third_Party/LwIP/src/include/lwip/def.h"
 5730              		.file 18 "Middlewares/Third_Party/LwIP/src/include/lwip/ip4.h"
ARM GAS  /tmp/ccYvHRO8.s 			page 170


DEFINED SYMBOLS
                            *ABS*:0000000000000000 tcp_in.c
     /tmp/ccYvHRO8.s:17     .text.tcp_get_next_optbyte:0000000000000000 $t
     /tmp/ccYvHRO8.s:24     .text.tcp_get_next_optbyte:0000000000000000 tcp_get_next_optbyte
     /tmp/ccYvHRO8.s:89     .text.tcp_get_next_optbyte:000000000000002c $d
     /tmp/ccYvHRO8.s:97     .rodata.tcp_parseopt.str1.4:0000000000000000 $d
     /tmp/ccYvHRO8.s:107    .text.tcp_parseopt:0000000000000000 $t
     /tmp/ccYvHRO8.s:113    .text.tcp_parseopt:0000000000000000 tcp_parseopt
     /tmp/ccYvHRO8.s:267    .text.tcp_parseopt:0000000000000090 $d
     /tmp/ccYvHRO8.s:276    .rodata.tcp_input_delayed_close.str1.4:0000000000000000 $d
     /tmp/ccYvHRO8.s:280    .text.tcp_input_delayed_close:0000000000000000 $t
     /tmp/ccYvHRO8.s:286    .text.tcp_input_delayed_close:0000000000000000 tcp_input_delayed_close
     /tmp/ccYvHRO8.s:367    .text.tcp_input_delayed_close:000000000000004c $d
     /tmp/ccYvHRO8.s:376    .rodata.tcp_timewait_input.str1.4:0000000000000000 $d
     /tmp/ccYvHRO8.s:380    .text.tcp_timewait_input:0000000000000000 $t
     /tmp/ccYvHRO8.s:386    .text.tcp_timewait_input:0000000000000000 tcp_timewait_input
     /tmp/ccYvHRO8.s:528    .text.tcp_timewait_input:0000000000000090 $d
     /tmp/ccYvHRO8.s:542    .rodata.tcp_listen_input.str1.4:0000000000000000 $d
     /tmp/ccYvHRO8.s:546    .text.tcp_listen_input:0000000000000000 $t
     /tmp/ccYvHRO8.s:552    .text.tcp_listen_input:0000000000000000 tcp_listen_input
     /tmp/ccYvHRO8.s:849    .text.tcp_listen_input:0000000000000120 $d
     /tmp/ccYvHRO8.s:865    .rodata.tcp_free_acked_segments.str1.4:0000000000000000 $d
     /tmp/ccYvHRO8.s:872    .text.tcp_free_acked_segments:0000000000000000 $t
     /tmp/ccYvHRO8.s:878    .text.tcp_free_acked_segments:0000000000000000 tcp_free_acked_segments
     /tmp/ccYvHRO8.s:1033   .text.tcp_free_acked_segments:00000000000000a8 $d
     /tmp/ccYvHRO8.s:1043   .rodata.tcp_oos_insert_segment.str1.4:0000000000000000 $d
     /tmp/ccYvHRO8.s:1047   .text.tcp_oos_insert_segment:0000000000000000 $t
     /tmp/ccYvHRO8.s:1053   .text.tcp_oos_insert_segment:0000000000000000 tcp_oos_insert_segment
     /tmp/ccYvHRO8.s:1194   .text.tcp_oos_insert_segment:0000000000000098 $d
     /tmp/ccYvHRO8.s:1202   .rodata.tcp_receive.str1.4:0000000000000000 $d
     /tmp/ccYvHRO8.s:1238   .text.tcp_receive:0000000000000000 $t
     /tmp/ccYvHRO8.s:1244   .text.tcp_receive:0000000000000000 tcp_receive
     /tmp/ccYvHRO8.s:1817   .text.tcp_receive:00000000000002b0 $d
     /tmp/ccYvHRO8.s:1832   .text.tcp_receive:00000000000002e0 $t
     /tmp/ccYvHRO8.s:2332   .text.tcp_receive:0000000000000524 $d
     /tmp/ccYvHRO8.s:2349   .text.tcp_receive:0000000000000554 $t
     /tmp/ccYvHRO8.s:2892   .text.tcp_receive:00000000000007d4 $d
     /tmp/ccYvHRO8.s:2909   .text.tcp_receive:00000000000007fc $t
     /tmp/ccYvHRO8.s:3151   .text.tcp_receive:0000000000000930 $d
     /tmp/ccYvHRO8.s:3161   .rodata.tcp_process.str1.4:0000000000000000 $d
     /tmp/ccYvHRO8.s:3177   .text.tcp_process:0000000000000000 $t
     /tmp/ccYvHRO8.s:3183   .text.tcp_process:0000000000000000 tcp_process
     /tmp/ccYvHRO8.s:3380   .text.tcp_process:00000000000000c4 $d
     /tmp/ccYvHRO8.s:3388   .text.tcp_process:00000000000000d4 $t
     /tmp/ccYvHRO8.s:3715   .text.tcp_process:0000000000000270 $d
     /tmp/ccYvHRO8.s:3732   .text.tcp_process:00000000000002a8 $t
     /tmp/ccYvHRO8.s:4320   .text.tcp_process:0000000000000544 $d
     /tmp/ccYvHRO8.s:4333   .text.tcp_process:0000000000000570 $t
     /tmp/ccYvHRO8.s:4355   .rodata.tcp_input.str1.4:0000000000000000 $d
     /tmp/ccYvHRO8.s:4389   .text.tcp_input:0000000000000000 $t
     /tmp/ccYvHRO8.s:4396   .text.tcp_input:0000000000000000 tcp_input
     /tmp/ccYvHRO8.s:4850   .text.tcp_input:00000000000001d4 $d
     /tmp/ccYvHRO8.s:4871   .text.tcp_input:0000000000000220 $t
     /tmp/ccYvHRO8.s:5305   .text.tcp_input:0000000000000408 $d
     /tmp/ccYvHRO8.s:5327   .text.tcp_input:000000000000044c $t
     /tmp/ccYvHRO8.s:5570   .text.tcp_input:0000000000000574 $d
     /tmp/ccYvHRO8.s:5586   .text.tcp_trigger_input_pcb_close:0000000000000000 $t
ARM GAS  /tmp/ccYvHRO8.s 			page 171


     /tmp/ccYvHRO8.s:5593   .text.tcp_trigger_input_pcb_close:0000000000000000 tcp_trigger_input_pcb_close
     /tmp/ccYvHRO8.s:5611   .text.tcp_trigger_input_pcb_close:000000000000000c $d
     /tmp/ccYvHRO8.s:5668   .bss.tcp_input_pcb:0000000000000000 tcp_input_pcb
     /tmp/ccYvHRO8.s:5617   .bss.ackno:0000000000000000 $d
     /tmp/ccYvHRO8.s:5621   .bss.ackno:0000000000000000 ackno
     /tmp/ccYvHRO8.s:5627   .bss.flags:0000000000000000 flags
     /tmp/ccYvHRO8.s:5628   .bss.flags:0000000000000000 $d
     /tmp/ccYvHRO8.s:5630   .bss.inseg:0000000000000000 $d
     /tmp/ccYvHRO8.s:5634   .bss.inseg:0000000000000000 inseg
     /tmp/ccYvHRO8.s:5637   .bss.recv_acked:0000000000000000 $d
     /tmp/ccYvHRO8.s:5641   .bss.recv_acked:0000000000000000 recv_acked
     /tmp/ccYvHRO8.s:5644   .bss.recv_data:0000000000000000 $d
     /tmp/ccYvHRO8.s:5648   .bss.recv_data:0000000000000000 recv_data
     /tmp/ccYvHRO8.s:5654   .bss.recv_flags:0000000000000000 recv_flags
     /tmp/ccYvHRO8.s:5655   .bss.recv_flags:0000000000000000 $d
     /tmp/ccYvHRO8.s:5657   .bss.seqno:0000000000000000 $d
     /tmp/ccYvHRO8.s:5661   .bss.seqno:0000000000000000 seqno
     /tmp/ccYvHRO8.s:5664   .bss.tcp_input_pcb:0000000000000000 $d
     /tmp/ccYvHRO8.s:5671   .bss.tcp_optidx:0000000000000000 $d
     /tmp/ccYvHRO8.s:5675   .bss.tcp_optidx:0000000000000000 tcp_optidx
     /tmp/ccYvHRO8.s:5678   .bss.tcphdr:0000000000000000 $d
     /tmp/ccYvHRO8.s:5682   .bss.tcphdr:0000000000000000 tcphdr
     /tmp/ccYvHRO8.s:5685   .bss.tcphdr_opt1len:0000000000000000 $d
     /tmp/ccYvHRO8.s:5689   .bss.tcphdr_opt1len:0000000000000000 tcphdr_opt1len
     /tmp/ccYvHRO8.s:5692   .bss.tcphdr_opt2:0000000000000000 $d
     /tmp/ccYvHRO8.s:5696   .bss.tcphdr_opt2:0000000000000000 tcphdr_opt2
     /tmp/ccYvHRO8.s:5699   .bss.tcphdr_optlen:0000000000000000 $d
     /tmp/ccYvHRO8.s:5703   .bss.tcphdr_optlen:0000000000000000 tcphdr_optlen
     /tmp/ccYvHRO8.s:5706   .bss.tcplen:0000000000000000 $d
     /tmp/ccYvHRO8.s:5710   .bss.tcplen:0000000000000000 tcplen

UNDEFINED SYMBOLS
printf
tcp_pcb_remove
tcp_free
tcp_active_pcbs
tcp_rst
tcp_output
ip_data
tcp_ticks
tcp_alloc
tcp_next_iss
tcp_timer_needed
ip4_route
tcp_eff_send_mss_netif
tcp_enqueue_flags
tcp_abandon
tcp_active_pcbs_changed
lwip_htonl
lwip_htons
pbuf_clen
tcp_seg_free
tcp_segs_free
pbuf_realloc
tcp_send_empty_ack
tcp_rexmit_fast
pbuf_remove_header
ARM GAS  /tmp/ccYvHRO8.s 			page 172


tcp_update_rcv_ann_wnd
pbuf_cat
tcp_seg_copy
tcp_rexmit_rto
tcp_abort
tcp_rexmit
tcp_pcb_purge
tcp_tw_pcbs
pbuf_free
ip4_addr_isbroadcast_u32
tcp_process_refused_data
tcp_listen_pcbs
tcp_recv_null
