ARM GAS  /tmp/cces0RIy.s 			page 1


   1              		.cpu cortex-m7
   2              		.eabi_attribute 28, 1
   3              		.eabi_attribute 20, 1
   4              		.eabi_attribute 21, 1
   5              		.eabi_attribute 23, 3
   6              		.eabi_attribute 24, 1
   7              		.eabi_attribute 25, 1
   8              		.eabi_attribute 26, 1
   9              		.eabi_attribute 30, 1
  10              		.eabi_attribute 34, 1
  11              		.eabi_attribute 18, 4
  12              		.file	"tcpip.c"
  13              		.text
  14              	.Ltext0:
  15              		.cfi_sections	.debug_frame
  16              		.section	.text.tcpip_timeouts_mbox_fetch,"ax",%progbits
  17              		.align	1
  18              		.arch armv7e-m
  19              		.syntax unified
  20              		.thumb
  21              		.thumb_func
  22              		.fpu fpv5-d16
  24              	tcpip_timeouts_mbox_fetch:
  25              	.LVL0:
  26              	.LFB173:
  27              		.file 1 "Middlewares/Third_Party/LwIP/src/api/tcpip.c"
   1:Middlewares/Third_Party/LwIP/src/api/tcpip.c **** /**
   2:Middlewares/Third_Party/LwIP/src/api/tcpip.c ****  * @file
   3:Middlewares/Third_Party/LwIP/src/api/tcpip.c ****  * Sequential API Main thread module
   4:Middlewares/Third_Party/LwIP/src/api/tcpip.c ****  *
   5:Middlewares/Third_Party/LwIP/src/api/tcpip.c ****  */
   6:Middlewares/Third_Party/LwIP/src/api/tcpip.c **** 
   7:Middlewares/Third_Party/LwIP/src/api/tcpip.c **** /*
   8:Middlewares/Third_Party/LwIP/src/api/tcpip.c ****  * Copyright (c) 2001-2004 Swedish Institute of Computer Science.
   9:Middlewares/Third_Party/LwIP/src/api/tcpip.c ****  * All rights reserved.
  10:Middlewares/Third_Party/LwIP/src/api/tcpip.c ****  *
  11:Middlewares/Third_Party/LwIP/src/api/tcpip.c ****  * Redistribution and use in source and binary forms, with or without modification,
  12:Middlewares/Third_Party/LwIP/src/api/tcpip.c ****  * are permitted provided that the following conditions are met:
  13:Middlewares/Third_Party/LwIP/src/api/tcpip.c ****  *
  14:Middlewares/Third_Party/LwIP/src/api/tcpip.c ****  * 1. Redistributions of source code must retain the above copyright notice,
  15:Middlewares/Third_Party/LwIP/src/api/tcpip.c ****  *    this list of conditions and the following disclaimer.
  16:Middlewares/Third_Party/LwIP/src/api/tcpip.c ****  * 2. Redistributions in binary form must reproduce the above copyright notice,
  17:Middlewares/Third_Party/LwIP/src/api/tcpip.c ****  *    this list of conditions and the following disclaimer in the documentation
  18:Middlewares/Third_Party/LwIP/src/api/tcpip.c ****  *    and/or other materials provided with the distribution.
  19:Middlewares/Third_Party/LwIP/src/api/tcpip.c ****  * 3. The name of the author may not be used to endorse or promote products
  20:Middlewares/Third_Party/LwIP/src/api/tcpip.c ****  *    derived from this software without specific prior written permission.
  21:Middlewares/Third_Party/LwIP/src/api/tcpip.c ****  *
  22:Middlewares/Third_Party/LwIP/src/api/tcpip.c ****  * THIS SOFTWARE IS PROVIDED BY THE AUTHOR ``AS IS'' AND ANY EXPRESS OR IMPLIED
  23:Middlewares/Third_Party/LwIP/src/api/tcpip.c ****  * WARRANTIES, INCLUDING, BUT NOT LIMITED TO, THE IMPLIED WARRANTIES OF
  24:Middlewares/Third_Party/LwIP/src/api/tcpip.c ****  * MERCHANTABILITY AND FITNESS FOR A PARTICULAR PURPOSE ARE DISCLAIMED. IN NO EVENT
  25:Middlewares/Third_Party/LwIP/src/api/tcpip.c ****  * SHALL THE AUTHOR BE LIABLE FOR ANY DIRECT, INDIRECT, INCIDENTAL, SPECIAL,
  26:Middlewares/Third_Party/LwIP/src/api/tcpip.c ****  * EXEMPLARY, OR CONSEQUENTIAL DAMAGES (INCLUDING, BUT NOT LIMITED TO, PROCUREMENT
  27:Middlewares/Third_Party/LwIP/src/api/tcpip.c ****  * OF SUBSTITUTE GOODS OR SERVICES; LOSS OF USE, DATA, OR PROFITS; OR BUSINESS
  28:Middlewares/Third_Party/LwIP/src/api/tcpip.c ****  * INTERRUPTION) HOWEVER CAUSED AND ON ANY THEORY OF LIABILITY, WHETHER IN
  29:Middlewares/Third_Party/LwIP/src/api/tcpip.c ****  * CONTRACT, STRICT LIABILITY, OR TORT (INCLUDING NEGLIGENCE OR OTHERWISE) ARISING
  30:Middlewares/Third_Party/LwIP/src/api/tcpip.c ****  * IN ANY WAY OUT OF THE USE OF THIS SOFTWARE, EVEN IF ADVISED OF THE POSSIBILITY
  31:Middlewares/Third_Party/LwIP/src/api/tcpip.c ****  * OF SUCH DAMAGE.
ARM GAS  /tmp/cces0RIy.s 			page 2


  32:Middlewares/Third_Party/LwIP/src/api/tcpip.c ****  *
  33:Middlewares/Third_Party/LwIP/src/api/tcpip.c ****  * This file is part of the lwIP TCP/IP stack.
  34:Middlewares/Third_Party/LwIP/src/api/tcpip.c ****  *
  35:Middlewares/Third_Party/LwIP/src/api/tcpip.c ****  * Author: Adam Dunkels <adam@sics.se>
  36:Middlewares/Third_Party/LwIP/src/api/tcpip.c ****  *
  37:Middlewares/Third_Party/LwIP/src/api/tcpip.c ****  */
  38:Middlewares/Third_Party/LwIP/src/api/tcpip.c **** 
  39:Middlewares/Third_Party/LwIP/src/api/tcpip.c **** #include "lwip/opt.h"
  40:Middlewares/Third_Party/LwIP/src/api/tcpip.c **** 
  41:Middlewares/Third_Party/LwIP/src/api/tcpip.c **** #if !NO_SYS /* don't build if not configured for use in lwipopts.h */
  42:Middlewares/Third_Party/LwIP/src/api/tcpip.c **** 
  43:Middlewares/Third_Party/LwIP/src/api/tcpip.c **** #include "lwip/priv/tcpip_priv.h"
  44:Middlewares/Third_Party/LwIP/src/api/tcpip.c **** #include "lwip/sys.h"
  45:Middlewares/Third_Party/LwIP/src/api/tcpip.c **** #include "lwip/memp.h"
  46:Middlewares/Third_Party/LwIP/src/api/tcpip.c **** #include "lwip/mem.h"
  47:Middlewares/Third_Party/LwIP/src/api/tcpip.c **** #include "lwip/init.h"
  48:Middlewares/Third_Party/LwIP/src/api/tcpip.c **** #include "lwip/ip.h"
  49:Middlewares/Third_Party/LwIP/src/api/tcpip.c **** #include "lwip/pbuf.h"
  50:Middlewares/Third_Party/LwIP/src/api/tcpip.c **** #include "lwip/etharp.h"
  51:Middlewares/Third_Party/LwIP/src/api/tcpip.c **** #include "netif/ethernet.h"
  52:Middlewares/Third_Party/LwIP/src/api/tcpip.c **** 
  53:Middlewares/Third_Party/LwIP/src/api/tcpip.c **** #define TCPIP_MSG_VAR_REF(name)     API_VAR_REF(name)
  54:Middlewares/Third_Party/LwIP/src/api/tcpip.c **** #define TCPIP_MSG_VAR_DECLARE(name) API_VAR_DECLARE(struct tcpip_msg, name)
  55:Middlewares/Third_Party/LwIP/src/api/tcpip.c **** #define TCPIP_MSG_VAR_ALLOC(name)   API_VAR_ALLOC(struct tcpip_msg, MEMP_TCPIP_MSG_API, name, ERR_M
  56:Middlewares/Third_Party/LwIP/src/api/tcpip.c **** #define TCPIP_MSG_VAR_FREE(name)    API_VAR_FREE(MEMP_TCPIP_MSG_API, name)
  57:Middlewares/Third_Party/LwIP/src/api/tcpip.c **** 
  58:Middlewares/Third_Party/LwIP/src/api/tcpip.c **** /* global variables */
  59:Middlewares/Third_Party/LwIP/src/api/tcpip.c **** static tcpip_init_done_fn tcpip_init_done;
  60:Middlewares/Third_Party/LwIP/src/api/tcpip.c **** static void *tcpip_init_done_arg;
  61:Middlewares/Third_Party/LwIP/src/api/tcpip.c **** static sys_mbox_t tcpip_mbox;
  62:Middlewares/Third_Party/LwIP/src/api/tcpip.c **** 
  63:Middlewares/Third_Party/LwIP/src/api/tcpip.c **** #if LWIP_TCPIP_CORE_LOCKING
  64:Middlewares/Third_Party/LwIP/src/api/tcpip.c **** /** The global semaphore to lock the stack. */
  65:Middlewares/Third_Party/LwIP/src/api/tcpip.c **** sys_mutex_t lock_tcpip_core;
  66:Middlewares/Third_Party/LwIP/src/api/tcpip.c **** #endif /* LWIP_TCPIP_CORE_LOCKING */
  67:Middlewares/Third_Party/LwIP/src/api/tcpip.c **** 
  68:Middlewares/Third_Party/LwIP/src/api/tcpip.c **** static void tcpip_thread_handle_msg(struct tcpip_msg *msg);
  69:Middlewares/Third_Party/LwIP/src/api/tcpip.c **** 
  70:Middlewares/Third_Party/LwIP/src/api/tcpip.c **** #if !LWIP_TIMERS
  71:Middlewares/Third_Party/LwIP/src/api/tcpip.c **** /* wait for a message with timers disabled (e.g. pass a timer-check trigger into tcpip_thread) */
  72:Middlewares/Third_Party/LwIP/src/api/tcpip.c **** #define TCPIP_MBOX_FETCH(mbox, msg) sys_mbox_fetch(mbox, msg)
  73:Middlewares/Third_Party/LwIP/src/api/tcpip.c **** #else /* !LWIP_TIMERS */
  74:Middlewares/Third_Party/LwIP/src/api/tcpip.c **** /* wait for a message, timeouts are processed while waiting */
  75:Middlewares/Third_Party/LwIP/src/api/tcpip.c **** #define TCPIP_MBOX_FETCH(mbox, msg) tcpip_timeouts_mbox_fetch(mbox, msg)
  76:Middlewares/Third_Party/LwIP/src/api/tcpip.c **** /**
  77:Middlewares/Third_Party/LwIP/src/api/tcpip.c ****  * Wait (forever) for a message to arrive in an mbox.
  78:Middlewares/Third_Party/LwIP/src/api/tcpip.c ****  * While waiting, timeouts are processed.
  79:Middlewares/Third_Party/LwIP/src/api/tcpip.c ****  *
  80:Middlewares/Third_Party/LwIP/src/api/tcpip.c ****  * @param mbox the mbox to fetch the message from
  81:Middlewares/Third_Party/LwIP/src/api/tcpip.c ****  * @param msg the place to store the message
  82:Middlewares/Third_Party/LwIP/src/api/tcpip.c ****  */
  83:Middlewares/Third_Party/LwIP/src/api/tcpip.c **** static void
  84:Middlewares/Third_Party/LwIP/src/api/tcpip.c **** tcpip_timeouts_mbox_fetch(sys_mbox_t *mbox, void **msg)
  85:Middlewares/Third_Party/LwIP/src/api/tcpip.c **** {
  28              		.loc 1 85 1 view -0
  29              		.cfi_startproc
  30              		@ args = 0, pretend = 0, frame = 0
ARM GAS  /tmp/cces0RIy.s 			page 3


  31              		@ frame_needed = 0, uses_anonymous_args = 0
  32              		.loc 1 85 1 is_stmt 0 view .LVU1
  33 0000 F8B5     		push	{r3, r4, r5, r6, r7, lr}
  34              	.LCFI0:
  35              		.cfi_def_cfa_offset 24
  36              		.cfi_offset 3, -24
  37              		.cfi_offset 4, -20
  38              		.cfi_offset 5, -16
  39              		.cfi_offset 6, -12
  40              		.cfi_offset 7, -8
  41              		.cfi_offset 14, -4
  42 0002 0646     		mov	r6, r0
  43 0004 0F46     		mov	r7, r1
  44 0006 0EE0     		b	.L2
  45              	.LVL1:
  46              	.L8:
  86:Middlewares/Third_Party/LwIP/src/api/tcpip.c ****   u32_t sleeptime, res;
  87:Middlewares/Third_Party/LwIP/src/api/tcpip.c **** 
  88:Middlewares/Third_Party/LwIP/src/api/tcpip.c **** again:
  89:Middlewares/Third_Party/LwIP/src/api/tcpip.c ****   LWIP_ASSERT_CORE_LOCKED();
  90:Middlewares/Third_Party/LwIP/src/api/tcpip.c **** 
  91:Middlewares/Third_Party/LwIP/src/api/tcpip.c ****   sleeptime = sys_timeouts_sleeptime();
  92:Middlewares/Third_Party/LwIP/src/api/tcpip.c ****   if (sleeptime == SYS_TIMEOUTS_SLEEPTIME_INFINITE) {
  93:Middlewares/Third_Party/LwIP/src/api/tcpip.c ****     UNLOCK_TCPIP_CORE();
  47              		.loc 1 93 5 is_stmt 1 view .LVU2
  48 0008 144C     		ldr	r4, .L10
  49 000a 2046     		mov	r0, r4
  50              	.LVL2:
  51              		.loc 1 93 5 is_stmt 0 view .LVU3
  52 000c FFF7FEFF 		bl	sys_mutex_unlock
  53              	.LVL3:
  94:Middlewares/Third_Party/LwIP/src/api/tcpip.c ****     sys_arch_mbox_fetch(mbox, msg, 0);
  54              		.loc 1 94 5 is_stmt 1 view .LVU4
  55 0010 0022     		movs	r2, #0
  56 0012 3946     		mov	r1, r7
  57 0014 3046     		mov	r0, r6
  58 0016 FFF7FEFF 		bl	sys_arch_mbox_fetch
  59              	.LVL4:
  95:Middlewares/Third_Party/LwIP/src/api/tcpip.c ****     LOCK_TCPIP_CORE();
  60              		.loc 1 95 5 view .LVU5
  61 001a 2046     		mov	r0, r4
  62 001c FFF7FEFF 		bl	sys_mutex_lock
  63              	.LVL5:
  96:Middlewares/Third_Party/LwIP/src/api/tcpip.c ****     return;
  64              		.loc 1 96 5 view .LVU6
  65              	.L1:
  97:Middlewares/Third_Party/LwIP/src/api/tcpip.c ****   } else if (sleeptime == 0) {
  98:Middlewares/Third_Party/LwIP/src/api/tcpip.c ****     sys_check_timeouts();
  99:Middlewares/Third_Party/LwIP/src/api/tcpip.c ****     /* We try again to fetch a message from the mbox. */
 100:Middlewares/Third_Party/LwIP/src/api/tcpip.c ****     goto again;
 101:Middlewares/Third_Party/LwIP/src/api/tcpip.c ****   }
 102:Middlewares/Third_Party/LwIP/src/api/tcpip.c **** 
 103:Middlewares/Third_Party/LwIP/src/api/tcpip.c ****   UNLOCK_TCPIP_CORE();
 104:Middlewares/Third_Party/LwIP/src/api/tcpip.c ****   res = sys_arch_mbox_fetch(mbox, msg, sleeptime);
 105:Middlewares/Third_Party/LwIP/src/api/tcpip.c ****   LOCK_TCPIP_CORE();
 106:Middlewares/Third_Party/LwIP/src/api/tcpip.c ****   if (res == SYS_ARCH_TIMEOUT) {
 107:Middlewares/Third_Party/LwIP/src/api/tcpip.c ****     /* If a SYS_ARCH_TIMEOUT value is returned, a timeout occurred
ARM GAS  /tmp/cces0RIy.s 			page 4


 108:Middlewares/Third_Party/LwIP/src/api/tcpip.c ****        before a message could be fetched. */
 109:Middlewares/Third_Party/LwIP/src/api/tcpip.c ****     sys_check_timeouts();
 110:Middlewares/Third_Party/LwIP/src/api/tcpip.c ****     /* We try again to fetch a message from the mbox. */
 111:Middlewares/Third_Party/LwIP/src/api/tcpip.c ****     goto again;
 112:Middlewares/Third_Party/LwIP/src/api/tcpip.c ****   }
 113:Middlewares/Third_Party/LwIP/src/api/tcpip.c **** }
  66              		.loc 1 113 1 is_stmt 0 view .LVU7
  67 0020 F8BD     		pop	{r3, r4, r5, r6, r7, pc}
  68              	.LVL6:
  69              	.L9:
  98:Middlewares/Third_Party/LwIP/src/api/tcpip.c ****     /* We try again to fetch a message from the mbox. */
  70              		.loc 1 98 5 is_stmt 1 view .LVU8
  71 0022 FFF7FEFF 		bl	sys_check_timeouts
  72              	.LVL7:
 100:Middlewares/Third_Party/LwIP/src/api/tcpip.c ****   }
  73              		.loc 1 100 5 view .LVU9
  74              	.L2:
  86:Middlewares/Third_Party/LwIP/src/api/tcpip.c **** 
  75              		.loc 1 86 3 view .LVU10
  89:Middlewares/Third_Party/LwIP/src/api/tcpip.c **** 
  76              		.loc 1 89 28 view .LVU11
  91:Middlewares/Third_Party/LwIP/src/api/tcpip.c ****   if (sleeptime == SYS_TIMEOUTS_SLEEPTIME_INFINITE) {
  77              		.loc 1 91 3 view .LVU12
  91:Middlewares/Third_Party/LwIP/src/api/tcpip.c ****   if (sleeptime == SYS_TIMEOUTS_SLEEPTIME_INFINITE) {
  78              		.loc 1 91 15 is_stmt 0 view .LVU13
  79 0026 FFF7FEFF 		bl	sys_timeouts_sleeptime
  80              	.LVL8:
  81 002a 0446     		mov	r4, r0
  82              	.LVL9:
  92:Middlewares/Third_Party/LwIP/src/api/tcpip.c ****     UNLOCK_TCPIP_CORE();
  83              		.loc 1 92 3 is_stmt 1 view .LVU14
  92:Middlewares/Third_Party/LwIP/src/api/tcpip.c ****     UNLOCK_TCPIP_CORE();
  84              		.loc 1 92 6 is_stmt 0 view .LVU15
  85 002c B0F1FF3F 		cmp	r0, #-1
  86 0030 EAD0     		beq	.L8
  97:Middlewares/Third_Party/LwIP/src/api/tcpip.c ****     sys_check_timeouts();
  87              		.loc 1 97 10 is_stmt 1 view .LVU16
  97:Middlewares/Third_Party/LwIP/src/api/tcpip.c ****     sys_check_timeouts();
  88              		.loc 1 97 13 is_stmt 0 view .LVU17
  89 0032 0028     		cmp	r0, #0
  90 0034 F5D0     		beq	.L9
 103:Middlewares/Third_Party/LwIP/src/api/tcpip.c ****   res = sys_arch_mbox_fetch(mbox, msg, sleeptime);
  91              		.loc 1 103 3 is_stmt 1 view .LVU18
  92 0036 094D     		ldr	r5, .L10
  93 0038 2846     		mov	r0, r5
  94              	.LVL10:
 103:Middlewares/Third_Party/LwIP/src/api/tcpip.c ****   res = sys_arch_mbox_fetch(mbox, msg, sleeptime);
  95              		.loc 1 103 3 is_stmt 0 view .LVU19
  96 003a FFF7FEFF 		bl	sys_mutex_unlock
  97              	.LVL11:
 104:Middlewares/Third_Party/LwIP/src/api/tcpip.c ****   LOCK_TCPIP_CORE();
  98              		.loc 1 104 3 is_stmt 1 view .LVU20
 104:Middlewares/Third_Party/LwIP/src/api/tcpip.c ****   LOCK_TCPIP_CORE();
  99              		.loc 1 104 9 is_stmt 0 view .LVU21
 100 003e 2246     		mov	r2, r4
 101 0040 3946     		mov	r1, r7
 102 0042 3046     		mov	r0, r6
ARM GAS  /tmp/cces0RIy.s 			page 5


 103 0044 FFF7FEFF 		bl	sys_arch_mbox_fetch
 104              	.LVL12:
 105 0048 0446     		mov	r4, r0
 106              	.LVL13:
 105:Middlewares/Third_Party/LwIP/src/api/tcpip.c ****   if (res == SYS_ARCH_TIMEOUT) {
 107              		.loc 1 105 3 is_stmt 1 view .LVU22
 108 004a 2846     		mov	r0, r5
 109              	.LVL14:
 105:Middlewares/Third_Party/LwIP/src/api/tcpip.c ****   if (res == SYS_ARCH_TIMEOUT) {
 110              		.loc 1 105 3 is_stmt 0 view .LVU23
 111 004c FFF7FEFF 		bl	sys_mutex_lock
 112              	.LVL15:
 106:Middlewares/Third_Party/LwIP/src/api/tcpip.c ****     /* If a SYS_ARCH_TIMEOUT value is returned, a timeout occurred
 113              		.loc 1 106 3 is_stmt 1 view .LVU24
 106:Middlewares/Third_Party/LwIP/src/api/tcpip.c ****     /* If a SYS_ARCH_TIMEOUT value is returned, a timeout occurred
 114              		.loc 1 106 6 is_stmt 0 view .LVU25
 115 0050 B4F1FF3F 		cmp	r4, #-1
 116 0054 E4D1     		bne	.L1
 109:Middlewares/Third_Party/LwIP/src/api/tcpip.c ****     /* We try again to fetch a message from the mbox. */
 117              		.loc 1 109 5 is_stmt 1 view .LVU26
 118 0056 FFF7FEFF 		bl	sys_check_timeouts
 119              	.LVL16:
 111:Middlewares/Third_Party/LwIP/src/api/tcpip.c ****   }
 120              		.loc 1 111 5 view .LVU27
 121              	.L3:
 122 005a E4E7     		b	.L2
 123              	.L11:
 124              		.align	2
 125              	.L10:
 126 005c 00000000 		.word	.LANCHOR0
 127              		.cfi_endproc
 128              	.LFE173:
 130              		.section	.rodata.tcpip_thread_handle_msg.str1.4,"aMS",%progbits,1
 131              		.align	2
 132              	.LC0:
 133 0000 4D696464 		.ascii	"Middlewares/Third_Party/LwIP/src/api/tcpip.c\000"
 133      6C657761 
 133      7265732F 
 133      54686972 
 133      645F5061 
 134 002d 000000   		.align	2
 135              	.LC1:
 136 0030 74637069 		.ascii	"tcpip_thread: invalid message\000"
 136      705F7468 
 136      72656164 
 136      3A20696E 
 136      76616C69 
 137 004e 0000     		.align	2
 138              	.LC2:
 139 0050 41737365 		.ascii	"Assertion \"%s\" failed at line %d in %s\012\000"
 139      7274696F 
 139      6E202225 
 139      73222066 
 139      61696C65 
 140              		.section	.text.tcpip_thread_handle_msg,"ax",%progbits
 141              		.align	1
 142              		.syntax unified
ARM GAS  /tmp/cces0RIy.s 			page 6


 143              		.thumb
 144              		.thumb_func
 145              		.fpu fpv5-d16
 147              	tcpip_thread_handle_msg:
 148              	.LVL17:
 149              	.LFB175:
 114:Middlewares/Third_Party/LwIP/src/api/tcpip.c **** #endif /* !LWIP_TIMERS */
 115:Middlewares/Third_Party/LwIP/src/api/tcpip.c **** 
 116:Middlewares/Third_Party/LwIP/src/api/tcpip.c **** /**
 117:Middlewares/Third_Party/LwIP/src/api/tcpip.c ****  * The main lwIP thread. This thread has exclusive access to lwIP core functions
 118:Middlewares/Third_Party/LwIP/src/api/tcpip.c ****  * (unless access to them is not locked). Other threads communicate with this
 119:Middlewares/Third_Party/LwIP/src/api/tcpip.c ****  * thread using message boxes.
 120:Middlewares/Third_Party/LwIP/src/api/tcpip.c ****  *
 121:Middlewares/Third_Party/LwIP/src/api/tcpip.c ****  * It also starts all the timers to make sure they are running in the right
 122:Middlewares/Third_Party/LwIP/src/api/tcpip.c ****  * thread context.
 123:Middlewares/Third_Party/LwIP/src/api/tcpip.c ****  *
 124:Middlewares/Third_Party/LwIP/src/api/tcpip.c ****  * @param arg unused argument
 125:Middlewares/Third_Party/LwIP/src/api/tcpip.c ****  */
 126:Middlewares/Third_Party/LwIP/src/api/tcpip.c **** static void
 127:Middlewares/Third_Party/LwIP/src/api/tcpip.c **** tcpip_thread(void *arg)
 128:Middlewares/Third_Party/LwIP/src/api/tcpip.c **** {
 129:Middlewares/Third_Party/LwIP/src/api/tcpip.c ****   struct tcpip_msg *msg;
 130:Middlewares/Third_Party/LwIP/src/api/tcpip.c ****   LWIP_UNUSED_ARG(arg);
 131:Middlewares/Third_Party/LwIP/src/api/tcpip.c **** 
 132:Middlewares/Third_Party/LwIP/src/api/tcpip.c ****   LWIP_MARK_TCPIP_THREAD();
 133:Middlewares/Third_Party/LwIP/src/api/tcpip.c **** 
 134:Middlewares/Third_Party/LwIP/src/api/tcpip.c ****   LOCK_TCPIP_CORE();
 135:Middlewares/Third_Party/LwIP/src/api/tcpip.c ****   if (tcpip_init_done != NULL) {
 136:Middlewares/Third_Party/LwIP/src/api/tcpip.c ****     tcpip_init_done(tcpip_init_done_arg);
 137:Middlewares/Third_Party/LwIP/src/api/tcpip.c ****   }
 138:Middlewares/Third_Party/LwIP/src/api/tcpip.c **** 
 139:Middlewares/Third_Party/LwIP/src/api/tcpip.c ****   while (1) {                          /* MAIN Loop */
 140:Middlewares/Third_Party/LwIP/src/api/tcpip.c ****     LWIP_TCPIP_THREAD_ALIVE();
 141:Middlewares/Third_Party/LwIP/src/api/tcpip.c ****     /* wait for a message, timeouts are processed while waiting */
 142:Middlewares/Third_Party/LwIP/src/api/tcpip.c ****     TCPIP_MBOX_FETCH(&tcpip_mbox, (void **)&msg);
 143:Middlewares/Third_Party/LwIP/src/api/tcpip.c ****     if (msg == NULL) {
 144:Middlewares/Third_Party/LwIP/src/api/tcpip.c ****       LWIP_DEBUGF(TCPIP_DEBUG, ("tcpip_thread: invalid message: NULL\n"));
 145:Middlewares/Third_Party/LwIP/src/api/tcpip.c ****       LWIP_ASSERT("tcpip_thread: invalid message", 0);
 146:Middlewares/Third_Party/LwIP/src/api/tcpip.c ****       continue;
 147:Middlewares/Third_Party/LwIP/src/api/tcpip.c ****     }
 148:Middlewares/Third_Party/LwIP/src/api/tcpip.c ****     tcpip_thread_handle_msg(msg);
 149:Middlewares/Third_Party/LwIP/src/api/tcpip.c ****   }
 150:Middlewares/Third_Party/LwIP/src/api/tcpip.c **** }
 151:Middlewares/Third_Party/LwIP/src/api/tcpip.c **** 
 152:Middlewares/Third_Party/LwIP/src/api/tcpip.c **** /* Handle a single tcpip_msg
 153:Middlewares/Third_Party/LwIP/src/api/tcpip.c ****  * This is in its own function for access by tests only.
 154:Middlewares/Third_Party/LwIP/src/api/tcpip.c ****  */
 155:Middlewares/Third_Party/LwIP/src/api/tcpip.c **** static void
 156:Middlewares/Third_Party/LwIP/src/api/tcpip.c **** tcpip_thread_handle_msg(struct tcpip_msg *msg)
 157:Middlewares/Third_Party/LwIP/src/api/tcpip.c **** {
 150              		.loc 1 157 1 view -0
 151              		.cfi_startproc
 152              		@ args = 0, pretend = 0, frame = 0
 153              		@ frame_needed = 0, uses_anonymous_args = 0
 154              		.loc 1 157 1 is_stmt 0 view .LVU29
 155 0000 10B5     		push	{r4, lr}
 156              	.LCFI1:
ARM GAS  /tmp/cces0RIy.s 			page 7


 157              		.cfi_def_cfa_offset 8
 158              		.cfi_offset 4, -8
 159              		.cfi_offset 14, -4
 160 0002 0446     		mov	r4, r0
 158:Middlewares/Third_Party/LwIP/src/api/tcpip.c ****   switch (msg->type) {
 161              		.loc 1 158 3 is_stmt 1 view .LVU30
 162              		.loc 1 158 14 is_stmt 0 view .LVU31
 163 0004 0378     		ldrb	r3, [r0]	@ zero_extendqisi2
 164              		.loc 1 158 3 view .LVU32
 165 0006 012B     		cmp	r3, #1
 166 0008 17D0     		beq	.L13
 167 000a 022B     		cmp	r3, #2
 168 000c 1DD0     		beq	.L14
 169 000e 33B1     		cbz	r3, .L19
 159:Middlewares/Third_Party/LwIP/src/api/tcpip.c **** #if !LWIP_TCPIP_CORE_LOCKING
 160:Middlewares/Third_Party/LwIP/src/api/tcpip.c ****     case TCPIP_MSG_API:
 161:Middlewares/Third_Party/LwIP/src/api/tcpip.c ****       LWIP_DEBUGF(TCPIP_DEBUG, ("tcpip_thread: API message %p\n", (void *)msg));
 162:Middlewares/Third_Party/LwIP/src/api/tcpip.c ****       msg->msg.api_msg.function(msg->msg.api_msg.msg);
 163:Middlewares/Third_Party/LwIP/src/api/tcpip.c ****       break;
 164:Middlewares/Third_Party/LwIP/src/api/tcpip.c ****     case TCPIP_MSG_API_CALL:
 165:Middlewares/Third_Party/LwIP/src/api/tcpip.c ****       LWIP_DEBUGF(TCPIP_DEBUG, ("tcpip_thread: API CALL message %p\n", (void *)msg));
 166:Middlewares/Third_Party/LwIP/src/api/tcpip.c ****       msg->msg.api_call.arg->err = msg->msg.api_call.function(msg->msg.api_call.arg);
 167:Middlewares/Third_Party/LwIP/src/api/tcpip.c ****       sys_sem_signal(msg->msg.api_call.sem);
 168:Middlewares/Third_Party/LwIP/src/api/tcpip.c ****       break;
 169:Middlewares/Third_Party/LwIP/src/api/tcpip.c **** #endif /* !LWIP_TCPIP_CORE_LOCKING */
 170:Middlewares/Third_Party/LwIP/src/api/tcpip.c **** 
 171:Middlewares/Third_Party/LwIP/src/api/tcpip.c **** #if !LWIP_TCPIP_CORE_LOCKING_INPUT
 172:Middlewares/Third_Party/LwIP/src/api/tcpip.c ****     case TCPIP_MSG_INPKT:
 173:Middlewares/Third_Party/LwIP/src/api/tcpip.c ****       LWIP_DEBUGF(TCPIP_DEBUG, ("tcpip_thread: PACKET %p\n", (void *)msg));
 174:Middlewares/Third_Party/LwIP/src/api/tcpip.c ****       if (msg->msg.inp.input_fn(msg->msg.inp.p, msg->msg.inp.netif) != ERR_OK) {
 175:Middlewares/Third_Party/LwIP/src/api/tcpip.c ****         pbuf_free(msg->msg.inp.p);
 176:Middlewares/Third_Party/LwIP/src/api/tcpip.c ****       }
 177:Middlewares/Third_Party/LwIP/src/api/tcpip.c ****       memp_free(MEMP_TCPIP_MSG_INPKT, msg);
 178:Middlewares/Third_Party/LwIP/src/api/tcpip.c ****       break;
 179:Middlewares/Third_Party/LwIP/src/api/tcpip.c **** #endif /* !LWIP_TCPIP_CORE_LOCKING_INPUT */
 180:Middlewares/Third_Party/LwIP/src/api/tcpip.c **** 
 181:Middlewares/Third_Party/LwIP/src/api/tcpip.c **** #if LWIP_TCPIP_TIMEOUT && LWIP_TIMERS
 182:Middlewares/Third_Party/LwIP/src/api/tcpip.c ****     case TCPIP_MSG_TIMEOUT:
 183:Middlewares/Third_Party/LwIP/src/api/tcpip.c ****       LWIP_DEBUGF(TCPIP_DEBUG, ("tcpip_thread: TIMEOUT %p\n", (void *)msg));
 184:Middlewares/Third_Party/LwIP/src/api/tcpip.c ****       sys_timeout(msg->msg.tmo.msecs, msg->msg.tmo.h, msg->msg.tmo.arg);
 185:Middlewares/Third_Party/LwIP/src/api/tcpip.c ****       memp_free(MEMP_TCPIP_MSG_API, msg);
 186:Middlewares/Third_Party/LwIP/src/api/tcpip.c ****       break;
 187:Middlewares/Third_Party/LwIP/src/api/tcpip.c ****     case TCPIP_MSG_UNTIMEOUT:
 188:Middlewares/Third_Party/LwIP/src/api/tcpip.c ****       LWIP_DEBUGF(TCPIP_DEBUG, ("tcpip_thread: UNTIMEOUT %p\n", (void *)msg));
 189:Middlewares/Third_Party/LwIP/src/api/tcpip.c ****       sys_untimeout(msg->msg.tmo.h, msg->msg.tmo.arg);
 190:Middlewares/Third_Party/LwIP/src/api/tcpip.c ****       memp_free(MEMP_TCPIP_MSG_API, msg);
 191:Middlewares/Third_Party/LwIP/src/api/tcpip.c ****       break;
 192:Middlewares/Third_Party/LwIP/src/api/tcpip.c **** #endif /* LWIP_TCPIP_TIMEOUT && LWIP_TIMERS */
 193:Middlewares/Third_Party/LwIP/src/api/tcpip.c **** 
 194:Middlewares/Third_Party/LwIP/src/api/tcpip.c ****     case TCPIP_MSG_CALLBACK:
 195:Middlewares/Third_Party/LwIP/src/api/tcpip.c ****       LWIP_DEBUGF(TCPIP_DEBUG, ("tcpip_thread: CALLBACK %p\n", (void *)msg));
 196:Middlewares/Third_Party/LwIP/src/api/tcpip.c ****       msg->msg.cb.function(msg->msg.cb.ctx);
 197:Middlewares/Third_Party/LwIP/src/api/tcpip.c ****       memp_free(MEMP_TCPIP_MSG_API, msg);
 198:Middlewares/Third_Party/LwIP/src/api/tcpip.c ****       break;
 199:Middlewares/Third_Party/LwIP/src/api/tcpip.c **** 
 200:Middlewares/Third_Party/LwIP/src/api/tcpip.c ****     case TCPIP_MSG_CALLBACK_STATIC:
 201:Middlewares/Third_Party/LwIP/src/api/tcpip.c ****       LWIP_DEBUGF(TCPIP_DEBUG, ("tcpip_thread: CALLBACK_STATIC %p\n", (void *)msg));
ARM GAS  /tmp/cces0RIy.s 			page 8


 202:Middlewares/Third_Party/LwIP/src/api/tcpip.c ****       msg->msg.cb.function(msg->msg.cb.ctx);
 203:Middlewares/Third_Party/LwIP/src/api/tcpip.c ****       break;
 204:Middlewares/Third_Party/LwIP/src/api/tcpip.c **** 
 205:Middlewares/Third_Party/LwIP/src/api/tcpip.c ****     default:
 206:Middlewares/Third_Party/LwIP/src/api/tcpip.c ****       LWIP_DEBUGF(TCPIP_DEBUG, ("tcpip_thread: invalid message: %d\n", msg->type));
 170              		.loc 1 206 83 is_stmt 1 discriminator 1 view .LVU33
 207:Middlewares/Third_Party/LwIP/src/api/tcpip.c ****       LWIP_ASSERT("tcpip_thread: invalid message", 0);
 171              		.loc 1 207 7 discriminator 1 view .LVU34
 172              		.loc 1 207 7 discriminator 1 view .LVU35
 173              		.loc 1 207 7 discriminator 1 view .LVU36
 174              		.loc 1 207 7 discriminator 1 view .LVU37
 175 0010 104B     		ldr	r3, .L21
 176 0012 CF22     		movs	r2, #207
 177 0014 1049     		ldr	r1, .L21+4
 178 0016 1148     		ldr	r0, .L21+8
 179              	.LVL18:
 180              		.loc 1 207 7 is_stmt 0 discriminator 1 view .LVU38
 181 0018 FFF7FEFF 		bl	printf
 182              	.LVL19:
 183              		.loc 1 207 7 is_stmt 1 discriminator 1 view .LVU39
 184              		.loc 1 207 7 discriminator 1 view .LVU40
 208:Middlewares/Third_Party/LwIP/src/api/tcpip.c ****       break;
 185              		.loc 1 208 7 discriminator 1 view .LVU41
 209:Middlewares/Third_Party/LwIP/src/api/tcpip.c ****   }
 210:Middlewares/Third_Party/LwIP/src/api/tcpip.c **** }
 186              		.loc 1 210 1 is_stmt 0 discriminator 1 view .LVU42
 187 001c 08E0     		b	.L12
 188              	.LVL20:
 189              	.L19:
 173:Middlewares/Third_Party/LwIP/src/api/tcpip.c ****       if (msg->msg.inp.input_fn(msg->msg.inp.p, msg->msg.inp.netif) != ERR_OK) {
 190              		.loc 1 173 75 is_stmt 1 view .LVU43
 174:Middlewares/Third_Party/LwIP/src/api/tcpip.c ****         pbuf_free(msg->msg.inp.p);
 191              		.loc 1 174 7 view .LVU44
 174:Middlewares/Third_Party/LwIP/src/api/tcpip.c ****         pbuf_free(msg->msg.inp.p);
 192              		.loc 1 174 23 is_stmt 0 view .LVU45
 193 001e C368     		ldr	r3, [r0, #12]
 174:Middlewares/Third_Party/LwIP/src/api/tcpip.c ****         pbuf_free(msg->msg.inp.p);
 194              		.loc 1 174 11 view .LVU46
 195 0020 8168     		ldr	r1, [r0, #8]
 196 0022 4068     		ldr	r0, [r0, #4]
 197              	.LVL21:
 174:Middlewares/Third_Party/LwIP/src/api/tcpip.c ****         pbuf_free(msg->msg.inp.p);
 198              		.loc 1 174 11 view .LVU47
 199 0024 9847     		blx	r3
 200              	.LVL22:
 174:Middlewares/Third_Party/LwIP/src/api/tcpip.c ****         pbuf_free(msg->msg.inp.p);
 201              		.loc 1 174 10 view .LVU48
 202 0026 20B9     		cbnz	r0, .L20
 203              	.L16:
 177:Middlewares/Third_Party/LwIP/src/api/tcpip.c ****       break;
 204              		.loc 1 177 7 is_stmt 1 view .LVU49
 205 0028 2146     		mov	r1, r4
 206 002a 0920     		movs	r0, #9
 207 002c FFF7FEFF 		bl	memp_free
 208              	.LVL23:
 178:Middlewares/Third_Party/LwIP/src/api/tcpip.c **** #endif /* !LWIP_TCPIP_CORE_LOCKING_INPUT */
 209              		.loc 1 178 7 view .LVU50
ARM GAS  /tmp/cces0RIy.s 			page 9


 210              	.L12:
 211              		.loc 1 210 1 is_stmt 0 view .LVU51
 212 0030 10BD     		pop	{r4, pc}
 213              	.LVL24:
 214              	.L20:
 175:Middlewares/Third_Party/LwIP/src/api/tcpip.c ****       }
 215              		.loc 1 175 9 is_stmt 1 view .LVU52
 216 0032 6068     		ldr	r0, [r4, #4]
 217 0034 FFF7FEFF 		bl	pbuf_free
 218              	.LVL25:
 219 0038 F6E7     		b	.L16
 220              	.LVL26:
 221              	.L13:
 195:Middlewares/Third_Party/LwIP/src/api/tcpip.c ****       msg->msg.cb.function(msg->msg.cb.ctx);
 222              		.loc 1 195 77 view .LVU53
 196:Middlewares/Third_Party/LwIP/src/api/tcpip.c ****       memp_free(MEMP_TCPIP_MSG_API, msg);
 223              		.loc 1 196 7 view .LVU54
 196:Middlewares/Third_Party/LwIP/src/api/tcpip.c ****       memp_free(MEMP_TCPIP_MSG_API, msg);
 224              		.loc 1 196 18 is_stmt 0 view .LVU55
 225 003a 4368     		ldr	r3, [r0, #4]
 196:Middlewares/Third_Party/LwIP/src/api/tcpip.c ****       memp_free(MEMP_TCPIP_MSG_API, msg);
 226              		.loc 1 196 7 view .LVU56
 227 003c 8068     		ldr	r0, [r0, #8]
 228              	.LVL27:
 196:Middlewares/Third_Party/LwIP/src/api/tcpip.c ****       memp_free(MEMP_TCPIP_MSG_API, msg);
 229              		.loc 1 196 7 view .LVU57
 230 003e 9847     		blx	r3
 231              	.LVL28:
 197:Middlewares/Third_Party/LwIP/src/api/tcpip.c ****       break;
 232              		.loc 1 197 7 is_stmt 1 view .LVU58
 233 0040 2146     		mov	r1, r4
 234 0042 0820     		movs	r0, #8
 235 0044 FFF7FEFF 		bl	memp_free
 236              	.LVL29:
 198:Middlewares/Third_Party/LwIP/src/api/tcpip.c **** 
 237              		.loc 1 198 7 view .LVU59
 238 0048 F2E7     		b	.L12
 239              	.LVL30:
 240              	.L14:
 201:Middlewares/Third_Party/LwIP/src/api/tcpip.c ****       msg->msg.cb.function(msg->msg.cb.ctx);
 241              		.loc 1 201 84 view .LVU60
 202:Middlewares/Third_Party/LwIP/src/api/tcpip.c ****       break;
 242              		.loc 1 202 7 view .LVU61
 202:Middlewares/Third_Party/LwIP/src/api/tcpip.c ****       break;
 243              		.loc 1 202 18 is_stmt 0 view .LVU62
 244 004a 4368     		ldr	r3, [r0, #4]
 202:Middlewares/Third_Party/LwIP/src/api/tcpip.c ****       break;
 245              		.loc 1 202 7 view .LVU63
 246 004c 8068     		ldr	r0, [r0, #8]
 247              	.LVL31:
 202:Middlewares/Third_Party/LwIP/src/api/tcpip.c ****       break;
 248              		.loc 1 202 7 view .LVU64
 249 004e 9847     		blx	r3
 250              	.LVL32:
 203:Middlewares/Third_Party/LwIP/src/api/tcpip.c **** 
 251              		.loc 1 203 7 is_stmt 1 view .LVU65
 252 0050 EEE7     		b	.L12
ARM GAS  /tmp/cces0RIy.s 			page 10


 253              	.L22:
 254 0052 00BF     		.align	2
 255              	.L21:
 256 0054 00000000 		.word	.LC0
 257 0058 30000000 		.word	.LC1
 258 005c 50000000 		.word	.LC2
 259              		.cfi_endproc
 260              	.LFE175:
 262              		.section	.text.tcpip_thread,"ax",%progbits
 263              		.align	1
 264              		.syntax unified
 265              		.thumb
 266              		.thumb_func
 267              		.fpu fpv5-d16
 269              	tcpip_thread:
 270              	.LVL33:
 271              	.LFB174:
 128:Middlewares/Third_Party/LwIP/src/api/tcpip.c ****   struct tcpip_msg *msg;
 272              		.loc 1 128 1 view -0
 273              		.cfi_startproc
 274              		@ Volatile: function does not return.
 275              		@ args = 0, pretend = 0, frame = 8
 276              		@ frame_needed = 0, uses_anonymous_args = 0
 128:Middlewares/Third_Party/LwIP/src/api/tcpip.c ****   struct tcpip_msg *msg;
 277              		.loc 1 128 1 is_stmt 0 view .LVU67
 278 0000 00B5     		push	{lr}
 279              	.LCFI2:
 280              		.cfi_def_cfa_offset 4
 281              		.cfi_offset 14, -4
 282 0002 83B0     		sub	sp, sp, #12
 283              	.LCFI3:
 284              		.cfi_def_cfa_offset 16
 129:Middlewares/Third_Party/LwIP/src/api/tcpip.c ****   LWIP_UNUSED_ARG(arg);
 285              		.loc 1 129 3 is_stmt 1 view .LVU68
 130:Middlewares/Third_Party/LwIP/src/api/tcpip.c **** 
 286              		.loc 1 130 3 view .LVU69
 132:Middlewares/Third_Party/LwIP/src/api/tcpip.c **** 
 287              		.loc 1 132 27 view .LVU70
 134:Middlewares/Third_Party/LwIP/src/api/tcpip.c ****   if (tcpip_init_done != NULL) {
 288              		.loc 1 134 3 view .LVU71
 289 0004 0C48     		ldr	r0, .L29
 290              	.LVL34:
 134:Middlewares/Third_Party/LwIP/src/api/tcpip.c ****   if (tcpip_init_done != NULL) {
 291              		.loc 1 134 3 is_stmt 0 view .LVU72
 292 0006 FFF7FEFF 		bl	sys_mutex_lock
 293              	.LVL35:
 135:Middlewares/Third_Party/LwIP/src/api/tcpip.c ****     tcpip_init_done(tcpip_init_done_arg);
 294              		.loc 1 135 3 is_stmt 1 view .LVU73
 135:Middlewares/Third_Party/LwIP/src/api/tcpip.c ****     tcpip_init_done(tcpip_init_done_arg);
 295              		.loc 1 135 23 is_stmt 0 view .LVU74
 296 000a 0C4B     		ldr	r3, .L29+4
 297 000c 1B68     		ldr	r3, [r3]
 135:Middlewares/Third_Party/LwIP/src/api/tcpip.c ****     tcpip_init_done(tcpip_init_done_arg);
 298              		.loc 1 135 6 view .LVU75
 299 000e 2BB1     		cbz	r3, .L25
 136:Middlewares/Third_Party/LwIP/src/api/tcpip.c ****   }
 300              		.loc 1 136 5 is_stmt 1 view .LVU76
ARM GAS  /tmp/cces0RIy.s 			page 11


 301 0010 0B4A     		ldr	r2, .L29+8
 302 0012 1068     		ldr	r0, [r2]
 303 0014 9847     		blx	r3
 304              	.LVL36:
 305 0016 01E0     		b	.L25
 306              	.L26:
 148:Middlewares/Third_Party/LwIP/src/api/tcpip.c ****   }
 307              		.loc 1 148 5 view .LVU77
 308 0018 FFF7FEFF 		bl	tcpip_thread_handle_msg
 309              	.LVL37:
 310              	.L25:
 139:Middlewares/Third_Party/LwIP/src/api/tcpip.c ****     LWIP_TCPIP_THREAD_ALIVE();
 311              		.loc 1 139 3 view .LVU78
 140:Middlewares/Third_Party/LwIP/src/api/tcpip.c ****     /* wait for a message, timeouts are processed while waiting */
 312              		.loc 1 140 30 view .LVU79
 142:Middlewares/Third_Party/LwIP/src/api/tcpip.c ****     if (msg == NULL) {
 313              		.loc 1 142 5 view .LVU80
 314 001c 01A9     		add	r1, sp, #4
 315 001e 0948     		ldr	r0, .L29+12
 316 0020 FFF7FEFF 		bl	tcpip_timeouts_mbox_fetch
 317              	.LVL38:
 143:Middlewares/Third_Party/LwIP/src/api/tcpip.c ****       LWIP_DEBUGF(TCPIP_DEBUG, ("tcpip_thread: invalid message: NULL\n"));
 318              		.loc 1 143 5 view .LVU81
 143:Middlewares/Third_Party/LwIP/src/api/tcpip.c ****       LWIP_DEBUGF(TCPIP_DEBUG, ("tcpip_thread: invalid message: NULL\n"));
 319              		.loc 1 143 13 is_stmt 0 view .LVU82
 320 0024 0198     		ldr	r0, [sp, #4]
 143:Middlewares/Third_Party/LwIP/src/api/tcpip.c ****       LWIP_DEBUGF(TCPIP_DEBUG, ("tcpip_thread: invalid message: NULL\n"));
 321              		.loc 1 143 8 view .LVU83
 322 0026 0028     		cmp	r0, #0
 323 0028 F6D1     		bne	.L26
 144:Middlewares/Third_Party/LwIP/src/api/tcpip.c ****       LWIP_ASSERT("tcpip_thread: invalid message", 0);
 324              		.loc 1 144 74 is_stmt 1 discriminator 1 view .LVU84
 145:Middlewares/Third_Party/LwIP/src/api/tcpip.c ****       continue;
 325              		.loc 1 145 7 discriminator 1 view .LVU85
 145:Middlewares/Third_Party/LwIP/src/api/tcpip.c ****       continue;
 326              		.loc 1 145 7 discriminator 1 view .LVU86
 145:Middlewares/Third_Party/LwIP/src/api/tcpip.c ****       continue;
 327              		.loc 1 145 7 discriminator 1 view .LVU87
 145:Middlewares/Third_Party/LwIP/src/api/tcpip.c ****       continue;
 328              		.loc 1 145 7 discriminator 1 view .LVU88
 329 002a 074B     		ldr	r3, .L29+16
 330 002c 9122     		movs	r2, #145
 331 002e 0749     		ldr	r1, .L29+20
 332 0030 0748     		ldr	r0, .L29+24
 333 0032 FFF7FEFF 		bl	printf
 334              	.LVL39:
 145:Middlewares/Third_Party/LwIP/src/api/tcpip.c ****       continue;
 335              		.loc 1 145 7 discriminator 1 view .LVU89
 145:Middlewares/Third_Party/LwIP/src/api/tcpip.c ****       continue;
 336              		.loc 1 145 7 discriminator 1 view .LVU90
 146:Middlewares/Third_Party/LwIP/src/api/tcpip.c ****     }
 337              		.loc 1 146 7 discriminator 1 view .LVU91
 338 0036 F1E7     		b	.L25
 339              	.L30:
 340              		.align	2
 341              	.L29:
 342 0038 00000000 		.word	.LANCHOR0
ARM GAS  /tmp/cces0RIy.s 			page 12


 343 003c 00000000 		.word	.LANCHOR1
 344 0040 00000000 		.word	.LANCHOR2
 345 0044 00000000 		.word	.LANCHOR3
 346 0048 00000000 		.word	.LC0
 347 004c 30000000 		.word	.LC1
 348 0050 50000000 		.word	.LC2
 349              		.cfi_endproc
 350              	.LFE174:
 352              		.section	.text.pbuf_free_int,"ax",%progbits
 353              		.align	1
 354              		.syntax unified
 355              		.thumb
 356              		.thumb_func
 357              		.fpu fpv5-d16
 359              	pbuf_free_int:
 360              	.LVL40:
 361              	.LFB187:
 211:Middlewares/Third_Party/LwIP/src/api/tcpip.c **** 
 212:Middlewares/Third_Party/LwIP/src/api/tcpip.c **** #ifdef TCPIP_THREAD_TEST
 213:Middlewares/Third_Party/LwIP/src/api/tcpip.c **** /** Work on queued items in single-threaded test mode */
 214:Middlewares/Third_Party/LwIP/src/api/tcpip.c **** int
 215:Middlewares/Third_Party/LwIP/src/api/tcpip.c **** tcpip_thread_poll_one(void)
 216:Middlewares/Third_Party/LwIP/src/api/tcpip.c **** {
 217:Middlewares/Third_Party/LwIP/src/api/tcpip.c ****   int ret = 0;
 218:Middlewares/Third_Party/LwIP/src/api/tcpip.c ****   struct tcpip_msg *msg;
 219:Middlewares/Third_Party/LwIP/src/api/tcpip.c **** 
 220:Middlewares/Third_Party/LwIP/src/api/tcpip.c ****   if (sys_arch_mbox_tryfetch(&tcpip_mbox, (void **)&msg) != SYS_ARCH_TIMEOUT) {
 221:Middlewares/Third_Party/LwIP/src/api/tcpip.c ****     LOCK_TCPIP_CORE();
 222:Middlewares/Third_Party/LwIP/src/api/tcpip.c ****     if (msg != NULL) {
 223:Middlewares/Third_Party/LwIP/src/api/tcpip.c ****       tcpip_thread_handle_msg(msg);
 224:Middlewares/Third_Party/LwIP/src/api/tcpip.c ****       ret = 1;
 225:Middlewares/Third_Party/LwIP/src/api/tcpip.c ****     }
 226:Middlewares/Third_Party/LwIP/src/api/tcpip.c ****     UNLOCK_TCPIP_CORE();
 227:Middlewares/Third_Party/LwIP/src/api/tcpip.c ****   }
 228:Middlewares/Third_Party/LwIP/src/api/tcpip.c ****   return ret;
 229:Middlewares/Third_Party/LwIP/src/api/tcpip.c **** }
 230:Middlewares/Third_Party/LwIP/src/api/tcpip.c **** #endif
 231:Middlewares/Third_Party/LwIP/src/api/tcpip.c **** 
 232:Middlewares/Third_Party/LwIP/src/api/tcpip.c **** /**
 233:Middlewares/Third_Party/LwIP/src/api/tcpip.c ****  * Pass a received packet to tcpip_thread for input processing
 234:Middlewares/Third_Party/LwIP/src/api/tcpip.c ****  *
 235:Middlewares/Third_Party/LwIP/src/api/tcpip.c ****  * @param p the received packet
 236:Middlewares/Third_Party/LwIP/src/api/tcpip.c ****  * @param inp the network interface on which the packet was received
 237:Middlewares/Third_Party/LwIP/src/api/tcpip.c ****  * @param input_fn input function to call
 238:Middlewares/Third_Party/LwIP/src/api/tcpip.c ****  */
 239:Middlewares/Third_Party/LwIP/src/api/tcpip.c **** err_t
 240:Middlewares/Third_Party/LwIP/src/api/tcpip.c **** tcpip_inpkt(struct pbuf *p, struct netif *inp, netif_input_fn input_fn)
 241:Middlewares/Third_Party/LwIP/src/api/tcpip.c **** {
 242:Middlewares/Third_Party/LwIP/src/api/tcpip.c **** #if LWIP_TCPIP_CORE_LOCKING_INPUT
 243:Middlewares/Third_Party/LwIP/src/api/tcpip.c ****   err_t ret;
 244:Middlewares/Third_Party/LwIP/src/api/tcpip.c ****   LWIP_DEBUGF(TCPIP_DEBUG, ("tcpip_inpkt: PACKET %p/%p\n", (void *)p, (void *)inp));
 245:Middlewares/Third_Party/LwIP/src/api/tcpip.c ****   LOCK_TCPIP_CORE();
 246:Middlewares/Third_Party/LwIP/src/api/tcpip.c ****   ret = input_fn(p, inp);
 247:Middlewares/Third_Party/LwIP/src/api/tcpip.c ****   UNLOCK_TCPIP_CORE();
 248:Middlewares/Third_Party/LwIP/src/api/tcpip.c ****   return ret;
 249:Middlewares/Third_Party/LwIP/src/api/tcpip.c **** #else /* LWIP_TCPIP_CORE_LOCKING_INPUT */
 250:Middlewares/Third_Party/LwIP/src/api/tcpip.c ****   struct tcpip_msg *msg;
ARM GAS  /tmp/cces0RIy.s 			page 13


 251:Middlewares/Third_Party/LwIP/src/api/tcpip.c **** 
 252:Middlewares/Third_Party/LwIP/src/api/tcpip.c ****   LWIP_ASSERT("Invalid mbox", sys_mbox_valid_val(tcpip_mbox));
 253:Middlewares/Third_Party/LwIP/src/api/tcpip.c **** 
 254:Middlewares/Third_Party/LwIP/src/api/tcpip.c ****   msg = (struct tcpip_msg *)memp_malloc(MEMP_TCPIP_MSG_INPKT);
 255:Middlewares/Third_Party/LwIP/src/api/tcpip.c ****   if (msg == NULL) {
 256:Middlewares/Third_Party/LwIP/src/api/tcpip.c ****     return ERR_MEM;
 257:Middlewares/Third_Party/LwIP/src/api/tcpip.c ****   }
 258:Middlewares/Third_Party/LwIP/src/api/tcpip.c **** 
 259:Middlewares/Third_Party/LwIP/src/api/tcpip.c ****   msg->type = TCPIP_MSG_INPKT;
 260:Middlewares/Third_Party/LwIP/src/api/tcpip.c ****   msg->msg.inp.p = p;
 261:Middlewares/Third_Party/LwIP/src/api/tcpip.c ****   msg->msg.inp.netif = inp;
 262:Middlewares/Third_Party/LwIP/src/api/tcpip.c ****   msg->msg.inp.input_fn = input_fn;
 263:Middlewares/Third_Party/LwIP/src/api/tcpip.c ****   if (sys_mbox_trypost(&tcpip_mbox, msg) != ERR_OK) {
 264:Middlewares/Third_Party/LwIP/src/api/tcpip.c ****     memp_free(MEMP_TCPIP_MSG_INPKT, msg);
 265:Middlewares/Third_Party/LwIP/src/api/tcpip.c ****     return ERR_MEM;
 266:Middlewares/Third_Party/LwIP/src/api/tcpip.c ****   }
 267:Middlewares/Third_Party/LwIP/src/api/tcpip.c ****   return ERR_OK;
 268:Middlewares/Third_Party/LwIP/src/api/tcpip.c **** #endif /* LWIP_TCPIP_CORE_LOCKING_INPUT */
 269:Middlewares/Third_Party/LwIP/src/api/tcpip.c **** }
 270:Middlewares/Third_Party/LwIP/src/api/tcpip.c **** 
 271:Middlewares/Third_Party/LwIP/src/api/tcpip.c **** /**
 272:Middlewares/Third_Party/LwIP/src/api/tcpip.c ****  * @ingroup lwip_os
 273:Middlewares/Third_Party/LwIP/src/api/tcpip.c ****  * Pass a received packet to tcpip_thread for input processing with
 274:Middlewares/Third_Party/LwIP/src/api/tcpip.c ****  * ethernet_input or ip_input. Don't call directly, pass to netif_add()
 275:Middlewares/Third_Party/LwIP/src/api/tcpip.c ****  * and call netif->input().
 276:Middlewares/Third_Party/LwIP/src/api/tcpip.c ****  *
 277:Middlewares/Third_Party/LwIP/src/api/tcpip.c ****  * @param p the received packet, p->payload pointing to the Ethernet header or
 278:Middlewares/Third_Party/LwIP/src/api/tcpip.c ****  *          to an IP header (if inp doesn't have NETIF_FLAG_ETHARP or
 279:Middlewares/Third_Party/LwIP/src/api/tcpip.c ****  *          NETIF_FLAG_ETHERNET flags)
 280:Middlewares/Third_Party/LwIP/src/api/tcpip.c ****  * @param inp the network interface on which the packet was received
 281:Middlewares/Third_Party/LwIP/src/api/tcpip.c ****  */
 282:Middlewares/Third_Party/LwIP/src/api/tcpip.c **** err_t
 283:Middlewares/Third_Party/LwIP/src/api/tcpip.c **** tcpip_input(struct pbuf *p, struct netif *inp)
 284:Middlewares/Third_Party/LwIP/src/api/tcpip.c **** {
 285:Middlewares/Third_Party/LwIP/src/api/tcpip.c **** #if LWIP_ETHERNET
 286:Middlewares/Third_Party/LwIP/src/api/tcpip.c ****   if (inp->flags & (NETIF_FLAG_ETHARP | NETIF_FLAG_ETHERNET)) {
 287:Middlewares/Third_Party/LwIP/src/api/tcpip.c ****     return tcpip_inpkt(p, inp, ethernet_input);
 288:Middlewares/Third_Party/LwIP/src/api/tcpip.c ****   } else
 289:Middlewares/Third_Party/LwIP/src/api/tcpip.c **** #endif /* LWIP_ETHERNET */
 290:Middlewares/Third_Party/LwIP/src/api/tcpip.c ****     return tcpip_inpkt(p, inp, ip_input);
 291:Middlewares/Third_Party/LwIP/src/api/tcpip.c **** }
 292:Middlewares/Third_Party/LwIP/src/api/tcpip.c **** 
 293:Middlewares/Third_Party/LwIP/src/api/tcpip.c **** /**
 294:Middlewares/Third_Party/LwIP/src/api/tcpip.c ****  * @ingroup lwip_os
 295:Middlewares/Third_Party/LwIP/src/api/tcpip.c ****  * Call a specific function in the thread context of
 296:Middlewares/Third_Party/LwIP/src/api/tcpip.c ****  * tcpip_thread for easy access synchronization.
 297:Middlewares/Third_Party/LwIP/src/api/tcpip.c ****  * A function called in that way may access lwIP core code
 298:Middlewares/Third_Party/LwIP/src/api/tcpip.c ****  * without fearing concurrent access.
 299:Middlewares/Third_Party/LwIP/src/api/tcpip.c ****  * Blocks until the request is posted.
 300:Middlewares/Third_Party/LwIP/src/api/tcpip.c ****  * Must not be called from interrupt context!
 301:Middlewares/Third_Party/LwIP/src/api/tcpip.c ****  *
 302:Middlewares/Third_Party/LwIP/src/api/tcpip.c ****  * @param function the function to call
 303:Middlewares/Third_Party/LwIP/src/api/tcpip.c ****  * @param ctx parameter passed to f
 304:Middlewares/Third_Party/LwIP/src/api/tcpip.c ****  * @return ERR_OK if the function was called, another err_t if not
 305:Middlewares/Third_Party/LwIP/src/api/tcpip.c ****  *
 306:Middlewares/Third_Party/LwIP/src/api/tcpip.c ****  * @see tcpip_try_callback
 307:Middlewares/Third_Party/LwIP/src/api/tcpip.c ****  */
ARM GAS  /tmp/cces0RIy.s 			page 14


 308:Middlewares/Third_Party/LwIP/src/api/tcpip.c **** err_t
 309:Middlewares/Third_Party/LwIP/src/api/tcpip.c **** tcpip_callback(tcpip_callback_fn function, void *ctx)
 310:Middlewares/Third_Party/LwIP/src/api/tcpip.c **** {
 311:Middlewares/Third_Party/LwIP/src/api/tcpip.c ****   struct tcpip_msg *msg;
 312:Middlewares/Third_Party/LwIP/src/api/tcpip.c **** 
 313:Middlewares/Third_Party/LwIP/src/api/tcpip.c ****   LWIP_ASSERT("Invalid mbox", sys_mbox_valid_val(tcpip_mbox));
 314:Middlewares/Third_Party/LwIP/src/api/tcpip.c **** 
 315:Middlewares/Third_Party/LwIP/src/api/tcpip.c ****   msg = (struct tcpip_msg *)memp_malloc(MEMP_TCPIP_MSG_API);
 316:Middlewares/Third_Party/LwIP/src/api/tcpip.c ****   if (msg == NULL) {
 317:Middlewares/Third_Party/LwIP/src/api/tcpip.c ****     return ERR_MEM;
 318:Middlewares/Third_Party/LwIP/src/api/tcpip.c ****   }
 319:Middlewares/Third_Party/LwIP/src/api/tcpip.c **** 
 320:Middlewares/Third_Party/LwIP/src/api/tcpip.c ****   msg->type = TCPIP_MSG_CALLBACK;
 321:Middlewares/Third_Party/LwIP/src/api/tcpip.c ****   msg->msg.cb.function = function;
 322:Middlewares/Third_Party/LwIP/src/api/tcpip.c ****   msg->msg.cb.ctx = ctx;
 323:Middlewares/Third_Party/LwIP/src/api/tcpip.c **** 
 324:Middlewares/Third_Party/LwIP/src/api/tcpip.c ****   sys_mbox_post(&tcpip_mbox, msg);
 325:Middlewares/Third_Party/LwIP/src/api/tcpip.c ****   return ERR_OK;
 326:Middlewares/Third_Party/LwIP/src/api/tcpip.c **** }
 327:Middlewares/Third_Party/LwIP/src/api/tcpip.c **** 
 328:Middlewares/Third_Party/LwIP/src/api/tcpip.c **** /**
 329:Middlewares/Third_Party/LwIP/src/api/tcpip.c ****  * @ingroup lwip_os
 330:Middlewares/Third_Party/LwIP/src/api/tcpip.c ****  * Call a specific function in the thread context of
 331:Middlewares/Third_Party/LwIP/src/api/tcpip.c ****  * tcpip_thread for easy access synchronization.
 332:Middlewares/Third_Party/LwIP/src/api/tcpip.c ****  * A function called in that way may access lwIP core code
 333:Middlewares/Third_Party/LwIP/src/api/tcpip.c ****  * without fearing concurrent access.
 334:Middlewares/Third_Party/LwIP/src/api/tcpip.c ****  * Does NOT block when the request cannot be posted because the
 335:Middlewares/Third_Party/LwIP/src/api/tcpip.c ****  * tcpip_mbox is full, but returns ERR_MEM instead.
 336:Middlewares/Third_Party/LwIP/src/api/tcpip.c ****  * Can be called from interrupt context.
 337:Middlewares/Third_Party/LwIP/src/api/tcpip.c ****  *
 338:Middlewares/Third_Party/LwIP/src/api/tcpip.c ****  * @param function the function to call
 339:Middlewares/Third_Party/LwIP/src/api/tcpip.c ****  * @param ctx parameter passed to f
 340:Middlewares/Third_Party/LwIP/src/api/tcpip.c ****  * @return ERR_OK if the function was called, another err_t if not
 341:Middlewares/Third_Party/LwIP/src/api/tcpip.c ****  *
 342:Middlewares/Third_Party/LwIP/src/api/tcpip.c ****  * @see tcpip_callback
 343:Middlewares/Third_Party/LwIP/src/api/tcpip.c ****  */
 344:Middlewares/Third_Party/LwIP/src/api/tcpip.c **** err_t
 345:Middlewares/Third_Party/LwIP/src/api/tcpip.c **** tcpip_try_callback(tcpip_callback_fn function, void *ctx)
 346:Middlewares/Third_Party/LwIP/src/api/tcpip.c **** {
 347:Middlewares/Third_Party/LwIP/src/api/tcpip.c ****   struct tcpip_msg *msg;
 348:Middlewares/Third_Party/LwIP/src/api/tcpip.c **** 
 349:Middlewares/Third_Party/LwIP/src/api/tcpip.c ****   LWIP_ASSERT("Invalid mbox", sys_mbox_valid_val(tcpip_mbox));
 350:Middlewares/Third_Party/LwIP/src/api/tcpip.c **** 
 351:Middlewares/Third_Party/LwIP/src/api/tcpip.c ****   msg = (struct tcpip_msg *)memp_malloc(MEMP_TCPIP_MSG_API);
 352:Middlewares/Third_Party/LwIP/src/api/tcpip.c ****   if (msg == NULL) {
 353:Middlewares/Third_Party/LwIP/src/api/tcpip.c ****     return ERR_MEM;
 354:Middlewares/Third_Party/LwIP/src/api/tcpip.c ****   }
 355:Middlewares/Third_Party/LwIP/src/api/tcpip.c **** 
 356:Middlewares/Third_Party/LwIP/src/api/tcpip.c ****   msg->type = TCPIP_MSG_CALLBACK;
 357:Middlewares/Third_Party/LwIP/src/api/tcpip.c ****   msg->msg.cb.function = function;
 358:Middlewares/Third_Party/LwIP/src/api/tcpip.c ****   msg->msg.cb.ctx = ctx;
 359:Middlewares/Third_Party/LwIP/src/api/tcpip.c **** 
 360:Middlewares/Third_Party/LwIP/src/api/tcpip.c ****   if (sys_mbox_trypost(&tcpip_mbox, msg) != ERR_OK) {
 361:Middlewares/Third_Party/LwIP/src/api/tcpip.c ****     memp_free(MEMP_TCPIP_MSG_API, msg);
 362:Middlewares/Third_Party/LwIP/src/api/tcpip.c ****     return ERR_MEM;
 363:Middlewares/Third_Party/LwIP/src/api/tcpip.c ****   }
 364:Middlewares/Third_Party/LwIP/src/api/tcpip.c ****   return ERR_OK;
ARM GAS  /tmp/cces0RIy.s 			page 15


 365:Middlewares/Third_Party/LwIP/src/api/tcpip.c **** }
 366:Middlewares/Third_Party/LwIP/src/api/tcpip.c **** 
 367:Middlewares/Third_Party/LwIP/src/api/tcpip.c **** #if LWIP_TCPIP_TIMEOUT && LWIP_TIMERS
 368:Middlewares/Third_Party/LwIP/src/api/tcpip.c **** /**
 369:Middlewares/Third_Party/LwIP/src/api/tcpip.c ****  * call sys_timeout in tcpip_thread
 370:Middlewares/Third_Party/LwIP/src/api/tcpip.c ****  *
 371:Middlewares/Third_Party/LwIP/src/api/tcpip.c ****  * @param msecs time in milliseconds for timeout
 372:Middlewares/Third_Party/LwIP/src/api/tcpip.c ****  * @param h function to be called on timeout
 373:Middlewares/Third_Party/LwIP/src/api/tcpip.c ****  * @param arg argument to pass to timeout function h
 374:Middlewares/Third_Party/LwIP/src/api/tcpip.c ****  * @return ERR_MEM on memory error, ERR_OK otherwise
 375:Middlewares/Third_Party/LwIP/src/api/tcpip.c ****  */
 376:Middlewares/Third_Party/LwIP/src/api/tcpip.c **** err_t
 377:Middlewares/Third_Party/LwIP/src/api/tcpip.c **** tcpip_timeout(u32_t msecs, sys_timeout_handler h, void *arg)
 378:Middlewares/Third_Party/LwIP/src/api/tcpip.c **** {
 379:Middlewares/Third_Party/LwIP/src/api/tcpip.c ****   struct tcpip_msg *msg;
 380:Middlewares/Third_Party/LwIP/src/api/tcpip.c **** 
 381:Middlewares/Third_Party/LwIP/src/api/tcpip.c ****   LWIP_ASSERT("Invalid mbox", sys_mbox_valid_val(tcpip_mbox));
 382:Middlewares/Third_Party/LwIP/src/api/tcpip.c **** 
 383:Middlewares/Third_Party/LwIP/src/api/tcpip.c ****   msg = (struct tcpip_msg *)memp_malloc(MEMP_TCPIP_MSG_API);
 384:Middlewares/Third_Party/LwIP/src/api/tcpip.c ****   if (msg == NULL) {
 385:Middlewares/Third_Party/LwIP/src/api/tcpip.c ****     return ERR_MEM;
 386:Middlewares/Third_Party/LwIP/src/api/tcpip.c ****   }
 387:Middlewares/Third_Party/LwIP/src/api/tcpip.c **** 
 388:Middlewares/Third_Party/LwIP/src/api/tcpip.c ****   msg->type = TCPIP_MSG_TIMEOUT;
 389:Middlewares/Third_Party/LwIP/src/api/tcpip.c ****   msg->msg.tmo.msecs = msecs;
 390:Middlewares/Third_Party/LwIP/src/api/tcpip.c ****   msg->msg.tmo.h = h;
 391:Middlewares/Third_Party/LwIP/src/api/tcpip.c ****   msg->msg.tmo.arg = arg;
 392:Middlewares/Third_Party/LwIP/src/api/tcpip.c ****   sys_mbox_post(&tcpip_mbox, msg);
 393:Middlewares/Third_Party/LwIP/src/api/tcpip.c ****   return ERR_OK;
 394:Middlewares/Third_Party/LwIP/src/api/tcpip.c **** }
 395:Middlewares/Third_Party/LwIP/src/api/tcpip.c **** 
 396:Middlewares/Third_Party/LwIP/src/api/tcpip.c **** /**
 397:Middlewares/Third_Party/LwIP/src/api/tcpip.c ****  * call sys_untimeout in tcpip_thread
 398:Middlewares/Third_Party/LwIP/src/api/tcpip.c ****  *
 399:Middlewares/Third_Party/LwIP/src/api/tcpip.c ****  * @param h function to be called on timeout
 400:Middlewares/Third_Party/LwIP/src/api/tcpip.c ****  * @param arg argument to pass to timeout function h
 401:Middlewares/Third_Party/LwIP/src/api/tcpip.c ****  * @return ERR_MEM on memory error, ERR_OK otherwise
 402:Middlewares/Third_Party/LwIP/src/api/tcpip.c ****  */
 403:Middlewares/Third_Party/LwIP/src/api/tcpip.c **** err_t
 404:Middlewares/Third_Party/LwIP/src/api/tcpip.c **** tcpip_untimeout(sys_timeout_handler h, void *arg)
 405:Middlewares/Third_Party/LwIP/src/api/tcpip.c **** {
 406:Middlewares/Third_Party/LwIP/src/api/tcpip.c ****   struct tcpip_msg *msg;
 407:Middlewares/Third_Party/LwIP/src/api/tcpip.c **** 
 408:Middlewares/Third_Party/LwIP/src/api/tcpip.c ****   LWIP_ASSERT("Invalid mbox", sys_mbox_valid_val(tcpip_mbox));
 409:Middlewares/Third_Party/LwIP/src/api/tcpip.c **** 
 410:Middlewares/Third_Party/LwIP/src/api/tcpip.c ****   msg = (struct tcpip_msg *)memp_malloc(MEMP_TCPIP_MSG_API);
 411:Middlewares/Third_Party/LwIP/src/api/tcpip.c ****   if (msg == NULL) {
 412:Middlewares/Third_Party/LwIP/src/api/tcpip.c ****     return ERR_MEM;
 413:Middlewares/Third_Party/LwIP/src/api/tcpip.c ****   }
 414:Middlewares/Third_Party/LwIP/src/api/tcpip.c **** 
 415:Middlewares/Third_Party/LwIP/src/api/tcpip.c ****   msg->type = TCPIP_MSG_UNTIMEOUT;
 416:Middlewares/Third_Party/LwIP/src/api/tcpip.c ****   msg->msg.tmo.h = h;
 417:Middlewares/Third_Party/LwIP/src/api/tcpip.c ****   msg->msg.tmo.arg = arg;
 418:Middlewares/Third_Party/LwIP/src/api/tcpip.c ****   sys_mbox_post(&tcpip_mbox, msg);
 419:Middlewares/Third_Party/LwIP/src/api/tcpip.c ****   return ERR_OK;
 420:Middlewares/Third_Party/LwIP/src/api/tcpip.c **** }
 421:Middlewares/Third_Party/LwIP/src/api/tcpip.c **** #endif /* LWIP_TCPIP_TIMEOUT && LWIP_TIMERS */
ARM GAS  /tmp/cces0RIy.s 			page 16


 422:Middlewares/Third_Party/LwIP/src/api/tcpip.c **** 
 423:Middlewares/Third_Party/LwIP/src/api/tcpip.c **** 
 424:Middlewares/Third_Party/LwIP/src/api/tcpip.c **** /**
 425:Middlewares/Third_Party/LwIP/src/api/tcpip.c ****  * Sends a message to TCPIP thread to call a function. Caller thread blocks on
 426:Middlewares/Third_Party/LwIP/src/api/tcpip.c ****  * on a provided semaphore, which ist NOT automatically signalled by TCPIP thread,
 427:Middlewares/Third_Party/LwIP/src/api/tcpip.c ****  * this has to be done by the user.
 428:Middlewares/Third_Party/LwIP/src/api/tcpip.c ****  * It is recommended to use LWIP_TCPIP_CORE_LOCKING since this is the way
 429:Middlewares/Third_Party/LwIP/src/api/tcpip.c ****  * with least runtime overhead.
 430:Middlewares/Third_Party/LwIP/src/api/tcpip.c ****  *
 431:Middlewares/Third_Party/LwIP/src/api/tcpip.c ****  * @param fn function to be called from TCPIP thread
 432:Middlewares/Third_Party/LwIP/src/api/tcpip.c ****  * @param apimsg argument to API function
 433:Middlewares/Third_Party/LwIP/src/api/tcpip.c ****  * @param sem semaphore to wait on
 434:Middlewares/Third_Party/LwIP/src/api/tcpip.c ****  * @return ERR_OK if the function was called, another err_t if not
 435:Middlewares/Third_Party/LwIP/src/api/tcpip.c ****  */
 436:Middlewares/Third_Party/LwIP/src/api/tcpip.c **** err_t
 437:Middlewares/Third_Party/LwIP/src/api/tcpip.c **** tcpip_send_msg_wait_sem(tcpip_callback_fn fn, void *apimsg, sys_sem_t *sem)
 438:Middlewares/Third_Party/LwIP/src/api/tcpip.c **** {
 439:Middlewares/Third_Party/LwIP/src/api/tcpip.c **** #if LWIP_TCPIP_CORE_LOCKING
 440:Middlewares/Third_Party/LwIP/src/api/tcpip.c ****   LWIP_UNUSED_ARG(sem);
 441:Middlewares/Third_Party/LwIP/src/api/tcpip.c ****   LOCK_TCPIP_CORE();
 442:Middlewares/Third_Party/LwIP/src/api/tcpip.c ****   fn(apimsg);
 443:Middlewares/Third_Party/LwIP/src/api/tcpip.c ****   UNLOCK_TCPIP_CORE();
 444:Middlewares/Third_Party/LwIP/src/api/tcpip.c ****   return ERR_OK;
 445:Middlewares/Third_Party/LwIP/src/api/tcpip.c **** #else /* LWIP_TCPIP_CORE_LOCKING */
 446:Middlewares/Third_Party/LwIP/src/api/tcpip.c ****   TCPIP_MSG_VAR_DECLARE(msg);
 447:Middlewares/Third_Party/LwIP/src/api/tcpip.c **** 
 448:Middlewares/Third_Party/LwIP/src/api/tcpip.c ****   LWIP_ASSERT("semaphore not initialized", sys_sem_valid(sem));
 449:Middlewares/Third_Party/LwIP/src/api/tcpip.c ****   LWIP_ASSERT("Invalid mbox", sys_mbox_valid_val(tcpip_mbox));
 450:Middlewares/Third_Party/LwIP/src/api/tcpip.c **** 
 451:Middlewares/Third_Party/LwIP/src/api/tcpip.c ****   TCPIP_MSG_VAR_ALLOC(msg);
 452:Middlewares/Third_Party/LwIP/src/api/tcpip.c ****   TCPIP_MSG_VAR_REF(msg).type = TCPIP_MSG_API;
 453:Middlewares/Third_Party/LwIP/src/api/tcpip.c ****   TCPIP_MSG_VAR_REF(msg).msg.api_msg.function = fn;
 454:Middlewares/Third_Party/LwIP/src/api/tcpip.c ****   TCPIP_MSG_VAR_REF(msg).msg.api_msg.msg = apimsg;
 455:Middlewares/Third_Party/LwIP/src/api/tcpip.c ****   sys_mbox_post(&tcpip_mbox, &TCPIP_MSG_VAR_REF(msg));
 456:Middlewares/Third_Party/LwIP/src/api/tcpip.c ****   sys_arch_sem_wait(sem, 0);
 457:Middlewares/Third_Party/LwIP/src/api/tcpip.c ****   TCPIP_MSG_VAR_FREE(msg);
 458:Middlewares/Third_Party/LwIP/src/api/tcpip.c ****   return ERR_OK;
 459:Middlewares/Third_Party/LwIP/src/api/tcpip.c **** #endif /* LWIP_TCPIP_CORE_LOCKING */
 460:Middlewares/Third_Party/LwIP/src/api/tcpip.c **** }
 461:Middlewares/Third_Party/LwIP/src/api/tcpip.c **** 
 462:Middlewares/Third_Party/LwIP/src/api/tcpip.c **** /**
 463:Middlewares/Third_Party/LwIP/src/api/tcpip.c ****  * Synchronously calls function in TCPIP thread and waits for its completion.
 464:Middlewares/Third_Party/LwIP/src/api/tcpip.c ****  * It is recommended to use LWIP_TCPIP_CORE_LOCKING (preferred) or
 465:Middlewares/Third_Party/LwIP/src/api/tcpip.c ****  * LWIP_NETCONN_SEM_PER_THREAD.
 466:Middlewares/Third_Party/LwIP/src/api/tcpip.c ****  * If not, a semaphore is created and destroyed on every call which is usually
 467:Middlewares/Third_Party/LwIP/src/api/tcpip.c ****  * an expensive/slow operation.
 468:Middlewares/Third_Party/LwIP/src/api/tcpip.c ****  * @param fn Function to call
 469:Middlewares/Third_Party/LwIP/src/api/tcpip.c ****  * @param call Call parameters
 470:Middlewares/Third_Party/LwIP/src/api/tcpip.c ****  * @return Return value from tcpip_api_call_fn
 471:Middlewares/Third_Party/LwIP/src/api/tcpip.c ****  */
 472:Middlewares/Third_Party/LwIP/src/api/tcpip.c **** err_t
 473:Middlewares/Third_Party/LwIP/src/api/tcpip.c **** tcpip_api_call(tcpip_api_call_fn fn, struct tcpip_api_call_data *call)
 474:Middlewares/Third_Party/LwIP/src/api/tcpip.c **** {
 475:Middlewares/Third_Party/LwIP/src/api/tcpip.c **** #if LWIP_TCPIP_CORE_LOCKING
 476:Middlewares/Third_Party/LwIP/src/api/tcpip.c ****   err_t err;
 477:Middlewares/Third_Party/LwIP/src/api/tcpip.c ****   LOCK_TCPIP_CORE();
 478:Middlewares/Third_Party/LwIP/src/api/tcpip.c ****   err = fn(call);
ARM GAS  /tmp/cces0RIy.s 			page 17


 479:Middlewares/Third_Party/LwIP/src/api/tcpip.c ****   UNLOCK_TCPIP_CORE();
 480:Middlewares/Third_Party/LwIP/src/api/tcpip.c ****   return err;
 481:Middlewares/Third_Party/LwIP/src/api/tcpip.c **** #else /* LWIP_TCPIP_CORE_LOCKING */
 482:Middlewares/Third_Party/LwIP/src/api/tcpip.c ****   TCPIP_MSG_VAR_DECLARE(msg);
 483:Middlewares/Third_Party/LwIP/src/api/tcpip.c **** 
 484:Middlewares/Third_Party/LwIP/src/api/tcpip.c **** #if !LWIP_NETCONN_SEM_PER_THREAD
 485:Middlewares/Third_Party/LwIP/src/api/tcpip.c ****   err_t err = sys_sem_new(&call->sem, 0);
 486:Middlewares/Third_Party/LwIP/src/api/tcpip.c ****   if (err != ERR_OK) {
 487:Middlewares/Third_Party/LwIP/src/api/tcpip.c ****     return err;
 488:Middlewares/Third_Party/LwIP/src/api/tcpip.c ****   }
 489:Middlewares/Third_Party/LwIP/src/api/tcpip.c **** #endif /* LWIP_NETCONN_SEM_PER_THREAD */
 490:Middlewares/Third_Party/LwIP/src/api/tcpip.c **** 
 491:Middlewares/Third_Party/LwIP/src/api/tcpip.c ****   LWIP_ASSERT("Invalid mbox", sys_mbox_valid_val(tcpip_mbox));
 492:Middlewares/Third_Party/LwIP/src/api/tcpip.c **** 
 493:Middlewares/Third_Party/LwIP/src/api/tcpip.c ****   TCPIP_MSG_VAR_ALLOC(msg);
 494:Middlewares/Third_Party/LwIP/src/api/tcpip.c ****   TCPIP_MSG_VAR_REF(msg).type = TCPIP_MSG_API_CALL;
 495:Middlewares/Third_Party/LwIP/src/api/tcpip.c ****   TCPIP_MSG_VAR_REF(msg).msg.api_call.arg = call;
 496:Middlewares/Third_Party/LwIP/src/api/tcpip.c ****   TCPIP_MSG_VAR_REF(msg).msg.api_call.function = fn;
 497:Middlewares/Third_Party/LwIP/src/api/tcpip.c **** #if LWIP_NETCONN_SEM_PER_THREAD
 498:Middlewares/Third_Party/LwIP/src/api/tcpip.c ****   TCPIP_MSG_VAR_REF(msg).msg.api_call.sem = LWIP_NETCONN_THREAD_SEM_GET();
 499:Middlewares/Third_Party/LwIP/src/api/tcpip.c **** #else /* LWIP_NETCONN_SEM_PER_THREAD */
 500:Middlewares/Third_Party/LwIP/src/api/tcpip.c ****   TCPIP_MSG_VAR_REF(msg).msg.api_call.sem = &call->sem;
 501:Middlewares/Third_Party/LwIP/src/api/tcpip.c **** #endif /* LWIP_NETCONN_SEM_PER_THREAD */
 502:Middlewares/Third_Party/LwIP/src/api/tcpip.c ****   sys_mbox_post(&tcpip_mbox, &TCPIP_MSG_VAR_REF(msg));
 503:Middlewares/Third_Party/LwIP/src/api/tcpip.c ****   sys_arch_sem_wait(TCPIP_MSG_VAR_REF(msg).msg.api_call.sem, 0);
 504:Middlewares/Third_Party/LwIP/src/api/tcpip.c ****   TCPIP_MSG_VAR_FREE(msg);
 505:Middlewares/Third_Party/LwIP/src/api/tcpip.c **** 
 506:Middlewares/Third_Party/LwIP/src/api/tcpip.c **** #if !LWIP_NETCONN_SEM_PER_THREAD
 507:Middlewares/Third_Party/LwIP/src/api/tcpip.c ****   sys_sem_free(&call->sem);
 508:Middlewares/Third_Party/LwIP/src/api/tcpip.c **** #endif /* LWIP_NETCONN_SEM_PER_THREAD */
 509:Middlewares/Third_Party/LwIP/src/api/tcpip.c **** 
 510:Middlewares/Third_Party/LwIP/src/api/tcpip.c ****   return call->err;
 511:Middlewares/Third_Party/LwIP/src/api/tcpip.c **** #endif /* LWIP_TCPIP_CORE_LOCKING */
 512:Middlewares/Third_Party/LwIP/src/api/tcpip.c **** }
 513:Middlewares/Third_Party/LwIP/src/api/tcpip.c **** 
 514:Middlewares/Third_Party/LwIP/src/api/tcpip.c **** /**
 515:Middlewares/Third_Party/LwIP/src/api/tcpip.c ****  * @ingroup lwip_os
 516:Middlewares/Third_Party/LwIP/src/api/tcpip.c ****  * Allocate a structure for a static callback message and initialize it.
 517:Middlewares/Third_Party/LwIP/src/api/tcpip.c ****  * The message has a special type such that lwIP never frees it.
 518:Middlewares/Third_Party/LwIP/src/api/tcpip.c ****  * This is intended to be used to send "static" messages from interrupt context,
 519:Middlewares/Third_Party/LwIP/src/api/tcpip.c ****  * e.g. the message is allocated once and posted several times from an IRQ
 520:Middlewares/Third_Party/LwIP/src/api/tcpip.c ****  * using tcpip_callbackmsg_trycallback().
 521:Middlewares/Third_Party/LwIP/src/api/tcpip.c ****  * Example usage: Trigger execution of an ethernet IRQ DPC routine in lwIP thread context.
 522:Middlewares/Third_Party/LwIP/src/api/tcpip.c ****  * 
 523:Middlewares/Third_Party/LwIP/src/api/tcpip.c ****  * @param function the function to call
 524:Middlewares/Third_Party/LwIP/src/api/tcpip.c ****  * @param ctx parameter passed to function
 525:Middlewares/Third_Party/LwIP/src/api/tcpip.c ****  * @return a struct pointer to pass to tcpip_callbackmsg_trycallback().
 526:Middlewares/Third_Party/LwIP/src/api/tcpip.c ****  *
 527:Middlewares/Third_Party/LwIP/src/api/tcpip.c ****  * @see tcpip_callbackmsg_trycallback()
 528:Middlewares/Third_Party/LwIP/src/api/tcpip.c ****  * @see tcpip_callbackmsg_delete()
 529:Middlewares/Third_Party/LwIP/src/api/tcpip.c ****  */
 530:Middlewares/Third_Party/LwIP/src/api/tcpip.c **** struct tcpip_callback_msg *
 531:Middlewares/Third_Party/LwIP/src/api/tcpip.c **** tcpip_callbackmsg_new(tcpip_callback_fn function, void *ctx)
 532:Middlewares/Third_Party/LwIP/src/api/tcpip.c **** {
 533:Middlewares/Third_Party/LwIP/src/api/tcpip.c ****   struct tcpip_msg *msg = (struct tcpip_msg *)memp_malloc(MEMP_TCPIP_MSG_API);
 534:Middlewares/Third_Party/LwIP/src/api/tcpip.c ****   if (msg == NULL) {
 535:Middlewares/Third_Party/LwIP/src/api/tcpip.c ****     return NULL;
ARM GAS  /tmp/cces0RIy.s 			page 18


 536:Middlewares/Third_Party/LwIP/src/api/tcpip.c ****   }
 537:Middlewares/Third_Party/LwIP/src/api/tcpip.c ****   msg->type = TCPIP_MSG_CALLBACK_STATIC;
 538:Middlewares/Third_Party/LwIP/src/api/tcpip.c ****   msg->msg.cb.function = function;
 539:Middlewares/Third_Party/LwIP/src/api/tcpip.c ****   msg->msg.cb.ctx = ctx;
 540:Middlewares/Third_Party/LwIP/src/api/tcpip.c ****   return (struct tcpip_callback_msg *)msg;
 541:Middlewares/Third_Party/LwIP/src/api/tcpip.c **** }
 542:Middlewares/Third_Party/LwIP/src/api/tcpip.c **** 
 543:Middlewares/Third_Party/LwIP/src/api/tcpip.c **** /**
 544:Middlewares/Third_Party/LwIP/src/api/tcpip.c ****  * @ingroup lwip_os
 545:Middlewares/Third_Party/LwIP/src/api/tcpip.c ****  * Free a callback message allocated by tcpip_callbackmsg_new().
 546:Middlewares/Third_Party/LwIP/src/api/tcpip.c ****  *
 547:Middlewares/Third_Party/LwIP/src/api/tcpip.c ****  * @param msg the message to free
 548:Middlewares/Third_Party/LwIP/src/api/tcpip.c ****  *
 549:Middlewares/Third_Party/LwIP/src/api/tcpip.c ****  * @see tcpip_callbackmsg_new()
 550:Middlewares/Third_Party/LwIP/src/api/tcpip.c ****  */
 551:Middlewares/Third_Party/LwIP/src/api/tcpip.c **** void
 552:Middlewares/Third_Party/LwIP/src/api/tcpip.c **** tcpip_callbackmsg_delete(struct tcpip_callback_msg *msg)
 553:Middlewares/Third_Party/LwIP/src/api/tcpip.c **** {
 554:Middlewares/Third_Party/LwIP/src/api/tcpip.c ****   memp_free(MEMP_TCPIP_MSG_API, msg);
 555:Middlewares/Third_Party/LwIP/src/api/tcpip.c **** }
 556:Middlewares/Third_Party/LwIP/src/api/tcpip.c **** 
 557:Middlewares/Third_Party/LwIP/src/api/tcpip.c **** /**
 558:Middlewares/Third_Party/LwIP/src/api/tcpip.c ****  * @ingroup lwip_os
 559:Middlewares/Third_Party/LwIP/src/api/tcpip.c ****  * Try to post a callback-message to the tcpip_thread tcpip_mbox.
 560:Middlewares/Third_Party/LwIP/src/api/tcpip.c ****  *
 561:Middlewares/Third_Party/LwIP/src/api/tcpip.c ****  * @param msg pointer to the message to post
 562:Middlewares/Third_Party/LwIP/src/api/tcpip.c ****  * @return sys_mbox_trypost() return code
 563:Middlewares/Third_Party/LwIP/src/api/tcpip.c ****  *
 564:Middlewares/Third_Party/LwIP/src/api/tcpip.c ****  * @see tcpip_callbackmsg_new()
 565:Middlewares/Third_Party/LwIP/src/api/tcpip.c ****  */
 566:Middlewares/Third_Party/LwIP/src/api/tcpip.c **** err_t
 567:Middlewares/Third_Party/LwIP/src/api/tcpip.c **** tcpip_callbackmsg_trycallback(struct tcpip_callback_msg *msg)
 568:Middlewares/Third_Party/LwIP/src/api/tcpip.c **** {
 569:Middlewares/Third_Party/LwIP/src/api/tcpip.c ****   LWIP_ASSERT("Invalid mbox", sys_mbox_valid_val(tcpip_mbox));
 570:Middlewares/Third_Party/LwIP/src/api/tcpip.c ****   return sys_mbox_trypost(&tcpip_mbox, msg);
 571:Middlewares/Third_Party/LwIP/src/api/tcpip.c **** }
 572:Middlewares/Third_Party/LwIP/src/api/tcpip.c **** 
 573:Middlewares/Third_Party/LwIP/src/api/tcpip.c **** /**
 574:Middlewares/Third_Party/LwIP/src/api/tcpip.c ****  * @ingroup lwip_os
 575:Middlewares/Third_Party/LwIP/src/api/tcpip.c ****  * Try to post a callback-message to the tcpip_thread mbox.
 576:Middlewares/Third_Party/LwIP/src/api/tcpip.c ****  * Same as @ref tcpip_callbackmsg_trycallback but calls sys_mbox_trypost_fromisr(),
 577:Middlewares/Third_Party/LwIP/src/api/tcpip.c ****  * mainly to help FreeRTOS, where calls differ between task level and ISR level.
 578:Middlewares/Third_Party/LwIP/src/api/tcpip.c ****  *
 579:Middlewares/Third_Party/LwIP/src/api/tcpip.c ****  * @param msg pointer to the message to post
 580:Middlewares/Third_Party/LwIP/src/api/tcpip.c ****  * @return sys_mbox_trypost_fromisr() return code (without change, so this
 581:Middlewares/Third_Party/LwIP/src/api/tcpip.c ****  *         knowledge can be used to e.g. propagate "bool needs_scheduling")
 582:Middlewares/Third_Party/LwIP/src/api/tcpip.c ****  *
 583:Middlewares/Third_Party/LwIP/src/api/tcpip.c ****  * @see tcpip_callbackmsg_new()
 584:Middlewares/Third_Party/LwIP/src/api/tcpip.c ****  */
 585:Middlewares/Third_Party/LwIP/src/api/tcpip.c **** err_t
 586:Middlewares/Third_Party/LwIP/src/api/tcpip.c **** tcpip_callbackmsg_trycallback_fromisr(struct tcpip_callback_msg *msg)
 587:Middlewares/Third_Party/LwIP/src/api/tcpip.c **** {
 588:Middlewares/Third_Party/LwIP/src/api/tcpip.c ****   LWIP_ASSERT("Invalid mbox", sys_mbox_valid_val(tcpip_mbox));
 589:Middlewares/Third_Party/LwIP/src/api/tcpip.c ****   return sys_mbox_trypost_fromisr(&tcpip_mbox, msg);
 590:Middlewares/Third_Party/LwIP/src/api/tcpip.c **** }
 591:Middlewares/Third_Party/LwIP/src/api/tcpip.c **** 
 592:Middlewares/Third_Party/LwIP/src/api/tcpip.c **** /**
ARM GAS  /tmp/cces0RIy.s 			page 19


 593:Middlewares/Third_Party/LwIP/src/api/tcpip.c ****  * @ingroup lwip_os
 594:Middlewares/Third_Party/LwIP/src/api/tcpip.c ****  * Initialize this module:
 595:Middlewares/Third_Party/LwIP/src/api/tcpip.c ****  * - initialize all sub modules
 596:Middlewares/Third_Party/LwIP/src/api/tcpip.c ****  * - start the tcpip_thread
 597:Middlewares/Third_Party/LwIP/src/api/tcpip.c ****  *
 598:Middlewares/Third_Party/LwIP/src/api/tcpip.c ****  * @param initfunc a function to call when tcpip_thread is running and finished initializing
 599:Middlewares/Third_Party/LwIP/src/api/tcpip.c ****  * @param arg argument to pass to initfunc
 600:Middlewares/Third_Party/LwIP/src/api/tcpip.c ****  */
 601:Middlewares/Third_Party/LwIP/src/api/tcpip.c **** void
 602:Middlewares/Third_Party/LwIP/src/api/tcpip.c **** tcpip_init(tcpip_init_done_fn initfunc, void *arg)
 603:Middlewares/Third_Party/LwIP/src/api/tcpip.c **** {
 604:Middlewares/Third_Party/LwIP/src/api/tcpip.c ****   lwip_init();
 605:Middlewares/Third_Party/LwIP/src/api/tcpip.c **** 
 606:Middlewares/Third_Party/LwIP/src/api/tcpip.c ****   tcpip_init_done = initfunc;
 607:Middlewares/Third_Party/LwIP/src/api/tcpip.c ****   tcpip_init_done_arg = arg;
 608:Middlewares/Third_Party/LwIP/src/api/tcpip.c ****   if (sys_mbox_new(&tcpip_mbox, TCPIP_MBOX_SIZE) != ERR_OK) {
 609:Middlewares/Third_Party/LwIP/src/api/tcpip.c ****     LWIP_ASSERT("failed to create tcpip_thread mbox", 0);
 610:Middlewares/Third_Party/LwIP/src/api/tcpip.c ****   }
 611:Middlewares/Third_Party/LwIP/src/api/tcpip.c **** #if LWIP_TCPIP_CORE_LOCKING
 612:Middlewares/Third_Party/LwIP/src/api/tcpip.c ****   if (sys_mutex_new(&lock_tcpip_core) != ERR_OK) {
 613:Middlewares/Third_Party/LwIP/src/api/tcpip.c ****     LWIP_ASSERT("failed to create lock_tcpip_core", 0);
 614:Middlewares/Third_Party/LwIP/src/api/tcpip.c ****   }
 615:Middlewares/Third_Party/LwIP/src/api/tcpip.c **** #endif /* LWIP_TCPIP_CORE_LOCKING */
 616:Middlewares/Third_Party/LwIP/src/api/tcpip.c **** 
 617:Middlewares/Third_Party/LwIP/src/api/tcpip.c ****   sys_thread_new(TCPIP_THREAD_NAME, tcpip_thread, NULL, TCPIP_THREAD_STACKSIZE, TCPIP_THREAD_PRIO);
 618:Middlewares/Third_Party/LwIP/src/api/tcpip.c **** }
 619:Middlewares/Third_Party/LwIP/src/api/tcpip.c **** 
 620:Middlewares/Third_Party/LwIP/src/api/tcpip.c **** /**
 621:Middlewares/Third_Party/LwIP/src/api/tcpip.c ****  * Simple callback function used with tcpip_callback to free a pbuf
 622:Middlewares/Third_Party/LwIP/src/api/tcpip.c ****  * (pbuf_free has a wrong signature for tcpip_callback)
 623:Middlewares/Third_Party/LwIP/src/api/tcpip.c ****  *
 624:Middlewares/Third_Party/LwIP/src/api/tcpip.c ****  * @param p The pbuf (chain) to be dereferenced.
 625:Middlewares/Third_Party/LwIP/src/api/tcpip.c ****  */
 626:Middlewares/Third_Party/LwIP/src/api/tcpip.c **** static void
 627:Middlewares/Third_Party/LwIP/src/api/tcpip.c **** pbuf_free_int(void *p)
 628:Middlewares/Third_Party/LwIP/src/api/tcpip.c **** {
 362              		.loc 1 628 1 view -0
 363              		.cfi_startproc
 364              		@ args = 0, pretend = 0, frame = 0
 365              		@ frame_needed = 0, uses_anonymous_args = 0
 366              		.loc 1 628 1 is_stmt 0 view .LVU93
 367 0000 08B5     		push	{r3, lr}
 368              	.LCFI4:
 369              		.cfi_def_cfa_offset 8
 370              		.cfi_offset 3, -8
 371              		.cfi_offset 14, -4
 629:Middlewares/Third_Party/LwIP/src/api/tcpip.c ****   struct pbuf *q = (struct pbuf *)p;
 372              		.loc 1 629 3 is_stmt 1 view .LVU94
 373              	.LVL41:
 630:Middlewares/Third_Party/LwIP/src/api/tcpip.c ****   pbuf_free(q);
 374              		.loc 1 630 3 view .LVU95
 375 0002 FFF7FEFF 		bl	pbuf_free
 376              	.LVL42:
 631:Middlewares/Third_Party/LwIP/src/api/tcpip.c **** }
 377              		.loc 1 631 1 is_stmt 0 view .LVU96
 378 0006 08BD     		pop	{r3, pc}
 379              		.cfi_endproc
ARM GAS  /tmp/cces0RIy.s 			page 20


 380              	.LFE187:
 382              		.section	.rodata.tcpip_inpkt.str1.4,"aMS",%progbits,1
 383              		.align	2
 384              	.LC3:
 385 0000 496E7661 		.ascii	"Invalid mbox\000"
 385      6C696420 
 385      6D626F78 
 385      00
 386              		.section	.text.tcpip_inpkt,"ax",%progbits
 387              		.align	1
 388              		.global	tcpip_inpkt
 389              		.syntax unified
 390              		.thumb
 391              		.thumb_func
 392              		.fpu fpv5-d16
 394              	tcpip_inpkt:
 395              	.LVL43:
 396              	.LFB176:
 241:Middlewares/Third_Party/LwIP/src/api/tcpip.c **** #if LWIP_TCPIP_CORE_LOCKING_INPUT
 397              		.loc 1 241 1 is_stmt 1 view -0
 398              		.cfi_startproc
 399              		@ args = 0, pretend = 0, frame = 0
 400              		@ frame_needed = 0, uses_anonymous_args = 0
 241:Middlewares/Third_Party/LwIP/src/api/tcpip.c **** #if LWIP_TCPIP_CORE_LOCKING_INPUT
 401              		.loc 1 241 1 is_stmt 0 view .LVU98
 402 0000 F8B5     		push	{r3, r4, r5, r6, r7, lr}
 403              	.LCFI5:
 404              		.cfi_def_cfa_offset 24
 405              		.cfi_offset 3, -24
 406              		.cfi_offset 4, -20
 407              		.cfi_offset 5, -16
 408              		.cfi_offset 6, -12
 409              		.cfi_offset 7, -8
 410              		.cfi_offset 14, -4
 411 0002 0746     		mov	r7, r0
 412 0004 0E46     		mov	r6, r1
 413 0006 1546     		mov	r5, r2
 250:Middlewares/Third_Party/LwIP/src/api/tcpip.c **** 
 414              		.loc 1 250 3 is_stmt 1 view .LVU99
 252:Middlewares/Third_Party/LwIP/src/api/tcpip.c **** 
 415              		.loc 1 252 3 view .LVU100
 252:Middlewares/Third_Party/LwIP/src/api/tcpip.c **** 
 416              		.loc 1 252 3 view .LVU101
 417 0008 1248     		ldr	r0, .L40
 418              	.LVL44:
 252:Middlewares/Third_Party/LwIP/src/api/tcpip.c **** 
 419              		.loc 1 252 3 is_stmt 0 view .LVU102
 420 000a FFF7FEFF 		bl	sys_mbox_valid
 421              	.LVL45:
 252:Middlewares/Third_Party/LwIP/src/api/tcpip.c **** 
 422              		.loc 1 252 3 view .LVU103
 423 000e 78B1     		cbz	r0, .L38
 424              	.L34:
 252:Middlewares/Third_Party/LwIP/src/api/tcpip.c **** 
 425              		.loc 1 252 3 is_stmt 1 discriminator 3 view .LVU104
 252:Middlewares/Third_Party/LwIP/src/api/tcpip.c **** 
 426              		.loc 1 252 3 discriminator 3 view .LVU105
ARM GAS  /tmp/cces0RIy.s 			page 21


 254:Middlewares/Third_Party/LwIP/src/api/tcpip.c ****   if (msg == NULL) {
 427              		.loc 1 254 3 discriminator 3 view .LVU106
 254:Middlewares/Third_Party/LwIP/src/api/tcpip.c ****   if (msg == NULL) {
 428              		.loc 1 254 29 is_stmt 0 discriminator 3 view .LVU107
 429 0010 0920     		movs	r0, #9
 430 0012 FFF7FEFF 		bl	memp_malloc
 431              	.LVL46:
 255:Middlewares/Third_Party/LwIP/src/api/tcpip.c ****     return ERR_MEM;
 432              		.loc 1 255 3 is_stmt 1 discriminator 3 view .LVU108
 255:Middlewares/Third_Party/LwIP/src/api/tcpip.c ****     return ERR_MEM;
 433              		.loc 1 255 6 is_stmt 0 discriminator 3 view .LVU109
 434 0016 0446     		mov	r4, r0
 435 0018 C0B1     		cbz	r0, .L36
 259:Middlewares/Third_Party/LwIP/src/api/tcpip.c ****   msg->msg.inp.p = p;
 436              		.loc 1 259 3 is_stmt 1 view .LVU110
 259:Middlewares/Third_Party/LwIP/src/api/tcpip.c ****   msg->msg.inp.p = p;
 437              		.loc 1 259 13 is_stmt 0 view .LVU111
 438 001a 0023     		movs	r3, #0
 439 001c 0370     		strb	r3, [r0]
 260:Middlewares/Third_Party/LwIP/src/api/tcpip.c ****   msg->msg.inp.netif = inp;
 440              		.loc 1 260 3 is_stmt 1 view .LVU112
 260:Middlewares/Third_Party/LwIP/src/api/tcpip.c ****   msg->msg.inp.netif = inp;
 441              		.loc 1 260 18 is_stmt 0 view .LVU113
 442 001e 4760     		str	r7, [r0, #4]
 261:Middlewares/Third_Party/LwIP/src/api/tcpip.c ****   msg->msg.inp.input_fn = input_fn;
 443              		.loc 1 261 3 is_stmt 1 view .LVU114
 261:Middlewares/Third_Party/LwIP/src/api/tcpip.c ****   msg->msg.inp.input_fn = input_fn;
 444              		.loc 1 261 22 is_stmt 0 view .LVU115
 445 0020 8660     		str	r6, [r0, #8]
 262:Middlewares/Third_Party/LwIP/src/api/tcpip.c ****   if (sys_mbox_trypost(&tcpip_mbox, msg) != ERR_OK) {
 446              		.loc 1 262 3 is_stmt 1 view .LVU116
 262:Middlewares/Third_Party/LwIP/src/api/tcpip.c ****   if (sys_mbox_trypost(&tcpip_mbox, msg) != ERR_OK) {
 447              		.loc 1 262 25 is_stmt 0 view .LVU117
 448 0022 C560     		str	r5, [r0, #12]
 263:Middlewares/Third_Party/LwIP/src/api/tcpip.c ****     memp_free(MEMP_TCPIP_MSG_INPKT, msg);
 449              		.loc 1 263 3 is_stmt 1 view .LVU118
 263:Middlewares/Third_Party/LwIP/src/api/tcpip.c ****     memp_free(MEMP_TCPIP_MSG_INPKT, msg);
 450              		.loc 1 263 7 is_stmt 0 view .LVU119
 451 0024 0146     		mov	r1, r0
 452 0026 0B48     		ldr	r0, .L40
 453              	.LVL47:
 263:Middlewares/Third_Party/LwIP/src/api/tcpip.c ****     memp_free(MEMP_TCPIP_MSG_INPKT, msg);
 454              		.loc 1 263 7 view .LVU120
 455 0028 FFF7FEFF 		bl	sys_mbox_trypost
 456              	.LVL48:
 263:Middlewares/Third_Party/LwIP/src/api/tcpip.c ****     memp_free(MEMP_TCPIP_MSG_INPKT, msg);
 457              		.loc 1 263 6 view .LVU121
 458 002c 38B9     		cbnz	r0, .L39
 459              	.L35:
 269:Middlewares/Third_Party/LwIP/src/api/tcpip.c **** 
 460              		.loc 1 269 1 view .LVU122
 461 002e F8BD     		pop	{r3, r4, r5, r6, r7, pc}
 462              	.LVL49:
 463              	.L38:
 252:Middlewares/Third_Party/LwIP/src/api/tcpip.c **** 
 464              		.loc 1 252 3 is_stmt 1 discriminator 1 view .LVU123
 252:Middlewares/Third_Party/LwIP/src/api/tcpip.c **** 
ARM GAS  /tmp/cces0RIy.s 			page 22


 465              		.loc 1 252 3 discriminator 1 view .LVU124
 466 0030 094B     		ldr	r3, .L40+4
 467 0032 FC22     		movs	r2, #252
 468 0034 0949     		ldr	r1, .L40+8
 469 0036 0A48     		ldr	r0, .L40+12
 470 0038 FFF7FEFF 		bl	printf
 471              	.LVL50:
 472 003c E8E7     		b	.L34
 473              	.LVL51:
 474              	.L39:
 264:Middlewares/Third_Party/LwIP/src/api/tcpip.c ****     return ERR_MEM;
 475              		.loc 1 264 5 view .LVU125
 476 003e 2146     		mov	r1, r4
 477 0040 0920     		movs	r0, #9
 478 0042 FFF7FEFF 		bl	memp_free
 479              	.LVL52:
 265:Middlewares/Third_Party/LwIP/src/api/tcpip.c ****   }
 480              		.loc 1 265 5 view .LVU126
 265:Middlewares/Third_Party/LwIP/src/api/tcpip.c ****   }
 481              		.loc 1 265 12 is_stmt 0 view .LVU127
 482 0046 4FF0FF30 		mov	r0, #-1
 483 004a F0E7     		b	.L35
 484              	.LVL53:
 485              	.L36:
 256:Middlewares/Third_Party/LwIP/src/api/tcpip.c ****   }
 486              		.loc 1 256 12 view .LVU128
 487 004c 4FF0FF30 		mov	r0, #-1
 488              	.LVL54:
 256:Middlewares/Third_Party/LwIP/src/api/tcpip.c ****   }
 489              		.loc 1 256 12 view .LVU129
 490 0050 EDE7     		b	.L35
 491              	.L41:
 492 0052 00BF     		.align	2
 493              	.L40:
 494 0054 00000000 		.word	.LANCHOR3
 495 0058 00000000 		.word	.LC0
 496 005c 00000000 		.word	.LC3
 497 0060 50000000 		.word	.LC2
 498              		.cfi_endproc
 499              	.LFE176:
 501              		.section	.text.tcpip_input,"ax",%progbits
 502              		.align	1
 503              		.global	tcpip_input
 504              		.syntax unified
 505              		.thumb
 506              		.thumb_func
 507              		.fpu fpv5-d16
 509              	tcpip_input:
 510              	.LVL55:
 511              	.LFB177:
 284:Middlewares/Third_Party/LwIP/src/api/tcpip.c **** #if LWIP_ETHERNET
 512              		.loc 1 284 1 is_stmt 1 view -0
 513              		.cfi_startproc
 514              		@ args = 0, pretend = 0, frame = 0
 515              		@ frame_needed = 0, uses_anonymous_args = 0
 284:Middlewares/Third_Party/LwIP/src/api/tcpip.c **** #if LWIP_ETHERNET
 516              		.loc 1 284 1 is_stmt 0 view .LVU131
ARM GAS  /tmp/cces0RIy.s 			page 23


 517 0000 08B5     		push	{r3, lr}
 518              	.LCFI6:
 519              		.cfi_def_cfa_offset 8
 520              		.cfi_offset 3, -8
 521              		.cfi_offset 14, -4
 286:Middlewares/Third_Party/LwIP/src/api/tcpip.c ****     return tcpip_inpkt(p, inp, ethernet_input);
 522              		.loc 1 286 3 is_stmt 1 view .LVU132
 286:Middlewares/Third_Party/LwIP/src/api/tcpip.c ****     return tcpip_inpkt(p, inp, ethernet_input);
 523              		.loc 1 286 10 is_stmt 0 view .LVU133
 524 0002 91F82D30 		ldrb	r3, [r1, #45]	@ zero_extendqisi2
 286:Middlewares/Third_Party/LwIP/src/api/tcpip.c ****     return tcpip_inpkt(p, inp, ethernet_input);
 525              		.loc 1 286 6 view .LVU134
 526 0006 13F0180F 		tst	r3, #24
 527 000a 03D0     		beq	.L43
 287:Middlewares/Third_Party/LwIP/src/api/tcpip.c ****   } else
 528              		.loc 1 287 5 is_stmt 1 view .LVU135
 287:Middlewares/Third_Party/LwIP/src/api/tcpip.c ****   } else
 529              		.loc 1 287 12 is_stmt 0 view .LVU136
 530 000c 034A     		ldr	r2, .L46
 531 000e FFF7FEFF 		bl	tcpip_inpkt
 532              	.LVL56:
 533              	.L44:
 291:Middlewares/Third_Party/LwIP/src/api/tcpip.c **** 
 534              		.loc 1 291 1 view .LVU137
 535 0012 08BD     		pop	{r3, pc}
 536              	.LVL57:
 537              	.L43:
 290:Middlewares/Third_Party/LwIP/src/api/tcpip.c **** }
 538              		.loc 1 290 5 is_stmt 1 view .LVU138
 290:Middlewares/Third_Party/LwIP/src/api/tcpip.c **** }
 539              		.loc 1 290 12 is_stmt 0 view .LVU139
 540 0014 024A     		ldr	r2, .L46+4
 541 0016 FFF7FEFF 		bl	tcpip_inpkt
 542              	.LVL58:
 290:Middlewares/Third_Party/LwIP/src/api/tcpip.c **** }
 543              		.loc 1 290 12 view .LVU140
 544 001a FAE7     		b	.L44
 545              	.L47:
 546              		.align	2
 547              	.L46:
 548 001c 00000000 		.word	ethernet_input
 549 0020 00000000 		.word	ip4_input
 550              		.cfi_endproc
 551              	.LFE177:
 553              		.section	.text.tcpip_callback,"ax",%progbits
 554              		.align	1
 555              		.global	tcpip_callback
 556              		.syntax unified
 557              		.thumb
 558              		.thumb_func
 559              		.fpu fpv5-d16
 561              	tcpip_callback:
 562              	.LVL59:
 563              	.LFB178:
 310:Middlewares/Third_Party/LwIP/src/api/tcpip.c ****   struct tcpip_msg *msg;
 564              		.loc 1 310 1 is_stmt 1 view -0
 565              		.cfi_startproc
ARM GAS  /tmp/cces0RIy.s 			page 24


 566              		@ args = 0, pretend = 0, frame = 0
 567              		@ frame_needed = 0, uses_anonymous_args = 0
 310:Middlewares/Third_Party/LwIP/src/api/tcpip.c ****   struct tcpip_msg *msg;
 568              		.loc 1 310 1 is_stmt 0 view .LVU142
 569 0000 38B5     		push	{r3, r4, r5, lr}
 570              	.LCFI7:
 571              		.cfi_def_cfa_offset 16
 572              		.cfi_offset 3, -16
 573              		.cfi_offset 4, -12
 574              		.cfi_offset 5, -8
 575              		.cfi_offset 14, -4
 576 0002 0546     		mov	r5, r0
 577 0004 0C46     		mov	r4, r1
 311:Middlewares/Third_Party/LwIP/src/api/tcpip.c **** 
 578              		.loc 1 311 3 is_stmt 1 view .LVU143
 313:Middlewares/Third_Party/LwIP/src/api/tcpip.c **** 
 579              		.loc 1 313 3 view .LVU144
 313:Middlewares/Third_Party/LwIP/src/api/tcpip.c **** 
 580              		.loc 1 313 3 view .LVU145
 581 0006 0E48     		ldr	r0, .L54
 582              	.LVL60:
 313:Middlewares/Third_Party/LwIP/src/api/tcpip.c **** 
 583              		.loc 1 313 3 is_stmt 0 view .LVU146
 584 0008 FFF7FEFF 		bl	sys_mbox_valid
 585              	.LVL61:
 313:Middlewares/Third_Party/LwIP/src/api/tcpip.c **** 
 586              		.loc 1 313 3 view .LVU147
 587 000c 68B1     		cbz	r0, .L53
 588              	.L49:
 313:Middlewares/Third_Party/LwIP/src/api/tcpip.c **** 
 589              		.loc 1 313 3 is_stmt 1 discriminator 3 view .LVU148
 313:Middlewares/Third_Party/LwIP/src/api/tcpip.c **** 
 590              		.loc 1 313 3 discriminator 3 view .LVU149
 315:Middlewares/Third_Party/LwIP/src/api/tcpip.c ****   if (msg == NULL) {
 591              		.loc 1 315 3 discriminator 3 view .LVU150
 315:Middlewares/Third_Party/LwIP/src/api/tcpip.c ****   if (msg == NULL) {
 592              		.loc 1 315 29 is_stmt 0 discriminator 3 view .LVU151
 593 000e 0820     		movs	r0, #8
 594 0010 FFF7FEFF 		bl	memp_malloc
 595              	.LVL62:
 316:Middlewares/Third_Party/LwIP/src/api/tcpip.c ****     return ERR_MEM;
 596              		.loc 1 316 3 is_stmt 1 discriminator 3 view .LVU152
 316:Middlewares/Third_Party/LwIP/src/api/tcpip.c ****     return ERR_MEM;
 597              		.loc 1 316 6 is_stmt 0 discriminator 3 view .LVU153
 598 0014 0146     		mov	r1, r0
 599 0016 80B1     		cbz	r0, .L51
 320:Middlewares/Third_Party/LwIP/src/api/tcpip.c ****   msg->msg.cb.function = function;
 600              		.loc 1 320 3 is_stmt 1 view .LVU154
 320:Middlewares/Third_Party/LwIP/src/api/tcpip.c ****   msg->msg.cb.function = function;
 601              		.loc 1 320 13 is_stmt 0 view .LVU155
 602 0018 0123     		movs	r3, #1
 603 001a 0370     		strb	r3, [r0]
 321:Middlewares/Third_Party/LwIP/src/api/tcpip.c ****   msg->msg.cb.ctx = ctx;
 604              		.loc 1 321 3 is_stmt 1 view .LVU156
 321:Middlewares/Third_Party/LwIP/src/api/tcpip.c ****   msg->msg.cb.ctx = ctx;
 605              		.loc 1 321 24 is_stmt 0 view .LVU157
 606 001c 4560     		str	r5, [r0, #4]
ARM GAS  /tmp/cces0RIy.s 			page 25


 322:Middlewares/Third_Party/LwIP/src/api/tcpip.c **** 
 607              		.loc 1 322 3 is_stmt 1 view .LVU158
 322:Middlewares/Third_Party/LwIP/src/api/tcpip.c **** 
 608              		.loc 1 322 19 is_stmt 0 view .LVU159
 609 001e 8460     		str	r4, [r0, #8]
 324:Middlewares/Third_Party/LwIP/src/api/tcpip.c ****   return ERR_OK;
 610              		.loc 1 324 3 is_stmt 1 view .LVU160
 611 0020 0748     		ldr	r0, .L54
 612              	.LVL63:
 324:Middlewares/Third_Party/LwIP/src/api/tcpip.c ****   return ERR_OK;
 613              		.loc 1 324 3 is_stmt 0 view .LVU161
 614 0022 FFF7FEFF 		bl	sys_mbox_post
 615              	.LVL64:
 325:Middlewares/Third_Party/LwIP/src/api/tcpip.c **** }
 616              		.loc 1 325 3 is_stmt 1 view .LVU162
 325:Middlewares/Third_Party/LwIP/src/api/tcpip.c **** }
 617              		.loc 1 325 10 is_stmt 0 view .LVU163
 618 0026 0020     		movs	r0, #0
 619              	.L50:
 326:Middlewares/Third_Party/LwIP/src/api/tcpip.c **** 
 620              		.loc 1 326 1 view .LVU164
 621 0028 38BD     		pop	{r3, r4, r5, pc}
 622              	.LVL65:
 623              	.L53:
 313:Middlewares/Third_Party/LwIP/src/api/tcpip.c **** 
 624              		.loc 1 313 3 is_stmt 1 discriminator 1 view .LVU165
 313:Middlewares/Third_Party/LwIP/src/api/tcpip.c **** 
 625              		.loc 1 313 3 discriminator 1 view .LVU166
 626 002a 064B     		ldr	r3, .L54+4
 627 002c 40F23912 		movw	r2, #313
 628 0030 0549     		ldr	r1, .L54+8
 629 0032 0648     		ldr	r0, .L54+12
 630 0034 FFF7FEFF 		bl	printf
 631              	.LVL66:
 632 0038 E9E7     		b	.L49
 633              	.LVL67:
 634              	.L51:
 317:Middlewares/Third_Party/LwIP/src/api/tcpip.c ****   }
 635              		.loc 1 317 12 is_stmt 0 view .LVU167
 636 003a 4FF0FF30 		mov	r0, #-1
 637              	.LVL68:
 317:Middlewares/Third_Party/LwIP/src/api/tcpip.c ****   }
 638              		.loc 1 317 12 view .LVU168
 639 003e F3E7     		b	.L50
 640              	.L55:
 641              		.align	2
 642              	.L54:
 643 0040 00000000 		.word	.LANCHOR3
 644 0044 00000000 		.word	.LC0
 645 0048 00000000 		.word	.LC3
 646 004c 50000000 		.word	.LC2
 647              		.cfi_endproc
 648              	.LFE178:
 650              		.section	.text.tcpip_try_callback,"ax",%progbits
 651              		.align	1
 652              		.global	tcpip_try_callback
 653              		.syntax unified
ARM GAS  /tmp/cces0RIy.s 			page 26


 654              		.thumb
 655              		.thumb_func
 656              		.fpu fpv5-d16
 658              	tcpip_try_callback:
 659              	.LVL69:
 660              	.LFB179:
 346:Middlewares/Third_Party/LwIP/src/api/tcpip.c ****   struct tcpip_msg *msg;
 661              		.loc 1 346 1 is_stmt 1 view -0
 662              		.cfi_startproc
 663              		@ args = 0, pretend = 0, frame = 0
 664              		@ frame_needed = 0, uses_anonymous_args = 0
 346:Middlewares/Third_Party/LwIP/src/api/tcpip.c ****   struct tcpip_msg *msg;
 665              		.loc 1 346 1 is_stmt 0 view .LVU170
 666 0000 70B5     		push	{r4, r5, r6, lr}
 667              	.LCFI8:
 668              		.cfi_def_cfa_offset 16
 669              		.cfi_offset 4, -16
 670              		.cfi_offset 5, -12
 671              		.cfi_offset 6, -8
 672              		.cfi_offset 14, -4
 673 0002 0646     		mov	r6, r0
 674 0004 0D46     		mov	r5, r1
 347:Middlewares/Third_Party/LwIP/src/api/tcpip.c **** 
 675              		.loc 1 347 3 is_stmt 1 view .LVU171
 349:Middlewares/Third_Party/LwIP/src/api/tcpip.c **** 
 676              		.loc 1 349 3 view .LVU172
 349:Middlewares/Third_Party/LwIP/src/api/tcpip.c **** 
 677              		.loc 1 349 3 view .LVU173
 678 0006 1248     		ldr	r0, .L63
 679              	.LVL70:
 349:Middlewares/Third_Party/LwIP/src/api/tcpip.c **** 
 680              		.loc 1 349 3 is_stmt 0 view .LVU174
 681 0008 FFF7FEFF 		bl	sys_mbox_valid
 682              	.LVL71:
 349:Middlewares/Third_Party/LwIP/src/api/tcpip.c **** 
 683              		.loc 1 349 3 view .LVU175
 684 000c 70B1     		cbz	r0, .L61
 685              	.L57:
 349:Middlewares/Third_Party/LwIP/src/api/tcpip.c **** 
 686              		.loc 1 349 3 is_stmt 1 discriminator 3 view .LVU176
 349:Middlewares/Third_Party/LwIP/src/api/tcpip.c **** 
 687              		.loc 1 349 3 discriminator 3 view .LVU177
 351:Middlewares/Third_Party/LwIP/src/api/tcpip.c ****   if (msg == NULL) {
 688              		.loc 1 351 3 discriminator 3 view .LVU178
 351:Middlewares/Third_Party/LwIP/src/api/tcpip.c ****   if (msg == NULL) {
 689              		.loc 1 351 29 is_stmt 0 discriminator 3 view .LVU179
 690 000e 0820     		movs	r0, #8
 691 0010 FFF7FEFF 		bl	memp_malloc
 692              	.LVL72:
 352:Middlewares/Third_Party/LwIP/src/api/tcpip.c ****     return ERR_MEM;
 693              		.loc 1 352 3 is_stmt 1 discriminator 3 view .LVU180
 352:Middlewares/Third_Party/LwIP/src/api/tcpip.c ****     return ERR_MEM;
 694              		.loc 1 352 6 is_stmt 0 discriminator 3 view .LVU181
 695 0014 0446     		mov	r4, r0
 696 0016 C0B1     		cbz	r0, .L59
 356:Middlewares/Third_Party/LwIP/src/api/tcpip.c ****   msg->msg.cb.function = function;
 697              		.loc 1 356 3 is_stmt 1 view .LVU182
ARM GAS  /tmp/cces0RIy.s 			page 27


 356:Middlewares/Third_Party/LwIP/src/api/tcpip.c ****   msg->msg.cb.function = function;
 698              		.loc 1 356 13 is_stmt 0 view .LVU183
 699 0018 0123     		movs	r3, #1
 700 001a 0370     		strb	r3, [r0]
 357:Middlewares/Third_Party/LwIP/src/api/tcpip.c ****   msg->msg.cb.ctx = ctx;
 701              		.loc 1 357 3 is_stmt 1 view .LVU184
 357:Middlewares/Third_Party/LwIP/src/api/tcpip.c ****   msg->msg.cb.ctx = ctx;
 702              		.loc 1 357 24 is_stmt 0 view .LVU185
 703 001c 4660     		str	r6, [r0, #4]
 358:Middlewares/Third_Party/LwIP/src/api/tcpip.c **** 
 704              		.loc 1 358 3 is_stmt 1 view .LVU186
 358:Middlewares/Third_Party/LwIP/src/api/tcpip.c **** 
 705              		.loc 1 358 19 is_stmt 0 view .LVU187
 706 001e 8560     		str	r5, [r0, #8]
 360:Middlewares/Third_Party/LwIP/src/api/tcpip.c ****     memp_free(MEMP_TCPIP_MSG_API, msg);
 707              		.loc 1 360 3 is_stmt 1 view .LVU188
 360:Middlewares/Third_Party/LwIP/src/api/tcpip.c ****     memp_free(MEMP_TCPIP_MSG_API, msg);
 708              		.loc 1 360 7 is_stmt 0 view .LVU189
 709 0020 0146     		mov	r1, r0
 710 0022 0B48     		ldr	r0, .L63
 711              	.LVL73:
 360:Middlewares/Third_Party/LwIP/src/api/tcpip.c ****     memp_free(MEMP_TCPIP_MSG_API, msg);
 712              		.loc 1 360 7 view .LVU190
 713 0024 FFF7FEFF 		bl	sys_mbox_trypost
 714              	.LVL74:
 360:Middlewares/Third_Party/LwIP/src/api/tcpip.c ****     memp_free(MEMP_TCPIP_MSG_API, msg);
 715              		.loc 1 360 6 view .LVU191
 716 0028 40B9     		cbnz	r0, .L62
 717              	.L58:
 365:Middlewares/Third_Party/LwIP/src/api/tcpip.c **** 
 718              		.loc 1 365 1 view .LVU192
 719 002a 70BD     		pop	{r4, r5, r6, pc}
 720              	.LVL75:
 721              	.L61:
 349:Middlewares/Third_Party/LwIP/src/api/tcpip.c **** 
 722              		.loc 1 349 3 is_stmt 1 discriminator 1 view .LVU193
 349:Middlewares/Third_Party/LwIP/src/api/tcpip.c **** 
 723              		.loc 1 349 3 discriminator 1 view .LVU194
 724 002c 094B     		ldr	r3, .L63+4
 725 002e 40F25D12 		movw	r2, #349
 726 0032 0949     		ldr	r1, .L63+8
 727 0034 0948     		ldr	r0, .L63+12
 728 0036 FFF7FEFF 		bl	printf
 729              	.LVL76:
 730 003a E8E7     		b	.L57
 731              	.LVL77:
 732              	.L62:
 361:Middlewares/Third_Party/LwIP/src/api/tcpip.c ****     return ERR_MEM;
 733              		.loc 1 361 5 view .LVU195
 734 003c 2146     		mov	r1, r4
 735 003e 0820     		movs	r0, #8
 736 0040 FFF7FEFF 		bl	memp_free
 737              	.LVL78:
 362:Middlewares/Third_Party/LwIP/src/api/tcpip.c ****   }
 738              		.loc 1 362 5 view .LVU196
 362:Middlewares/Third_Party/LwIP/src/api/tcpip.c ****   }
 739              		.loc 1 362 12 is_stmt 0 view .LVU197
ARM GAS  /tmp/cces0RIy.s 			page 28


 740 0044 4FF0FF30 		mov	r0, #-1
 741 0048 EFE7     		b	.L58
 742              	.LVL79:
 743              	.L59:
 353:Middlewares/Third_Party/LwIP/src/api/tcpip.c ****   }
 744              		.loc 1 353 12 view .LVU198
 745 004a 4FF0FF30 		mov	r0, #-1
 746              	.LVL80:
 353:Middlewares/Third_Party/LwIP/src/api/tcpip.c ****   }
 747              		.loc 1 353 12 view .LVU199
 748 004e ECE7     		b	.L58
 749              	.L64:
 750              		.align	2
 751              	.L63:
 752 0050 00000000 		.word	.LANCHOR3
 753 0054 00000000 		.word	.LC0
 754 0058 00000000 		.word	.LC3
 755 005c 50000000 		.word	.LC2
 756              		.cfi_endproc
 757              	.LFE179:
 759              		.section	.text.tcpip_send_msg_wait_sem,"ax",%progbits
 760              		.align	1
 761              		.global	tcpip_send_msg_wait_sem
 762              		.syntax unified
 763              		.thumb
 764              		.thumb_func
 765              		.fpu fpv5-d16
 767              	tcpip_send_msg_wait_sem:
 768              	.LVL81:
 769              	.LFB180:
 438:Middlewares/Third_Party/LwIP/src/api/tcpip.c **** #if LWIP_TCPIP_CORE_LOCKING
 770              		.loc 1 438 1 is_stmt 1 view -0
 771              		.cfi_startproc
 772              		@ args = 0, pretend = 0, frame = 0
 773              		@ frame_needed = 0, uses_anonymous_args = 0
 438:Middlewares/Third_Party/LwIP/src/api/tcpip.c **** #if LWIP_TCPIP_CORE_LOCKING
 774              		.loc 1 438 1 is_stmt 0 view .LVU201
 775 0000 70B5     		push	{r4, r5, r6, lr}
 776              	.LCFI9:
 777              		.cfi_def_cfa_offset 16
 778              		.cfi_offset 4, -16
 779              		.cfi_offset 5, -12
 780              		.cfi_offset 6, -8
 781              		.cfi_offset 14, -4
 782 0002 0446     		mov	r4, r0
 783 0004 0D46     		mov	r5, r1
 440:Middlewares/Third_Party/LwIP/src/api/tcpip.c ****   LOCK_TCPIP_CORE();
 784              		.loc 1 440 3 is_stmt 1 view .LVU202
 441:Middlewares/Third_Party/LwIP/src/api/tcpip.c ****   fn(apimsg);
 785              		.loc 1 441 3 view .LVU203
 786 0006 054E     		ldr	r6, .L67
 787 0008 3046     		mov	r0, r6
 788              	.LVL82:
 441:Middlewares/Third_Party/LwIP/src/api/tcpip.c ****   fn(apimsg);
 789              		.loc 1 441 3 is_stmt 0 view .LVU204
 790 000a FFF7FEFF 		bl	sys_mutex_lock
 791              	.LVL83:
ARM GAS  /tmp/cces0RIy.s 			page 29


 442:Middlewares/Third_Party/LwIP/src/api/tcpip.c ****   UNLOCK_TCPIP_CORE();
 792              		.loc 1 442 3 is_stmt 1 view .LVU205
 793 000e 2846     		mov	r0, r5
 794 0010 A047     		blx	r4
 795              	.LVL84:
 443:Middlewares/Third_Party/LwIP/src/api/tcpip.c ****   return ERR_OK;
 796              		.loc 1 443 3 view .LVU206
 797 0012 3046     		mov	r0, r6
 798 0014 FFF7FEFF 		bl	sys_mutex_unlock
 799              	.LVL85:
 444:Middlewares/Third_Party/LwIP/src/api/tcpip.c **** #else /* LWIP_TCPIP_CORE_LOCKING */
 800              		.loc 1 444 3 view .LVU207
 460:Middlewares/Third_Party/LwIP/src/api/tcpip.c **** 
 801              		.loc 1 460 1 is_stmt 0 view .LVU208
 802 0018 0020     		movs	r0, #0
 803 001a 70BD     		pop	{r4, r5, r6, pc}
 804              	.LVL86:
 805              	.L68:
 460:Middlewares/Third_Party/LwIP/src/api/tcpip.c **** 
 806              		.loc 1 460 1 view .LVU209
 807              		.align	2
 808              	.L67:
 809 001c 00000000 		.word	.LANCHOR0
 810              		.cfi_endproc
 811              	.LFE180:
 813              		.section	.text.tcpip_api_call,"ax",%progbits
 814              		.align	1
 815              		.global	tcpip_api_call
 816              		.syntax unified
 817              		.thumb
 818              		.thumb_func
 819              		.fpu fpv5-d16
 821              	tcpip_api_call:
 822              	.LVL87:
 823              	.LFB181:
 474:Middlewares/Third_Party/LwIP/src/api/tcpip.c **** #if LWIP_TCPIP_CORE_LOCKING
 824              		.loc 1 474 1 is_stmt 1 view -0
 825              		.cfi_startproc
 826              		@ args = 0, pretend = 0, frame = 0
 827              		@ frame_needed = 0, uses_anonymous_args = 0
 474:Middlewares/Third_Party/LwIP/src/api/tcpip.c **** #if LWIP_TCPIP_CORE_LOCKING
 828              		.loc 1 474 1 is_stmt 0 view .LVU211
 829 0000 70B5     		push	{r4, r5, r6, lr}
 830              	.LCFI10:
 831              		.cfi_def_cfa_offset 16
 832              		.cfi_offset 4, -16
 833              		.cfi_offset 5, -12
 834              		.cfi_offset 6, -8
 835              		.cfi_offset 14, -4
 836 0002 0446     		mov	r4, r0
 837 0004 0D46     		mov	r5, r1
 476:Middlewares/Third_Party/LwIP/src/api/tcpip.c ****   LOCK_TCPIP_CORE();
 838              		.loc 1 476 3 is_stmt 1 view .LVU212
 477:Middlewares/Third_Party/LwIP/src/api/tcpip.c ****   err = fn(call);
 839              		.loc 1 477 3 view .LVU213
 840 0006 064E     		ldr	r6, .L71
 841 0008 3046     		mov	r0, r6
ARM GAS  /tmp/cces0RIy.s 			page 30


 842              	.LVL88:
 477:Middlewares/Third_Party/LwIP/src/api/tcpip.c ****   err = fn(call);
 843              		.loc 1 477 3 is_stmt 0 view .LVU214
 844 000a FFF7FEFF 		bl	sys_mutex_lock
 845              	.LVL89:
 478:Middlewares/Third_Party/LwIP/src/api/tcpip.c ****   UNLOCK_TCPIP_CORE();
 846              		.loc 1 478 3 is_stmt 1 view .LVU215
 478:Middlewares/Third_Party/LwIP/src/api/tcpip.c ****   UNLOCK_TCPIP_CORE();
 847              		.loc 1 478 9 is_stmt 0 view .LVU216
 848 000e 2846     		mov	r0, r5
 849 0010 A047     		blx	r4
 850              	.LVL90:
 851 0012 0446     		mov	r4, r0
 852              	.LVL91:
 479:Middlewares/Third_Party/LwIP/src/api/tcpip.c ****   return err;
 853              		.loc 1 479 3 is_stmt 1 view .LVU217
 854 0014 3046     		mov	r0, r6
 855 0016 FFF7FEFF 		bl	sys_mutex_unlock
 856              	.LVL92:
 480:Middlewares/Third_Party/LwIP/src/api/tcpip.c **** #else /* LWIP_TCPIP_CORE_LOCKING */
 857              		.loc 1 480 3 view .LVU218
 512:Middlewares/Third_Party/LwIP/src/api/tcpip.c **** 
 858              		.loc 1 512 1 is_stmt 0 view .LVU219
 859 001a 2046     		mov	r0, r4
 860 001c 70BD     		pop	{r4, r5, r6, pc}
 861              	.LVL93:
 862              	.L72:
 512:Middlewares/Third_Party/LwIP/src/api/tcpip.c **** 
 863              		.loc 1 512 1 view .LVU220
 864 001e 00BF     		.align	2
 865              	.L71:
 866 0020 00000000 		.word	.LANCHOR0
 867              		.cfi_endproc
 868              	.LFE181:
 870              		.section	.text.tcpip_callbackmsg_new,"ax",%progbits
 871              		.align	1
 872              		.global	tcpip_callbackmsg_new
 873              		.syntax unified
 874              		.thumb
 875              		.thumb_func
 876              		.fpu fpv5-d16
 878              	tcpip_callbackmsg_new:
 879              	.LVL94:
 880              	.LFB182:
 532:Middlewares/Third_Party/LwIP/src/api/tcpip.c ****   struct tcpip_msg *msg = (struct tcpip_msg *)memp_malloc(MEMP_TCPIP_MSG_API);
 881              		.loc 1 532 1 is_stmt 1 view -0
 882              		.cfi_startproc
 883              		@ args = 0, pretend = 0, frame = 0
 884              		@ frame_needed = 0, uses_anonymous_args = 0
 532:Middlewares/Third_Party/LwIP/src/api/tcpip.c ****   struct tcpip_msg *msg = (struct tcpip_msg *)memp_malloc(MEMP_TCPIP_MSG_API);
 885              		.loc 1 532 1 is_stmt 0 view .LVU222
 886 0000 38B5     		push	{r3, r4, r5, lr}
 887              	.LCFI11:
 888              		.cfi_def_cfa_offset 16
 889              		.cfi_offset 3, -16
 890              		.cfi_offset 4, -12
 891              		.cfi_offset 5, -8
ARM GAS  /tmp/cces0RIy.s 			page 31


 892              		.cfi_offset 14, -4
 893 0002 0546     		mov	r5, r0
 894 0004 0C46     		mov	r4, r1
 533:Middlewares/Third_Party/LwIP/src/api/tcpip.c ****   if (msg == NULL) {
 895              		.loc 1 533 3 is_stmt 1 view .LVU223
 533:Middlewares/Third_Party/LwIP/src/api/tcpip.c ****   if (msg == NULL) {
 896              		.loc 1 533 47 is_stmt 0 view .LVU224
 897 0006 0820     		movs	r0, #8
 898              	.LVL95:
 533:Middlewares/Third_Party/LwIP/src/api/tcpip.c ****   if (msg == NULL) {
 899              		.loc 1 533 47 view .LVU225
 900 0008 FFF7FEFF 		bl	memp_malloc
 901              	.LVL96:
 534:Middlewares/Third_Party/LwIP/src/api/tcpip.c ****     return NULL;
 902              		.loc 1 534 3 is_stmt 1 view .LVU226
 534:Middlewares/Third_Party/LwIP/src/api/tcpip.c ****     return NULL;
 903              		.loc 1 534 6 is_stmt 0 view .LVU227
 904 000c 0346     		mov	r3, r0
 905 000e 18B1     		cbz	r0, .L73
 537:Middlewares/Third_Party/LwIP/src/api/tcpip.c ****   msg->msg.cb.function = function;
 906              		.loc 1 537 3 is_stmt 1 view .LVU228
 537:Middlewares/Third_Party/LwIP/src/api/tcpip.c ****   msg->msg.cb.function = function;
 907              		.loc 1 537 13 is_stmt 0 view .LVU229
 908 0010 0222     		movs	r2, #2
 909 0012 0270     		strb	r2, [r0]
 538:Middlewares/Third_Party/LwIP/src/api/tcpip.c ****   msg->msg.cb.ctx = ctx;
 910              		.loc 1 538 3 is_stmt 1 view .LVU230
 538:Middlewares/Third_Party/LwIP/src/api/tcpip.c ****   msg->msg.cb.ctx = ctx;
 911              		.loc 1 538 24 is_stmt 0 view .LVU231
 912 0014 4560     		str	r5, [r0, #4]
 539:Middlewares/Third_Party/LwIP/src/api/tcpip.c ****   return (struct tcpip_callback_msg *)msg;
 913              		.loc 1 539 3 is_stmt 1 view .LVU232
 539:Middlewares/Third_Party/LwIP/src/api/tcpip.c ****   return (struct tcpip_callback_msg *)msg;
 914              		.loc 1 539 19 is_stmt 0 view .LVU233
 915 0016 8460     		str	r4, [r0, #8]
 540:Middlewares/Third_Party/LwIP/src/api/tcpip.c **** }
 916              		.loc 1 540 3 is_stmt 1 view .LVU234
 917              	.L73:
 541:Middlewares/Third_Party/LwIP/src/api/tcpip.c **** 
 918              		.loc 1 541 1 is_stmt 0 view .LVU235
 919 0018 1846     		mov	r0, r3
 920              	.LVL97:
 541:Middlewares/Third_Party/LwIP/src/api/tcpip.c **** 
 921              		.loc 1 541 1 view .LVU236
 922 001a 38BD     		pop	{r3, r4, r5, pc}
 541:Middlewares/Third_Party/LwIP/src/api/tcpip.c **** 
 923              		.loc 1 541 1 view .LVU237
 924              		.cfi_endproc
 925              	.LFE182:
 927              		.section	.text.tcpip_callbackmsg_delete,"ax",%progbits
 928              		.align	1
 929              		.global	tcpip_callbackmsg_delete
 930              		.syntax unified
 931              		.thumb
 932              		.thumb_func
 933              		.fpu fpv5-d16
 935              	tcpip_callbackmsg_delete:
ARM GAS  /tmp/cces0RIy.s 			page 32


 936              	.LVL98:
 937              	.LFB183:
 553:Middlewares/Third_Party/LwIP/src/api/tcpip.c ****   memp_free(MEMP_TCPIP_MSG_API, msg);
 938              		.loc 1 553 1 is_stmt 1 view -0
 939              		.cfi_startproc
 940              		@ args = 0, pretend = 0, frame = 0
 941              		@ frame_needed = 0, uses_anonymous_args = 0
 553:Middlewares/Third_Party/LwIP/src/api/tcpip.c ****   memp_free(MEMP_TCPIP_MSG_API, msg);
 942              		.loc 1 553 1 is_stmt 0 view .LVU239
 943 0000 08B5     		push	{r3, lr}
 944              	.LCFI12:
 945              		.cfi_def_cfa_offset 8
 946              		.cfi_offset 3, -8
 947              		.cfi_offset 14, -4
 948 0002 0146     		mov	r1, r0
 554:Middlewares/Third_Party/LwIP/src/api/tcpip.c **** }
 949              		.loc 1 554 3 is_stmt 1 view .LVU240
 950 0004 0820     		movs	r0, #8
 951              	.LVL99:
 554:Middlewares/Third_Party/LwIP/src/api/tcpip.c **** }
 952              		.loc 1 554 3 is_stmt 0 view .LVU241
 953 0006 FFF7FEFF 		bl	memp_free
 954              	.LVL100:
 555:Middlewares/Third_Party/LwIP/src/api/tcpip.c **** 
 955              		.loc 1 555 1 view .LVU242
 956 000a 08BD     		pop	{r3, pc}
 957              		.cfi_endproc
 958              	.LFE183:
 960              		.section	.text.tcpip_callbackmsg_trycallback,"ax",%progbits
 961              		.align	1
 962              		.global	tcpip_callbackmsg_trycallback
 963              		.syntax unified
 964              		.thumb
 965              		.thumb_func
 966              		.fpu fpv5-d16
 968              	tcpip_callbackmsg_trycallback:
 969              	.LVL101:
 970              	.LFB184:
 568:Middlewares/Third_Party/LwIP/src/api/tcpip.c ****   LWIP_ASSERT("Invalid mbox", sys_mbox_valid_val(tcpip_mbox));
 971              		.loc 1 568 1 is_stmt 1 view -0
 972              		.cfi_startproc
 973              		@ args = 0, pretend = 0, frame = 0
 974              		@ frame_needed = 0, uses_anonymous_args = 0
 568:Middlewares/Third_Party/LwIP/src/api/tcpip.c ****   LWIP_ASSERT("Invalid mbox", sys_mbox_valid_val(tcpip_mbox));
 975              		.loc 1 568 1 is_stmt 0 view .LVU244
 976 0000 10B5     		push	{r4, lr}
 977              	.LCFI13:
 978              		.cfi_def_cfa_offset 8
 979              		.cfi_offset 4, -8
 980              		.cfi_offset 14, -4
 981 0002 0446     		mov	r4, r0
 569:Middlewares/Third_Party/LwIP/src/api/tcpip.c ****   return sys_mbox_trypost(&tcpip_mbox, msg);
 982              		.loc 1 569 3 is_stmt 1 view .LVU245
 569:Middlewares/Third_Party/LwIP/src/api/tcpip.c ****   return sys_mbox_trypost(&tcpip_mbox, msg);
 983              		.loc 1 569 3 view .LVU246
 984 0004 0848     		ldr	r0, .L82
 985              	.LVL102:
ARM GAS  /tmp/cces0RIy.s 			page 33


 569:Middlewares/Third_Party/LwIP/src/api/tcpip.c ****   return sys_mbox_trypost(&tcpip_mbox, msg);
 986              		.loc 1 569 3 is_stmt 0 view .LVU247
 987 0006 FFF7FEFF 		bl	sys_mbox_valid
 988              	.LVL103:
 989 000a 20B1     		cbz	r0, .L81
 990              	.L79:
 569:Middlewares/Third_Party/LwIP/src/api/tcpip.c ****   return sys_mbox_trypost(&tcpip_mbox, msg);
 991              		.loc 1 569 3 is_stmt 1 discriminator 3 view .LVU248
 569:Middlewares/Third_Party/LwIP/src/api/tcpip.c ****   return sys_mbox_trypost(&tcpip_mbox, msg);
 992              		.loc 1 569 3 discriminator 3 view .LVU249
 570:Middlewares/Third_Party/LwIP/src/api/tcpip.c **** }
 993              		.loc 1 570 3 discriminator 3 view .LVU250
 570:Middlewares/Third_Party/LwIP/src/api/tcpip.c **** }
 994              		.loc 1 570 10 is_stmt 0 discriminator 3 view .LVU251
 995 000c 2146     		mov	r1, r4
 996 000e 0648     		ldr	r0, .L82
 997 0010 FFF7FEFF 		bl	sys_mbox_trypost
 998              	.LVL104:
 571:Middlewares/Third_Party/LwIP/src/api/tcpip.c **** 
 999              		.loc 1 571 1 discriminator 3 view .LVU252
 1000 0014 10BD     		pop	{r4, pc}
 1001              	.LVL105:
 1002              	.L81:
 569:Middlewares/Third_Party/LwIP/src/api/tcpip.c ****   return sys_mbox_trypost(&tcpip_mbox, msg);
 1003              		.loc 1 569 3 is_stmt 1 discriminator 1 view .LVU253
 569:Middlewares/Third_Party/LwIP/src/api/tcpip.c ****   return sys_mbox_trypost(&tcpip_mbox, msg);
 1004              		.loc 1 569 3 discriminator 1 view .LVU254
 1005 0016 054B     		ldr	r3, .L82+4
 1006 0018 40F23922 		movw	r2, #569
 1007 001c 0449     		ldr	r1, .L82+8
 1008 001e 0548     		ldr	r0, .L82+12
 1009 0020 FFF7FEFF 		bl	printf
 1010              	.LVL106:
 1011 0024 F2E7     		b	.L79
 1012              	.L83:
 1013 0026 00BF     		.align	2
 1014              	.L82:
 1015 0028 00000000 		.word	.LANCHOR3
 1016 002c 00000000 		.word	.LC0
 1017 0030 00000000 		.word	.LC3
 1018 0034 50000000 		.word	.LC2
 1019              		.cfi_endproc
 1020              	.LFE184:
 1022              		.section	.text.tcpip_callbackmsg_trycallback_fromisr,"ax",%progbits
 1023              		.align	1
 1024              		.global	tcpip_callbackmsg_trycallback_fromisr
 1025              		.syntax unified
 1026              		.thumb
 1027              		.thumb_func
 1028              		.fpu fpv5-d16
 1030              	tcpip_callbackmsg_trycallback_fromisr:
 1031              	.LVL107:
 1032              	.LFB185:
 587:Middlewares/Third_Party/LwIP/src/api/tcpip.c ****   LWIP_ASSERT("Invalid mbox", sys_mbox_valid_val(tcpip_mbox));
 1033              		.loc 1 587 1 view -0
 1034              		.cfi_startproc
 1035              		@ args = 0, pretend = 0, frame = 0
ARM GAS  /tmp/cces0RIy.s 			page 34


 1036              		@ frame_needed = 0, uses_anonymous_args = 0
 587:Middlewares/Third_Party/LwIP/src/api/tcpip.c ****   LWIP_ASSERT("Invalid mbox", sys_mbox_valid_val(tcpip_mbox));
 1037              		.loc 1 587 1 is_stmt 0 view .LVU256
 1038 0000 10B5     		push	{r4, lr}
 1039              	.LCFI14:
 1040              		.cfi_def_cfa_offset 8
 1041              		.cfi_offset 4, -8
 1042              		.cfi_offset 14, -4
 1043 0002 0446     		mov	r4, r0
 588:Middlewares/Third_Party/LwIP/src/api/tcpip.c ****   return sys_mbox_trypost_fromisr(&tcpip_mbox, msg);
 1044              		.loc 1 588 3 is_stmt 1 view .LVU257
 588:Middlewares/Third_Party/LwIP/src/api/tcpip.c ****   return sys_mbox_trypost_fromisr(&tcpip_mbox, msg);
 1045              		.loc 1 588 3 view .LVU258
 1046 0004 0848     		ldr	r0, .L88
 1047              	.LVL108:
 588:Middlewares/Third_Party/LwIP/src/api/tcpip.c ****   return sys_mbox_trypost_fromisr(&tcpip_mbox, msg);
 1048              		.loc 1 588 3 is_stmt 0 view .LVU259
 1049 0006 FFF7FEFF 		bl	sys_mbox_valid
 1050              	.LVL109:
 1051 000a 20B1     		cbz	r0, .L87
 1052              	.L85:
 588:Middlewares/Third_Party/LwIP/src/api/tcpip.c ****   return sys_mbox_trypost_fromisr(&tcpip_mbox, msg);
 1053              		.loc 1 588 3 is_stmt 1 discriminator 3 view .LVU260
 588:Middlewares/Third_Party/LwIP/src/api/tcpip.c ****   return sys_mbox_trypost_fromisr(&tcpip_mbox, msg);
 1054              		.loc 1 588 3 discriminator 3 view .LVU261
 589:Middlewares/Third_Party/LwIP/src/api/tcpip.c **** }
 1055              		.loc 1 589 3 discriminator 3 view .LVU262
 589:Middlewares/Third_Party/LwIP/src/api/tcpip.c **** }
 1056              		.loc 1 589 10 is_stmt 0 discriminator 3 view .LVU263
 1057 000c 2146     		mov	r1, r4
 1058 000e 0648     		ldr	r0, .L88
 1059 0010 FFF7FEFF 		bl	sys_mbox_trypost_fromisr
 1060              	.LVL110:
 590:Middlewares/Third_Party/LwIP/src/api/tcpip.c **** 
 1061              		.loc 1 590 1 discriminator 3 view .LVU264
 1062 0014 10BD     		pop	{r4, pc}
 1063              	.LVL111:
 1064              	.L87:
 588:Middlewares/Third_Party/LwIP/src/api/tcpip.c ****   return sys_mbox_trypost_fromisr(&tcpip_mbox, msg);
 1065              		.loc 1 588 3 is_stmt 1 discriminator 1 view .LVU265
 588:Middlewares/Third_Party/LwIP/src/api/tcpip.c ****   return sys_mbox_trypost_fromisr(&tcpip_mbox, msg);
 1066              		.loc 1 588 3 discriminator 1 view .LVU266
 1067 0016 054B     		ldr	r3, .L88+4
 1068 0018 4FF41372 		mov	r2, #588
 1069 001c 0449     		ldr	r1, .L88+8
 1070 001e 0548     		ldr	r0, .L88+12
 1071 0020 FFF7FEFF 		bl	printf
 1072              	.LVL112:
 1073 0024 F2E7     		b	.L85
 1074              	.L89:
 1075 0026 00BF     		.align	2
 1076              	.L88:
 1077 0028 00000000 		.word	.LANCHOR3
 1078 002c 00000000 		.word	.LC0
 1079 0030 00000000 		.word	.LC3
 1080 0034 50000000 		.word	.LC2
 1081              		.cfi_endproc
ARM GAS  /tmp/cces0RIy.s 			page 35


 1082              	.LFE185:
 1084              		.section	.rodata.tcpip_init.str1.4,"aMS",%progbits,1
 1085              		.align	2
 1086              	.LC4:
 1087 0000 6661696C 		.ascii	"failed to create tcpip_thread mbox\000"
 1087      65642074 
 1087      6F206372 
 1087      65617465 
 1087      20746370 
 1088 0023 00       		.align	2
 1089              	.LC5:
 1090 0024 6661696C 		.ascii	"failed to create lock_tcpip_core\000"
 1090      65642074 
 1090      6F206372 
 1090      65617465 
 1090      206C6F63 
 1091 0045 000000   		.align	2
 1092              	.LC6:
 1093 0048 74637069 		.ascii	"tcpip_thread\000"
 1093      705F7468 
 1093      72656164 
 1093      00
 1094              		.section	.text.tcpip_init,"ax",%progbits
 1095              		.align	1
 1096              		.global	tcpip_init
 1097              		.syntax unified
 1098              		.thumb
 1099              		.thumb_func
 1100              		.fpu fpv5-d16
 1102              	tcpip_init:
 1103              	.LVL113:
 1104              	.LFB186:
 603:Middlewares/Third_Party/LwIP/src/api/tcpip.c ****   lwip_init();
 1105              		.loc 1 603 1 view -0
 1106              		.cfi_startproc
 1107              		@ args = 0, pretend = 0, frame = 0
 1108              		@ frame_needed = 0, uses_anonymous_args = 0
 603:Middlewares/Third_Party/LwIP/src/api/tcpip.c ****   lwip_init();
 1109              		.loc 1 603 1 is_stmt 0 view .LVU268
 1110 0000 30B5     		push	{r4, r5, lr}
 1111              	.LCFI15:
 1112              		.cfi_def_cfa_offset 12
 1113              		.cfi_offset 4, -12
 1114              		.cfi_offset 5, -8
 1115              		.cfi_offset 14, -4
 1116 0002 83B0     		sub	sp, sp, #12
 1117              	.LCFI16:
 1118              		.cfi_def_cfa_offset 24
 1119 0004 0546     		mov	r5, r0
 1120 0006 0C46     		mov	r4, r1
 604:Middlewares/Third_Party/LwIP/src/api/tcpip.c **** 
 1121              		.loc 1 604 3 is_stmt 1 view .LVU269
 1122 0008 FFF7FEFF 		bl	lwip_init
 1123              	.LVL114:
 606:Middlewares/Third_Party/LwIP/src/api/tcpip.c ****   tcpip_init_done_arg = arg;
 1124              		.loc 1 606 3 view .LVU270
 606:Middlewares/Third_Party/LwIP/src/api/tcpip.c ****   tcpip_init_done_arg = arg;
ARM GAS  /tmp/cces0RIy.s 			page 36


 1125              		.loc 1 606 19 is_stmt 0 view .LVU271
 1126 000c 134B     		ldr	r3, .L96
 1127 000e 1D60     		str	r5, [r3]
 607:Middlewares/Third_Party/LwIP/src/api/tcpip.c ****   if (sys_mbox_new(&tcpip_mbox, TCPIP_MBOX_SIZE) != ERR_OK) {
 1128              		.loc 1 607 3 is_stmt 1 view .LVU272
 607:Middlewares/Third_Party/LwIP/src/api/tcpip.c ****   if (sys_mbox_new(&tcpip_mbox, TCPIP_MBOX_SIZE) != ERR_OK) {
 1129              		.loc 1 607 23 is_stmt 0 view .LVU273
 1130 0010 134B     		ldr	r3, .L96+4
 1131 0012 1C60     		str	r4, [r3]
 608:Middlewares/Third_Party/LwIP/src/api/tcpip.c ****     LWIP_ASSERT("failed to create tcpip_thread mbox", 0);
 1132              		.loc 1 608 3 is_stmt 1 view .LVU274
 608:Middlewares/Third_Party/LwIP/src/api/tcpip.c ****     LWIP_ASSERT("failed to create tcpip_thread mbox", 0);
 1133              		.loc 1 608 7 is_stmt 0 view .LVU275
 1134 0014 0621     		movs	r1, #6
 1135 0016 1348     		ldr	r0, .L96+8
 1136 0018 FFF7FEFF 		bl	sys_mbox_new
 1137              	.LVL115:
 608:Middlewares/Third_Party/LwIP/src/api/tcpip.c ****     LWIP_ASSERT("failed to create tcpip_thread mbox", 0);
 1138              		.loc 1 608 6 view .LVU276
 1139 001c 70B9     		cbnz	r0, .L94
 1140              	.L91:
 609:Middlewares/Third_Party/LwIP/src/api/tcpip.c ****   }
 1141              		.loc 1 609 5 is_stmt 1 discriminator 3 view .LVU277
 609:Middlewares/Third_Party/LwIP/src/api/tcpip.c ****   }
 1142              		.loc 1 609 5 discriminator 3 view .LVU278
 612:Middlewares/Third_Party/LwIP/src/api/tcpip.c ****     LWIP_ASSERT("failed to create lock_tcpip_core", 0);
 1143              		.loc 1 612 3 discriminator 3 view .LVU279
 612:Middlewares/Third_Party/LwIP/src/api/tcpip.c ****     LWIP_ASSERT("failed to create lock_tcpip_core", 0);
 1144              		.loc 1 612 7 is_stmt 0 discriminator 3 view .LVU280
 1145 001e 1248     		ldr	r0, .L96+12
 1146 0020 FFF7FEFF 		bl	sys_mutex_new
 1147              	.LVL116:
 612:Middlewares/Third_Party/LwIP/src/api/tcpip.c ****     LWIP_ASSERT("failed to create lock_tcpip_core", 0);
 1148              		.loc 1 612 6 discriminator 3 view .LVU281
 1149 0024 90B9     		cbnz	r0, .L95
 1150              	.L92:
 613:Middlewares/Third_Party/LwIP/src/api/tcpip.c ****   }
 1151              		.loc 1 613 5 is_stmt 1 discriminator 3 view .LVU282
 613:Middlewares/Third_Party/LwIP/src/api/tcpip.c ****   }
 1152              		.loc 1 613 5 discriminator 3 view .LVU283
 617:Middlewares/Third_Party/LwIP/src/api/tcpip.c **** }
 1153              		.loc 1 617 3 discriminator 3 view .LVU284
 1154 0026 1823     		movs	r3, #24
 1155 0028 0093     		str	r3, [sp]
 1156 002a 4FF48063 		mov	r3, #1024
 1157 002e 0022     		movs	r2, #0
 1158 0030 0E49     		ldr	r1, .L96+16
 1159 0032 0F48     		ldr	r0, .L96+20
 1160 0034 FFF7FEFF 		bl	sys_thread_new
 1161              	.LVL117:
 618:Middlewares/Third_Party/LwIP/src/api/tcpip.c **** 
 1162              		.loc 1 618 1 is_stmt 0 discriminator 3 view .LVU285
 1163 0038 03B0     		add	sp, sp, #12
 1164              	.LCFI17:
 1165              		.cfi_remember_state
 1166              		.cfi_def_cfa_offset 12
 1167              		@ sp needed
ARM GAS  /tmp/cces0RIy.s 			page 37


 1168 003a 30BD     		pop	{r4, r5, pc}
 1169              	.LVL118:
 1170              	.L94:
 1171              	.LCFI18:
 1172              		.cfi_restore_state
 609:Middlewares/Third_Party/LwIP/src/api/tcpip.c ****   }
 1173              		.loc 1 609 5 is_stmt 1 discriminator 1 view .LVU286
 609:Middlewares/Third_Party/LwIP/src/api/tcpip.c ****   }
 1174              		.loc 1 609 5 discriminator 1 view .LVU287
 609:Middlewares/Third_Party/LwIP/src/api/tcpip.c ****   }
 1175              		.loc 1 609 5 discriminator 1 view .LVU288
 609:Middlewares/Third_Party/LwIP/src/api/tcpip.c ****   }
 1176              		.loc 1 609 5 discriminator 1 view .LVU289
 1177 003c 0D4B     		ldr	r3, .L96+24
 1178 003e 40F26122 		movw	r2, #609
 1179 0042 0D49     		ldr	r1, .L96+28
 1180 0044 0D48     		ldr	r0, .L96+32
 1181 0046 FFF7FEFF 		bl	printf
 1182              	.LVL119:
 1183 004a E8E7     		b	.L91
 1184              	.L95:
 613:Middlewares/Third_Party/LwIP/src/api/tcpip.c ****   }
 1185              		.loc 1 613 5 discriminator 1 view .LVU290
 613:Middlewares/Third_Party/LwIP/src/api/tcpip.c ****   }
 1186              		.loc 1 613 5 discriminator 1 view .LVU291
 613:Middlewares/Third_Party/LwIP/src/api/tcpip.c ****   }
 1187              		.loc 1 613 5 discriminator 1 view .LVU292
 613:Middlewares/Third_Party/LwIP/src/api/tcpip.c ****   }
 1188              		.loc 1 613 5 discriminator 1 view .LVU293
 1189 004c 094B     		ldr	r3, .L96+24
 1190 004e 40F26522 		movw	r2, #613
 1191 0052 0B49     		ldr	r1, .L96+36
 1192 0054 0948     		ldr	r0, .L96+32
 1193 0056 FFF7FEFF 		bl	printf
 1194              	.LVL120:
 1195 005a E4E7     		b	.L92
 1196              	.L97:
 1197              		.align	2
 1198              	.L96:
 1199 005c 00000000 		.word	.LANCHOR1
 1200 0060 00000000 		.word	.LANCHOR2
 1201 0064 00000000 		.word	.LANCHOR3
 1202 0068 00000000 		.word	.LANCHOR0
 1203 006c 00000000 		.word	tcpip_thread
 1204 0070 48000000 		.word	.LC6
 1205 0074 00000000 		.word	.LC0
 1206 0078 00000000 		.word	.LC4
 1207 007c 50000000 		.word	.LC2
 1208 0080 24000000 		.word	.LC5
 1209              		.cfi_endproc
 1210              	.LFE186:
 1212              		.section	.text.pbuf_free_callback,"ax",%progbits
 1213              		.align	1
 1214              		.global	pbuf_free_callback
 1215              		.syntax unified
 1216              		.thumb
 1217              		.thumb_func
ARM GAS  /tmp/cces0RIy.s 			page 38


 1218              		.fpu fpv5-d16
 1220              	pbuf_free_callback:
 1221              	.LVL121:
 1222              	.LFB188:
 632:Middlewares/Third_Party/LwIP/src/api/tcpip.c **** 
 633:Middlewares/Third_Party/LwIP/src/api/tcpip.c **** /**
 634:Middlewares/Third_Party/LwIP/src/api/tcpip.c ****  * A simple wrapper function that allows you to free a pbuf from interrupt context.
 635:Middlewares/Third_Party/LwIP/src/api/tcpip.c ****  *
 636:Middlewares/Third_Party/LwIP/src/api/tcpip.c ****  * @param p The pbuf (chain) to be dereferenced.
 637:Middlewares/Third_Party/LwIP/src/api/tcpip.c ****  * @return ERR_OK if callback could be enqueued, an err_t if not
 638:Middlewares/Third_Party/LwIP/src/api/tcpip.c ****  */
 639:Middlewares/Third_Party/LwIP/src/api/tcpip.c **** err_t
 640:Middlewares/Third_Party/LwIP/src/api/tcpip.c **** pbuf_free_callback(struct pbuf *p)
 641:Middlewares/Third_Party/LwIP/src/api/tcpip.c **** {
 1223              		.loc 1 641 1 view -0
 1224              		.cfi_startproc
 1225              		@ args = 0, pretend = 0, frame = 0
 1226              		@ frame_needed = 0, uses_anonymous_args = 0
 1227              		.loc 1 641 1 is_stmt 0 view .LVU295
 1228 0000 08B5     		push	{r3, lr}
 1229              	.LCFI19:
 1230              		.cfi_def_cfa_offset 8
 1231              		.cfi_offset 3, -8
 1232              		.cfi_offset 14, -4
 1233 0002 0146     		mov	r1, r0
 642:Middlewares/Third_Party/LwIP/src/api/tcpip.c ****   return tcpip_try_callback(pbuf_free_int, p);
 1234              		.loc 1 642 3 is_stmt 1 view .LVU296
 1235              		.loc 1 642 10 is_stmt 0 view .LVU297
 1236 0004 0148     		ldr	r0, .L100
 1237              	.LVL122:
 1238              		.loc 1 642 10 view .LVU298
 1239 0006 FFF7FEFF 		bl	tcpip_try_callback
 1240              	.LVL123:
 643:Middlewares/Third_Party/LwIP/src/api/tcpip.c **** }
 1241              		.loc 1 643 1 view .LVU299
 1242 000a 08BD     		pop	{r3, pc}
 1243              	.L101:
 1244              		.align	2
 1245              	.L100:
 1246 000c 00000000 		.word	pbuf_free_int
 1247              		.cfi_endproc
 1248              	.LFE188:
 1250              		.section	.text.mem_free_callback,"ax",%progbits
 1251              		.align	1
 1252              		.global	mem_free_callback
 1253              		.syntax unified
 1254              		.thumb
 1255              		.thumb_func
 1256              		.fpu fpv5-d16
 1258              	mem_free_callback:
 1259              	.LVL124:
 1260              	.LFB189:
 644:Middlewares/Third_Party/LwIP/src/api/tcpip.c **** 
 645:Middlewares/Third_Party/LwIP/src/api/tcpip.c **** /**
 646:Middlewares/Third_Party/LwIP/src/api/tcpip.c ****  * A simple wrapper function that allows you to free heap memory from
 647:Middlewares/Third_Party/LwIP/src/api/tcpip.c ****  * interrupt context.
 648:Middlewares/Third_Party/LwIP/src/api/tcpip.c ****  *
ARM GAS  /tmp/cces0RIy.s 			page 39


 649:Middlewares/Third_Party/LwIP/src/api/tcpip.c ****  * @param m the heap memory to free
 650:Middlewares/Third_Party/LwIP/src/api/tcpip.c ****  * @return ERR_OK if callback could be enqueued, an err_t if not
 651:Middlewares/Third_Party/LwIP/src/api/tcpip.c ****  */
 652:Middlewares/Third_Party/LwIP/src/api/tcpip.c **** err_t
 653:Middlewares/Third_Party/LwIP/src/api/tcpip.c **** mem_free_callback(void *m)
 654:Middlewares/Third_Party/LwIP/src/api/tcpip.c **** {
 1261              		.loc 1 654 1 is_stmt 1 view -0
 1262              		.cfi_startproc
 1263              		@ args = 0, pretend = 0, frame = 0
 1264              		@ frame_needed = 0, uses_anonymous_args = 0
 1265              		.loc 1 654 1 is_stmt 0 view .LVU301
 1266 0000 08B5     		push	{r3, lr}
 1267              	.LCFI20:
 1268              		.cfi_def_cfa_offset 8
 1269              		.cfi_offset 3, -8
 1270              		.cfi_offset 14, -4
 1271 0002 0146     		mov	r1, r0
 655:Middlewares/Third_Party/LwIP/src/api/tcpip.c ****   return tcpip_try_callback(mem_free, m);
 1272              		.loc 1 655 3 is_stmt 1 view .LVU302
 1273              		.loc 1 655 10 is_stmt 0 view .LVU303
 1274 0004 0148     		ldr	r0, .L104
 1275              	.LVL125:
 1276              		.loc 1 655 10 view .LVU304
 1277 0006 FFF7FEFF 		bl	tcpip_try_callback
 1278              	.LVL126:
 656:Middlewares/Third_Party/LwIP/src/api/tcpip.c **** }
 1279              		.loc 1 656 1 view .LVU305
 1280 000a 08BD     		pop	{r3, pc}
 1281              	.L105:
 1282              		.align	2
 1283              	.L104:
 1284 000c 00000000 		.word	mem_free
 1285              		.cfi_endproc
 1286              	.LFE189:
 1288              		.global	lock_tcpip_core
 1289              		.section	.bss.lock_tcpip_core,"aw",%nobits
 1290              		.align	2
 1291              		.set	.LANCHOR0,. + 0
 1294              	lock_tcpip_core:
 1295 0000 00000000 		.space	4
 1296              		.section	.bss.tcpip_init_done,"aw",%nobits
 1297              		.align	2
 1298              		.set	.LANCHOR1,. + 0
 1301              	tcpip_init_done:
 1302 0000 00000000 		.space	4
 1303              		.section	.bss.tcpip_init_done_arg,"aw",%nobits
 1304              		.align	2
 1305              		.set	.LANCHOR2,. + 0
 1308              	tcpip_init_done_arg:
 1309 0000 00000000 		.space	4
 1310              		.section	.bss.tcpip_mbox,"aw",%nobits
 1311              		.align	2
 1312              		.set	.LANCHOR3,. + 0
 1315              	tcpip_mbox:
 1316 0000 00000000 		.space	4
 1317              		.text
 1318              	.Letext0:
ARM GAS  /tmp/cces0RIy.s 			page 40


 1319              		.file 2 "/usr/lib/gcc/arm-none-eabi/10.3.1/include/stdint.h"
 1320              		.file 3 "Middlewares/Third_Party/LwIP/src/include/lwip/arch.h"
 1321              		.file 4 "Middlewares/Third_Party/LwIP/src/include/lwip/err.h"
 1322              		.file 5 "Middlewares/Third_Party/FreeRTOS/Source/CMSIS_RTOS_V2/cmsis_os2.h"
 1323              		.file 6 "Middlewares/Third_Party/LwIP/system/arch/sys_arch.h"
 1324              		.file 7 "Middlewares/Third_Party/LwIP/src/include/lwip/ip4_addr.h"
 1325              		.file 8 "Middlewares/Third_Party/LwIP/src/include/lwip/ip_addr.h"
 1326              		.file 9 "Middlewares/Third_Party/LwIP/src/include/lwip/pbuf.h"
 1327              		.file 10 "Middlewares/Third_Party/LwIP/src/include/lwip/memp.h"
 1328              		.file 11 "Middlewares/Third_Party/LwIP/src/include/lwip/netif.h"
 1329              		.file 12 "Middlewares/Third_Party/LwIP/src/include/lwip/tcpip.h"
 1330              		.file 13 "Middlewares/Third_Party/LwIP/src/include/lwip/priv/tcpip_priv.h"
 1331              		.file 14 "Middlewares/Third_Party/LwIP/src/include/lwip/init.h"
 1332              		.file 15 "Middlewares/Third_Party/LwIP/src/include/lwip/sys.h"
 1333              		.file 16 "/usr/include/newlib/stdio.h"
 1334              		.file 17 "Middlewares/Third_Party/LwIP/src/include/lwip/timeouts.h"
ARM GAS  /tmp/cces0RIy.s 			page 41


DEFINED SYMBOLS
                            *ABS*:0000000000000000 tcpip.c
     /tmp/cces0RIy.s:17     .text.tcpip_timeouts_mbox_fetch:0000000000000000 $t
     /tmp/cces0RIy.s:24     .text.tcpip_timeouts_mbox_fetch:0000000000000000 tcpip_timeouts_mbox_fetch
     /tmp/cces0RIy.s:126    .text.tcpip_timeouts_mbox_fetch:000000000000005c $d
     /tmp/cces0RIy.s:131    .rodata.tcpip_thread_handle_msg.str1.4:0000000000000000 $d
     /tmp/cces0RIy.s:141    .text.tcpip_thread_handle_msg:0000000000000000 $t
     /tmp/cces0RIy.s:147    .text.tcpip_thread_handle_msg:0000000000000000 tcpip_thread_handle_msg
     /tmp/cces0RIy.s:256    .text.tcpip_thread_handle_msg:0000000000000054 $d
     /tmp/cces0RIy.s:263    .text.tcpip_thread:0000000000000000 $t
     /tmp/cces0RIy.s:269    .text.tcpip_thread:0000000000000000 tcpip_thread
     /tmp/cces0RIy.s:342    .text.tcpip_thread:0000000000000038 $d
     /tmp/cces0RIy.s:353    .text.pbuf_free_int:0000000000000000 $t
     /tmp/cces0RIy.s:359    .text.pbuf_free_int:0000000000000000 pbuf_free_int
     /tmp/cces0RIy.s:383    .rodata.tcpip_inpkt.str1.4:0000000000000000 $d
     /tmp/cces0RIy.s:387    .text.tcpip_inpkt:0000000000000000 $t
     /tmp/cces0RIy.s:394    .text.tcpip_inpkt:0000000000000000 tcpip_inpkt
     /tmp/cces0RIy.s:494    .text.tcpip_inpkt:0000000000000054 $d
     /tmp/cces0RIy.s:502    .text.tcpip_input:0000000000000000 $t
     /tmp/cces0RIy.s:509    .text.tcpip_input:0000000000000000 tcpip_input
     /tmp/cces0RIy.s:548    .text.tcpip_input:000000000000001c $d
     /tmp/cces0RIy.s:554    .text.tcpip_callback:0000000000000000 $t
     /tmp/cces0RIy.s:561    .text.tcpip_callback:0000000000000000 tcpip_callback
     /tmp/cces0RIy.s:643    .text.tcpip_callback:0000000000000040 $d
     /tmp/cces0RIy.s:651    .text.tcpip_try_callback:0000000000000000 $t
     /tmp/cces0RIy.s:658    .text.tcpip_try_callback:0000000000000000 tcpip_try_callback
     /tmp/cces0RIy.s:752    .text.tcpip_try_callback:0000000000000050 $d
     /tmp/cces0RIy.s:760    .text.tcpip_send_msg_wait_sem:0000000000000000 $t
     /tmp/cces0RIy.s:767    .text.tcpip_send_msg_wait_sem:0000000000000000 tcpip_send_msg_wait_sem
     /tmp/cces0RIy.s:809    .text.tcpip_send_msg_wait_sem:000000000000001c $d
     /tmp/cces0RIy.s:814    .text.tcpip_api_call:0000000000000000 $t
     /tmp/cces0RIy.s:821    .text.tcpip_api_call:0000000000000000 tcpip_api_call
     /tmp/cces0RIy.s:866    .text.tcpip_api_call:0000000000000020 $d
     /tmp/cces0RIy.s:871    .text.tcpip_callbackmsg_new:0000000000000000 $t
     /tmp/cces0RIy.s:878    .text.tcpip_callbackmsg_new:0000000000000000 tcpip_callbackmsg_new
     /tmp/cces0RIy.s:928    .text.tcpip_callbackmsg_delete:0000000000000000 $t
     /tmp/cces0RIy.s:935    .text.tcpip_callbackmsg_delete:0000000000000000 tcpip_callbackmsg_delete
     /tmp/cces0RIy.s:961    .text.tcpip_callbackmsg_trycallback:0000000000000000 $t
     /tmp/cces0RIy.s:968    .text.tcpip_callbackmsg_trycallback:0000000000000000 tcpip_callbackmsg_trycallback
     /tmp/cces0RIy.s:1015   .text.tcpip_callbackmsg_trycallback:0000000000000028 $d
     /tmp/cces0RIy.s:1023   .text.tcpip_callbackmsg_trycallback_fromisr:0000000000000000 $t
     /tmp/cces0RIy.s:1030   .text.tcpip_callbackmsg_trycallback_fromisr:0000000000000000 tcpip_callbackmsg_trycallback_fromisr
     /tmp/cces0RIy.s:1077   .text.tcpip_callbackmsg_trycallback_fromisr:0000000000000028 $d
     /tmp/cces0RIy.s:1085   .rodata.tcpip_init.str1.4:0000000000000000 $d
     /tmp/cces0RIy.s:1095   .text.tcpip_init:0000000000000000 $t
     /tmp/cces0RIy.s:1102   .text.tcpip_init:0000000000000000 tcpip_init
     /tmp/cces0RIy.s:1199   .text.tcpip_init:000000000000005c $d
     /tmp/cces0RIy.s:1213   .text.pbuf_free_callback:0000000000000000 $t
     /tmp/cces0RIy.s:1220   .text.pbuf_free_callback:0000000000000000 pbuf_free_callback
     /tmp/cces0RIy.s:1246   .text.pbuf_free_callback:000000000000000c $d
     /tmp/cces0RIy.s:1251   .text.mem_free_callback:0000000000000000 $t
     /tmp/cces0RIy.s:1258   .text.mem_free_callback:0000000000000000 mem_free_callback
     /tmp/cces0RIy.s:1284   .text.mem_free_callback:000000000000000c $d
     /tmp/cces0RIy.s:1294   .bss.lock_tcpip_core:0000000000000000 lock_tcpip_core
     /tmp/cces0RIy.s:1290   .bss.lock_tcpip_core:0000000000000000 $d
     /tmp/cces0RIy.s:1297   .bss.tcpip_init_done:0000000000000000 $d
     /tmp/cces0RIy.s:1301   .bss.tcpip_init_done:0000000000000000 tcpip_init_done
ARM GAS  /tmp/cces0RIy.s 			page 42


     /tmp/cces0RIy.s:1304   .bss.tcpip_init_done_arg:0000000000000000 $d
     /tmp/cces0RIy.s:1308   .bss.tcpip_init_done_arg:0000000000000000 tcpip_init_done_arg
     /tmp/cces0RIy.s:1311   .bss.tcpip_mbox:0000000000000000 $d
     /tmp/cces0RIy.s:1315   .bss.tcpip_mbox:0000000000000000 tcpip_mbox

UNDEFINED SYMBOLS
sys_mutex_unlock
sys_arch_mbox_fetch
sys_mutex_lock
sys_check_timeouts
sys_timeouts_sleeptime
printf
memp_free
pbuf_free
sys_mbox_valid
memp_malloc
sys_mbox_trypost
ethernet_input
ip4_input
sys_mbox_post
sys_mbox_trypost_fromisr
lwip_init
sys_mbox_new
sys_mutex_new
sys_thread_new
mem_free
